wandb: Tracking run with wandb version 0.23.1
wandb: W&B syncing is set to `offline` in this directory. Run `wandb online` or set WANDB_MODE=online to enable cloud syncing.
wandb: Run data is saved locally in C:\Users\Test\PROJECTS\LSTM\wandb\offline-run-20260903_193306-gofnsqv7
Loading data from rebuild_2026-09\corpora_clean_v6\oscar_tr_ipa.txt...
  Loaded: 10,000,000 chars total
  Train: 7,000,000 chars
  Val: 1,500,000 chars
  Test: 1,500,000 chars
Building vocab from training text...
  Vocab size: 31
============================================================
Training config
============================================================
  Language: Turkish (tr)
  Mode: Train from scratch
  Device: cuda
  Batch size: 256
  Workers: 0
  Pin memory: True
  Epochs: 3
  LR: 0.0001
  Seed: 1234
  Freeze embed: False
  Output: checkpoints_v6\tr_best.pt
Creating data loaders...
  Train batches: 27,344
  Val batches: 5,859

Model config
  Device: cuda
  Embed dim: 128
  Hidden dim: 256
  Layers: 2
  Parameters: 933,535
  Optimizer: Adam (lr=0.0001)
============================================================
Starting training: 3 epochs, 27344 batches/epoch
============================================================
[Epoch 1/3] Starting...
  [  0.4%] Step 100 | Loss: 3.1452 | PPL: 23.22
  [  0.7%] Step 200 | Loss: 2.7583 | PPL: 15.77
  [  1.1%] Step 300 | Loss: 2.4065 | PPL: 11.10
  [  1.5%] Step 400 | Loss: 2.2685 | PPL: 9.66
  [  1.8%] Step 500 | Loss: 2.1945 | PPL: 8.98
  [  2.2%] Step 600 | Loss: 2.1379 | PPL: 8.48
  [  2.6%] Step 700 | Loss: 2.0919 | PPL: 8.10
  [  2.9%] Step 800 | Loss: 2.0512 | PPL: 7.78
  [  3.3%] Step 900 | Loss: 2.0175 | PPL: 7.52
  [  3.7%] Step 1,000 | Loss: 1.9846 | PPL: 7.28
  [  4.0%] Step 1,100 | Loss: 1.9575 | PPL: 7.08
  [  4.4%] Step 1,200 | Loss: 1.9270 | PPL: 6.87
  [  4.8%] Step 1,300 | Loss: 1.9022 | PPL: 6.70
  [  5.1%] Step 1,400 | Loss: 1.8793 | PPL: 6.55
  [  5.5%] Step 1,500 | Loss: 1.8585 | PPL: 6.41
  [  5.9%] Step 1,600 | Loss: 1.8389 | PPL: 6.29
  [  6.2%] Step 1,700 | Loss: 1.8208 | PPL: 6.18
  [  6.6%] Step 1,800 | Loss: 1.8018 | PPL: 6.06
  [  6.9%] Step 1,900 | Loss: 1.7880 | PPL: 5.98
  [  7.3%] Step 2,000 | Loss: 1.7745 | PPL: 5.90
  [  7.7%] Step 2,100 | Loss: 1.7588 | PPL: 5.81
  [  8.0%] Step 2,200 | Loss: 1.7468 | PPL: 5.74
  [  8.4%] Step 2,300 | Loss: 1.7338 | PPL: 5.66
  [  8.8%] Step 2,400 | Loss: 1.7232 | PPL: 5.60
  [  9.1%] Step 2,500 | Loss: 1.7089 | PPL: 5.52
  [  9.5%] Step 2,600 | Loss: 1.6968 | PPL: 5.46
  [  9.9%] Step 2,700 | Loss: 1.6876 | PPL: 5.41
  [ 10.2%] Step 2,800 | Loss: 1.6803 | PPL: 5.37
  [ 10.6%] Step 2,900 | Loss: 1.6700 | PPL: 5.31
  [ 11.0%] Step 3,000 | Loss: 1.6607 | PPL: 5.26
  [ 11.3%] Step 3,100 | Loss: 1.6563 | PPL: 5.24
  [ 11.7%] Step 3,200 | Loss: 1.6461 | PPL: 5.19
  [ 12.1%] Step 3,300 | Loss: 1.6347 | PPL: 5.13
  [ 12.4%] Step 3,400 | Loss: 1.6317 | PPL: 5.11
  [ 12.8%] Step 3,500 | Loss: 1.6224 | PPL: 5.07
  [ 13.2%] Step 3,600 | Loss: 1.6204 | PPL: 5.05
  [ 13.5%] Step 3,700 | Loss: 1.6124 | PPL: 5.02
  [ 13.9%] Step 3,800 | Loss: 1.6054 | PPL: 4.98
  [ 14.3%] Step 3,900 | Loss: 1.5989 | PPL: 4.95
  [ 14.6%] Step 4,000 | Loss: 1.5977 | PPL: 4.94
  [ 15.0%] Step 4,100 | Loss: 1.5907 | PPL: 4.91
  [ 15.4%] Step 4,200 | Loss: 1.5841 | PPL: 4.87
  [ 15.7%] Step 4,300 | Loss: 1.5751 | PPL: 4.83
  [ 16.1%] Step 4,400 | Loss: 1.5746 | PPL: 4.83
  [ 16.5%] Step 4,500 | Loss: 1.5686 | PPL: 4.80
  [ 16.8%] Step 4,600 | Loss: 1.5656 | PPL: 4.79
  [ 17.2%] Step 4,700 | Loss: 1.5594 | PPL: 4.76
  [ 17.6%] Step 4,800 | Loss: 1.5523 | PPL: 4.72
  [ 17.9%] Step 4,900 | Loss: 1.5507 | PPL: 4.71
  [ 18.3%] Step 5,000 | Loss: 1.5459 | PPL: 4.69
  [ 18.7%] Step 5,100 | Loss: 1.5399 | PPL: 4.66
  [ 19.0%] Step 5,200 | Loss: 1.5355 | PPL: 4.64
  [ 19.4%] Step 5,300 | Loss: 1.5343 | PPL: 4.64
  [ 19.7%] Step 5,400 | Loss: 1.5291 | PPL: 4.61
  [ 20.1%] Step 5,500 | Loss: 1.5228 | PPL: 4.58
  [ 20.5%] Step 5,600 | Loss: 1.5222 | PPL: 4.58
  [ 20.8%] Step 5,700 | Loss: 1.5173 | PPL: 4.56
  [ 21.2%] Step 5,800 | Loss: 1.5159 | PPL: 4.55
  [ 21.6%] Step 5,900 | Loss: 1.5093 | PPL: 4.52
  [ 21.9%] Step 6,000 | Loss: 1.5089 | PPL: 4.52
  [ 22.3%] Step 6,100 | Loss: 1.5034 | PPL: 4.50
  [ 22.7%] Step 6,200 | Loss: 1.5016 | PPL: 4.49
  [ 23.0%] Step 6,300 | Loss: 1.4997 | PPL: 4.48
  [ 23.4%] Step 6,400 | Loss: 1.4917 | PPL: 4.44
  [ 23.8%] Step 6,500 | Loss: 1.4895 | PPL: 4.43
  [ 24.1%] Step 6,600 | Loss: 1.4869 | PPL: 4.42
  [ 24.5%] Step 6,700 | Loss: 1.4844 | PPL: 4.41
  [ 24.9%] Step 6,800 | Loss: 1.4842 | PPL: 4.41
  [ 25.2%] Step 6,900 | Loss: 1.4819 | PPL: 4.40
  [ 25.6%] Step 7,000 | Loss: 1.4797 | PPL: 4.39
  [ 26.0%] Step 7,100 | Loss: 1.4763 | PPL: 4.38
  [ 26.3%] Step 7,200 | Loss: 1.4713 | PPL: 4.35
  [ 26.7%] Step 7,300 | Loss: 1.4714 | PPL: 4.36
  [ 27.1%] Step 7,400 | Loss: 1.4672 | PPL: 4.34
  [ 27.4%] Step 7,500 | Loss: 1.4671 | PPL: 4.34
  [ 27.8%] Step 7,600 | Loss: 1.4619 | PPL: 4.31
  [ 28.2%] Step 7,700 | Loss: 1.4613 | PPL: 4.31
  [ 28.5%] Step 7,800 | Loss: 1.4598 | PPL: 4.30
  [ 28.9%] Step 7,900 | Loss: 1.4542 | PPL: 4.28
  [ 29.3%] Step 8,000 | Loss: 1.4522 | PPL: 4.27
  [ 29.6%] Step 8,100 | Loss: 1.4505 | PPL: 4.27
  [ 30.0%] Step 8,200 | Loss: 1.4522 | PPL: 4.27
  [ 30.4%] Step 8,300 | Loss: 1.4458 | PPL: 4.25
  [ 30.7%] Step 8,400 | Loss: 1.4432 | PPL: 4.23
  [ 31.1%] Step 8,500 | Loss: 1.4421 | PPL: 4.23
  [ 31.5%] Step 8,600 | Loss: 1.4423 | PPL: 4.23
  [ 31.8%] Step 8,700 | Loss: 1.4363 | PPL: 4.21
  [ 32.2%] Step 8,800 | Loss: 1.4346 | PPL: 4.20
  [ 32.5%] Step 8,900 | Loss: 1.4335 | PPL: 4.19
  [ 32.9%] Step 9,000 | Loss: 1.4335 | PPL: 4.19
  [ 33.3%] Step 9,100 | Loss: 1.4300 | PPL: 4.18
  [ 33.6%] Step 9,200 | Loss: 1.4294 | PPL: 4.18
  [ 34.0%] Step 9,300 | Loss: 1.4262 | PPL: 4.16
  [ 34.4%] Step 9,400 | Loss: 1.4228 | PPL: 4.15
  [ 34.7%] Step 9,500 | Loss: 1.4230 | PPL: 4.15
  [ 35.1%] Step 9,600 | Loss: 1.4201 | PPL: 4.14
  [ 35.5%] Step 9,700 | Loss: 1.4174 | PPL: 4.13
  [ 35.8%] Step 9,800 | Loss: 1.4180 | PPL: 4.13
  [ 36.2%] Step 9,900 | Loss: 1.4106 | PPL: 4.10
  [ 36.6%] Step 10,000 | Loss: 1.4157 | PPL: 4.12
  [ 36.9%] Step 10,100 | Loss: 1.4102 | PPL: 4.10
  [ 37.3%] Step 10,200 | Loss: 1.4123 | PPL: 4.11
  [ 37.7%] Step 10,300 | Loss: 1.4072 | PPL: 4.08
  [ 38.0%] Step 10,400 | Loss: 1.4061 | PPL: 4.08
  [ 38.4%] Step 10,500 | Loss: 1.4070 | PPL: 4.08
  [ 38.8%] Step 10,600 | Loss: 1.4030 | PPL: 4.07
  [ 39.1%] Step 10,700 | Loss: 1.4041 | PPL: 4.07
  [ 39.5%] Step 10,800 | Loss: 1.4043 | PPL: 4.07
  [ 39.9%] Step 10,900 | Loss: 1.3993 | PPL: 4.05
  [ 40.2%] Step 11,000 | Loss: 1.3969 | PPL: 4.04
  [ 40.6%] Step 11,100 | Loss: 1.3948 | PPL: 4.03
  [ 41.0%] Step 11,200 | Loss: 1.3929 | PPL: 4.03
  [ 41.3%] Step 11,300 | Loss: 1.3934 | PPL: 4.03
  [ 41.7%] Step 11,400 | Loss: 1.3901 | PPL: 4.02
  [ 42.1%] Step 11,500 | Loss: 1.3941 | PPL: 4.03
  [ 42.4%] Step 11,600 | Loss: 1.3935 | PPL: 4.03
  [ 42.8%] Step 11,700 | Loss: 1.3899 | PPL: 4.01
  [ 43.2%] Step 11,800 | Loss: 1.3881 | PPL: 4.01
  [ 43.5%] Step 11,900 | Loss: 1.3862 | PPL: 4.00
  [ 43.9%] Step 12,000 | Loss: 1.3871 | PPL: 4.00
  [ 44.3%] Step 12,100 | Loss: 1.3830 | PPL: 3.99
  [ 44.6%] Step 12,200 | Loss: 1.3839 | PPL: 3.99
  [ 45.0%] Step 12,300 | Loss: 1.3791 | PPL: 3.97
  [ 45.3%] Step 12,400 | Loss: 1.3792 | PPL: 3.97
  [ 45.7%] Step 12,500 | Loss: 1.3778 | PPL: 3.97
  [ 46.1%] Step 12,600 | Loss: 1.3798 | PPL: 3.97
  [ 46.4%] Step 12,700 | Loss: 1.3763 | PPL: 3.96
  [ 46.8%] Step 12,800 | Loss: 1.3789 | PPL: 3.97
  [ 47.2%] Step 12,900 | Loss: 1.3745 | PPL: 3.95
  [ 47.5%] Step 13,000 | Loss: 1.3767 | PPL: 3.96
  [ 47.9%] Step 13,100 | Loss: 1.3722 | PPL: 3.94
  [ 48.3%] Step 13,200 | Loss: 1.3722 | PPL: 3.94
  [ 48.6%] Step 13,300 | Loss: 1.3716 | PPL: 3.94
  [ 49.0%] Step 13,400 | Loss: 1.3706 | PPL: 3.94
  [ 49.4%] Step 13,500 | Loss: 1.3682 | PPL: 3.93
  [ 49.7%] Step 13,600 | Loss: 1.3654 | PPL: 3.92
  [ 50.1%] Step 13,700 | Loss: 1.3665 | PPL: 3.92
  [ 50.5%] Step 13,800 | Loss: 1.3636 | PPL: 3.91
  [ 50.8%] Step 13,900 | Loss: 1.3634 | PPL: 3.91
  [ 51.2%] Step 14,000 | Loss: 1.3640 | PPL: 3.91
  [ 51.6%] Step 14,100 | Loss: 1.3620 | PPL: 3.90
  [ 51.9%] Step 14,200 | Loss: 1.3609 | PPL: 3.90
  [ 52.3%] Step 14,300 | Loss: 1.3587 | PPL: 3.89
  [ 52.7%] Step 14,400 | Loss: 1.3572 | PPL: 3.89
  [ 53.0%] Step 14,500 | Loss: 1.3564 | PPL: 3.88
  [ 53.4%] Step 14,600 | Loss: 1.3563 | PPL: 3.88
  [ 53.8%] Step 14,700 | Loss: 1.3553 | PPL: 3.88
  [ 54.1%] Step 14,800 | Loss: 1.3575 | PPL: 3.89
  [ 54.5%] Step 14,900 | Loss: 1.3517 | PPL: 3.86
  [ 54.9%] Step 15,000 | Loss: 1.3518 | PPL: 3.86
  [ 55.2%] Step 15,100 | Loss: 1.3513 | PPL: 3.86
  [ 55.6%] Step 15,200 | Loss: 1.3523 | PPL: 3.87
  [ 56.0%] Step 15,300 | Loss: 1.3480 | PPL: 3.85
  [ 56.3%] Step 15,400 | Loss: 1.3473 | PPL: 3.85
  [ 56.7%] Step 15,500 | Loss: 1.3488 | PPL: 3.85
  [ 57.1%] Step 15,600 | Loss: 1.3453 | PPL: 3.84
  [ 57.4%] Step 15,700 | Loss: 1.3441 | PPL: 3.83
  [ 57.8%] Step 15,800 | Loss: 1.3444 | PPL: 3.84
  [ 58.1%] Step 15,900 | Loss: 1.3453 | PPL: 3.84
  [ 58.5%] Step 16,000 | Loss: 1.3456 | PPL: 3.84
  [ 58.9%] Step 16,100 | Loss: 1.3378 | PPL: 3.81
  [ 59.2%] Step 16,200 | Loss: 1.3406 | PPL: 3.82
  [ 59.6%] Step 16,300 | Loss: 1.3423 | PPL: 3.83
  [ 60.0%] Step 16,400 | Loss: 1.3392 | PPL: 3.82
  [ 60.3%] Step 16,500 | Loss: 1.3359 | PPL: 3.80
  [ 60.7%] Step 16,600 | Loss: 1.3392 | PPL: 3.82
  [ 61.1%] Step 16,700 | Loss: 1.3393 | PPL: 3.82
  [ 61.4%] Step 16,800 | Loss: 1.3388 | PPL: 3.81
  [ 61.8%] Step 16,900 | Loss: 1.3367 | PPL: 3.81
  [ 62.2%] Step 17,000 | Loss: 1.3349 | PPL: 3.80
  [ 62.5%] Step 17,100 | Loss: 1.3360 | PPL: 3.80
  [ 62.9%] Step 17,200 | Loss: 1.3305 | PPL: 3.78
  [ 63.3%] Step 17,300 | Loss: 1.3368 | PPL: 3.81
  [ 63.6%] Step 17,400 | Loss: 1.3304 | PPL: 3.78
  [ 64.0%] Step 17,500 | Loss: 1.3288 | PPL: 3.78
  [ 64.4%] Step 17,600 | Loss: 1.3299 | PPL: 3.78
  [ 64.7%] Step 17,700 | Loss: 1.3298 | PPL: 3.78
  [ 65.1%] Step 17,800 | Loss: 1.3267 | PPL: 3.77
  [ 65.5%] Step 17,900 | Loss: 1.3265 | PPL: 3.77
  [ 65.8%] Step 18,000 | Loss: 1.3305 | PPL: 3.78
  [ 66.2%] Step 18,100 | Loss: 1.3248 | PPL: 3.76
  [ 66.6%] Step 18,200 | Loss: 1.3275 | PPL: 3.77
  [ 66.9%] Step 18,300 | Loss: 1.3232 | PPL: 3.76
  [ 67.3%] Step 18,400 | Loss: 1.3237 | PPL: 3.76
  [ 67.7%] Step 18,500 | Loss: 1.3226 | PPL: 3.75
  [ 68.0%] Step 18,600 | Loss: 1.3207 | PPL: 3.75
  [ 68.4%] Step 18,700 | Loss: 1.3245 | PPL: 3.76
  [ 68.8%] Step 18,800 | Loss: 1.3221 | PPL: 3.75
  [ 69.1%] Step 18,900 | Loss: 1.3209 | PPL: 3.75
  [ 69.5%] Step 19,000 | Loss: 1.3206 | PPL: 3.75
  [ 69.9%] Step 19,100 | Loss: 1.3207 | PPL: 3.75
  [ 70.2%] Step 19,200 | Loss: 1.3222 | PPL: 3.75
  [ 70.6%] Step 19,300 | Loss: 1.3205 | PPL: 3.75
  [ 70.9%] Step 19,400 | Loss: 1.3188 | PPL: 3.74
  [ 71.3%] Step 19,500 | Loss: 1.3140 | PPL: 3.72
  [ 71.7%] Step 19,600 | Loss: 1.3210 | PPL: 3.75
  [ 72.0%] Step 19,700 | Loss: 1.3154 | PPL: 3.73
  [ 72.4%] Step 19,800 | Loss: 1.3159 | PPL: 3.73
  [ 72.8%] Step 19,900 | Loss: 1.3178 | PPL: 3.74
  [ 73.1%] Step 20,000 | Loss: 1.3127 | PPL: 3.72
  [ 73.5%] Step 20,100 | Loss: 1.3133 | PPL: 3.72
  [ 73.9%] Step 20,200 | Loss: 1.3107 | PPL: 3.71
  [ 74.2%] Step 20,300 | Loss: 1.3097 | PPL: 3.71
  [ 74.6%] Step 20,400 | Loss: 1.3116 | PPL: 3.71
  [ 75.0%] Step 20,500 | Loss: 1.3084 | PPL: 3.70
  [ 75.3%] Step 20,600 | Loss: 1.3078 | PPL: 3.70
  [ 75.7%] Step 20,700 | Loss: 1.3064 | PPL: 3.69
  [ 76.1%] Step 20,800 | Loss: 1.3088 | PPL: 3.70
  [ 76.4%] Step 20,900 | Loss: 1.3076 | PPL: 3.70
  [ 76.8%] Step 21,000 | Loss: 1.3099 | PPL: 3.71
  [ 77.2%] Step 21,100 | Loss: 1.3106 | PPL: 3.71
  [ 77.5%] Step 21,200 | Loss: 1.3084 | PPL: 3.70
  [ 77.9%] Step 21,300 | Loss: 1.3046 | PPL: 3.69
  [ 78.3%] Step 21,400 | Loss: 1.3056 | PPL: 3.69
  [ 78.6%] Step 21,500 | Loss: 1.3062 | PPL: 3.69
  [ 79.0%] Step 21,600 | Loss: 1.3045 | PPL: 3.69
  [ 79.4%] Step 21,700 | Loss: 1.3033 | PPL: 3.68
  [ 79.7%] Step 21,800 | Loss: 1.3036 | PPL: 3.68
  [ 80.1%] Step 21,900 | Loss: 1.3010 | PPL: 3.67
  [ 80.5%] Step 22,000 | Loss: 1.3004 | PPL: 3.67
  [ 80.8%] Step 22,100 | Loss: 1.3055 | PPL: 3.69
  [ 81.2%] Step 22,200 | Loss: 1.3046 | PPL: 3.69
  [ 81.6%] Step 22,300 | Loss: 1.2987 | PPL: 3.66
  [ 81.9%] Step 22,400 | Loss: 1.2931 | PPL: 3.64
  [ 82.3%] Step 22,500 | Loss: 1.2988 | PPL: 3.66
  [ 82.7%] Step 22,600 | Loss: 1.2980 | PPL: 3.66
  [ 83.0%] Step 22,700 | Loss: 1.2948 | PPL: 3.65
  [ 83.4%] Step 22,800 | Loss: 1.2938 | PPL: 3.65
  [ 83.7%] Step 22,900 | Loss: 1.2953 | PPL: 3.65
  [ 84.1%] Step 23,000 | Loss: 1.2925 | PPL: 3.64
  [ 84.5%] Step 23,100 | Loss: 1.2955 | PPL: 3.65
  [ 84.8%] Step 23,200 | Loss: 1.2899 | PPL: 3.63
  [ 85.2%] Step 23,300 | Loss: 1.2982 | PPL: 3.66
  [ 85.6%] Step 23,400 | Loss: 1.2939 | PPL: 3.65
  [ 85.9%] Step 23,500 | Loss: 1.2906 | PPL: 3.63
  [ 86.3%] Step 23,600 | Loss: 1.2930 | PPL: 3.64
  [ 86.7%] Step 23,700 | Loss: 1.2930 | PPL: 3.64
  [ 87.0%] Step 23,800 | Loss: 1.2942 | PPL: 3.65
  [ 87.4%] Step 23,900 | Loss: 1.2896 | PPL: 3.63
  [ 87.8%] Step 24,000 | Loss: 1.2922 | PPL: 3.64
  [ 88.1%] Step 24,100 | Loss: 1.2894 | PPL: 3.63
  [ 88.5%] Step 24,200 | Loss: 1.2910 | PPL: 3.64
  [ 88.9%] Step 24,300 | Loss: 1.2903 | PPL: 3.63
  [ 89.2%] Step 24,400 | Loss: 1.2879 | PPL: 3.63
  [ 89.6%] Step 24,500 | Loss: 1.2873 | PPL: 3.62
  [ 90.0%] Step 24,600 | Loss: 1.2854 | PPL: 3.62
  [ 90.3%] Step 24,700 | Loss: 1.2871 | PPL: 3.62
  [ 90.7%] Step 24,800 | Loss: 1.2908 | PPL: 3.64
  [ 91.1%] Step 24,900 | Loss: 1.2830 | PPL: 3.61
  [ 91.4%] Step 25,000 | Loss: 1.2858 | PPL: 3.62
  [ 91.8%] Step 25,100 | Loss: 1.2864 | PPL: 3.62
  [ 92.2%] Step 25,200 | Loss: 1.2842 | PPL: 3.61
  [ 92.5%] Step 25,300 | Loss: 1.2853 | PPL: 3.62
  [ 92.9%] Step 25,400 | Loss: 1.2858 | PPL: 3.62
  [ 93.3%] Step 25,500 | Loss: 1.2819 | PPL: 3.60
  [ 93.6%] Step 25,600 | Loss: 1.2821 | PPL: 3.60
  [ 94.0%] Step 25,700 | Loss: 1.2805 | PPL: 3.60
  [ 94.4%] Step 25,800 | Loss: 1.2839 | PPL: 3.61
  [ 94.7%] Step 25,900 | Loss: 1.2838 | PPL: 3.61
  [ 95.1%] Step 26,000 | Loss: 1.2823 | PPL: 3.61
  [ 95.5%] Step 26,100 | Loss: 1.2789 | PPL: 3.59
  [ 95.8%] Step 26,200 | Loss: 1.2812 | PPL: 3.60
  [ 96.2%] Step 26,300 | Loss: 1.2810 | PPL: 3.60
  [ 96.5%] Step 26,400 | Loss: 1.2798 | PPL: 3.60
  [ 96.9%] Step 26,500 | Loss: 1.2790 | PPL: 3.59
  [ 97.3%] Step 26,600 | Loss: 1.2748 | PPL: 3.58
  [ 97.6%] Step 26,700 | Loss: 1.2780 | PPL: 3.59
  [ 98.0%] Step 26,800 | Loss: 1.2775 | PPL: 3.59
  [ 98.4%] Step 26,900 | Loss: 1.2782 | PPL: 3.59
  [ 98.7%] Step 27,000 | Loss: 1.2735 | PPL: 3.57
  [ 99.1%] Step 27,100 | Loss: 1.2728 | PPL: 3.57
  [ 99.5%] Step 27,200 | Loss: 1.2745 | PPL: 3.58
  [ 99.8%] Step 27,300 | Loss: 1.2757 | PPL: 3.58
  [100.0%] Step 27,344 | Loss: 1.2791 | PPL: 3.59
[Epoch 1/3] Validating...
[Epoch 1/3] Loss: 1.3904 | PPL: 4.02
  -> Saved best model to checkpoints_v6\tr_best.pt
[Epoch 2/3] Starting...
  [  0.2%] Step 27,400 | Loss: 1.2780 | PPL: 3.59
  [  0.6%] Step 27,500 | Loss: 1.2728 | PPL: 3.57
  [  0.9%] Step 27,600 | Loss: 1.2723 | PPL: 3.57
  [  1.3%] Step 27,700 | Loss: 1.2705 | PPL: 3.56
  [  1.7%] Step 27,800 | Loss: 1.2713 | PPL: 3.57
  [  2.0%] Step 27,900 | Loss: 1.2722 | PPL: 3.57
  [  2.4%] Step 28,000 | Loss: 1.2735 | PPL: 3.57
  [  2.8%] Step 28,100 | Loss: 1.2727 | PPL: 3.57
  [  3.1%] Step 28,200 | Loss: 1.2690 | PPL: 3.56
  [  3.5%] Step 28,300 | Loss: 1.2726 | PPL: 3.57
  [  3.9%] Step 28,400 | Loss: 1.2701 | PPL: 3.56
  [  4.2%] Step 28,500 | Loss: 1.2701 | PPL: 3.56
  [  4.6%] Step 28,600 | Loss: 1.2703 | PPL: 3.56
  [  5.0%] Step 28,700 | Loss: 1.2666 | PPL: 3.55
  [  5.3%] Step 28,800 | Loss: 1.2727 | PPL: 3.57
  [  5.7%] Step 28,900 | Loss: 1.2666 | PPL: 3.55
  [  6.1%] Step 29,000 | Loss: 1.2682 | PPL: 3.55
  [  6.4%] Step 29,100 | Loss: 1.2685 | PPL: 3.56
  [  6.8%] Step 29,200 | Loss: 1.2674 | PPL: 3.55
  [  7.2%] Step 29,300 | Loss: 1.2662 | PPL: 3.55
  [  7.5%] Step 29,400 | Loss: 1.2666 | PPL: 3.55
  [  7.9%] Step 29,500 | Loss: 1.2667 | PPL: 3.55
  [  8.3%] Step 29,600 | Loss: 1.2665 | PPL: 3.55
  [  8.6%] Step 29,700 | Loss: 1.2642 | PPL: 3.54
  [  9.0%] Step 29,800 | Loss: 1.2624 | PPL: 3.53
  [  9.3%] Step 29,900 | Loss: 1.2660 | PPL: 3.55
  [  9.7%] Step 30,000 | Loss: 1.2633 | PPL: 3.54
  [ 10.1%] Step 30,100 | Loss: 1.2600 | PPL: 3.53
  [ 10.4%] Step 30,200 | Loss: 1.2632 | PPL: 3.54
  [ 10.8%] Step 30,300 | Loss: 1.2638 | PPL: 3.54
  [ 11.2%] Step 30,400 | Loss: 1.2633 | PPL: 3.54
  [ 11.5%] Step 30,500 | Loss: 1.2620 | PPL: 3.53
  [ 11.9%] Step 30,600 | Loss: 1.2626 | PPL: 3.53
  [ 12.3%] Step 30,700 | Loss: 1.2610 | PPL: 3.53
  [ 12.6%] Step 30,800 | Loss: 1.2632 | PPL: 3.54
  [ 13.0%] Step 30,900 | Loss: 1.2624 | PPL: 3.53
  [ 13.4%] Step 31,000 | Loss: 1.2592 | PPL: 3.52
  [ 13.7%] Step 31,100 | Loss: 1.2595 | PPL: 3.52
  [ 14.1%] Step 31,200 | Loss: 1.2591 | PPL: 3.52
  [ 14.5%] Step 31,300 | Loss: 1.2639 | PPL: 3.54
  [ 14.8%] Step 31,400 | Loss: 1.2594 | PPL: 3.52
  [ 15.2%] Step 31,500 | Loss: 1.2600 | PPL: 3.53
  [ 15.6%] Step 31,600 | Loss: 1.2587 | PPL: 3.52
  [ 15.9%] Step 31,700 | Loss: 1.2593 | PPL: 3.52
  [ 16.3%] Step 31,800 | Loss: 1.2596 | PPL: 3.52
  [ 16.7%] Step 31,900 | Loss: 1.2581 | PPL: 3.52
  [ 17.0%] Step 32,000 | Loss: 1.2571 | PPL: 3.52
  [ 17.4%] Step 32,100 | Loss: 1.2541 | PPL: 3.50
  [ 17.8%] Step 32,200 | Loss: 1.2551 | PPL: 3.51
  [ 18.1%] Step 32,300 | Loss: 1.2562 | PPL: 3.51
  [ 18.5%] Step 32,400 | Loss: 1.2575 | PPL: 3.52
  [ 18.9%] Step 32,500 | Loss: 1.2540 | PPL: 3.50
  [ 19.2%] Step 32,600 | Loss: 1.2542 | PPL: 3.50
  [ 19.6%] Step 32,700 | Loss: 1.2565 | PPL: 3.51
  [ 20.0%] Step 32,800 | Loss: 1.2507 | PPL: 3.49
  [ 20.3%] Step 32,900 | Loss: 1.2533 | PPL: 3.50
  [ 20.7%] Step 33,000 | Loss: 1.2523 | PPL: 3.50
  [ 21.1%] Step 33,100 | Loss: 1.2523 | PPL: 3.50
  [ 21.4%] Step 33,200 | Loss: 1.2546 | PPL: 3.51
  [ 21.8%] Step 33,300 | Loss: 1.2552 | PPL: 3.51
  [ 22.1%] Step 33,400 | Loss: 1.2538 | PPL: 3.50
  [ 22.5%] Step 33,500 | Loss: 1.2543 | PPL: 3.51
  [ 22.9%] Step 33,600 | Loss: 1.2547 | PPL: 3.51
  [ 23.2%] Step 33,700 | Loss: 1.2539 | PPL: 3.50
  [ 23.6%] Step 33,800 | Loss: 1.2500 | PPL: 3.49
  [ 24.0%] Step 33,900 | Loss: 1.2511 | PPL: 3.49
  [ 24.3%] Step 34,000 | Loss: 1.2495 | PPL: 3.49
  [ 24.7%] Step 34,100 | Loss: 1.2513 | PPL: 3.49
  [ 25.1%] Step 34,200 | Loss: 1.2539 | PPL: 3.50
  [ 25.4%] Step 34,300 | Loss: 1.2506 | PPL: 3.49
  [ 25.8%] Step 34,400 | Loss: 1.2478 | PPL: 3.48
  [ 26.2%] Step 34,500 | Loss: 1.2471 | PPL: 3.48
  [ 26.5%] Step 34,600 | Loss: 1.2492 | PPL: 3.49
  [ 26.9%] Step 34,700 | Loss: 1.2491 | PPL: 3.49
  [ 27.3%] Step 34,800 | Loss: 1.2454 | PPL: 3.47
  [ 27.6%] Step 34,900 | Loss: 1.2485 | PPL: 3.49
  [ 28.0%] Step 35,000 | Loss: 1.2454 | PPL: 3.47
  [ 28.4%] Step 35,100 | Loss: 1.2474 | PPL: 3.48
  [ 28.7%] Step 35,200 | Loss: 1.2465 | PPL: 3.48
  [ 29.1%] Step 35,300 | Loss: 1.2434 | PPL: 3.47
  [ 29.5%] Step 35,400 | Loss: 1.2446 | PPL: 3.47
  [ 29.8%] Step 35,500 | Loss: 1.2458 | PPL: 3.48
  [ 30.2%] Step 35,600 | Loss: 1.2441 | PPL: 3.47
  [ 30.6%] Step 35,700 | Loss: 1.2426 | PPL: 3.46
  [ 30.9%] Step 35,800 | Loss: 1.2484 | PPL: 3.48
  [ 31.3%] Step 35,900 | Loss: 1.2427 | PPL: 3.46
  [ 31.7%] Step 36,000 | Loss: 1.2461 | PPL: 3.48
  [ 32.0%] Step 36,100 | Loss: 1.2469 | PPL: 3.48
  [ 32.4%] Step 36,200 | Loss: 1.2441 | PPL: 3.47
  [ 32.8%] Step 36,300 | Loss: 1.2418 | PPL: 3.46
  [ 33.1%] Step 36,400 | Loss: 1.2417 | PPL: 3.46
  [ 33.5%] Step 36,500 | Loss: 1.2450 | PPL: 3.47
  [ 33.9%] Step 36,600 | Loss: 1.2412 | PPL: 3.46
  [ 34.2%] Step 36,700 | Loss: 1.2402 | PPL: 3.46
  [ 34.6%] Step 36,800 | Loss: 1.2427 | PPL: 3.46
  [ 34.9%] Step 36,900 | Loss: 1.2425 | PPL: 3.46
  [ 35.3%] Step 37,000 | Loss: 1.2423 | PPL: 3.46
  [ 35.7%] Step 37,100 | Loss: 1.2401 | PPL: 3.46
  [ 36.0%] Step 37,200 | Loss: 1.2430 | PPL: 3.47
  [ 36.4%] Step 37,300 | Loss: 1.2408 | PPL: 3.46
  [ 36.8%] Step 37,400 | Loss: 1.2401 | PPL: 3.46
  [ 37.1%] Step 37,500 | Loss: 1.2383 | PPL: 3.45
  [ 37.5%] Step 37,600 | Loss: 1.2394 | PPL: 3.45
  [ 37.9%] Step 37,700 | Loss: 1.2409 | PPL: 3.46
  [ 38.2%] Step 37,800 | Loss: 1.2350 | PPL: 3.44
  [ 38.6%] Step 37,900 | Loss: 1.2378 | PPL: 3.45
  [ 39.0%] Step 38,000 | Loss: 1.2421 | PPL: 3.46
  [ 39.3%] Step 38,100 | Loss: 1.2381 | PPL: 3.45
  [ 39.7%] Step 38,200 | Loss: 1.2389 | PPL: 3.45
  [ 40.1%] Step 38,300 | Loss: 1.2386 | PPL: 3.45
  [ 40.4%] Step 38,400 | Loss: 1.2382 | PPL: 3.45
  [ 40.8%] Step 38,500 | Loss: 1.2364 | PPL: 3.44
  [ 41.2%] Step 38,600 | Loss: 1.2384 | PPL: 3.45
  [ 41.5%] Step 38,700 | Loss: 1.2362 | PPL: 3.44
  [ 41.9%] Step 38,800 | Loss: 1.2355 | PPL: 3.44
  [ 42.3%] Step 38,900 | Loss: 1.2368 | PPL: 3.44
  [ 42.6%] Step 39,000 | Loss: 1.2363 | PPL: 3.44
  [ 43.0%] Step 39,100 | Loss: 1.2381 | PPL: 3.45
  [ 43.4%] Step 39,200 | Loss: 1.2356 | PPL: 3.44
  [ 43.7%] Step 39,300 | Loss: 1.2370 | PPL: 3.45
  [ 44.1%] Step 39,400 | Loss: 1.2350 | PPL: 3.44
  [ 44.5%] Step 39,500 | Loss: 1.2317 | PPL: 3.43
  [ 44.8%] Step 39,600 | Loss: 1.2334 | PPL: 3.43
  [ 45.2%] Step 39,700 | Loss: 1.2351 | PPL: 3.44
  [ 45.6%] Step 39,800 | Loss: 1.2338 | PPL: 3.43
  [ 45.9%] Step 39,900 | Loss: 1.2353 | PPL: 3.44
  [ 46.3%] Step 40,000 | Loss: 1.2326 | PPL: 3.43
  [ 46.7%] Step 40,100 | Loss: 1.2314 | PPL: 3.43
  [ 47.0%] Step 40,200 | Loss: 1.2345 | PPL: 3.44
  [ 47.4%] Step 40,300 | Loss: 1.2290 | PPL: 3.42
  [ 47.7%] Step 40,400 | Loss: 1.2332 | PPL: 3.43
  [ 48.1%] Step 40,500 | Loss: 1.2337 | PPL: 3.43
  [ 48.5%] Step 40,600 | Loss: 1.2308 | PPL: 3.42
  [ 48.8%] Step 40,700 | Loss: 1.2289 | PPL: 3.42
  [ 49.2%] Step 40,800 | Loss: 1.2287 | PPL: 3.42
  [ 49.6%] Step 40,900 | Loss: 1.2290 | PPL: 3.42
  [ 49.9%] Step 41,000 | Loss: 1.2293 | PPL: 3.42
  [ 50.3%] Step 41,100 | Loss: 1.2329 | PPL: 3.43
  [ 50.7%] Step 41,200 | Loss: 1.2313 | PPL: 3.43
  [ 51.0%] Step 41,300 | Loss: 1.2310 | PPL: 3.42
  [ 51.4%] Step 41,400 | Loss: 1.2283 | PPL: 3.42
  [ 51.8%] Step 41,500 | Loss: 1.2318 | PPL: 3.43
  [ 52.1%] Step 41,600 | Loss: 1.2289 | PPL: 3.42
  [ 52.5%] Step 41,700 | Loss: 1.2303 | PPL: 3.42
  [ 52.9%] Step 41,800 | Loss: 1.2293 | PPL: 3.42
  [ 53.2%] Step 41,900 | Loss: 1.2255 | PPL: 3.41
  [ 53.6%] Step 42,000 | Loss: 1.2243 | PPL: 3.40
  [ 54.0%] Step 42,100 | Loss: 1.2296 | PPL: 3.42
  [ 54.3%] Step 42,200 | Loss: 1.2296 | PPL: 3.42
  [ 54.7%] Step 42,300 | Loss: 1.2254 | PPL: 3.41
  [ 55.1%] Step 42,400 | Loss: 1.2283 | PPL: 3.42
  [ 55.4%] Step 42,500 | Loss: 1.2283 | PPL: 3.42
  [ 55.8%] Step 42,600 | Loss: 1.2287 | PPL: 3.42
  [ 56.2%] Step 42,700 | Loss: 1.2281 | PPL: 3.41
  [ 56.5%] Step 42,800 | Loss: 1.2262 | PPL: 3.41
  [ 56.9%] Step 42,900 | Loss: 1.2300 | PPL: 3.42
  [ 57.3%] Step 43,000 | Loss: 1.2260 | PPL: 3.41
  [ 57.6%] Step 43,100 | Loss: 1.2257 | PPL: 3.41
  [ 58.0%] Step 43,200 | Loss: 1.2296 | PPL: 3.42
  [ 58.4%] Step 43,300 | Loss: 1.2252 | PPL: 3.40
  [ 58.7%] Step 43,400 | Loss: 1.2268 | PPL: 3.41
  [ 59.1%] Step 43,500 | Loss: 1.2248 | PPL: 3.40
  [ 59.4%] Step 43,600 | Loss: 1.2255 | PPL: 3.41
  [ 59.8%] Step 43,700 | Loss: 1.2206 | PPL: 3.39
  [ 60.2%] Step 43,800 | Loss: 1.2269 | PPL: 3.41
  [ 60.5%] Step 43,900 | Loss: 1.2228 | PPL: 3.40
  [ 60.9%] Step 44,000 | Loss: 1.2284 | PPL: 3.42
  [ 61.3%] Step 44,100 | Loss: 1.2251 | PPL: 3.40
  [ 61.6%] Step 44,200 | Loss: 1.2243 | PPL: 3.40
  [ 62.0%] Step 44,300 | Loss: 1.2251 | PPL: 3.40
  [ 62.4%] Step 44,400 | Loss: 1.2215 | PPL: 3.39
  [ 62.7%] Step 44,500 | Loss: 1.2226 | PPL: 3.40
  [ 63.1%] Step 44,600 | Loss: 1.2189 | PPL: 3.38
  [ 63.5%] Step 44,700 | Loss: 1.2242 | PPL: 3.40
  [ 63.8%] Step 44,800 | Loss: 1.2220 | PPL: 3.39
  [ 64.2%] Step 44,900 | Loss: 1.2221 | PPL: 3.39
  [ 64.6%] Step 45,000 | Loss: 1.2261 | PPL: 3.41
  [ 64.9%] Step 45,100 | Loss: 1.2210 | PPL: 3.39
  [ 65.3%] Step 45,200 | Loss: 1.2205 | PPL: 3.39
  [ 65.7%] Step 45,300 | Loss: 1.2230 | PPL: 3.40
  [ 66.0%] Step 45,400 | Loss: 1.2228 | PPL: 3.40
  [ 66.4%] Step 45,500 | Loss: 1.2237 | PPL: 3.40
  [ 66.8%] Step 45,600 | Loss: 1.2145 | PPL: 3.37
  [ 67.1%] Step 45,700 | Loss: 1.2199 | PPL: 3.39
  [ 67.5%] Step 45,800 | Loss: 1.2226 | PPL: 3.40
  [ 67.9%] Step 45,900 | Loss: 1.2190 | PPL: 3.38
  [ 68.2%] Step 46,000 | Loss: 1.2192 | PPL: 3.38
  [ 68.6%] Step 46,100 | Loss: 1.2195 | PPL: 3.39
  [ 69.0%] Step 46,200 | Loss: 1.2142 | PPL: 3.37
  [ 69.3%] Step 46,300 | Loss: 1.2180 | PPL: 3.38
  [ 69.7%] Step 46,400 | Loss: 1.2194 | PPL: 3.39
  [ 70.1%] Step 46,500 | Loss: 1.2188 | PPL: 3.38
  [ 70.4%] Step 46,600 | Loss: 1.2169 | PPL: 3.38
  [ 70.8%] Step 46,700 | Loss: 1.2181 | PPL: 3.38
  [ 71.2%] Step 46,800 | Loss: 1.2192 | PPL: 3.38
  [ 71.5%] Step 46,900 | Loss: 1.2178 | PPL: 3.38
  [ 71.9%] Step 47,000 | Loss: 1.2177 | PPL: 3.38
  [ 72.2%] Step 47,100 | Loss: 1.2193 | PPL: 3.38
  [ 72.6%] Step 47,200 | Loss: 1.2178 | PPL: 3.38
  [ 73.0%] Step 47,300 | Loss: 1.2177 | PPL: 3.38
  [ 73.3%] Step 47,400 | Loss: 1.2178 | PPL: 3.38
  [ 73.7%] Step 47,500 | Loss: 1.2128 | PPL: 3.36
  [ 74.1%] Step 47,600 | Loss: 1.2174 | PPL: 3.38
  [ 74.4%] Step 47,700 | Loss: 1.2136 | PPL: 3.37
  [ 74.8%] Step 47,800 | Loss: 1.2176 | PPL: 3.38
  [ 75.2%] Step 47,900 | Loss: 1.2153 | PPL: 3.37
  [ 75.5%] Step 48,000 | Loss: 1.2155 | PPL: 3.37
  [ 75.9%] Step 48,100 | Loss: 1.2167 | PPL: 3.38
  [ 76.3%] Step 48,200 | Loss: 1.2130 | PPL: 3.36
  [ 76.6%] Step 48,300 | Loss: 1.2164 | PPL: 3.38
  [ 77.0%] Step 48,400 | Loss: 1.2186 | PPL: 3.38
  [ 77.4%] Step 48,500 | Loss: 1.2165 | PPL: 3.38
  [ 77.7%] Step 48,600 | Loss: 1.2146 | PPL: 3.37
  [ 78.1%] Step 48,700 | Loss: 1.2127 | PPL: 3.36
  [ 78.5%] Step 48,800 | Loss: 1.2135 | PPL: 3.37
  [ 78.8%] Step 48,900 | Loss: 1.2120 | PPL: 3.36
  [ 79.2%] Step 49,000 | Loss: 1.2141 | PPL: 3.37
  [ 79.6%] Step 49,100 | Loss: 1.2124 | PPL: 3.36
  [ 79.9%] Step 49,200 | Loss: 1.2158 | PPL: 3.37
  [ 80.3%] Step 49,300 | Loss: 1.2122 | PPL: 3.36
  [ 80.7%] Step 49,400 | Loss: 1.2123 | PPL: 3.36
  [ 81.0%] Step 49,500 | Loss: 1.2124 | PPL: 3.36
  [ 81.4%] Step 49,600 | Loss: 1.2094 | PPL: 3.35
  [ 81.8%] Step 49,700 | Loss: 1.2109 | PPL: 3.36
  [ 82.1%] Step 49,800 | Loss: 1.2090 | PPL: 3.35
  [ 82.5%] Step 49,900 | Loss: 1.2116 | PPL: 3.36
  [ 82.9%] Step 50,000 | Loss: 1.2149 | PPL: 3.37
  [ 83.2%] Step 50,100 | Loss: 1.2146 | PPL: 3.37
  [ 83.6%] Step 50,200 | Loss: 1.2097 | PPL: 3.35
  [ 84.0%] Step 50,300 | Loss: 1.2094 | PPL: 3.35
  [ 84.3%] Step 50,400 | Loss: 1.2124 | PPL: 3.36
  [ 84.7%] Step 50,500 | Loss: 1.2122 | PPL: 3.36
  [ 85.0%] Step 50,600 | Loss: 1.2118 | PPL: 3.36
  [ 85.4%] Step 50,700 | Loss: 1.2123 | PPL: 3.36
  [ 85.8%] Step 50,800 | Loss: 1.2072 | PPL: 3.34
  [ 86.1%] Step 50,900 | Loss: 1.2084 | PPL: 3.35
  [ 86.5%] Step 51,000 | Loss: 1.2123 | PPL: 3.36
  [ 86.9%] Step 51,100 | Loss: 1.2109 | PPL: 3.36
  [ 87.2%] Step 51,200 | Loss: 1.2114 | PPL: 3.36
  [ 87.6%] Step 51,300 | Loss: 1.2115 | PPL: 3.36
  [ 88.0%] Step 51,400 | Loss: 1.2097 | PPL: 3.35
  [ 88.3%] Step 51,500 | Loss: 1.2086 | PPL: 3.35
  [ 88.7%] Step 51,600 | Loss: 1.2102 | PPL: 3.35
  [ 89.1%] Step 51,700 | Loss: 1.2084 | PPL: 3.35
  [ 89.4%] Step 51,800 | Loss: 1.2063 | PPL: 3.34
  [ 89.8%] Step 51,900 | Loss: 1.2038 | PPL: 3.33
  [ 90.2%] Step 52,000 | Loss: 1.2103 | PPL: 3.35
  [ 90.5%] Step 52,100 | Loss: 1.2080 | PPL: 3.35
  [ 90.9%] Step 52,200 | Loss: 1.2046 | PPL: 3.34
  [ 91.3%] Step 52,300 | Loss: 1.2086 | PPL: 3.35
  [ 91.6%] Step 52,400 | Loss: 1.2054 | PPL: 3.34
  [ 92.0%] Step 52,500 | Loss: 1.2086 | PPL: 3.35
  [ 92.4%] Step 52,600 | Loss: 1.2052 | PPL: 3.34
  [ 92.7%] Step 52,700 | Loss: 1.2039 | PPL: 3.33
  [ 93.1%] Step 52,800 | Loss: 1.2043 | PPL: 3.33
  [ 93.5%] Step 52,900 | Loss: 1.2064 | PPL: 3.34
  [ 93.8%] Step 53,000 | Loss: 1.2078 | PPL: 3.35
  [ 94.2%] Step 53,100 | Loss: 1.2061 | PPL: 3.34
  [ 94.6%] Step 53,200 | Loss: 1.2059 | PPL: 3.34
  [ 94.9%] Step 53,300 | Loss: 1.2045 | PPL: 3.34
  [ 95.3%] Step 53,400 | Loss: 1.2050 | PPL: 3.34
  [ 95.7%] Step 53,500 | Loss: 1.2059 | PPL: 3.34
  [ 96.0%] Step 53,600 | Loss: 1.2046 | PPL: 3.34
  [ 96.4%] Step 53,700 | Loss: 1.2035 | PPL: 3.33
  [ 96.8%] Step 53,800 | Loss: 1.2070 | PPL: 3.34
  [ 97.1%] Step 53,900 | Loss: 1.2070 | PPL: 3.34
  [ 97.5%] Step 54,000 | Loss: 1.2035 | PPL: 3.33
  [ 97.8%] Step 54,100 | Loss: 1.2044 | PPL: 3.33
  [ 98.2%] Step 54,200 | Loss: 1.2069 | PPL: 3.34
  [ 98.6%] Step 54,300 | Loss: 1.2049 | PPL: 3.34
  [ 98.9%] Step 54,400 | Loss: 1.2034 | PPL: 3.33
  [ 99.3%] Step 54,500 | Loss: 1.2019 | PPL: 3.33
  [ 99.7%] Step 54,600 | Loss: 1.2051 | PPL: 3.34
  [100.0%] Step 54,688 | Loss: 1.2020 | PPL: 3.33
[Epoch 2/3] Validating...
[Epoch 2/3] Loss: 1.3525 | PPL: 3.87
  -> Saved best model to checkpoints_v6\tr_best.pt
[Epoch 3/3] Starting...
  [  0.0%] Step 54,700 | Loss: 1.1961 | PPL: 3.31
  [  0.4%] Step 54,800 | Loss: 1.2034 | PPL: 3.33
  [  0.8%] Step 54,900 | Loss: 1.2011 | PPL: 3.32
  [  1.1%] Step 55,000 | Loss: 1.2040 | PPL: 3.33
  [  1.5%] Step 55,100 | Loss: 1.2024 | PPL: 3.33
  [  1.9%] Step 55,200 | Loss: 1.2032 | PPL: 3.33
  [  2.2%] Step 55,300 | Loss: 1.2027 | PPL: 3.33
  [  2.6%] Step 55,400 | Loss: 1.2035 | PPL: 3.33
  [  3.0%] Step 55,500 | Loss: 1.2035 | PPL: 3.33
  [  3.3%] Step 55,600 | Loss: 1.2021 | PPL: 3.33
  [  3.7%] Step 55,700 | Loss: 1.2002 | PPL: 3.32
  [  4.1%] Step 55,800 | Loss: 1.2007 | PPL: 3.32
  [  4.4%] Step 55,900 | Loss: 1.2031 | PPL: 3.33
  [  4.8%] Step 56,000 | Loss: 1.2006 | PPL: 3.32
  [  5.2%] Step 56,100 | Loss: 1.1999 | PPL: 3.32
  [  5.5%] Step 56,200 | Loss: 1.1988 | PPL: 3.32
  [  5.9%] Step 56,300 | Loss: 1.1995 | PPL: 3.32
  [  6.3%] Step 56,400 | Loss: 1.1996 | PPL: 3.32
  [  6.6%] Step 56,500 | Loss: 1.1997 | PPL: 3.32
  [  7.0%] Step 56,600 | Loss: 1.2006 | PPL: 3.32
  [  7.4%] Step 56,700 | Loss: 1.1995 | PPL: 3.32
  [  7.7%] Step 56,800 | Loss: 1.2003 | PPL: 3.32
  [  8.1%] Step 56,900 | Loss: 1.1971 | PPL: 3.31
  [  8.5%] Step 57,000 | Loss: 1.1961 | PPL: 3.31
  [  8.8%] Step 57,100 | Loss: 1.2000 | PPL: 3.32
  [  9.2%] Step 57,200 | Loss: 1.1980 | PPL: 3.31
  [  9.6%] Step 57,300 | Loss: 1.1963 | PPL: 3.31
  [  9.9%] Step 57,400 | Loss: 1.2027 | PPL: 3.33
  [ 10.3%] Step 57,500 | Loss: 1.1975 | PPL: 3.31
  [ 10.6%] Step 57,600 | Loss: 1.1954 | PPL: 3.30
  [ 11.0%] Step 57,700 | Loss: 1.1986 | PPL: 3.32
  [ 11.4%] Step 57,800 | Loss: 1.1975 | PPL: 3.31
  [ 11.7%] Step 57,900 | Loss: 1.1967 | PPL: 3.31
  [ 12.1%] Step 58,000 | Loss: 1.2004 | PPL: 3.32
  [ 12.5%] Step 58,100 | Loss: 1.1974 | PPL: 3.31
  [ 12.8%] Step 58,200 | Loss: 1.1963 | PPL: 3.31
  [ 13.2%] Step 58,300 | Loss: 1.1967 | PPL: 3.31
  [ 13.6%] Step 58,400 | Loss: 1.1956 | PPL: 3.31
  [ 13.9%] Step 58,500 | Loss: 1.2018 | PPL: 3.33
  [ 14.3%] Step 58,600 | Loss: 1.1974 | PPL: 3.31
  [ 14.7%] Step 58,700 | Loss: 1.1969 | PPL: 3.31
  [ 15.0%] Step 58,800 | Loss: 1.1981 | PPL: 3.31
  [ 15.4%] Step 58,900 | Loss: 1.1973 | PPL: 3.31
  [ 15.8%] Step 59,000 | Loss: 1.1968 | PPL: 3.31
  [ 16.1%] Step 59,100 | Loss: 1.1960 | PPL: 3.31
  [ 16.5%] Step 59,200 | Loss: 1.1955 | PPL: 3.31
  [ 16.9%] Step 59,300 | Loss: 1.1980 | PPL: 3.31
  [ 17.2%] Step 59,400 | Loss: 1.1920 | PPL: 3.29
  [ 17.6%] Step 59,500 | Loss: 1.1981 | PPL: 3.31
  [ 18.0%] Step 59,600 | Loss: 1.1972 | PPL: 3.31
  [ 18.3%] Step 59,700 | Loss: 1.1925 | PPL: 3.30
  [ 18.7%] Step 59,800 | Loss: 1.1946 | PPL: 3.30
  [ 19.1%] Step 59,900 | Loss: 1.1958 | PPL: 3.31
  [ 19.4%] Step 60,000 | Loss: 1.1938 | PPL: 3.30
  [ 19.8%] Step 60,100 | Loss: 1.1966 | PPL: 3.31
  [ 20.2%] Step 60,200 | Loss: 1.1945 | PPL: 3.30
  [ 20.5%] Step 60,300 | Loss: 1.1959 | PPL: 3.31
  [ 20.9%] Step 60,400 | Loss: 1.1956 | PPL: 3.31
  [ 21.3%] Step 60,500 | Loss: 1.1920 | PPL: 3.29
  [ 21.6%] Step 60,600 | Loss: 1.1959 | PPL: 3.31
  [ 22.0%] Step 60,700 | Loss: 1.1953 | PPL: 3.30
  [ 22.4%] Step 60,800 | Loss: 1.1947 | PPL: 3.30
  [ 22.7%] Step 60,900 | Loss: 1.1907 | PPL: 3.29
  [ 23.1%] Step 61,000 | Loss: 1.1950 | PPL: 3.30
  [ 23.4%] Step 61,100 | Loss: 1.1928 | PPL: 3.30
  [ 23.8%] Step 61,200 | Loss: 1.1938 | PPL: 3.30
  [ 24.2%] Step 61,300 | Loss: 1.1918 | PPL: 3.29
  [ 24.5%] Step 61,400 | Loss: 1.1950 | PPL: 3.30
  [ 24.9%] Step 61,500 | Loss: 1.1894 | PPL: 3.28
  [ 25.3%] Step 61,600 | Loss: 1.1874 | PPL: 3.28
  [ 25.6%] Step 61,700 | Loss: 1.1930 | PPL: 3.30
  [ 26.0%] Step 61,800 | Loss: 1.1912 | PPL: 3.29
  [ 26.4%] Step 61,900 | Loss: 1.1915 | PPL: 3.29
  [ 26.7%] Step 62,000 | Loss: 1.1888 | PPL: 3.28
  [ 27.1%] Step 62,100 | Loss: 1.1945 | PPL: 3.30
  [ 27.5%] Step 62,200 | Loss: 1.1906 | PPL: 3.29
  [ 27.8%] Step 62,300 | Loss: 1.1896 | PPL: 3.29
  [ 28.2%] Step 62,400 | Loss: 1.1956 | PPL: 3.31
  [ 28.6%] Step 62,500 | Loss: 1.1906 | PPL: 3.29
  [ 28.9%] Step 62,600 | Loss: 1.1915 | PPL: 3.29
  [ 29.3%] Step 62,700 | Loss: 1.1932 | PPL: 3.30
  [ 29.7%] Step 62,800 | Loss: 1.1884 | PPL: 3.28
  [ 30.0%] Step 62,900 | Loss: 1.1904 | PPL: 3.29
  [ 30.4%] Step 63,000 | Loss: 1.1904 | PPL: 3.29
  [ 30.8%] Step 63,100 | Loss: 1.1891 | PPL: 3.28
  [ 31.1%] Step 63,200 | Loss: 1.1911 | PPL: 3.29
  [ 31.5%] Step 63,300 | Loss: 1.1895 | PPL: 3.29
  [ 31.9%] Step 63,400 | Loss: 1.1884 | PPL: 3.28
  [ 32.2%] Step 63,500 | Loss: 1.1919 | PPL: 3.29
  [ 32.6%] Step 63,600 | Loss: 1.1921 | PPL: 3.29
  [ 33.0%] Step 63,700 | Loss: 1.1907 | PPL: 3.29
  [ 33.3%] Step 63,800 | Loss: 1.1896 | PPL: 3.29
  [ 33.7%] Step 63,900 | Loss: 1.1920 | PPL: 3.29
  [ 34.1%] Step 64,000 | Loss: 1.1874 | PPL: 3.28
  [ 34.4%] Step 64,100 | Loss: 1.1900 | PPL: 3.29
  [ 34.8%] Step 64,200 | Loss: 1.1898 | PPL: 3.29
  [ 35.2%] Step 64,300 | Loss: 1.1880 | PPL: 3.28
  [ 35.5%] Step 64,400 | Loss: 1.1860 | PPL: 3.27
  [ 35.9%] Step 64,500 | Loss: 1.1847 | PPL: 3.27
  [ 36.2%] Step 64,600 | Loss: 1.1878 | PPL: 3.28
  [ 36.6%] Step 64,700 | Loss: 1.1845 | PPL: 3.27
  [ 37.0%] Step 64,800 | Loss: 1.1916 | PPL: 3.29
  [ 37.3%] Step 64,900 | Loss: 1.1866 | PPL: 3.28
  [ 37.7%] Step 65,000 | Loss: 1.1880 | PPL: 3.28
  [ 38.1%] Step 65,100 | Loss: 1.1906 | PPL: 3.29
  [ 38.4%] Step 65,200 | Loss: 1.1904 | PPL: 3.29
  [ 38.8%] Step 65,300 | Loss: 1.1838 | PPL: 3.27
  [ 39.2%] Step 65,400 | Loss: 1.1868 | PPL: 3.28
  [ 39.5%] Step 65,500 | Loss: 1.1875 | PPL: 3.28
  [ 39.9%] Step 65,600 | Loss: 1.1869 | PPL: 3.28
  [ 40.3%] Step 65,700 | Loss: 1.1847 | PPL: 3.27
  [ 40.6%] Step 65,800 | Loss: 1.1847 | PPL: 3.27
  [ 41.0%] Step 65,900 | Loss: 1.1856 | PPL: 3.27
  [ 41.4%] Step 66,000 | Loss: 1.1837 | PPL: 3.27
  [ 41.7%] Step 66,100 | Loss: 1.1890 | PPL: 3.28
  [ 42.1%] Step 66,200 | Loss: 1.1900 | PPL: 3.29
  [ 42.5%] Step 66,300 | Loss: 1.1871 | PPL: 3.28
  [ 42.8%] Step 66,400 | Loss: 1.1876 | PPL: 3.28
  [ 43.2%] Step 66,500 | Loss: 1.1839 | PPL: 3.27
  [ 43.6%] Step 66,600 | Loss: 1.1812 | PPL: 3.26
  [ 43.9%] Step 66,700 | Loss: 1.1876 | PPL: 3.28
  [ 44.3%] Step 66,800 | Loss: 1.1863 | PPL: 3.27
  [ 44.7%] Step 66,900 | Loss: 1.1828 | PPL: 3.26
  [ 45.0%] Step 67,000 | Loss: 1.1874 | PPL: 3.28
  [ 45.4%] Step 67,100 | Loss: 1.1813 | PPL: 3.26
  [ 45.8%] Step 67,200 | Loss: 1.1850 | PPL: 3.27
  [ 46.1%] Step 67,300 | Loss: 1.1865 | PPL: 3.28
  [ 46.5%] Step 67,400 | Loss: 1.1829 | PPL: 3.26
  [ 46.9%] Step 67,500 | Loss: 1.1858 | PPL: 3.27
  [ 47.2%] Step 67,600 | Loss: 1.1820 | PPL: 3.26
  [ 47.6%] Step 67,700 | Loss: 1.1839 | PPL: 3.27
  [ 48.0%] Step 67,800 | Loss: 1.1854 | PPL: 3.27
  [ 48.3%] Step 67,900 | Loss: 1.1845 | PPL: 3.27
  [ 48.7%] Step 68,000 | Loss: 1.1865 | PPL: 3.28
  [ 49.0%] Step 68,100 | Loss: 1.1800 | PPL: 3.25
  [ 49.4%] Step 68,200 | Loss: 1.1807 | PPL: 3.26
  [ 49.8%] Step 68,300 | Loss: 1.1839 | PPL: 3.27
  [ 50.1%] Step 68,400 | Loss: 1.1850 | PPL: 3.27
  [ 50.5%] Step 68,500 | Loss: 1.1848 | PPL: 3.27
  [ 50.9%] Step 68,600 | Loss: 1.1816 | PPL: 3.26
  [ 51.2%] Step 68,700 | Loss: 1.1868 | PPL: 3.28
  [ 51.6%] Step 68,800 | Loss: 1.1844 | PPL: 3.27
  [ 52.0%] Step 68,900 | Loss: 1.1813 | PPL: 3.26
  [ 52.3%] Step 69,000 | Loss: 1.1830 | PPL: 3.26
  [ 52.7%] Step 69,100 | Loss: 1.1822 | PPL: 3.26
  [ 53.1%] Step 69,200 | Loss: 1.1819 | PPL: 3.26
  [ 53.4%] Step 69,300 | Loss: 1.1846 | PPL: 3.27
  [ 53.8%] Step 69,400 | Loss: 1.1801 | PPL: 3.25
  [ 54.2%] Step 69,500 | Loss: 1.1810 | PPL: 3.26
  [ 54.5%] Step 69,600 | Loss: 1.1819 | PPL: 3.26
  [ 54.9%] Step 69,700 | Loss: 1.1792 | PPL: 3.25
  [ 55.3%] Step 69,800 | Loss: 1.1832 | PPL: 3.26
  [ 55.6%] Step 69,900 | Loss: 1.1818 | PPL: 3.26
  [ 56.0%] Step 70,000 | Loss: 1.1809 | PPL: 3.26
  [ 56.4%] Step 70,100 | Loss: 1.1814 | PPL: 3.26
  [ 56.7%] Step 70,200 | Loss: 1.1807 | PPL: 3.26
  [ 57.1%] Step 70,300 | Loss: 1.1809 | PPL: 3.26
  [ 57.5%] Step 70,400 | Loss: 1.1807 | PPL: 3.26
  [ 57.8%] Step 70,500 | Loss: 1.1847 | PPL: 3.27
  [ 58.2%] Step 70,600 | Loss: 1.1782 | PPL: 3.25
  [ 58.6%] Step 70,700 | Loss: 1.1819 | PPL: 3.26
  [ 58.9%] Step 70,800 | Loss: 1.1791 | PPL: 3.25
  [ 59.3%] Step 70,900 | Loss: 1.1816 | PPL: 3.26
  [ 59.7%] Step 71,000 | Loss: 1.1807 | PPL: 3.26
  [ 60.0%] Step 71,100 | Loss: 1.1832 | PPL: 3.26
  [ 60.4%] Step 71,200 | Loss: 1.1764 | PPL: 3.24
  [ 60.8%] Step 71,300 | Loss: 1.1791 | PPL: 3.25
  [ 61.1%] Step 71,400 | Loss: 1.1759 | PPL: 3.24
  [ 61.5%] Step 71,500 | Loss: 1.1805 | PPL: 3.26
  [ 61.8%] Step 71,600 | Loss: 1.1794 | PPL: 3.25
  [ 62.2%] Step 71,700 | Loss: 1.1796 | PPL: 3.25
  [ 62.6%] Step 71,800 | Loss: 1.1781 | PPL: 3.25
  [ 62.9%] Step 71,900 | Loss: 1.1782 | PPL: 3.25
  [ 63.3%] Step 72,000 | Loss: 1.1816 | PPL: 3.26
  [ 63.7%] Step 72,100 | Loss: 1.1776 | PPL: 3.25
  [ 64.0%] Step 72,200 | Loss: 1.1764 | PPL: 3.24
  [ 64.4%] Step 72,300 | Loss: 1.1790 | PPL: 3.25
  [ 64.8%] Step 72,400 | Loss: 1.1764 | PPL: 3.24
  [ 65.1%] Step 72,500 | Loss: 1.1778 | PPL: 3.25
  [ 65.5%] Step 72,600 | Loss: 1.1796 | PPL: 3.25
  [ 65.9%] Step 72,700 | Loss: 1.1752 | PPL: 3.24
  [ 66.2%] Step 72,800 | Loss: 1.1764 | PPL: 3.24
  [ 66.6%] Step 72,900 | Loss: 1.1797 | PPL: 3.25
  [ 67.0%] Step 73,000 | Loss: 1.1754 | PPL: 3.24
  [ 67.3%] Step 73,100 | Loss: 1.1766 | PPL: 3.24
  [ 67.7%] Step 73,200 | Loss: 1.1757 | PPL: 3.24
  [ 68.1%] Step 73,300 | Loss: 1.1772 | PPL: 3.25
  [ 68.4%] Step 73,400 | Loss: 1.1826 | PPL: 3.26
  [ 68.8%] Step 73,500 | Loss: 1.1766 | PPL: 3.24
  [ 69.2%] Step 73,600 | Loss: 1.1803 | PPL: 3.26
  [ 69.5%] Step 73,700 | Loss: 1.1770 | PPL: 3.24
  [ 69.9%] Step 73,800 | Loss: 1.1799 | PPL: 3.25
  [ 70.3%] Step 73,900 | Loss: 1.1723 | PPL: 3.23
  [ 70.6%] Step 74,000 | Loss: 1.1775 | PPL: 3.25
  [ 71.0%] Step 74,100 | Loss: 1.1749 | PPL: 3.24
  [ 71.4%] Step 74,200 | Loss: 1.1745 | PPL: 3.24
  [ 71.7%] Step 74,300 | Loss: 1.1757 | PPL: 3.24
  [ 72.1%] Step 74,400 | Loss: 1.1738 | PPL: 3.23
  [ 72.5%] Step 74,500 | Loss: 1.1775 | PPL: 3.25
  [ 72.8%] Step 74,600 | Loss: 1.1747 | PPL: 3.24
  [ 73.2%] Step 74,700 | Loss: 1.1771 | PPL: 3.24
  [ 73.6%] Step 74,800 | Loss: 1.1731 | PPL: 3.23
  [ 73.9%] Step 74,900 | Loss: 1.1739 | PPL: 3.23
  [ 74.3%] Step 75,000 | Loss: 1.1768 | PPL: 3.24
  [ 74.6%] Step 75,100 | Loss: 1.1737 | PPL: 3.23
  [ 75.0%] Step 75,200 | Loss: 1.1756 | PPL: 3.24
  [ 75.4%] Step 75,300 | Loss: 1.1742 | PPL: 3.24
  [ 75.7%] Step 75,400 | Loss: 1.1770 | PPL: 3.24
  [ 76.1%] Step 75,500 | Loss: 1.1753 | PPL: 3.24
  [ 76.5%] Step 75,600 | Loss: 1.1767 | PPL: 3.24
  [ 76.8%] Step 75,700 | Loss: 1.1758 | PPL: 3.24
  [ 77.2%] Step 75,800 | Loss: 1.1742 | PPL: 3.24
  [ 77.6%] Step 75,900 | Loss: 1.1750 | PPL: 3.24
  [ 77.9%] Step 76,000 | Loss: 1.1744 | PPL: 3.24
  [ 78.3%] Step 76,100 | Loss: 1.1736 | PPL: 3.23
  [ 78.7%] Step 76,200 | Loss: 1.1747 | PPL: 3.24
  [ 79.0%] Step 76,300 | Loss: 1.1750 | PPL: 3.24
  [ 79.4%] Step 76,400 | Loss: 1.1741 | PPL: 3.24
  [ 79.8%] Step 76,500 | Loss: 1.1762 | PPL: 3.24
  [ 80.1%] Step 76,600 | Loss: 1.1755 | PPL: 3.24
  [ 80.5%] Step 76,700 | Loss: 1.1738 | PPL: 3.23
  [ 80.9%] Step 76,800 | Loss: 1.1746 | PPL: 3.24
  [ 81.2%] Step 76,900 | Loss: 1.1775 | PPL: 3.25
  [ 81.6%] Step 77,000 | Loss: 1.1754 | PPL: 3.24
  [ 82.0%] Step 77,100 | Loss: 1.1758 | PPL: 3.24
  [ 82.3%] Step 77,200 | Loss: 1.1762 | PPL: 3.24
  [ 82.7%] Step 77,300 | Loss: 1.1734 | PPL: 3.23
  [ 83.1%] Step 77,400 | Loss: 1.1733 | PPL: 3.23
  [ 83.4%] Step 77,500 | Loss: 1.1720 | PPL: 3.23
  [ 83.8%] Step 77,600 | Loss: 1.1701 | PPL: 3.22
  [ 84.2%] Step 77,700 | Loss: 1.1691 | PPL: 3.22
  [ 84.5%] Step 77,800 | Loss: 1.1731 | PPL: 3.23
  [ 84.9%] Step 77,900 | Loss: 1.1725 | PPL: 3.23
  [ 85.3%] Step 78,000 | Loss: 1.1747 | PPL: 3.24
  [ 85.6%] Step 78,100 | Loss: 1.1711 | PPL: 3.23
  [ 86.0%] Step 78,200 | Loss: 1.1736 | PPL: 3.23
  [ 86.4%] Step 78,300 | Loss: 1.1705 | PPL: 3.22
  [ 86.7%] Step 78,400 | Loss: 1.1706 | PPL: 3.22
  [ 87.1%] Step 78,500 | Loss: 1.1734 | PPL: 3.23
  [ 87.4%] Step 78,600 | Loss: 1.1724 | PPL: 3.23
  [ 87.8%] Step 78,700 | Loss: 1.1721 | PPL: 3.23
  [ 88.2%] Step 78,800 | Loss: 1.1727 | PPL: 3.23
  [ 88.5%] Step 78,900 | Loss: 1.1696 | PPL: 3.22
  [ 88.9%] Step 79,000 | Loss: 1.1698 | PPL: 3.22
  [ 89.3%] Step 79,100 | Loss: 1.1744 | PPL: 3.24
  [ 89.6%] Step 79,200 | Loss: 1.1692 | PPL: 3.22
  [ 90.0%] Step 79,300 | Loss: 1.1691 | PPL: 3.22
  [ 90.4%] Step 79,400 | Loss: 1.1710 | PPL: 3.23
  [ 90.7%] Step 79,500 | Loss: 1.1724 | PPL: 3.23
  [ 91.1%] Step 79,600 | Loss: 1.1717 | PPL: 3.23
  [ 91.5%] Step 79,700 | Loss: 1.1727 | PPL: 3.23
  [ 91.8%] Step 79,800 | Loss: 1.1712 | PPL: 3.23
  [ 92.2%] Step 79,900 | Loss: 1.1703 | PPL: 3.22
  [ 92.6%] Step 80,000 | Loss: 1.1715 | PPL: 3.23
  [ 92.9%] Step 80,100 | Loss: 1.1705 | PPL: 3.22
  [ 93.3%] Step 80,200 | Loss: 1.1711 | PPL: 3.23
  [ 93.7%] Step 80,300 | Loss: 1.1711 | PPL: 3.23
  [ 94.0%] Step 80,400 | Loss: 1.1689 | PPL: 3.22
  [ 94.4%] Step 80,500 | Loss: 1.1670 | PPL: 3.21
  [ 94.8%] Step 80,600 | Loss: 1.1697 | PPL: 3.22
  [ 95.1%] Step 80,700 | Loss: 1.1722 | PPL: 3.23
  [ 95.5%] Step 80,800 | Loss: 1.1701 | PPL: 3.22
  [ 95.9%] Step 80,900 | Loss: 1.1702 | PPL: 3.22
  [ 96.2%] Step 81,000 | Loss: 1.1673 | PPL: 3.21
  [ 96.6%] Step 81,100 | Loss: 1.1670 | PPL: 3.21
  [ 97.0%] Step 81,200 | Loss: 1.1660 | PPL: 3.21
  [ 97.3%] Step 81,300 | Loss: 1.1662 | PPL: 3.21
  [ 97.7%] Step 81,400 | Loss: 1.1696 | PPL: 3.22
  [ 98.1%] Step 81,500 | Loss: 1.1717 | PPL: 3.23
  [ 98.4%] Step 81,600 | Loss: 1.1715 | PPL: 3.23
  [ 98.8%] Step 81,700 | Loss: 1.1680 | PPL: 3.22
  [ 99.2%] Step 81,800 | Loss: 1.1708 | PPL: 3.22
  [ 99.5%] Step 81,900 | Loss: 1.1721 | PPL: 3.23
  [ 99.9%] Step 82,000 | Loss: 1.1669 | PPL: 3.21
  [100.0%] Step 82,032 | Loss: 1.1641 | PPL: 3.20
[Epoch 3/3] Validating...
[Epoch 3/3] Loss: 1.3399 | PPL: 3.82
  -> Saved best model to checkpoints_v6\tr_best.pt
============================================================
Training complete. Running final evaluation...
============================================================

Final Test Loss: 1.3201 | Test PPL: 3.74
Done!
Wrote checkpoints_v6\tr_best.pt.runrecord.json
[1;34mwandb[0m: 
[1;34mwandb[0m: You can sync this run to the cloud by running:
[1;34mwandb[0m: [1mwandb sync C:\Users\Test\PROJECTS\LSTM\wandb\offline-run-20260903_193306-gofnsqv7[0m
[1;34mwandb[0m: Find logs at: [1;35mwandb\offline-run-20260903_193306-gofnsqv7\logs[0m
wandb: Tracking run with wandb version 0.23.1
wandb: W&B syncing is set to `offline` in this directory. Run `wandb online` or set WANDB_MODE=online to enable cloud syncing.
wandb: Run data is saved locally in C:\Users\Test\PROJECTS\LSTM\wandb\offline-run-20260903_204439-xg6bbqnp
Loading data from rebuild_2026-09\corpora_clean_v6\oscar_fi_ipa.txt...
  Loaded: 10,000,000 chars total
  Train: 7,000,000 chars
  Val: 1,500,000 chars
  Test: 1,500,000 chars
Building vocab from training text...
  Vocab size: 31
============================================================
Training config
============================================================
  Language: Finnish (fi)
  Mode: Train from scratch
  Device: cuda
  Batch size: 256
  Workers: 0
  Pin memory: True
  Epochs: 3
  LR: 0.0001
  Seed: 1234
  Freeze embed: False
  Output: checkpoints_v6\fi_best.pt
Creating data loaders...
  Train batches: 27,344
  Val batches: 5,859

Model config
  Device: cuda
  Embed dim: 128
  Hidden dim: 256
  Layers: 2
  Parameters: 933,535
  Optimizer: Adam (lr=0.0001)
============================================================
Starting training: 3 epochs, 27344 batches/epoch
============================================================
[Epoch 1/3] Starting...
  [  0.4%] Step 100 | Loss: 3.0742 | PPL: 21.63
  [  0.7%] Step 200 | Loss: 2.7293 | PPL: 15.32
  [  1.1%] Step 300 | Loss: 2.4610 | PPL: 11.72
  [  1.5%] Step 400 | Loss: 2.3301 | PPL: 10.28
  [  1.8%] Step 500 | Loss: 2.2646 | PPL: 9.63
  [  2.2%] Step 600 | Loss: 2.2185 | PPL: 9.19
  [  2.6%] Step 700 | Loss: 2.1770 | PPL: 8.82
  [  2.9%] Step 800 | Loss: 2.1411 | PPL: 8.51
  [  3.3%] Step 900 | Loss: 2.1089 | PPL: 8.24
  [  3.7%] Step 1,000 | Loss: 2.0784 | PPL: 7.99
  [  4.0%] Step 1,100 | Loss: 2.0484 | PPL: 7.76
  [  4.4%] Step 1,200 | Loss: 2.0241 | PPL: 7.57
  [  4.8%] Step 1,300 | Loss: 1.9991 | PPL: 7.38
  [  5.1%] Step 1,400 | Loss: 1.9765 | PPL: 7.22
  [  5.5%] Step 1,500 | Loss: 1.9553 | PPL: 7.07
  [  5.9%] Step 1,600 | Loss: 1.9354 | PPL: 6.93
  [  6.2%] Step 1,700 | Loss: 1.9194 | PPL: 6.82
  [  6.6%] Step 1,800 | Loss: 1.9025 | PPL: 6.70
  [  6.9%] Step 1,900 | Loss: 1.8856 | PPL: 6.59
  [  7.3%] Step 2,000 | Loss: 1.8709 | PPL: 6.49
  [  7.7%] Step 2,100 | Loss: 1.8555 | PPL: 6.39
  [  8.0%] Step 2,200 | Loss: 1.8440 | PPL: 6.32
  [  8.4%] Step 2,300 | Loss: 1.8303 | PPL: 6.24
  [  8.8%] Step 2,400 | Loss: 1.8203 | PPL: 6.17
  [  9.1%] Step 2,500 | Loss: 1.8075 | PPL: 6.10
  [  9.5%] Step 2,600 | Loss: 1.7961 | PPL: 6.03
  [  9.9%] Step 2,700 | Loss: 1.7862 | PPL: 5.97
  [ 10.2%] Step 2,800 | Loss: 1.7792 | PPL: 5.92
  [ 10.6%] Step 2,900 | Loss: 1.7722 | PPL: 5.88
  [ 11.0%] Step 3,000 | Loss: 1.7594 | PPL: 5.81
  [ 11.3%] Step 3,100 | Loss: 1.7526 | PPL: 5.77
  [ 11.7%] Step 3,200 | Loss: 1.7459 | PPL: 5.73
  [ 12.1%] Step 3,300 | Loss: 1.7373 | PPL: 5.68
  [ 12.4%] Step 3,400 | Loss: 1.7311 | PPL: 5.65
  [ 12.8%] Step 3,500 | Loss: 1.7229 | PPL: 5.60
  [ 13.2%] Step 3,600 | Loss: 1.7178 | PPL: 5.57
  [ 13.5%] Step 3,700 | Loss: 1.7114 | PPL: 5.54
  [ 13.9%] Step 3,800 | Loss: 1.7057 | PPL: 5.51
  [ 14.3%] Step 3,900 | Loss: 1.6989 | PPL: 5.47
  [ 14.6%] Step 4,000 | Loss: 1.6930 | PPL: 5.44
  [ 15.0%] Step 4,100 | Loss: 1.6845 | PPL: 5.39
  [ 15.4%] Step 4,200 | Loss: 1.6827 | PPL: 5.38
  [ 15.7%] Step 4,300 | Loss: 1.6787 | PPL: 5.36
  [ 16.1%] Step 4,400 | Loss: 1.6710 | PPL: 5.32
  [ 16.5%] Step 4,500 | Loss: 1.6669 | PPL: 5.30
  [ 16.8%] Step 4,600 | Loss: 1.6591 | PPL: 5.25
  [ 17.2%] Step 4,700 | Loss: 1.6593 | PPL: 5.26
  [ 17.6%] Step 4,800 | Loss: 1.6528 | PPL: 5.22
  [ 17.9%] Step 4,900 | Loss: 1.6492 | PPL: 5.20
  [ 18.3%] Step 5,000 | Loss: 1.6440 | PPL: 5.18
  [ 18.7%] Step 5,100 | Loss: 1.6404 | PPL: 5.16
  [ 19.0%] Step 5,200 | Loss: 1.6326 | PPL: 5.12
  [ 19.4%] Step 5,300 | Loss: 1.6318 | PPL: 5.11
  [ 19.7%] Step 5,400 | Loss: 1.6295 | PPL: 5.10
  [ 20.1%] Step 5,500 | Loss: 1.6242 | PPL: 5.07
  [ 20.5%] Step 5,600 | Loss: 1.6186 | PPL: 5.05
  [ 20.8%] Step 5,700 | Loss: 1.6180 | PPL: 5.04
  [ 21.2%] Step 5,800 | Loss: 1.6157 | PPL: 5.03
  [ 21.6%] Step 5,900 | Loss: 1.6079 | PPL: 4.99
  [ 21.9%] Step 6,000 | Loss: 1.6078 | PPL: 4.99
  [ 22.3%] Step 6,100 | Loss: 1.6030 | PPL: 4.97
  [ 22.7%] Step 6,200 | Loss: 1.5982 | PPL: 4.94
  [ 23.0%] Step 6,300 | Loss: 1.5970 | PPL: 4.94
  [ 23.4%] Step 6,400 | Loss: 1.5949 | PPL: 4.93
  [ 23.8%] Step 6,500 | Loss: 1.5918 | PPL: 4.91
  [ 24.1%] Step 6,600 | Loss: 1.5839 | PPL: 4.87
  [ 24.5%] Step 6,700 | Loss: 1.5816 | PPL: 4.86
  [ 24.9%] Step 6,800 | Loss: 1.5814 | PPL: 4.86
  [ 25.2%] Step 6,900 | Loss: 1.5785 | PPL: 4.85
  [ 25.6%] Step 7,000 | Loss: 1.5762 | PPL: 4.84
  [ 26.0%] Step 7,100 | Loss: 1.5728 | PPL: 4.82
  [ 26.3%] Step 7,200 | Loss: 1.5735 | PPL: 4.82
  [ 26.7%] Step 7,300 | Loss: 1.5667 | PPL: 4.79
  [ 27.1%] Step 7,400 | Loss: 1.5650 | PPL: 4.78
  [ 27.4%] Step 7,500 | Loss: 1.5623 | PPL: 4.77
  [ 27.8%] Step 7,600 | Loss: 1.5613 | PPL: 4.77
  [ 28.2%] Step 7,700 | Loss: 1.5578 | PPL: 4.75
  [ 28.5%] Step 7,800 | Loss: 1.5556 | PPL: 4.74
  [ 28.9%] Step 7,900 | Loss: 1.5526 | PPL: 4.72
  [ 29.3%] Step 8,000 | Loss: 1.5490 | PPL: 4.71
  [ 29.6%] Step 8,100 | Loss: 1.5491 | PPL: 4.71
  [ 30.0%] Step 8,200 | Loss: 1.5475 | PPL: 4.70
  [ 30.4%] Step 8,300 | Loss: 1.5454 | PPL: 4.69
  [ 30.7%] Step 8,400 | Loss: 1.5405 | PPL: 4.67
  [ 31.1%] Step 8,500 | Loss: 1.5416 | PPL: 4.67
  [ 31.5%] Step 8,600 | Loss: 1.5359 | PPL: 4.65
  [ 31.8%] Step 8,700 | Loss: 1.5331 | PPL: 4.63
  [ 32.2%] Step 8,800 | Loss: 1.5370 | PPL: 4.65
  [ 32.5%] Step 8,900 | Loss: 1.5339 | PPL: 4.64
  [ 32.9%] Step 9,000 | Loss: 1.5300 | PPL: 4.62
  [ 33.3%] Step 9,100 | Loss: 1.5257 | PPL: 4.60
  [ 33.6%] Step 9,200 | Loss: 1.5262 | PPL: 4.60
  [ 34.0%] Step 9,300 | Loss: 1.5228 | PPL: 4.59
  [ 34.4%] Step 9,400 | Loss: 1.5187 | PPL: 4.57
  [ 34.7%] Step 9,500 | Loss: 1.5212 | PPL: 4.58
  [ 35.1%] Step 9,600 | Loss: 1.5194 | PPL: 4.57
  [ 35.5%] Step 9,700 | Loss: 1.5189 | PPL: 4.57
  [ 35.8%] Step 9,800 | Loss: 1.5154 | PPL: 4.55
  [ 36.2%] Step 9,900 | Loss: 1.5150 | PPL: 4.55
  [ 36.6%] Step 10,000 | Loss: 1.5097 | PPL: 4.53
  [ 36.9%] Step 10,100 | Loss: 1.5056 | PPL: 4.51
  [ 37.3%] Step 10,200 | Loss: 1.5080 | PPL: 4.52
  [ 37.7%] Step 10,300 | Loss: 1.5073 | PPL: 4.51
  [ 38.0%] Step 10,400 | Loss: 1.5076 | PPL: 4.52
  [ 38.4%] Step 10,500 | Loss: 1.5025 | PPL: 4.49
  [ 38.8%] Step 10,600 | Loss: 1.5012 | PPL: 4.49
  [ 39.1%] Step 10,700 | Loss: 1.5019 | PPL: 4.49
  [ 39.5%] Step 10,800 | Loss: 1.4994 | PPL: 4.48
  [ 39.9%] Step 10,900 | Loss: 1.4993 | PPL: 4.48
  [ 40.2%] Step 11,000 | Loss: 1.4973 | PPL: 4.47
  [ 40.6%] Step 11,100 | Loss: 1.4926 | PPL: 4.45
  [ 41.0%] Step 11,200 | Loss: 1.4942 | PPL: 4.46
  [ 41.3%] Step 11,300 | Loss: 1.4902 | PPL: 4.44
  [ 41.7%] Step 11,400 | Loss: 1.4894 | PPL: 4.43
  [ 42.1%] Step 11,500 | Loss: 1.4922 | PPL: 4.45
  [ 42.4%] Step 11,600 | Loss: 1.4900 | PPL: 4.44
  [ 42.8%] Step 11,700 | Loss: 1.4860 | PPL: 4.42
  [ 43.2%] Step 11,800 | Loss: 1.4844 | PPL: 4.41
  [ 43.5%] Step 11,900 | Loss: 1.4850 | PPL: 4.41
  [ 43.9%] Step 12,000 | Loss: 1.4804 | PPL: 4.39
  [ 44.3%] Step 12,100 | Loss: 1.4857 | PPL: 4.42
  [ 44.6%] Step 12,200 | Loss: 1.4784 | PPL: 4.39
  [ 45.0%] Step 12,300 | Loss: 1.4806 | PPL: 4.40
  [ 45.3%] Step 12,400 | Loss: 1.4768 | PPL: 4.38
  [ 45.7%] Step 12,500 | Loss: 1.4773 | PPL: 4.38
  [ 46.1%] Step 12,600 | Loss: 1.4734 | PPL: 4.36
  [ 46.4%] Step 12,700 | Loss: 1.4760 | PPL: 4.38
  [ 46.8%] Step 12,800 | Loss: 1.4737 | PPL: 4.37
  [ 47.2%] Step 12,900 | Loss: 1.4709 | PPL: 4.35
  [ 47.5%] Step 13,000 | Loss: 1.4725 | PPL: 4.36
  [ 47.9%] Step 13,100 | Loss: 1.4684 | PPL: 4.34
  [ 48.3%] Step 13,200 | Loss: 1.4650 | PPL: 4.33
  [ 48.6%] Step 13,300 | Loss: 1.4687 | PPL: 4.34
  [ 49.0%] Step 13,400 | Loss: 1.4685 | PPL: 4.34
  [ 49.4%] Step 13,500 | Loss: 1.4671 | PPL: 4.34
  [ 49.7%] Step 13,600 | Loss: 1.4632 | PPL: 4.32
  [ 50.1%] Step 13,700 | Loss: 1.4631 | PPL: 4.32
  [ 50.5%] Step 13,800 | Loss: 1.4608 | PPL: 4.31
  [ 50.8%] Step 13,900 | Loss: 1.4583 | PPL: 4.30
  [ 51.2%] Step 14,000 | Loss: 1.4613 | PPL: 4.31
  [ 51.6%] Step 14,100 | Loss: 1.4597 | PPL: 4.30
  [ 51.9%] Step 14,200 | Loss: 1.4571 | PPL: 4.29
  [ 52.3%] Step 14,300 | Loss: 1.4544 | PPL: 4.28
  [ 52.7%] Step 14,400 | Loss: 1.4560 | PPL: 4.29
  [ 53.0%] Step 14,500 | Loss: 1.4551 | PPL: 4.28
  [ 53.4%] Step 14,600 | Loss: 1.4544 | PPL: 4.28
  [ 53.8%] Step 14,700 | Loss: 1.4523 | PPL: 4.27
  [ 54.1%] Step 14,800 | Loss: 1.4515 | PPL: 4.27
  [ 54.5%] Step 14,900 | Loss: 1.4495 | PPL: 4.26
  [ 54.9%] Step 15,000 | Loss: 1.4501 | PPL: 4.26
  [ 55.2%] Step 15,100 | Loss: 1.4500 | PPL: 4.26
  [ 55.6%] Step 15,200 | Loss: 1.4465 | PPL: 4.25
  [ 56.0%] Step 15,300 | Loss: 1.4483 | PPL: 4.26
  [ 56.3%] Step 15,400 | Loss: 1.4468 | PPL: 4.25
  [ 56.7%] Step 15,500 | Loss: 1.4460 | PPL: 4.25
  [ 57.1%] Step 15,600 | Loss: 1.4431 | PPL: 4.23
  [ 57.4%] Step 15,700 | Loss: 1.4430 | PPL: 4.23
  [ 57.8%] Step 15,800 | Loss: 1.4441 | PPL: 4.24
  [ 58.1%] Step 15,900 | Loss: 1.4372 | PPL: 4.21
  [ 58.5%] Step 16,000 | Loss: 1.4420 | PPL: 4.23
  [ 58.9%] Step 16,100 | Loss: 1.4404 | PPL: 4.22
  [ 59.2%] Step 16,200 | Loss: 1.4376 | PPL: 4.21
  [ 59.6%] Step 16,300 | Loss: 1.4372 | PPL: 4.21
  [ 60.0%] Step 16,400 | Loss: 1.4394 | PPL: 4.22
  [ 60.3%] Step 16,500 | Loss: 1.4376 | PPL: 4.21
  [ 60.7%] Step 16,600 | Loss: 1.4375 | PPL: 4.21
  [ 61.1%] Step 16,700 | Loss: 1.4328 | PPL: 4.19
  [ 61.4%] Step 16,800 | Loss: 1.4356 | PPL: 4.20
  [ 61.8%] Step 16,900 | Loss: 1.4363 | PPL: 4.21
  [ 62.2%] Step 17,000 | Loss: 1.4331 | PPL: 4.19
  [ 62.5%] Step 17,100 | Loss: 1.4314 | PPL: 4.18
  [ 62.9%] Step 17,200 | Loss: 1.4316 | PPL: 4.19
  [ 63.3%] Step 17,300 | Loss: 1.4297 | PPL: 4.18
  [ 63.6%] Step 17,400 | Loss: 1.4305 | PPL: 4.18
  [ 64.0%] Step 17,500 | Loss: 1.4272 | PPL: 4.17
  [ 64.4%] Step 17,600 | Loss: 1.4251 | PPL: 4.16
  [ 64.7%] Step 17,700 | Loss: 1.4273 | PPL: 4.17
  [ 65.1%] Step 17,800 | Loss: 1.4270 | PPL: 4.17
  [ 65.5%] Step 17,900 | Loss: 1.4253 | PPL: 4.16
  [ 65.8%] Step 18,000 | Loss: 1.4270 | PPL: 4.17
  [ 66.2%] Step 18,100 | Loss: 1.4207 | PPL: 4.14
  [ 66.6%] Step 18,200 | Loss: 1.4273 | PPL: 4.17
  [ 66.9%] Step 18,300 | Loss: 1.4239 | PPL: 4.15
  [ 67.3%] Step 18,400 | Loss: 1.4220 | PPL: 4.15
  [ 67.7%] Step 18,500 | Loss: 1.4186 | PPL: 4.13
  [ 68.0%] Step 18,600 | Loss: 1.4253 | PPL: 4.16
  [ 68.4%] Step 18,700 | Loss: 1.4231 | PPL: 4.15
  [ 68.8%] Step 18,800 | Loss: 1.4179 | PPL: 4.13
  [ 69.1%] Step 18,900 | Loss: 1.4196 | PPL: 4.14
  [ 69.5%] Step 19,000 | Loss: 1.4173 | PPL: 4.13
  [ 69.9%] Step 19,100 | Loss: 1.4167 | PPL: 4.12
  [ 70.2%] Step 19,200 | Loss: 1.4184 | PPL: 4.13
  [ 70.6%] Step 19,300 | Loss: 1.4174 | PPL: 4.13
  [ 70.9%] Step 19,400 | Loss: 1.4168 | PPL: 4.12
  [ 71.3%] Step 19,500 | Loss: 1.4139 | PPL: 4.11
  [ 71.7%] Step 19,600 | Loss: 1.4150 | PPL: 4.12
  [ 72.0%] Step 19,700 | Loss: 1.4142 | PPL: 4.11
  [ 72.4%] Step 19,800 | Loss: 1.4145 | PPL: 4.11
  [ 72.8%] Step 19,900 | Loss: 1.4079 | PPL: 4.09
  [ 73.1%] Step 20,000 | Loss: 1.4118 | PPL: 4.10
  [ 73.5%] Step 20,100 | Loss: 1.4120 | PPL: 4.10
  [ 73.9%] Step 20,200 | Loss: 1.4110 | PPL: 4.10
  [ 74.2%] Step 20,300 | Loss: 1.4110 | PPL: 4.10
  [ 74.6%] Step 20,400 | Loss: 1.4073 | PPL: 4.08
  [ 75.0%] Step 20,500 | Loss: 1.4112 | PPL: 4.10
  [ 75.3%] Step 20,600 | Loss: 1.4113 | PPL: 4.10
  [ 75.7%] Step 20,700 | Loss: 1.4065 | PPL: 4.08
  [ 76.1%] Step 20,800 | Loss: 1.4082 | PPL: 4.09
  [ 76.4%] Step 20,900 | Loss: 1.4070 | PPL: 4.08
  [ 76.8%] Step 21,000 | Loss: 1.4034 | PPL: 4.07
  [ 77.2%] Step 21,100 | Loss: 1.4083 | PPL: 4.09
  [ 77.5%] Step 21,200 | Loss: 1.4041 | PPL: 4.07
  [ 77.9%] Step 21,300 | Loss: 1.4049 | PPL: 4.08
  [ 78.3%] Step 21,400 | Loss: 1.4058 | PPL: 4.08
  [ 78.6%] Step 21,500 | Loss: 1.4023 | PPL: 4.06
  [ 79.0%] Step 21,600 | Loss: 1.4034 | PPL: 4.07
  [ 79.4%] Step 21,700 | Loss: 1.4062 | PPL: 4.08
  [ 79.7%] Step 21,800 | Loss: 1.3992 | PPL: 4.05
  [ 80.1%] Step 21,900 | Loss: 1.3985 | PPL: 4.05
  [ 80.5%] Step 22,000 | Loss: 1.4013 | PPL: 4.06
  [ 80.8%] Step 22,100 | Loss: 1.3977 | PPL: 4.05
  [ 81.2%] Step 22,200 | Loss: 1.3999 | PPL: 4.05
  [ 81.6%] Step 22,300 | Loss: 1.4012 | PPL: 4.06
  [ 81.9%] Step 22,400 | Loss: 1.3965 | PPL: 4.04
  [ 82.3%] Step 22,500 | Loss: 1.3946 | PPL: 4.03
  [ 82.7%] Step 22,600 | Loss: 1.3960 | PPL: 4.04
  [ 83.0%] Step 22,700 | Loss: 1.3974 | PPL: 4.04
  [ 83.4%] Step 22,800 | Loss: 1.3968 | PPL: 4.04
  [ 83.7%] Step 22,900 | Loss: 1.3969 | PPL: 4.04
  [ 84.1%] Step 23,000 | Loss: 1.3929 | PPL: 4.03
  [ 84.5%] Step 23,100 | Loss: 1.3941 | PPL: 4.03
  [ 84.8%] Step 23,200 | Loss: 1.3913 | PPL: 4.02
  [ 85.2%] Step 23,300 | Loss: 1.3955 | PPL: 4.04
  [ 85.6%] Step 23,400 | Loss: 1.3896 | PPL: 4.01
  [ 85.9%] Step 23,500 | Loss: 1.3929 | PPL: 4.03
  [ 86.3%] Step 23,600 | Loss: 1.3922 | PPL: 4.02
  [ 86.7%] Step 23,700 | Loss: 1.3934 | PPL: 4.03
  [ 87.0%] Step 23,800 | Loss: 1.3925 | PPL: 4.02
  [ 87.4%] Step 23,900 | Loss: 1.3940 | PPL: 4.03
  [ 87.8%] Step 24,000 | Loss: 1.3898 | PPL: 4.01
  [ 88.1%] Step 24,100 | Loss: 1.3904 | PPL: 4.02
  [ 88.5%] Step 24,200 | Loss: 1.3864 | PPL: 4.00
  [ 88.9%] Step 24,300 | Loss: 1.3897 | PPL: 4.01
  [ 89.2%] Step 24,400 | Loss: 1.3841 | PPL: 3.99
  [ 89.6%] Step 24,500 | Loss: 1.3861 | PPL: 4.00
  [ 90.0%] Step 24,600 | Loss: 1.3884 | PPL: 4.01
  [ 90.3%] Step 24,700 | Loss: 1.3874 | PPL: 4.00
  [ 90.7%] Step 24,800 | Loss: 1.3877 | PPL: 4.01
  [ 91.1%] Step 24,900 | Loss: 1.3880 | PPL: 4.01
  [ 91.4%] Step 25,000 | Loss: 1.3842 | PPL: 3.99
  [ 91.8%] Step 25,100 | Loss: 1.3853 | PPL: 4.00
  [ 92.2%] Step 25,200 | Loss: 1.3848 | PPL: 3.99
  [ 92.5%] Step 25,300 | Loss: 1.3841 | PPL: 3.99
  [ 92.9%] Step 25,400 | Loss: 1.3849 | PPL: 3.99
  [ 93.3%] Step 25,500 | Loss: 1.3830 | PPL: 3.99
  [ 93.6%] Step 25,600 | Loss: 1.3820 | PPL: 3.98
  [ 94.0%] Step 25,700 | Loss: 1.3821 | PPL: 3.98
  [ 94.4%] Step 25,800 | Loss: 1.3796 | PPL: 3.97
  [ 94.7%] Step 25,900 | Loss: 1.3802 | PPL: 3.98
  [ 95.1%] Step 26,000 | Loss: 1.3827 | PPL: 3.99
  [ 95.5%] Step 26,100 | Loss: 1.3813 | PPL: 3.98
  [ 95.8%] Step 26,200 | Loss: 1.3763 | PPL: 3.96
  [ 96.2%] Step 26,300 | Loss: 1.3774 | PPL: 3.96
  [ 96.5%] Step 26,400 | Loss: 1.3778 | PPL: 3.97
  [ 96.9%] Step 26,500 | Loss: 1.3797 | PPL: 3.97
  [ 97.3%] Step 26,600 | Loss: 1.3795 | PPL: 3.97
  [ 97.6%] Step 26,700 | Loss: 1.3761 | PPL: 3.96
  [ 98.0%] Step 26,800 | Loss: 1.3787 | PPL: 3.97
  [ 98.4%] Step 26,900 | Loss: 1.3801 | PPL: 3.98
  [ 98.7%] Step 27,000 | Loss: 1.3803 | PPL: 3.98
  [ 99.1%] Step 27,100 | Loss: 1.3746 | PPL: 3.95
  [ 99.5%] Step 27,200 | Loss: 1.3776 | PPL: 3.97
  [ 99.8%] Step 27,300 | Loss: 1.3742 | PPL: 3.95
  [100.0%] Step 27,344 | Loss: 1.3728 | PPL: 3.95
[Epoch 1/3] Validating...
[Epoch 1/3] Loss: 1.4400 | PPL: 4.22
  -> Saved best model to checkpoints_v6\fi_best.pt
[Epoch 2/3] Starting...
  [  0.2%] Step 27,400 | Loss: 1.3745 | PPL: 3.95
  [  0.6%] Step 27,500 | Loss: 1.3769 | PPL: 3.96
  [  0.9%] Step 27,600 | Loss: 1.3756 | PPL: 3.96
  [  1.3%] Step 27,700 | Loss: 1.3753 | PPL: 3.96
  [  1.7%] Step 27,800 | Loss: 1.3731 | PPL: 3.95
  [  2.0%] Step 27,900 | Loss: 1.3737 | PPL: 3.95
  [  2.4%] Step 28,000 | Loss: 1.3741 | PPL: 3.95
  [  2.8%] Step 28,100 | Loss: 1.3708 | PPL: 3.94
  [  3.1%] Step 28,200 | Loss: 1.3747 | PPL: 3.95
  [  3.5%] Step 28,300 | Loss: 1.3713 | PPL: 3.94
  [  3.9%] Step 28,400 | Loss: 1.3707 | PPL: 3.94
  [  4.2%] Step 28,500 | Loss: 1.3683 | PPL: 3.93
  [  4.6%] Step 28,600 | Loss: 1.3741 | PPL: 3.95
  [  5.0%] Step 28,700 | Loss: 1.3711 | PPL: 3.94
  [  5.3%] Step 28,800 | Loss: 1.3684 | PPL: 3.93
  [  5.7%] Step 28,900 | Loss: 1.3662 | PPL: 3.92
  [  6.1%] Step 29,000 | Loss: 1.3674 | PPL: 3.93
  [  6.4%] Step 29,100 | Loss: 1.3715 | PPL: 3.94
  [  6.8%] Step 29,200 | Loss: 1.3692 | PPL: 3.93
  [  7.2%] Step 29,300 | Loss: 1.3648 | PPL: 3.91
  [  7.5%] Step 29,400 | Loss: 1.3645 | PPL: 3.91
  [  7.9%] Step 29,500 | Loss: 1.3713 | PPL: 3.94
  [  8.3%] Step 29,600 | Loss: 1.3640 | PPL: 3.91
  [  8.6%] Step 29,700 | Loss: 1.3655 | PPL: 3.92
  [  9.0%] Step 29,800 | Loss: 1.3666 | PPL: 3.92
  [  9.3%] Step 29,900 | Loss: 1.3632 | PPL: 3.91
  [  9.7%] Step 30,000 | Loss: 1.3642 | PPL: 3.91
  [ 10.1%] Step 30,100 | Loss: 1.3673 | PPL: 3.92
  [ 10.4%] Step 30,200 | Loss: 1.3650 | PPL: 3.92
  [ 10.8%] Step 30,300 | Loss: 1.3602 | PPL: 3.90
  [ 11.2%] Step 30,400 | Loss: 1.3622 | PPL: 3.90
  [ 11.5%] Step 30,500 | Loss: 1.3634 | PPL: 3.91
  [ 11.9%] Step 30,600 | Loss: 1.3617 | PPL: 3.90
  [ 12.3%] Step 30,700 | Loss: 1.3645 | PPL: 3.91
  [ 12.6%] Step 30,800 | Loss: 1.3619 | PPL: 3.90
  [ 13.0%] Step 30,900 | Loss: 1.3623 | PPL: 3.91
  [ 13.4%] Step 31,000 | Loss: 1.3583 | PPL: 3.89
  [ 13.7%] Step 31,100 | Loss: 1.3623 | PPL: 3.91
  [ 14.1%] Step 31,200 | Loss: 1.3618 | PPL: 3.90
  [ 14.5%] Step 31,300 | Loss: 1.3618 | PPL: 3.90
  [ 14.8%] Step 31,400 | Loss: 1.3581 | PPL: 3.89
  [ 15.2%] Step 31,500 | Loss: 1.3600 | PPL: 3.90
  [ 15.6%] Step 31,600 | Loss: 1.3626 | PPL: 3.91
  [ 15.9%] Step 31,700 | Loss: 1.3602 | PPL: 3.90
  [ 16.3%] Step 31,800 | Loss: 1.3599 | PPL: 3.90
  [ 16.7%] Step 31,900 | Loss: 1.3565 | PPL: 3.88
  [ 17.0%] Step 32,000 | Loss: 1.3531 | PPL: 3.87
  [ 17.4%] Step 32,100 | Loss: 1.3590 | PPL: 3.89
  [ 17.8%] Step 32,200 | Loss: 1.3577 | PPL: 3.89
  [ 18.1%] Step 32,300 | Loss: 1.3540 | PPL: 3.87
  [ 18.5%] Step 32,400 | Loss: 1.3583 | PPL: 3.89
  [ 18.9%] Step 32,500 | Loss: 1.3555 | PPL: 3.88
  [ 19.2%] Step 32,600 | Loss: 1.3558 | PPL: 3.88
  [ 19.6%] Step 32,700 | Loss: 1.3585 | PPL: 3.89
  [ 20.0%] Step 32,800 | Loss: 1.3557 | PPL: 3.88
  [ 20.3%] Step 32,900 | Loss: 1.3580 | PPL: 3.89
  [ 20.7%] Step 33,000 | Loss: 1.3554 | PPL: 3.88
  [ 21.1%] Step 33,100 | Loss: 1.3568 | PPL: 3.88
  [ 21.4%] Step 33,200 | Loss: 1.3515 | PPL: 3.86
  [ 21.8%] Step 33,300 | Loss: 1.3528 | PPL: 3.87
  [ 22.1%] Step 33,400 | Loss: 1.3511 | PPL: 3.86
  [ 22.5%] Step 33,500 | Loss: 1.3554 | PPL: 3.88
  [ 22.9%] Step 33,600 | Loss: 1.3525 | PPL: 3.87
  [ 23.2%] Step 33,700 | Loss: 1.3510 | PPL: 3.86
  [ 23.6%] Step 33,800 | Loss: 1.3511 | PPL: 3.86
  [ 24.0%] Step 33,900 | Loss: 1.3532 | PPL: 3.87
  [ 24.3%] Step 34,000 | Loss: 1.3557 | PPL: 3.88
  [ 24.7%] Step 34,100 | Loss: 1.3540 | PPL: 3.87
  [ 25.1%] Step 34,200 | Loss: 1.3538 | PPL: 3.87
  [ 25.4%] Step 34,300 | Loss: 1.3506 | PPL: 3.86
  [ 25.8%] Step 34,400 | Loss: 1.3515 | PPL: 3.86
  [ 26.2%] Step 34,500 | Loss: 1.3492 | PPL: 3.85
  [ 26.5%] Step 34,600 | Loss: 1.3502 | PPL: 3.86
  [ 26.9%] Step 34,700 | Loss: 1.3519 | PPL: 3.86
  [ 27.3%] Step 34,800 | Loss: 1.3486 | PPL: 3.85
  [ 27.6%] Step 34,900 | Loss: 1.3514 | PPL: 3.86
  [ 28.0%] Step 35,000 | Loss: 1.3467 | PPL: 3.84
  [ 28.4%] Step 35,100 | Loss: 1.3489 | PPL: 3.85
  [ 28.7%] Step 35,200 | Loss: 1.3490 | PPL: 3.85
  [ 29.1%] Step 35,300 | Loss: 1.3492 | PPL: 3.85
  [ 29.5%] Step 35,400 | Loss: 1.3476 | PPL: 3.85
  [ 29.8%] Step 35,500 | Loss: 1.3457 | PPL: 3.84
  [ 30.2%] Step 35,600 | Loss: 1.3460 | PPL: 3.84
  [ 30.6%] Step 35,700 | Loss: 1.3463 | PPL: 3.84
  [ 30.9%] Step 35,800 | Loss: 1.3467 | PPL: 3.84
  [ 31.3%] Step 35,900 | Loss: 1.3487 | PPL: 3.85
  [ 31.7%] Step 36,000 | Loss: 1.3451 | PPL: 3.84
  [ 32.0%] Step 36,100 | Loss: 1.3446 | PPL: 3.84
  [ 32.4%] Step 36,200 | Loss: 1.3442 | PPL: 3.84
  [ 32.8%] Step 36,300 | Loss: 1.3458 | PPL: 3.84
  [ 33.1%] Step 36,400 | Loss: 1.3458 | PPL: 3.84
  [ 33.5%] Step 36,500 | Loss: 1.3461 | PPL: 3.84
  [ 33.9%] Step 36,600 | Loss: 1.3461 | PPL: 3.84
  [ 34.2%] Step 36,700 | Loss: 1.3451 | PPL: 3.84
  [ 34.6%] Step 36,800 | Loss: 1.3424 | PPL: 3.83
  [ 34.9%] Step 36,900 | Loss: 1.3452 | PPL: 3.84
  [ 35.3%] Step 37,000 | Loss: 1.3445 | PPL: 3.84
  [ 35.7%] Step 37,100 | Loss: 1.3429 | PPL: 3.83
  [ 36.0%] Step 37,200 | Loss: 1.3433 | PPL: 3.83
  [ 36.4%] Step 37,300 | Loss: 1.3443 | PPL: 3.84
  [ 36.8%] Step 37,400 | Loss: 1.3437 | PPL: 3.83
  [ 37.1%] Step 37,500 | Loss: 1.3405 | PPL: 3.82
  [ 37.5%] Step 37,600 | Loss: 1.3412 | PPL: 3.82
  [ 37.9%] Step 37,700 | Loss: 1.3429 | PPL: 3.83
  [ 38.2%] Step 37,800 | Loss: 1.3431 | PPL: 3.83
  [ 38.6%] Step 37,900 | Loss: 1.3400 | PPL: 3.82
  [ 39.0%] Step 38,000 | Loss: 1.3408 | PPL: 3.82
  [ 39.3%] Step 38,100 | Loss: 1.3432 | PPL: 3.83
  [ 39.7%] Step 38,200 | Loss: 1.3421 | PPL: 3.83
  [ 40.1%] Step 38,300 | Loss: 1.3408 | PPL: 3.82
  [ 40.4%] Step 38,400 | Loss: 1.3404 | PPL: 3.82
  [ 40.8%] Step 38,500 | Loss: 1.3379 | PPL: 3.81
  [ 41.2%] Step 38,600 | Loss: 1.3392 | PPL: 3.82
  [ 41.5%] Step 38,700 | Loss: 1.3406 | PPL: 3.82
  [ 41.9%] Step 38,800 | Loss: 1.3326 | PPL: 3.79
  [ 42.3%] Step 38,900 | Loss: 1.3390 | PPL: 3.82
  [ 42.6%] Step 39,000 | Loss: 1.3393 | PPL: 3.82
  [ 43.0%] Step 39,100 | Loss: 1.3380 | PPL: 3.81
  [ 43.4%] Step 39,200 | Loss: 1.3386 | PPL: 3.81
  [ 43.7%] Step 39,300 | Loss: 1.3352 | PPL: 3.80
  [ 44.1%] Step 39,400 | Loss: 1.3355 | PPL: 3.80
  [ 44.5%] Step 39,500 | Loss: 1.3347 | PPL: 3.80
  [ 44.8%] Step 39,600 | Loss: 1.3354 | PPL: 3.80
  [ 45.2%] Step 39,700 | Loss: 1.3337 | PPL: 3.80
  [ 45.6%] Step 39,800 | Loss: 1.3360 | PPL: 3.80
  [ 45.9%] Step 39,900 | Loss: 1.3395 | PPL: 3.82
  [ 46.3%] Step 40,000 | Loss: 1.3337 | PPL: 3.79
  [ 46.7%] Step 40,100 | Loss: 1.3368 | PPL: 3.81
  [ 47.0%] Step 40,200 | Loss: 1.3348 | PPL: 3.80
  [ 47.4%] Step 40,300 | Loss: 1.3318 | PPL: 3.79
  [ 47.7%] Step 40,400 | Loss: 1.3378 | PPL: 3.81
  [ 48.1%] Step 40,500 | Loss: 1.3314 | PPL: 3.79
  [ 48.5%] Step 40,600 | Loss: 1.3316 | PPL: 3.79
  [ 48.8%] Step 40,700 | Loss: 1.3349 | PPL: 3.80
  [ 49.2%] Step 40,800 | Loss: 1.3338 | PPL: 3.80
  [ 49.6%] Step 40,900 | Loss: 1.3344 | PPL: 3.80
  [ 49.9%] Step 41,000 | Loss: 1.3326 | PPL: 3.79
  [ 50.3%] Step 41,100 | Loss: 1.3321 | PPL: 3.79
  [ 50.7%] Step 41,200 | Loss: 1.3332 | PPL: 3.79
  [ 51.0%] Step 41,300 | Loss: 1.3311 | PPL: 3.79
  [ 51.4%] Step 41,400 | Loss: 1.3335 | PPL: 3.79
  [ 51.8%] Step 41,500 | Loss: 1.3358 | PPL: 3.80
  [ 52.1%] Step 41,600 | Loss: 1.3284 | PPL: 3.78
  [ 52.5%] Step 41,700 | Loss: 1.3348 | PPL: 3.80
  [ 52.9%] Step 41,800 | Loss: 1.3329 | PPL: 3.79
  [ 53.2%] Step 41,900 | Loss: 1.3331 | PPL: 3.79
  [ 53.6%] Step 42,000 | Loss: 1.3316 | PPL: 3.79
  [ 54.0%] Step 42,100 | Loss: 1.3282 | PPL: 3.77
  [ 54.3%] Step 42,200 | Loss: 1.3310 | PPL: 3.78
  [ 54.7%] Step 42,300 | Loss: 1.3300 | PPL: 3.78
  [ 55.1%] Step 42,400 | Loss: 1.3273 | PPL: 3.77
  [ 55.4%] Step 42,500 | Loss: 1.3280 | PPL: 3.77
  [ 55.8%] Step 42,600 | Loss: 1.3294 | PPL: 3.78
  [ 56.2%] Step 42,700 | Loss: 1.3313 | PPL: 3.79
  [ 56.5%] Step 42,800 | Loss: 1.3259 | PPL: 3.77
  [ 56.9%] Step 42,900 | Loss: 1.3288 | PPL: 3.78
  [ 57.3%] Step 43,000 | Loss: 1.3311 | PPL: 3.79
  [ 57.6%] Step 43,100 | Loss: 1.3286 | PPL: 3.78
  [ 58.0%] Step 43,200 | Loss: 1.3259 | PPL: 3.77
  [ 58.4%] Step 43,300 | Loss: 1.3302 | PPL: 3.78
  [ 58.7%] Step 43,400 | Loss: 1.3269 | PPL: 3.77
  [ 59.1%] Step 43,500 | Loss: 1.3270 | PPL: 3.77
  [ 59.4%] Step 43,600 | Loss: 1.3272 | PPL: 3.77
  [ 59.8%] Step 43,700 | Loss: 1.3254 | PPL: 3.76
  [ 60.2%] Step 43,800 | Loss: 1.3253 | PPL: 3.76
  [ 60.5%] Step 43,900 | Loss: 1.3265 | PPL: 3.77
  [ 60.9%] Step 44,000 | Loss: 1.3290 | PPL: 3.78
  [ 61.3%] Step 44,100 | Loss: 1.3269 | PPL: 3.77
  [ 61.6%] Step 44,200 | Loss: 1.3254 | PPL: 3.76
  [ 62.0%] Step 44,300 | Loss: 1.3242 | PPL: 3.76
  [ 62.4%] Step 44,400 | Loss: 1.3221 | PPL: 3.75
  [ 62.7%] Step 44,500 | Loss: 1.3258 | PPL: 3.77
  [ 63.1%] Step 44,600 | Loss: 1.3271 | PPL: 3.77
  [ 63.5%] Step 44,700 | Loss: 1.3228 | PPL: 3.75
  [ 63.8%] Step 44,800 | Loss: 1.3234 | PPL: 3.76
  [ 64.2%] Step 44,900 | Loss: 1.3245 | PPL: 3.76
  [ 64.6%] Step 45,000 | Loss: 1.3230 | PPL: 3.75
  [ 64.9%] Step 45,100 | Loss: 1.3252 | PPL: 3.76
  [ 65.3%] Step 45,200 | Loss: 1.3246 | PPL: 3.76
  [ 65.7%] Step 45,300 | Loss: 1.3235 | PPL: 3.76
  [ 66.0%] Step 45,400 | Loss: 1.3205 | PPL: 3.75
  [ 66.4%] Step 45,500 | Loss: 1.3249 | PPL: 3.76
  [ 66.8%] Step 45,600 | Loss: 1.3182 | PPL: 3.74
  [ 67.1%] Step 45,700 | Loss: 1.3224 | PPL: 3.75
  [ 67.5%] Step 45,800 | Loss: 1.3195 | PPL: 3.74
  [ 67.9%] Step 45,900 | Loss: 1.3208 | PPL: 3.75
  [ 68.2%] Step 46,000 | Loss: 1.3225 | PPL: 3.75
  [ 68.6%] Step 46,100 | Loss: 1.3221 | PPL: 3.75
  [ 69.0%] Step 46,200 | Loss: 1.3231 | PPL: 3.75
  [ 69.3%] Step 46,300 | Loss: 1.3236 | PPL: 3.76
  [ 69.7%] Step 46,400 | Loss: 1.3219 | PPL: 3.75
  [ 70.1%] Step 46,500 | Loss: 1.3174 | PPL: 3.73
  [ 70.4%] Step 46,600 | Loss: 1.3197 | PPL: 3.74
  [ 70.8%] Step 46,700 | Loss: 1.3211 | PPL: 3.75
  [ 71.2%] Step 46,800 | Loss: 1.3211 | PPL: 3.75
  [ 71.5%] Step 46,900 | Loss: 1.3225 | PPL: 3.75
  [ 71.9%] Step 47,000 | Loss: 1.3203 | PPL: 3.74
  [ 72.2%] Step 47,100 | Loss: 1.3216 | PPL: 3.75
  [ 72.6%] Step 47,200 | Loss: 1.3199 | PPL: 3.74
  [ 73.0%] Step 47,300 | Loss: 1.3187 | PPL: 3.74
  [ 73.3%] Step 47,400 | Loss: 1.3200 | PPL: 3.74
  [ 73.7%] Step 47,500 | Loss: 1.3196 | PPL: 3.74
  [ 74.1%] Step 47,600 | Loss: 1.3185 | PPL: 3.74
  [ 74.4%] Step 47,700 | Loss: 1.3226 | PPL: 3.75
  [ 74.8%] Step 47,800 | Loss: 1.3160 | PPL: 3.73
  [ 75.2%] Step 47,900 | Loss: 1.3183 | PPL: 3.74
  [ 75.5%] Step 48,000 | Loss: 1.3187 | PPL: 3.74
  [ 75.9%] Step 48,100 | Loss: 1.3211 | PPL: 3.75
  [ 76.3%] Step 48,200 | Loss: 1.3152 | PPL: 3.73
  [ 76.6%] Step 48,300 | Loss: 1.3171 | PPL: 3.73
  [ 77.0%] Step 48,400 | Loss: 1.3192 | PPL: 3.74
  [ 77.4%] Step 48,500 | Loss: 1.3150 | PPL: 3.72
  [ 77.7%] Step 48,600 | Loss: 1.3175 | PPL: 3.73
  [ 78.1%] Step 48,700 | Loss: 1.3163 | PPL: 3.73
  [ 78.5%] Step 48,800 | Loss: 1.3198 | PPL: 3.74
  [ 78.8%] Step 48,900 | Loss: 1.3151 | PPL: 3.72
  [ 79.2%] Step 49,000 | Loss: 1.3141 | PPL: 3.72
  [ 79.6%] Step 49,100 | Loss: 1.3161 | PPL: 3.73
  [ 79.9%] Step 49,200 | Loss: 1.3144 | PPL: 3.72
  [ 80.3%] Step 49,300 | Loss: 1.3134 | PPL: 3.72
  [ 80.7%] Step 49,400 | Loss: 1.3148 | PPL: 3.72
  [ 81.0%] Step 49,500 | Loss: 1.3167 | PPL: 3.73
  [ 81.4%] Step 49,600 | Loss: 1.3120 | PPL: 3.71
  [ 81.8%] Step 49,700 | Loss: 1.3183 | PPL: 3.74
  [ 82.1%] Step 49,800 | Loss: 1.3136 | PPL: 3.72
  [ 82.5%] Step 49,900 | Loss: 1.3138 | PPL: 3.72
  [ 82.9%] Step 50,000 | Loss: 1.3149 | PPL: 3.72
  [ 83.2%] Step 50,100 | Loss: 1.3156 | PPL: 3.73
  [ 83.6%] Step 50,200 | Loss: 1.3139 | PPL: 3.72
  [ 84.0%] Step 50,300 | Loss: 1.3153 | PPL: 3.73
  [ 84.3%] Step 50,400 | Loss: 1.3115 | PPL: 3.71
  [ 84.7%] Step 50,500 | Loss: 1.3125 | PPL: 3.72
  [ 85.0%] Step 50,600 | Loss: 1.3141 | PPL: 3.72
  [ 85.4%] Step 50,700 | Loss: 1.3117 | PPL: 3.71
  [ 85.8%] Step 50,800 | Loss: 1.3153 | PPL: 3.73
  [ 86.1%] Step 50,900 | Loss: 1.3145 | PPL: 3.72
  [ 86.5%] Step 51,000 | Loss: 1.3141 | PPL: 3.72
  [ 86.9%] Step 51,100 | Loss: 1.3120 | PPL: 3.71
  [ 87.2%] Step 51,200 | Loss: 1.3098 | PPL: 3.71
  [ 87.6%] Step 51,300 | Loss: 1.3119 | PPL: 3.71
  [ 88.0%] Step 51,400 | Loss: 1.3104 | PPL: 3.71
  [ 88.3%] Step 51,500 | Loss: 1.3141 | PPL: 3.72
  [ 88.7%] Step 51,600 | Loss: 1.3106 | PPL: 3.71
  [ 89.1%] Step 51,700 | Loss: 1.3095 | PPL: 3.70
  [ 89.4%] Step 51,800 | Loss: 1.3096 | PPL: 3.70
  [ 89.8%] Step 51,900 | Loss: 1.3123 | PPL: 3.71
  [ 90.2%] Step 52,000 | Loss: 1.3111 | PPL: 3.71
  [ 90.5%] Step 52,100 | Loss: 1.3133 | PPL: 3.72
  [ 90.9%] Step 52,200 | Loss: 1.3116 | PPL: 3.71
  [ 91.3%] Step 52,300 | Loss: 1.3093 | PPL: 3.70
  [ 91.6%] Step 52,400 | Loss: 1.3099 | PPL: 3.71
  [ 92.0%] Step 52,500 | Loss: 1.3084 | PPL: 3.70
  [ 92.4%] Step 52,600 | Loss: 1.3096 | PPL: 3.70
  [ 92.7%] Step 52,700 | Loss: 1.3071 | PPL: 3.70
  [ 93.1%] Step 52,800 | Loss: 1.3108 | PPL: 3.71
  [ 93.5%] Step 52,900 | Loss: 1.3072 | PPL: 3.70
  [ 93.8%] Step 53,000 | Loss: 1.3110 | PPL: 3.71
  [ 94.2%] Step 53,100 | Loss: 1.3093 | PPL: 3.70
  [ 94.6%] Step 53,200 | Loss: 1.3061 | PPL: 3.69
  [ 94.9%] Step 53,300 | Loss: 1.3051 | PPL: 3.69
  [ 95.3%] Step 53,400 | Loss: 1.3084 | PPL: 3.70
  [ 95.7%] Step 53,500 | Loss: 1.3072 | PPL: 3.70
  [ 96.0%] Step 53,600 | Loss: 1.3076 | PPL: 3.70
  [ 96.4%] Step 53,700 | Loss: 1.3122 | PPL: 3.71
  [ 96.8%] Step 53,800 | Loss: 1.3100 | PPL: 3.71
  [ 97.1%] Step 53,900 | Loss: 1.3072 | PPL: 3.70
  [ 97.5%] Step 54,000 | Loss: 1.3068 | PPL: 3.69
  [ 97.8%] Step 54,100 | Loss: 1.3066 | PPL: 3.69
  [ 98.2%] Step 54,200 | Loss: 1.3067 | PPL: 3.69
  [ 98.6%] Step 54,300 | Loss: 1.3053 | PPL: 3.69
  [ 98.9%] Step 54,400 | Loss: 1.3069 | PPL: 3.69
  [ 99.3%] Step 54,500 | Loss: 1.3078 | PPL: 3.70
  [ 99.7%] Step 54,600 | Loss: 1.3067 | PPL: 3.69
  [100.0%] Step 54,688 | Loss: 1.3088 | PPL: 3.70
[Epoch 2/3] Validating...
[Epoch 2/3] Loss: 1.4007 | PPL: 4.06
  -> Saved best model to checkpoints_v6\fi_best.pt
[Epoch 3/3] Starting...
  [  0.0%] Step 54,700 | Loss: 1.3097 | PPL: 3.71
  [  0.4%] Step 54,800 | Loss: 1.3056 | PPL: 3.69
  [  0.8%] Step 54,900 | Loss: 1.3047 | PPL: 3.69
  [  1.1%] Step 55,000 | Loss: 1.3057 | PPL: 3.69
  [  1.5%] Step 55,100 | Loss: 1.3089 | PPL: 3.70
  [  1.9%] Step 55,200 | Loss: 1.3054 | PPL: 3.69
  [  2.2%] Step 55,300 | Loss: 1.3013 | PPL: 3.67
  [  2.6%] Step 55,400 | Loss: 1.3091 | PPL: 3.70
  [  3.0%] Step 55,500 | Loss: 1.3051 | PPL: 3.69
  [  3.3%] Step 55,600 | Loss: 1.3033 | PPL: 3.68
  [  3.7%] Step 55,700 | Loss: 1.3044 | PPL: 3.69
  [  4.1%] Step 55,800 | Loss: 1.3033 | PPL: 3.68
  [  4.4%] Step 55,900 | Loss: 1.3025 | PPL: 3.68
  [  4.8%] Step 56,000 | Loss: 1.3051 | PPL: 3.69
  [  5.2%] Step 56,100 | Loss: 1.3034 | PPL: 3.68
  [  5.5%] Step 56,200 | Loss: 1.3051 | PPL: 3.69
  [  5.9%] Step 56,300 | Loss: 1.2997 | PPL: 3.67
  [  6.3%] Step 56,400 | Loss: 1.3029 | PPL: 3.68
  [  6.6%] Step 56,500 | Loss: 1.3018 | PPL: 3.68
  [  7.0%] Step 56,600 | Loss: 1.3062 | PPL: 3.69
  [  7.4%] Step 56,700 | Loss: 1.3029 | PPL: 3.68
  [  7.7%] Step 56,800 | Loss: 1.3072 | PPL: 3.70
  [  8.1%] Step 56,900 | Loss: 1.3024 | PPL: 3.68
  [  8.5%] Step 57,000 | Loss: 1.3009 | PPL: 3.67
  [  8.8%] Step 57,100 | Loss: 1.3044 | PPL: 3.69
  [  9.2%] Step 57,200 | Loss: 1.3031 | PPL: 3.68
  [  9.6%] Step 57,300 | Loss: 1.3043 | PPL: 3.68
  [  9.9%] Step 57,400 | Loss: 1.3023 | PPL: 3.68
  [ 10.3%] Step 57,500 | Loss: 1.3007 | PPL: 3.67
  [ 10.6%] Step 57,600 | Loss: 1.3053 | PPL: 3.69
  [ 11.0%] Step 57,700 | Loss: 1.3023 | PPL: 3.68
  [ 11.4%] Step 57,800 | Loss: 1.3036 | PPL: 3.68
  [ 11.7%] Step 57,900 | Loss: 1.3038 | PPL: 3.68
  [ 12.1%] Step 58,000 | Loss: 1.3004 | PPL: 3.67
  [ 12.5%] Step 58,100 | Loss: 1.3014 | PPL: 3.67
  [ 12.8%] Step 58,200 | Loss: 1.3009 | PPL: 3.67
  [ 13.2%] Step 58,300 | Loss: 1.3006 | PPL: 3.67
  [ 13.6%] Step 58,400 | Loss: 1.2988 | PPL: 3.66
  [ 13.9%] Step 58,500 | Loss: 1.3008 | PPL: 3.67
  [ 14.3%] Step 58,600 | Loss: 1.2988 | PPL: 3.67
  [ 14.7%] Step 58,700 | Loss: 1.2977 | PPL: 3.66
  [ 15.0%] Step 58,800 | Loss: 1.3013 | PPL: 3.67
  [ 15.4%] Step 58,900 | Loss: 1.2997 | PPL: 3.67
  [ 15.8%] Step 59,000 | Loss: 1.3018 | PPL: 3.68
  [ 16.1%] Step 59,100 | Loss: 1.2977 | PPL: 3.66
  [ 16.5%] Step 59,200 | Loss: 1.2977 | PPL: 3.66
  [ 16.9%] Step 59,300 | Loss: 1.2979 | PPL: 3.66
  [ 17.2%] Step 59,400 | Loss: 1.2963 | PPL: 3.66
  [ 17.6%] Step 59,500 | Loss: 1.2990 | PPL: 3.67
  [ 18.0%] Step 59,600 | Loss: 1.2989 | PPL: 3.67
  [ 18.3%] Step 59,700 | Loss: 1.2978 | PPL: 3.66
  [ 18.7%] Step 59,800 | Loss: 1.2985 | PPL: 3.66
  [ 19.1%] Step 59,900 | Loss: 1.2982 | PPL: 3.66
  [ 19.4%] Step 60,000 | Loss: 1.2965 | PPL: 3.66
  [ 19.8%] Step 60,100 | Loss: 1.2976 | PPL: 3.66
  [ 20.2%] Step 60,200 | Loss: 1.2988 | PPL: 3.66
  [ 20.5%] Step 60,300 | Loss: 1.2971 | PPL: 3.66
  [ 20.9%] Step 60,400 | Loss: 1.2951 | PPL: 3.65
  [ 21.3%] Step 60,500 | Loss: 1.2989 | PPL: 3.67
  [ 21.6%] Step 60,600 | Loss: 1.2955 | PPL: 3.65
  [ 22.0%] Step 60,700 | Loss: 1.2973 | PPL: 3.66
  [ 22.4%] Step 60,800 | Loss: 1.2957 | PPL: 3.65
  [ 22.7%] Step 60,900 | Loss: 1.2955 | PPL: 3.65
  [ 23.1%] Step 61,000 | Loss: 1.2992 | PPL: 3.67
  [ 23.4%] Step 61,100 | Loss: 1.2966 | PPL: 3.66
  [ 23.8%] Step 61,200 | Loss: 1.2983 | PPL: 3.66
  [ 24.2%] Step 61,300 | Loss: 1.2970 | PPL: 3.66
  [ 24.5%] Step 61,400 | Loss: 1.2952 | PPL: 3.65
  [ 24.9%] Step 61,500 | Loss: 1.2958 | PPL: 3.65
  [ 25.3%] Step 61,600 | Loss: 1.2959 | PPL: 3.65
  [ 25.6%] Step 61,700 | Loss: 1.2920 | PPL: 3.64
  [ 26.0%] Step 61,800 | Loss: 1.2951 | PPL: 3.65
  [ 26.4%] Step 61,900 | Loss: 1.2996 | PPL: 3.67
  [ 26.7%] Step 62,000 | Loss: 1.2944 | PPL: 3.65
  [ 27.1%] Step 62,100 | Loss: 1.2934 | PPL: 3.65
  [ 27.5%] Step 62,200 | Loss: 1.2953 | PPL: 3.65
  [ 27.8%] Step 62,300 | Loss: 1.2947 | PPL: 3.65
  [ 28.2%] Step 62,400 | Loss: 1.2941 | PPL: 3.65
  [ 28.6%] Step 62,500 | Loss: 1.2971 | PPL: 3.66
  [ 28.9%] Step 62,600 | Loss: 1.2932 | PPL: 3.64
  [ 29.3%] Step 62,700 | Loss: 1.2934 | PPL: 3.65
  [ 29.7%] Step 62,800 | Loss: 1.2954 | PPL: 3.65
  [ 30.0%] Step 62,900 | Loss: 1.2934 | PPL: 3.65
  [ 30.4%] Step 63,000 | Loss: 1.2933 | PPL: 3.64
  [ 30.8%] Step 63,100 | Loss: 1.2950 | PPL: 3.65
  [ 31.1%] Step 63,200 | Loss: 1.2960 | PPL: 3.65
  [ 31.5%] Step 63,300 | Loss: 1.2920 | PPL: 3.64
  [ 31.9%] Step 63,400 | Loss: 1.2912 | PPL: 3.64
  [ 32.2%] Step 63,500 | Loss: 1.2932 | PPL: 3.64
  [ 32.6%] Step 63,600 | Loss: 1.2946 | PPL: 3.65
  [ 33.0%] Step 63,700 | Loss: 1.2943 | PPL: 3.65
  [ 33.3%] Step 63,800 | Loss: 1.2944 | PPL: 3.65
  [ 33.7%] Step 63,900 | Loss: 1.2944 | PPL: 3.65
  [ 34.1%] Step 64,000 | Loss: 1.2920 | PPL: 3.64
  [ 34.4%] Step 64,100 | Loss: 1.2922 | PPL: 3.64
  [ 34.8%] Step 64,200 | Loss: 1.2882 | PPL: 3.63
  [ 35.2%] Step 64,300 | Loss: 1.2913 | PPL: 3.64
  [ 35.5%] Step 64,400 | Loss: 1.2905 | PPL: 3.63
  [ 35.9%] Step 64,500 | Loss: 1.2936 | PPL: 3.65
  [ 36.2%] Step 64,600 | Loss: 1.2906 | PPL: 3.63
  [ 36.6%] Step 64,700 | Loss: 1.2907 | PPL: 3.64
  [ 37.0%] Step 64,800 | Loss: 1.2922 | PPL: 3.64
  [ 37.3%] Step 64,900 | Loss: 1.2901 | PPL: 3.63
  [ 37.7%] Step 65,000 | Loss: 1.2886 | PPL: 3.63
  [ 38.1%] Step 65,100 | Loss: 1.2920 | PPL: 3.64
  [ 38.4%] Step 65,200 | Loss: 1.2901 | PPL: 3.63
  [ 38.8%] Step 65,300 | Loss: 1.2934 | PPL: 3.65
  [ 39.2%] Step 65,400 | Loss: 1.2922 | PPL: 3.64
  [ 39.5%] Step 65,500 | Loss: 1.2920 | PPL: 3.64
  [ 39.9%] Step 65,600 | Loss: 1.2901 | PPL: 3.63
  [ 40.3%] Step 65,700 | Loss: 1.2909 | PPL: 3.64
  [ 40.6%] Step 65,800 | Loss: 1.2899 | PPL: 3.63
  [ 41.0%] Step 65,900 | Loss: 1.2900 | PPL: 3.63
  [ 41.4%] Step 66,000 | Loss: 1.2895 | PPL: 3.63
  [ 41.7%] Step 66,100 | Loss: 1.2901 | PPL: 3.63
  [ 42.1%] Step 66,200 | Loss: 1.2880 | PPL: 3.63
  [ 42.5%] Step 66,300 | Loss: 1.2902 | PPL: 3.63
  [ 42.8%] Step 66,400 | Loss: 1.2862 | PPL: 3.62
  [ 43.2%] Step 66,500 | Loss: 1.2899 | PPL: 3.63
  [ 43.6%] Step 66,600 | Loss: 1.2905 | PPL: 3.63
  [ 43.9%] Step 66,700 | Loss: 1.2930 | PPL: 3.64
  [ 44.3%] Step 66,800 | Loss: 1.2881 | PPL: 3.63
  [ 44.7%] Step 66,900 | Loss: 1.2884 | PPL: 3.63
  [ 45.0%] Step 67,000 | Loss: 1.2887 | PPL: 3.63
  [ 45.4%] Step 67,100 | Loss: 1.2896 | PPL: 3.63
  [ 45.8%] Step 67,200 | Loss: 1.2865 | PPL: 3.62
  [ 46.1%] Step 67,300 | Loss: 1.2898 | PPL: 3.63
  [ 46.5%] Step 67,400 | Loss: 1.2890 | PPL: 3.63
  [ 46.9%] Step 67,500 | Loss: 1.2886 | PPL: 3.63
  [ 47.2%] Step 67,600 | Loss: 1.2852 | PPL: 3.62
  [ 47.6%] Step 67,700 | Loss: 1.2901 | PPL: 3.63
  [ 48.0%] Step 67,800 | Loss: 1.2865 | PPL: 3.62
  [ 48.3%] Step 67,900 | Loss: 1.2889 | PPL: 3.63
  [ 48.7%] Step 68,000 | Loss: 1.2887 | PPL: 3.63
  [ 49.0%] Step 68,100 | Loss: 1.2867 | PPL: 3.62
  [ 49.4%] Step 68,200 | Loss: 1.2883 | PPL: 3.63
  [ 49.8%] Step 68,300 | Loss: 1.2879 | PPL: 3.63
  [ 50.1%] Step 68,400 | Loss: 1.2871 | PPL: 3.62
  [ 50.5%] Step 68,500 | Loss: 1.2849 | PPL: 3.61
  [ 50.9%] Step 68,600 | Loss: 1.2873 | PPL: 3.62
  [ 51.2%] Step 68,700 | Loss: 1.2844 | PPL: 3.61
  [ 51.6%] Step 68,800 | Loss: 1.2864 | PPL: 3.62
  [ 52.0%] Step 68,900 | Loss: 1.2878 | PPL: 3.62
  [ 52.3%] Step 69,000 | Loss: 1.2877 | PPL: 3.62
  [ 52.7%] Step 69,100 | Loss: 1.2887 | PPL: 3.63
  [ 53.1%] Step 69,200 | Loss: 1.2863 | PPL: 3.62
  [ 53.4%] Step 69,300 | Loss: 1.2858 | PPL: 3.62
  [ 53.8%] Step 69,400 | Loss: 1.2870 | PPL: 3.62
  [ 54.2%] Step 69,500 | Loss: 1.2851 | PPL: 3.62
  [ 54.5%] Step 69,600 | Loss: 1.2864 | PPL: 3.62
  [ 54.9%] Step 69,700 | Loss: 1.2840 | PPL: 3.61
  [ 55.3%] Step 69,800 | Loss: 1.2854 | PPL: 3.62
  [ 55.6%] Step 69,900 | Loss: 1.2832 | PPL: 3.61
  [ 56.0%] Step 70,000 | Loss: 1.2847 | PPL: 3.61
  [ 56.4%] Step 70,100 | Loss: 1.2842 | PPL: 3.61
  [ 56.7%] Step 70,200 | Loss: 1.2862 | PPL: 3.62
  [ 57.1%] Step 70,300 | Loss: 1.2856 | PPL: 3.62
  [ 57.5%] Step 70,400 | Loss: 1.2837 | PPL: 3.61
  [ 57.8%] Step 70,500 | Loss: 1.2843 | PPL: 3.61
  [ 58.2%] Step 70,600 | Loss: 1.2829 | PPL: 3.61
  [ 58.6%] Step 70,700 | Loss: 1.2895 | PPL: 3.63
  [ 58.9%] Step 70,800 | Loss: 1.2859 | PPL: 3.62
  [ 59.3%] Step 70,900 | Loss: 1.2846 | PPL: 3.61
  [ 59.7%] Step 71,000 | Loss: 1.2831 | PPL: 3.61
  [ 60.0%] Step 71,100 | Loss: 1.2852 | PPL: 3.62
  [ 60.4%] Step 71,200 | Loss: 1.2856 | PPL: 3.62
  [ 60.8%] Step 71,300 | Loss: 1.2835 | PPL: 3.61
  [ 61.1%] Step 71,400 | Loss: 1.2841 | PPL: 3.61
  [ 61.5%] Step 71,500 | Loss: 1.2850 | PPL: 3.61
  [ 61.8%] Step 71,600 | Loss: 1.2857 | PPL: 3.62
  [ 62.2%] Step 71,700 | Loss: 1.2838 | PPL: 3.61
  [ 62.6%] Step 71,800 | Loss: 1.2847 | PPL: 3.61
  [ 62.9%] Step 71,900 | Loss: 1.2825 | PPL: 3.61
  [ 63.3%] Step 72,000 | Loss: 1.2826 | PPL: 3.61
  [ 63.7%] Step 72,100 | Loss: 1.2848 | PPL: 3.61
  [ 64.0%] Step 72,200 | Loss: 1.2838 | PPL: 3.61
  [ 64.4%] Step 72,300 | Loss: 1.2833 | PPL: 3.61
  [ 64.8%] Step 72,400 | Loss: 1.2835 | PPL: 3.61
  [ 65.1%] Step 72,500 | Loss: 1.2805 | PPL: 3.60
  [ 65.5%] Step 72,600 | Loss: 1.2843 | PPL: 3.61
  [ 65.9%] Step 72,700 | Loss: 1.2814 | PPL: 3.60
  [ 66.2%] Step 72,800 | Loss: 1.2805 | PPL: 3.60
  [ 66.6%] Step 72,900 | Loss: 1.2803 | PPL: 3.60
  [ 67.0%] Step 73,000 | Loss: 1.2839 | PPL: 3.61
  [ 67.3%] Step 73,100 | Loss: 1.2804 | PPL: 3.60
  [ 67.7%] Step 73,200 | Loss: 1.2844 | PPL: 3.61
  [ 68.1%] Step 73,300 | Loss: 1.2816 | PPL: 3.60
  [ 68.4%] Step 73,400 | Loss: 1.2844 | PPL: 3.61
  [ 68.8%] Step 73,500 | Loss: 1.2823 | PPL: 3.60
  [ 69.2%] Step 73,600 | Loss: 1.2811 | PPL: 3.60
  [ 69.5%] Step 73,700 | Loss: 1.2833 | PPL: 3.61
  [ 69.9%] Step 73,800 | Loss: 1.2818 | PPL: 3.60
  [ 70.3%] Step 73,900 | Loss: 1.2797 | PPL: 3.60
  [ 70.6%] Step 74,000 | Loss: 1.2845 | PPL: 3.61
  [ 71.0%] Step 74,100 | Loss: 1.2824 | PPL: 3.61
  [ 71.4%] Step 74,200 | Loss: 1.2835 | PPL: 3.61
  [ 71.7%] Step 74,300 | Loss: 1.2783 | PPL: 3.59
  [ 72.1%] Step 74,400 | Loss: 1.2838 | PPL: 3.61
  [ 72.5%] Step 74,500 | Loss: 1.2801 | PPL: 3.60
  [ 72.8%] Step 74,600 | Loss: 1.2852 | PPL: 3.62
  [ 73.2%] Step 74,700 | Loss: 1.2809 | PPL: 3.60
  [ 73.6%] Step 74,800 | Loss: 1.2823 | PPL: 3.60
  [ 73.9%] Step 74,900 | Loss: 1.2814 | PPL: 3.60
  [ 74.3%] Step 75,000 | Loss: 1.2825 | PPL: 3.61
  [ 74.6%] Step 75,100 | Loss: 1.2809 | PPL: 3.60
  [ 75.0%] Step 75,200 | Loss: 1.2776 | PPL: 3.59
  [ 75.4%] Step 75,300 | Loss: 1.2816 | PPL: 3.60
  [ 75.7%] Step 75,400 | Loss: 1.2796 | PPL: 3.60
  [ 76.1%] Step 75,500 | Loss: 1.2800 | PPL: 3.60
  [ 76.5%] Step 75,600 | Loss: 1.2799 | PPL: 3.60
  [ 76.8%] Step 75,700 | Loss: 1.2815 | PPL: 3.60
  [ 77.2%] Step 75,800 | Loss: 1.2795 | PPL: 3.59
  [ 77.6%] Step 75,900 | Loss: 1.2774 | PPL: 3.59
  [ 77.9%] Step 76,000 | Loss: 1.2764 | PPL: 3.58
  [ 78.3%] Step 76,100 | Loss: 1.2809 | PPL: 3.60
  [ 78.7%] Step 76,200 | Loss: 1.2802 | PPL: 3.60
  [ 79.0%] Step 76,300 | Loss: 1.2794 | PPL: 3.59
  [ 79.4%] Step 76,400 | Loss: 1.2792 | PPL: 3.59
  [ 79.8%] Step 76,500 | Loss: 1.2786 | PPL: 3.59
  [ 80.1%] Step 76,600 | Loss: 1.2752 | PPL: 3.58
  [ 80.5%] Step 76,700 | Loss: 1.2789 | PPL: 3.59
  [ 80.9%] Step 76,800 | Loss: 1.2778 | PPL: 3.59
  [ 81.2%] Step 76,900 | Loss: 1.2781 | PPL: 3.59
  [ 81.6%] Step 77,000 | Loss: 1.2782 | PPL: 3.59
  [ 82.0%] Step 77,100 | Loss: 1.2765 | PPL: 3.58
  [ 82.3%] Step 77,200 | Loss: 1.2777 | PPL: 3.59
  [ 82.7%] Step 77,300 | Loss: 1.2780 | PPL: 3.59
  [ 83.1%] Step 77,400 | Loss: 1.2805 | PPL: 3.60
  [ 83.4%] Step 77,500 | Loss: 1.2776 | PPL: 3.59
  [ 83.8%] Step 77,600 | Loss: 1.2765 | PPL: 3.58
  [ 84.2%] Step 77,700 | Loss: 1.2749 | PPL: 3.58
  [ 84.5%] Step 77,800 | Loss: 1.2737 | PPL: 3.57
  [ 84.9%] Step 77,900 | Loss: 1.2773 | PPL: 3.59
  [ 85.3%] Step 78,000 | Loss: 1.2766 | PPL: 3.58
  [ 85.6%] Step 78,100 | Loss: 1.2789 | PPL: 3.59
  [ 86.0%] Step 78,200 | Loss: 1.2799 | PPL: 3.60
  [ 86.4%] Step 78,300 | Loss: 1.2811 | PPL: 3.60
  [ 86.7%] Step 78,400 | Loss: 1.2758 | PPL: 3.58
  [ 87.1%] Step 78,500 | Loss: 1.2784 | PPL: 3.59
  [ 87.4%] Step 78,600 | Loss: 1.2782 | PPL: 3.59
  [ 87.8%] Step 78,700 | Loss: 1.2780 | PPL: 3.59
  [ 88.2%] Step 78,800 | Loss: 1.2741 | PPL: 3.58
  [ 88.5%] Step 78,900 | Loss: 1.2793 | PPL: 3.59
  [ 88.9%] Step 79,000 | Loss: 1.2778 | PPL: 3.59
  [ 89.3%] Step 79,100 | Loss: 1.2750 | PPL: 3.58
  [ 89.6%] Step 79,200 | Loss: 1.2759 | PPL: 3.58
  [ 90.0%] Step 79,300 | Loss: 1.2793 | PPL: 3.59
  [ 90.4%] Step 79,400 | Loss: 1.2757 | PPL: 3.58
  [ 90.7%] Step 79,500 | Loss: 1.2801 | PPL: 3.60
  [ 91.1%] Step 79,600 | Loss: 1.2771 | PPL: 3.59
  [ 91.5%] Step 79,700 | Loss: 1.2758 | PPL: 3.58
  [ 91.8%] Step 79,800 | Loss: 1.2778 | PPL: 3.59
  [ 92.2%] Step 79,900 | Loss: 1.2751 | PPL: 3.58
  [ 92.6%] Step 80,000 | Loss: 1.2746 | PPL: 3.58
  [ 92.9%] Step 80,100 | Loss: 1.2733 | PPL: 3.57
  [ 93.3%] Step 80,200 | Loss: 1.2785 | PPL: 3.59
  [ 93.7%] Step 80,300 | Loss: 1.2747 | PPL: 3.58
  [ 94.0%] Step 80,400 | Loss: 1.2736 | PPL: 3.57
  [ 94.4%] Step 80,500 | Loss: 1.2748 | PPL: 3.58
  [ 94.8%] Step 80,600 | Loss: 1.2752 | PPL: 3.58
  [ 95.1%] Step 80,700 | Loss: 1.2730 | PPL: 3.57
  [ 95.5%] Step 80,800 | Loss: 1.2748 | PPL: 3.58
  [ 95.9%] Step 80,900 | Loss: 1.2739 | PPL: 3.57
  [ 96.2%] Step 81,000 | Loss: 1.2721 | PPL: 3.57
  [ 96.6%] Step 81,100 | Loss: 1.2768 | PPL: 3.59
  [ 97.0%] Step 81,200 | Loss: 1.2736 | PPL: 3.57
  [ 97.3%] Step 81,300 | Loss: 1.2775 | PPL: 3.59
  [ 97.7%] Step 81,400 | Loss: 1.2713 | PPL: 3.57
  [ 98.1%] Step 81,500 | Loss: 1.2735 | PPL: 3.57
  [ 98.4%] Step 81,600 | Loss: 1.2740 | PPL: 3.58
  [ 98.8%] Step 81,700 | Loss: 1.2726 | PPL: 3.57
  [ 99.2%] Step 81,800 | Loss: 1.2751 | PPL: 3.58
  [ 99.5%] Step 81,900 | Loss: 1.2758 | PPL: 3.58
  [ 99.9%] Step 82,000 | Loss: 1.2762 | PPL: 3.58
  [100.0%] Step 82,032 | Loss: 1.2732 | PPL: 3.57
[Epoch 3/3] Validating...
[Epoch 3/3] Loss: 1.3867 | PPL: 4.00
  -> Saved best model to checkpoints_v6\fi_best.pt
============================================================
Training complete. Running final evaluation...
============================================================

Final Test Loss: 1.3609 | Test PPL: 3.90
Done!
Wrote checkpoints_v6\fi_best.pt.runrecord.json
[1;34mwandb[0m: 
[1;34mwandb[0m: You can sync this run to the cloud by running:
[1;34mwandb[0m: [1mwandb sync C:\Users\Test\PROJECTS\LSTM\wandb\offline-run-20260903_204439-xg6bbqnp[0m
[1;34mwandb[0m: Find logs at: [1;35mwandb\offline-run-20260903_204439-xg6bbqnp\logs[0m
wandb: Tracking run with wandb version 0.23.1
wandb: W&B syncing is set to `offline` in this directory. Run `wandb online` or set WANDB_MODE=online to enable cloud syncing.
wandb: Run data is saved locally in C:\Users\Test\PROJECTS\LSTM\wandb\offline-run-20260903_214846-2w4owuk9
Loading data from rebuild_2026-09\corpora_clean_v6\oscar_kk_ipa.txt...
  Loaded: 10,000,000 chars total
  Train: 7,000,000 chars
  Val: 1,500,000 chars
  Test: 1,500,000 chars
Building vocab from training text...
  Vocab size: 41
============================================================
Training config
============================================================
  Language: Kazakh (kk)
  Mode: Train from scratch
  Device: cuda
  Batch size: 256
  Workers: 0
  Pin memory: True
  Epochs: 3
  LR: 0.0001
  Seed: 1234
  Freeze embed: False
  Output: checkpoints_v6\kk_best.pt
Creating data loaders...
  Train batches: 27,344
  Val batches: 5,859

Model config
  Device: cuda
  Embed dim: 128
  Hidden dim: 256
  Layers: 2
  Parameters: 937,385
  Optimizer: Adam (lr=0.0001)
============================================================
Starting training: 3 epochs, 27344 batches/epoch
============================================================
[Epoch 1/3] Starting...
  [  0.4%] Step 100 | Loss: 3.3208 | PPL: 27.68
  [  0.7%] Step 200 | Loss: 2.8851 | PPL: 17.91
  [  1.1%] Step 300 | Loss: 2.5327 | PPL: 12.59
  [  1.5%] Step 400 | Loss: 2.3778 | PPL: 10.78
  [  1.8%] Step 500 | Loss: 2.2946 | PPL: 9.92
  [  2.2%] Step 600 | Loss: 2.2270 | PPL: 9.27
  [  2.6%] Step 700 | Loss: 2.1719 | PPL: 8.77
  [  2.9%] Step 800 | Loss: 2.1184 | PPL: 8.32
  [  3.3%] Step 900 | Loss: 2.0744 | PPL: 7.96
  [  3.7%] Step 1,000 | Loss: 2.0343 | PPL: 7.65
  [  4.0%] Step 1,100 | Loss: 1.9989 | PPL: 7.38
  [  4.4%] Step 1,200 | Loss: 1.9644 | PPL: 7.13
  [  4.8%] Step 1,300 | Loss: 1.9315 | PPL: 6.90
  [  5.1%] Step 1,400 | Loss: 1.9041 | PPL: 6.71
  [  5.5%] Step 1,500 | Loss: 1.8765 | PPL: 6.53
  [  5.9%] Step 1,600 | Loss: 1.8546 | PPL: 6.39
  [  6.2%] Step 1,700 | Loss: 1.8293 | PPL: 6.23
  [  6.6%] Step 1,800 | Loss: 1.8061 | PPL: 6.09
  [  6.9%] Step 1,900 | Loss: 1.7857 | PPL: 5.96
  [  7.3%] Step 2,000 | Loss: 1.7675 | PPL: 5.86
  [  7.7%] Step 2,100 | Loss: 1.7512 | PPL: 5.76
  [  8.0%] Step 2,200 | Loss: 1.7382 | PPL: 5.69
  [  8.4%] Step 2,300 | Loss: 1.7219 | PPL: 5.59
  [  8.8%] Step 2,400 | Loss: 1.7090 | PPL: 5.52
  [  9.1%] Step 2,500 | Loss: 1.6968 | PPL: 5.46
  [  9.5%] Step 2,600 | Loss: 1.6824 | PPL: 5.38
  [  9.9%] Step 2,700 | Loss: 1.6709 | PPL: 5.32
  [ 10.2%] Step 2,800 | Loss: 1.6638 | PPL: 5.28
  [ 10.6%] Step 2,900 | Loss: 1.6510 | PPL: 5.21
  [ 11.0%] Step 3,000 | Loss: 1.6398 | PPL: 5.15
  [ 11.3%] Step 3,100 | Loss: 1.6317 | PPL: 5.11
  [ 11.7%] Step 3,200 | Loss: 1.6216 | PPL: 5.06
  [ 12.1%] Step 3,300 | Loss: 1.6128 | PPL: 5.02
  [ 12.4%] Step 3,400 | Loss: 1.6095 | PPL: 5.00
  [ 12.8%] Step 3,500 | Loss: 1.5982 | PPL: 4.94
  [ 13.2%] Step 3,600 | Loss: 1.5878 | PPL: 4.89
  [ 13.5%] Step 3,700 | Loss: 1.5833 | PPL: 4.87
  [ 13.9%] Step 3,800 | Loss: 1.5768 | PPL: 4.84
  [ 14.3%] Step 3,900 | Loss: 1.5694 | PPL: 4.80
  [ 14.6%] Step 4,000 | Loss: 1.5634 | PPL: 4.77
  [ 15.0%] Step 4,100 | Loss: 1.5564 | PPL: 4.74
  [ 15.4%] Step 4,200 | Loss: 1.5554 | PPL: 4.74
  [ 15.7%] Step 4,300 | Loss: 1.5482 | PPL: 4.70
  [ 16.1%] Step 4,400 | Loss: 1.5436 | PPL: 4.68
  [ 16.5%] Step 4,500 | Loss: 1.5372 | PPL: 4.65
  [ 16.8%] Step 4,600 | Loss: 1.5313 | PPL: 4.62
  [ 17.2%] Step 4,700 | Loss: 1.5271 | PPL: 4.61
  [ 17.6%] Step 4,800 | Loss: 1.5211 | PPL: 4.58
  [ 17.9%] Step 4,900 | Loss: 1.5165 | PPL: 4.56
  [ 18.3%] Step 5,000 | Loss: 1.5129 | PPL: 4.54
  [ 18.7%] Step 5,100 | Loss: 1.5132 | PPL: 4.54
  [ 19.0%] Step 5,200 | Loss: 1.5095 | PPL: 4.52
  [ 19.4%] Step 5,300 | Loss: 1.5034 | PPL: 4.50
  [ 19.7%] Step 5,400 | Loss: 1.4987 | PPL: 4.48
  [ 20.1%] Step 5,500 | Loss: 1.4973 | PPL: 4.47
  [ 20.5%] Step 5,600 | Loss: 1.4928 | PPL: 4.45
  [ 20.8%] Step 5,700 | Loss: 1.4852 | PPL: 4.42
  [ 21.2%] Step 5,800 | Loss: 1.4836 | PPL: 4.41
  [ 21.6%] Step 5,900 | Loss: 1.4827 | PPL: 4.41
  [ 21.9%] Step 6,000 | Loss: 1.4782 | PPL: 4.38
  [ 22.3%] Step 6,100 | Loss: 1.4754 | PPL: 4.37
  [ 22.7%] Step 6,200 | Loss: 1.4661 | PPL: 4.33
  [ 23.0%] Step 6,300 | Loss: 1.4675 | PPL: 4.34
  [ 23.4%] Step 6,400 | Loss: 1.4613 | PPL: 4.31
  [ 23.8%] Step 6,500 | Loss: 1.4629 | PPL: 4.32
  [ 24.1%] Step 6,600 | Loss: 1.4582 | PPL: 4.30
  [ 24.5%] Step 6,700 | Loss: 1.4556 | PPL: 4.29
  [ 24.9%] Step 6,800 | Loss: 1.4536 | PPL: 4.28
  [ 25.2%] Step 6,900 | Loss: 1.4493 | PPL: 4.26
  [ 25.6%] Step 7,000 | Loss: 1.4461 | PPL: 4.25
  [ 26.0%] Step 7,100 | Loss: 1.4417 | PPL: 4.23
  [ 26.3%] Step 7,200 | Loss: 1.4427 | PPL: 4.23
  [ 26.7%] Step 7,300 | Loss: 1.4389 | PPL: 4.22
  [ 27.1%] Step 7,400 | Loss: 1.4353 | PPL: 4.20
  [ 27.4%] Step 7,500 | Loss: 1.4336 | PPL: 4.19
  [ 27.8%] Step 7,600 | Loss: 1.4317 | PPL: 4.19
  [ 28.2%] Step 7,700 | Loss: 1.4276 | PPL: 4.17
  [ 28.5%] Step 7,800 | Loss: 1.4261 | PPL: 4.16
  [ 28.9%] Step 7,900 | Loss: 1.4240 | PPL: 4.15
  [ 29.3%] Step 8,000 | Loss: 1.4226 | PPL: 4.15
  [ 29.6%] Step 8,100 | Loss: 1.4159 | PPL: 4.12
  [ 30.0%] Step 8,200 | Loss: 1.4135 | PPL: 4.11
  [ 30.4%] Step 8,300 | Loss: 1.4125 | PPL: 4.11
  [ 30.7%] Step 8,400 | Loss: 1.4082 | PPL: 4.09
  [ 31.1%] Step 8,500 | Loss: 1.4077 | PPL: 4.09
  [ 31.5%] Step 8,600 | Loss: 1.4041 | PPL: 4.07
  [ 31.8%] Step 8,700 | Loss: 1.4051 | PPL: 4.08
  [ 32.2%] Step 8,800 | Loss: 1.4028 | PPL: 4.07
  [ 32.5%] Step 8,900 | Loss: 1.4004 | PPL: 4.06
  [ 32.9%] Step 9,000 | Loss: 1.3964 | PPL: 4.04
  [ 33.3%] Step 9,100 | Loss: 1.3973 | PPL: 4.04
  [ 33.6%] Step 9,200 | Loss: 1.3924 | PPL: 4.02
  [ 34.0%] Step 9,300 | Loss: 1.3936 | PPL: 4.03
  [ 34.4%] Step 9,400 | Loss: 1.3909 | PPL: 4.02
  [ 34.7%] Step 9,500 | Loss: 1.3889 | PPL: 4.01
  [ 35.1%] Step 9,600 | Loss: 1.3868 | PPL: 4.00
  [ 35.5%] Step 9,700 | Loss: 1.3852 | PPL: 4.00
  [ 35.8%] Step 9,800 | Loss: 1.3792 | PPL: 3.97
  [ 36.2%] Step 9,900 | Loss: 1.3794 | PPL: 3.97
  [ 36.6%] Step 10,000 | Loss: 1.3816 | PPL: 3.98
  [ 36.9%] Step 10,100 | Loss: 1.3761 | PPL: 3.96
  [ 37.3%] Step 10,200 | Loss: 1.3768 | PPL: 3.96
  [ 37.7%] Step 10,300 | Loss: 1.3700 | PPL: 3.94
  [ 38.0%] Step 10,400 | Loss: 1.3731 | PPL: 3.95
  [ 38.4%] Step 10,500 | Loss: 1.3713 | PPL: 3.94
  [ 38.8%] Step 10,600 | Loss: 1.3718 | PPL: 3.94
  [ 39.1%] Step 10,700 | Loss: 1.3675 | PPL: 3.93
  [ 39.5%] Step 10,800 | Loss: 1.3653 | PPL: 3.92
  [ 39.9%] Step 10,900 | Loss: 1.3678 | PPL: 3.93
  [ 40.2%] Step 11,000 | Loss: 1.3601 | PPL: 3.90
  [ 40.6%] Step 11,100 | Loss: 1.3600 | PPL: 3.90
  [ 41.0%] Step 11,200 | Loss: 1.3598 | PPL: 3.90
  [ 41.3%] Step 11,300 | Loss: 1.3575 | PPL: 3.89
  [ 41.7%] Step 11,400 | Loss: 1.3587 | PPL: 3.89
  [ 42.1%] Step 11,500 | Loss: 1.3559 | PPL: 3.88
  [ 42.4%] Step 11,600 | Loss: 1.3550 | PPL: 3.88
  [ 42.8%] Step 11,700 | Loss: 1.3490 | PPL: 3.85
  [ 43.2%] Step 11,800 | Loss: 1.3499 | PPL: 3.86
  [ 43.5%] Step 11,900 | Loss: 1.3486 | PPL: 3.85
  [ 43.9%] Step 12,000 | Loss: 1.3438 | PPL: 3.83
  [ 44.3%] Step 12,100 | Loss: 1.3433 | PPL: 3.83
  [ 44.6%] Step 12,200 | Loss: 1.3439 | PPL: 3.83
  [ 45.0%] Step 12,300 | Loss: 1.3453 | PPL: 3.84
  [ 45.3%] Step 12,400 | Loss: 1.3443 | PPL: 3.84
  [ 45.7%] Step 12,500 | Loss: 1.3385 | PPL: 3.81
  [ 46.1%] Step 12,600 | Loss: 1.3417 | PPL: 3.83
  [ 46.4%] Step 12,700 | Loss: 1.3377 | PPL: 3.81
  [ 46.8%] Step 12,800 | Loss: 1.3361 | PPL: 3.80
  [ 47.2%] Step 12,900 | Loss: 1.3329 | PPL: 3.79
  [ 47.5%] Step 13,000 | Loss: 1.3330 | PPL: 3.79
  [ 47.9%] Step 13,100 | Loss: 1.3340 | PPL: 3.80
  [ 48.3%] Step 13,200 | Loss: 1.3358 | PPL: 3.80
  [ 48.6%] Step 13,300 | Loss: 1.3253 | PPL: 3.76
  [ 49.0%] Step 13,400 | Loss: 1.3321 | PPL: 3.79
  [ 49.4%] Step 13,500 | Loss: 1.3266 | PPL: 3.77
  [ 49.7%] Step 13,600 | Loss: 1.3242 | PPL: 3.76
  [ 50.1%] Step 13,700 | Loss: 1.3269 | PPL: 3.77
  [ 50.5%] Step 13,800 | Loss: 1.3255 | PPL: 3.76
  [ 50.8%] Step 13,900 | Loss: 1.3212 | PPL: 3.75
  [ 51.2%] Step 14,000 | Loss: 1.3223 | PPL: 3.75
  [ 51.6%] Step 14,100 | Loss: 1.3209 | PPL: 3.75
  [ 51.9%] Step 14,200 | Loss: 1.3201 | PPL: 3.74
  [ 52.3%] Step 14,300 | Loss: 1.3200 | PPL: 3.74
  [ 52.7%] Step 14,400 | Loss: 1.3183 | PPL: 3.74
  [ 53.0%] Step 14,500 | Loss: 1.3154 | PPL: 3.73
  [ 53.4%] Step 14,600 | Loss: 1.3156 | PPL: 3.73
  [ 53.8%] Step 14,700 | Loss: 1.3143 | PPL: 3.72
  [ 54.1%] Step 14,800 | Loss: 1.3113 | PPL: 3.71
  [ 54.5%] Step 14,900 | Loss: 1.3102 | PPL: 3.71
  [ 54.9%] Step 15,000 | Loss: 1.3086 | PPL: 3.70
  [ 55.2%] Step 15,100 | Loss: 1.3116 | PPL: 3.71
  [ 55.6%] Step 15,200 | Loss: 1.3072 | PPL: 3.70
  [ 56.0%] Step 15,300 | Loss: 1.3078 | PPL: 3.70
  [ 56.3%] Step 15,400 | Loss: 1.3073 | PPL: 3.70
  [ 56.7%] Step 15,500 | Loss: 1.3094 | PPL: 3.70
  [ 57.1%] Step 15,600 | Loss: 1.3036 | PPL: 3.68
  [ 57.4%] Step 15,700 | Loss: 1.3038 | PPL: 3.68
  [ 57.8%] Step 15,800 | Loss: 1.3040 | PPL: 3.68
  [ 58.1%] Step 15,900 | Loss: 1.3013 | PPL: 3.67
  [ 58.5%] Step 16,000 | Loss: 1.3007 | PPL: 3.67
  [ 58.9%] Step 16,100 | Loss: 1.2993 | PPL: 3.67
  [ 59.2%] Step 16,200 | Loss: 1.3021 | PPL: 3.68
  [ 59.6%] Step 16,300 | Loss: 1.2974 | PPL: 3.66
  [ 60.0%] Step 16,400 | Loss: 1.2993 | PPL: 3.67
  [ 60.3%] Step 16,500 | Loss: 1.3018 | PPL: 3.68
  [ 60.7%] Step 16,600 | Loss: 1.2996 | PPL: 3.67
  [ 61.1%] Step 16,700 | Loss: 1.2932 | PPL: 3.64
  [ 61.4%] Step 16,800 | Loss: 1.2919 | PPL: 3.64
  [ 61.8%] Step 16,900 | Loss: 1.2951 | PPL: 3.65
  [ 62.2%] Step 17,000 | Loss: 1.2915 | PPL: 3.64
  [ 62.5%] Step 17,100 | Loss: 1.2930 | PPL: 3.64
  [ 62.9%] Step 17,200 | Loss: 1.2892 | PPL: 3.63
  [ 63.3%] Step 17,300 | Loss: 1.2892 | PPL: 3.63
  [ 63.6%] Step 17,400 | Loss: 1.2908 | PPL: 3.64
  [ 64.0%] Step 17,500 | Loss: 1.2895 | PPL: 3.63
  [ 64.4%] Step 17,600 | Loss: 1.2884 | PPL: 3.63
  [ 64.7%] Step 17,700 | Loss: 1.2893 | PPL: 3.63
  [ 65.1%] Step 17,800 | Loss: 1.2857 | PPL: 3.62
  [ 65.5%] Step 17,900 | Loss: 1.2849 | PPL: 3.61
  [ 65.8%] Step 18,000 | Loss: 1.2832 | PPL: 3.61
  [ 66.2%] Step 18,100 | Loss: 1.2834 | PPL: 3.61
  [ 66.6%] Step 18,200 | Loss: 1.2830 | PPL: 3.61
  [ 66.9%] Step 18,300 | Loss: 1.2808 | PPL: 3.60
  [ 67.3%] Step 18,400 | Loss: 1.2783 | PPL: 3.59
  [ 67.7%] Step 18,500 | Loss: 1.2807 | PPL: 3.60
  [ 68.0%] Step 18,600 | Loss: 1.2768 | PPL: 3.59
  [ 68.4%] Step 18,700 | Loss: 1.2755 | PPL: 3.58
  [ 68.8%] Step 18,800 | Loss: 1.2804 | PPL: 3.60
  [ 69.1%] Step 18,900 | Loss: 1.2768 | PPL: 3.58
  [ 69.5%] Step 19,000 | Loss: 1.2750 | PPL: 3.58
  [ 69.9%] Step 19,100 | Loss: 1.2748 | PPL: 3.58
  [ 70.2%] Step 19,200 | Loss: 1.2746 | PPL: 3.58
  [ 70.6%] Step 19,300 | Loss: 1.2737 | PPL: 3.57
  [ 70.9%] Step 19,400 | Loss: 1.2743 | PPL: 3.58
  [ 71.3%] Step 19,500 | Loss: 1.2711 | PPL: 3.56
  [ 71.7%] Step 19,600 | Loss: 1.2716 | PPL: 3.57
  [ 72.0%] Step 19,700 | Loss: 1.2743 | PPL: 3.58
  [ 72.4%] Step 19,800 | Loss: 1.2697 | PPL: 3.56
  [ 72.8%] Step 19,900 | Loss: 1.2705 | PPL: 3.56
  [ 73.1%] Step 20,000 | Loss: 1.2662 | PPL: 3.55
  [ 73.5%] Step 20,100 | Loss: 1.2682 | PPL: 3.55
  [ 73.9%] Step 20,200 | Loss: 1.2688 | PPL: 3.56
  [ 74.2%] Step 20,300 | Loss: 1.2645 | PPL: 3.54
  [ 74.6%] Step 20,400 | Loss: 1.2678 | PPL: 3.55
  [ 75.0%] Step 20,500 | Loss: 1.2609 | PPL: 3.53
  [ 75.3%] Step 20,600 | Loss: 1.2621 | PPL: 3.53
  [ 75.7%] Step 20,700 | Loss: 1.2618 | PPL: 3.53
  [ 76.1%] Step 20,800 | Loss: 1.2630 | PPL: 3.54
  [ 76.4%] Step 20,900 | Loss: 1.2638 | PPL: 3.54
  [ 76.8%] Step 21,000 | Loss: 1.2633 | PPL: 3.54
  [ 77.2%] Step 21,100 | Loss: 1.2577 | PPL: 3.52
  [ 77.5%] Step 21,200 | Loss: 1.2632 | PPL: 3.54
  [ 77.9%] Step 21,300 | Loss: 1.2620 | PPL: 3.53
  [ 78.3%] Step 21,400 | Loss: 1.2607 | PPL: 3.53
  [ 78.6%] Step 21,500 | Loss: 1.2578 | PPL: 3.52
  [ 79.0%] Step 21,600 | Loss: 1.2579 | PPL: 3.52
  [ 79.4%] Step 21,700 | Loss: 1.2567 | PPL: 3.51
  [ 79.7%] Step 21,800 | Loss: 1.2503 | PPL: 3.49
  [ 80.1%] Step 21,900 | Loss: 1.2552 | PPL: 3.51
  [ 80.5%] Step 22,000 | Loss: 1.2546 | PPL: 3.51
  [ 80.8%] Step 22,100 | Loss: 1.2564 | PPL: 3.51
  [ 81.2%] Step 22,200 | Loss: 1.2533 | PPL: 3.50
  [ 81.6%] Step 22,300 | Loss: 1.2539 | PPL: 3.50
  [ 81.9%] Step 22,400 | Loss: 1.2543 | PPL: 3.51
  [ 82.3%] Step 22,500 | Loss: 1.2519 | PPL: 3.50
  [ 82.7%] Step 22,600 | Loss: 1.2491 | PPL: 3.49
  [ 83.0%] Step 22,700 | Loss: 1.2505 | PPL: 3.49
  [ 83.4%] Step 22,800 | Loss: 1.2489 | PPL: 3.49
  [ 83.7%] Step 22,900 | Loss: 1.2513 | PPL: 3.49
  [ 84.1%] Step 23,000 | Loss: 1.2479 | PPL: 3.48
  [ 84.5%] Step 23,100 | Loss: 1.2469 | PPL: 3.48
  [ 84.8%] Step 23,200 | Loss: 1.2483 | PPL: 3.48
  [ 85.2%] Step 23,300 | Loss: 1.2451 | PPL: 3.47
  [ 85.6%] Step 23,400 | Loss: 1.2450 | PPL: 3.47
  [ 85.9%] Step 23,500 | Loss: 1.2487 | PPL: 3.49
  [ 86.3%] Step 23,600 | Loss: 1.2448 | PPL: 3.47
  [ 86.7%] Step 23,700 | Loss: 1.2471 | PPL: 3.48
  [ 87.0%] Step 23,800 | Loss: 1.2436 | PPL: 3.47
  [ 87.4%] Step 23,900 | Loss: 1.2436 | PPL: 3.47
  [ 87.8%] Step 24,000 | Loss: 1.2459 | PPL: 3.48
  [ 88.1%] Step 24,100 | Loss: 1.2417 | PPL: 3.46
  [ 88.5%] Step 24,200 | Loss: 1.2434 | PPL: 3.47
  [ 88.9%] Step 24,300 | Loss: 1.2422 | PPL: 3.46
  [ 89.2%] Step 24,400 | Loss: 1.2405 | PPL: 3.46
  [ 89.6%] Step 24,500 | Loss: 1.2425 | PPL: 3.46
  [ 90.0%] Step 24,600 | Loss: 1.2407 | PPL: 3.46
  [ 90.3%] Step 24,700 | Loss: 1.2383 | PPL: 3.45
  [ 90.7%] Step 24,800 | Loss: 1.2395 | PPL: 3.45
  [ 91.1%] Step 24,900 | Loss: 1.2352 | PPL: 3.44
  [ 91.4%] Step 25,000 | Loss: 1.2385 | PPL: 3.45
  [ 91.8%] Step 25,100 | Loss: 1.2380 | PPL: 3.45
  [ 92.2%] Step 25,200 | Loss: 1.2365 | PPL: 3.44
  [ 92.5%] Step 25,300 | Loss: 1.2373 | PPL: 3.45
  [ 92.9%] Step 25,400 | Loss: 1.2370 | PPL: 3.45
  [ 93.3%] Step 25,500 | Loss: 1.2358 | PPL: 3.44
  [ 93.6%] Step 25,600 | Loss: 1.2353 | PPL: 3.44
  [ 94.0%] Step 25,700 | Loss: 1.2342 | PPL: 3.44
  [ 94.4%] Step 25,800 | Loss: 1.2336 | PPL: 3.43
  [ 94.7%] Step 25,900 | Loss: 1.2355 | PPL: 3.44
  [ 95.1%] Step 26,000 | Loss: 1.2301 | PPL: 3.42
  [ 95.5%] Step 26,100 | Loss: 1.2340 | PPL: 3.43
  [ 95.8%] Step 26,200 | Loss: 1.2311 | PPL: 3.42
  [ 96.2%] Step 26,300 | Loss: 1.2299 | PPL: 3.42
  [ 96.5%] Step 26,400 | Loss: 1.2307 | PPL: 3.42
  [ 96.9%] Step 26,500 | Loss: 1.2305 | PPL: 3.42
  [ 97.3%] Step 26,600 | Loss: 1.2287 | PPL: 3.42
  [ 97.6%] Step 26,700 | Loss: 1.2307 | PPL: 3.42
  [ 98.0%] Step 26,800 | Loss: 1.2290 | PPL: 3.42
  [ 98.4%] Step 26,900 | Loss: 1.2297 | PPL: 3.42
  [ 98.7%] Step 27,000 | Loss: 1.2291 | PPL: 3.42
  [ 99.1%] Step 27,100 | Loss: 1.2287 | PPL: 3.42
  [ 99.5%] Step 27,200 | Loss: 1.2243 | PPL: 3.40
  [ 99.8%] Step 27,300 | Loss: 1.2242 | PPL: 3.40
  [100.0%] Step 27,344 | Loss: 1.2245 | PPL: 3.40
[Epoch 1/3] Validating...
[Epoch 1/3] Loss: 1.2833 | PPL: 3.61
  -> Saved best model to checkpoints_v6\kk_best.pt
[Epoch 2/3] Starting...
  [  0.2%] Step 27,400 | Loss: 1.2259 | PPL: 3.41
  [  0.6%] Step 27,500 | Loss: 1.2262 | PPL: 3.41
  [  0.9%] Step 27,600 | Loss: 1.2257 | PPL: 3.41
  [  1.3%] Step 27,700 | Loss: 1.2202 | PPL: 3.39
  [  1.7%] Step 27,800 | Loss: 1.2270 | PPL: 3.41
  [  2.0%] Step 27,900 | Loss: 1.2239 | PPL: 3.40
  [  2.4%] Step 28,000 | Loss: 1.2258 | PPL: 3.41
  [  2.8%] Step 28,100 | Loss: 1.2232 | PPL: 3.40
  [  3.1%] Step 28,200 | Loss: 1.2238 | PPL: 3.40
  [  3.5%] Step 28,300 | Loss: 1.2178 | PPL: 3.38
  [  3.9%] Step 28,400 | Loss: 1.2208 | PPL: 3.39
  [  4.2%] Step 28,500 | Loss: 1.2178 | PPL: 3.38
  [  4.6%] Step 28,600 | Loss: 1.2206 | PPL: 3.39
  [  5.0%] Step 28,700 | Loss: 1.2208 | PPL: 3.39
  [  5.3%] Step 28,800 | Loss: 1.2222 | PPL: 3.39
  [  5.7%] Step 28,900 | Loss: 1.2203 | PPL: 3.39
  [  6.1%] Step 29,000 | Loss: 1.2201 | PPL: 3.39
  [  6.4%] Step 29,100 | Loss: 1.2183 | PPL: 3.38
  [  6.8%] Step 29,200 | Loss: 1.2192 | PPL: 3.38
  [  7.2%] Step 29,300 | Loss: 1.2232 | PPL: 3.40
  [  7.5%] Step 29,400 | Loss: 1.2183 | PPL: 3.38
  [  7.9%] Step 29,500 | Loss: 1.2182 | PPL: 3.38
  [  8.3%] Step 29,600 | Loss: 1.2142 | PPL: 3.37
  [  8.6%] Step 29,700 | Loss: 1.2177 | PPL: 3.38
  [  9.0%] Step 29,800 | Loss: 1.2151 | PPL: 3.37
  [  9.3%] Step 29,900 | Loss: 1.2177 | PPL: 3.38
  [  9.7%] Step 30,000 | Loss: 1.2129 | PPL: 3.36
  [ 10.1%] Step 30,100 | Loss: 1.2142 | PPL: 3.37
  [ 10.4%] Step 30,200 | Loss: 1.2149 | PPL: 3.37
  [ 10.8%] Step 30,300 | Loss: 1.2144 | PPL: 3.37
  [ 11.2%] Step 30,400 | Loss: 1.2154 | PPL: 3.37
  [ 11.5%] Step 30,500 | Loss: 1.2081 | PPL: 3.35
  [ 11.9%] Step 30,600 | Loss: 1.2153 | PPL: 3.37
  [ 12.3%] Step 30,700 | Loss: 1.2128 | PPL: 3.36
  [ 12.6%] Step 30,800 | Loss: 1.2124 | PPL: 3.36
  [ 13.0%] Step 30,900 | Loss: 1.2145 | PPL: 3.37
  [ 13.4%] Step 31,000 | Loss: 1.2110 | PPL: 3.36
  [ 13.7%] Step 31,100 | Loss: 1.2107 | PPL: 3.36
  [ 14.1%] Step 31,200 | Loss: 1.2092 | PPL: 3.35
  [ 14.5%] Step 31,300 | Loss: 1.2100 | PPL: 3.35
  [ 14.8%] Step 31,400 | Loss: 1.2101 | PPL: 3.35
  [ 15.2%] Step 31,500 | Loss: 1.2063 | PPL: 3.34
  [ 15.6%] Step 31,600 | Loss: 1.2074 | PPL: 3.34
  [ 15.9%] Step 31,700 | Loss: 1.2039 | PPL: 3.33
  [ 16.3%] Step 31,800 | Loss: 1.2055 | PPL: 3.34
  [ 16.7%] Step 31,900 | Loss: 1.2055 | PPL: 3.34
  [ 17.0%] Step 32,000 | Loss: 1.2088 | PPL: 3.35
  [ 17.4%] Step 32,100 | Loss: 1.2061 | PPL: 3.34
  [ 17.8%] Step 32,200 | Loss: 1.2033 | PPL: 3.33
  [ 18.1%] Step 32,300 | Loss: 1.2036 | PPL: 3.33
  [ 18.5%] Step 32,400 | Loss: 1.2061 | PPL: 3.34
  [ 18.9%] Step 32,500 | Loss: 1.2079 | PPL: 3.35
  [ 19.2%] Step 32,600 | Loss: 1.2049 | PPL: 3.34
  [ 19.6%] Step 32,700 | Loss: 1.2055 | PPL: 3.34
  [ 20.0%] Step 32,800 | Loss: 1.2013 | PPL: 3.32
  [ 20.3%] Step 32,900 | Loss: 1.2026 | PPL: 3.33
  [ 20.7%] Step 33,000 | Loss: 1.2047 | PPL: 3.34
  [ 21.1%] Step 33,100 | Loss: 1.2011 | PPL: 3.32
  [ 21.4%] Step 33,200 | Loss: 1.2023 | PPL: 3.33
  [ 21.8%] Step 33,300 | Loss: 1.2045 | PPL: 3.34
  [ 22.1%] Step 33,400 | Loss: 1.2027 | PPL: 3.33
  [ 22.5%] Step 33,500 | Loss: 1.2039 | PPL: 3.33
  [ 22.9%] Step 33,600 | Loss: 1.1990 | PPL: 3.32
  [ 23.2%] Step 33,700 | Loss: 1.2029 | PPL: 3.33
  [ 23.6%] Step 33,800 | Loss: 1.1989 | PPL: 3.32
  [ 24.0%] Step 33,900 | Loss: 1.2006 | PPL: 3.32
  [ 24.3%] Step 34,000 | Loss: 1.2026 | PPL: 3.33
  [ 24.7%] Step 34,100 | Loss: 1.2010 | PPL: 3.32
  [ 25.1%] Step 34,200 | Loss: 1.1994 | PPL: 3.32
  [ 25.4%] Step 34,300 | Loss: 1.1985 | PPL: 3.32
  [ 25.8%] Step 34,400 | Loss: 1.2007 | PPL: 3.32
  [ 26.2%] Step 34,500 | Loss: 1.1986 | PPL: 3.32
  [ 26.5%] Step 34,600 | Loss: 1.1999 | PPL: 3.32
  [ 26.9%] Step 34,700 | Loss: 1.1925 | PPL: 3.30
  [ 27.3%] Step 34,800 | Loss: 1.1991 | PPL: 3.32
  [ 27.6%] Step 34,900 | Loss: 1.1965 | PPL: 3.31
  [ 28.0%] Step 35,000 | Loss: 1.1966 | PPL: 3.31
  [ 28.4%] Step 35,100 | Loss: 1.1963 | PPL: 3.31
  [ 28.7%] Step 35,200 | Loss: 1.1942 | PPL: 3.30
  [ 29.1%] Step 35,300 | Loss: 1.1942 | PPL: 3.30
  [ 29.5%] Step 35,400 | Loss: 1.1941 | PPL: 3.30
  [ 29.8%] Step 35,500 | Loss: 1.1955 | PPL: 3.31
  [ 30.2%] Step 35,600 | Loss: 1.1933 | PPL: 3.30
  [ 30.6%] Step 35,700 | Loss: 1.1937 | PPL: 3.30
  [ 30.9%] Step 35,800 | Loss: 1.1966 | PPL: 3.31
  [ 31.3%] Step 35,900 | Loss: 1.1939 | PPL: 3.30
  [ 31.7%] Step 36,000 | Loss: 1.1910 | PPL: 3.29
  [ 32.0%] Step 36,100 | Loss: 1.1935 | PPL: 3.30
  [ 32.4%] Step 36,200 | Loss: 1.1960 | PPL: 3.31
  [ 32.8%] Step 36,300 | Loss: 1.1940 | PPL: 3.30
  [ 33.1%] Step 36,400 | Loss: 1.1921 | PPL: 3.29
  [ 33.5%] Step 36,500 | Loss: 1.1933 | PPL: 3.30
  [ 33.9%] Step 36,600 | Loss: 1.1958 | PPL: 3.31
  [ 34.2%] Step 36,700 | Loss: 1.1924 | PPL: 3.30
  [ 34.6%] Step 36,800 | Loss: 1.1913 | PPL: 3.29
  [ 34.9%] Step 36,900 | Loss: 1.1885 | PPL: 3.28
  [ 35.3%] Step 37,000 | Loss: 1.1931 | PPL: 3.30
  [ 35.7%] Step 37,100 | Loss: 1.1906 | PPL: 3.29
  [ 36.0%] Step 37,200 | Loss: 1.1927 | PPL: 3.30
  [ 36.4%] Step 37,300 | Loss: 1.1898 | PPL: 3.29
  [ 36.8%] Step 37,400 | Loss: 1.1868 | PPL: 3.28
  [ 37.1%] Step 37,500 | Loss: 1.1899 | PPL: 3.29
  [ 37.5%] Step 37,600 | Loss: 1.1894 | PPL: 3.29
  [ 37.9%] Step 37,700 | Loss: 1.1883 | PPL: 3.28
  [ 38.2%] Step 37,800 | Loss: 1.1866 | PPL: 3.28
  [ 38.6%] Step 37,900 | Loss: 1.1886 | PPL: 3.28
  [ 39.0%] Step 38,000 | Loss: 1.1916 | PPL: 3.29
  [ 39.3%] Step 38,100 | Loss: 1.1884 | PPL: 3.28
  [ 39.7%] Step 38,200 | Loss: 1.1880 | PPL: 3.28
  [ 40.1%] Step 38,300 | Loss: 1.1860 | PPL: 3.27
  [ 40.4%] Step 38,400 | Loss: 1.1851 | PPL: 3.27
  [ 40.8%] Step 38,500 | Loss: 1.1880 | PPL: 3.28
  [ 41.2%] Step 38,600 | Loss: 1.1860 | PPL: 3.27
  [ 41.5%] Step 38,700 | Loss: 1.1868 | PPL: 3.28
  [ 41.9%] Step 38,800 | Loss: 1.1856 | PPL: 3.27
  [ 42.3%] Step 38,900 | Loss: 1.1851 | PPL: 3.27
  [ 42.6%] Step 39,000 | Loss: 1.1853 | PPL: 3.27
  [ 43.0%] Step 39,100 | Loss: 1.1885 | PPL: 3.28
  [ 43.4%] Step 39,200 | Loss: 1.1857 | PPL: 3.27
  [ 43.7%] Step 39,300 | Loss: 1.1860 | PPL: 3.27
  [ 44.1%] Step 39,400 | Loss: 1.1830 | PPL: 3.26
  [ 44.5%] Step 39,500 | Loss: 1.1833 | PPL: 3.27
  [ 44.8%] Step 39,600 | Loss: 1.1834 | PPL: 3.27
  [ 45.2%] Step 39,700 | Loss: 1.1859 | PPL: 3.27
  [ 45.6%] Step 39,800 | Loss: 1.1830 | PPL: 3.26
  [ 45.9%] Step 39,900 | Loss: 1.1824 | PPL: 3.26
  [ 46.3%] Step 40,000 | Loss: 1.1833 | PPL: 3.27
  [ 46.7%] Step 40,100 | Loss: 1.1830 | PPL: 3.26
  [ 47.0%] Step 40,200 | Loss: 1.1792 | PPL: 3.25
  [ 47.4%] Step 40,300 | Loss: 1.1848 | PPL: 3.27
  [ 47.7%] Step 40,400 | Loss: 1.1827 | PPL: 3.26
  [ 48.1%] Step 40,500 | Loss: 1.1822 | PPL: 3.26
  [ 48.5%] Step 40,600 | Loss: 1.1800 | PPL: 3.25
  [ 48.8%] Step 40,700 | Loss: 1.1788 | PPL: 3.25
  [ 49.2%] Step 40,800 | Loss: 1.1794 | PPL: 3.25
  [ 49.6%] Step 40,900 | Loss: 1.1814 | PPL: 3.26
  [ 49.9%] Step 41,000 | Loss: 1.1798 | PPL: 3.25
  [ 50.3%] Step 41,100 | Loss: 1.1787 | PPL: 3.25
  [ 50.7%] Step 41,200 | Loss: 1.1770 | PPL: 3.24
  [ 51.0%] Step 41,300 | Loss: 1.1788 | PPL: 3.25
  [ 51.4%] Step 41,400 | Loss: 1.1787 | PPL: 3.25
  [ 51.8%] Step 41,500 | Loss: 1.1824 | PPL: 3.26
  [ 52.1%] Step 41,600 | Loss: 1.1754 | PPL: 3.24
  [ 52.5%] Step 41,700 | Loss: 1.1783 | PPL: 3.25
  [ 52.9%] Step 41,800 | Loss: 1.1768 | PPL: 3.24
  [ 53.2%] Step 41,900 | Loss: 1.1772 | PPL: 3.25
  [ 53.6%] Step 42,000 | Loss: 1.1751 | PPL: 3.24
  [ 54.0%] Step 42,100 | Loss: 1.1763 | PPL: 3.24
  [ 54.3%] Step 42,200 | Loss: 1.1759 | PPL: 3.24
  [ 54.7%] Step 42,300 | Loss: 1.1778 | PPL: 3.25
  [ 55.1%] Step 42,400 | Loss: 1.1746 | PPL: 3.24
  [ 55.4%] Step 42,500 | Loss: 1.1772 | PPL: 3.25
  [ 55.8%] Step 42,600 | Loss: 1.1768 | PPL: 3.24
  [ 56.2%] Step 42,700 | Loss: 1.1779 | PPL: 3.25
  [ 56.5%] Step 42,800 | Loss: 1.1745 | PPL: 3.24
  [ 56.9%] Step 42,900 | Loss: 1.1735 | PPL: 3.23
  [ 57.3%] Step 43,000 | Loss: 1.1758 | PPL: 3.24
  [ 57.6%] Step 43,100 | Loss: 1.1708 | PPL: 3.22
  [ 58.0%] Step 43,200 | Loss: 1.1736 | PPL: 3.23
  [ 58.4%] Step 43,300 | Loss: 1.1712 | PPL: 3.23
  [ 58.7%] Step 43,400 | Loss: 1.1720 | PPL: 3.23
  [ 59.1%] Step 43,500 | Loss: 1.1764 | PPL: 3.24
  [ 59.4%] Step 43,600 | Loss: 1.1777 | PPL: 3.25
  [ 59.8%] Step 43,700 | Loss: 1.1707 | PPL: 3.22
  [ 60.2%] Step 43,800 | Loss: 1.1717 | PPL: 3.23
  [ 60.5%] Step 43,900 | Loss: 1.1739 | PPL: 3.23
  [ 60.9%] Step 44,000 | Loss: 1.1695 | PPL: 3.22
  [ 61.3%] Step 44,100 | Loss: 1.1711 | PPL: 3.23
  [ 61.6%] Step 44,200 | Loss: 1.1760 | PPL: 3.24
  [ 62.0%] Step 44,300 | Loss: 1.1711 | PPL: 3.23
  [ 62.4%] Step 44,400 | Loss: 1.1714 | PPL: 3.23
  [ 62.7%] Step 44,500 | Loss: 1.1719 | PPL: 3.23
  [ 63.1%] Step 44,600 | Loss: 1.1728 | PPL: 3.23
  [ 63.5%] Step 44,700 | Loss: 1.1739 | PPL: 3.23
  [ 63.8%] Step 44,800 | Loss: 1.1708 | PPL: 3.22
  [ 64.2%] Step 44,900 | Loss: 1.1671 | PPL: 3.21
  [ 64.6%] Step 45,000 | Loss: 1.1675 | PPL: 3.21
  [ 64.9%] Step 45,100 | Loss: 1.1694 | PPL: 3.22
  [ 65.3%] Step 45,200 | Loss: 1.1687 | PPL: 3.22
  [ 65.7%] Step 45,300 | Loss: 1.1714 | PPL: 3.23
  [ 66.0%] Step 45,400 | Loss: 1.1695 | PPL: 3.22
  [ 66.4%] Step 45,500 | Loss: 1.1666 | PPL: 3.21
  [ 66.8%] Step 45,600 | Loss: 1.1665 | PPL: 3.21
  [ 67.1%] Step 45,700 | Loss: 1.1685 | PPL: 3.22
  [ 67.5%] Step 45,800 | Loss: 1.1695 | PPL: 3.22
  [ 67.9%] Step 45,900 | Loss: 1.1650 | PPL: 3.21
  [ 68.2%] Step 46,000 | Loss: 1.1688 | PPL: 3.22
  [ 68.6%] Step 46,100 | Loss: 1.1677 | PPL: 3.21
  [ 69.0%] Step 46,200 | Loss: 1.1649 | PPL: 3.21
  [ 69.3%] Step 46,300 | Loss: 1.1702 | PPL: 3.22
  [ 69.7%] Step 46,400 | Loss: 1.1696 | PPL: 3.22
  [ 70.1%] Step 46,500 | Loss: 1.1643 | PPL: 3.20
  [ 70.4%] Step 46,600 | Loss: 1.1645 | PPL: 3.20
  [ 70.8%] Step 46,700 | Loss: 1.1652 | PPL: 3.21
  [ 71.2%] Step 46,800 | Loss: 1.1648 | PPL: 3.21
  [ 71.5%] Step 46,900 | Loss: 1.1641 | PPL: 3.20
  [ 71.9%] Step 47,000 | Loss: 1.1622 | PPL: 3.20
  [ 72.2%] Step 47,100 | Loss: 1.1661 | PPL: 3.21
  [ 72.6%] Step 47,200 | Loss: 1.1687 | PPL: 3.22
  [ 73.0%] Step 47,300 | Loss: 1.1674 | PPL: 3.21
  [ 73.3%] Step 47,400 | Loss: 1.1679 | PPL: 3.22
  [ 73.7%] Step 47,500 | Loss: 1.1638 | PPL: 3.20
  [ 74.1%] Step 47,600 | Loss: 1.1622 | PPL: 3.20
  [ 74.4%] Step 47,700 | Loss: 1.1638 | PPL: 3.20
  [ 74.8%] Step 47,800 | Loss: 1.1684 | PPL: 3.22
  [ 75.2%] Step 47,900 | Loss: 1.1638 | PPL: 3.20
  [ 75.5%] Step 48,000 | Loss: 1.1633 | PPL: 3.20
  [ 75.9%] Step 48,100 | Loss: 1.1665 | PPL: 3.21
  [ 76.3%] Step 48,200 | Loss: 1.1604 | PPL: 3.19
  [ 76.6%] Step 48,300 | Loss: 1.1639 | PPL: 3.20
  [ 77.0%] Step 48,400 | Loss: 1.1610 | PPL: 3.19
  [ 77.4%] Step 48,500 | Loss: 1.1612 | PPL: 3.19
  [ 77.7%] Step 48,600 | Loss: 1.1644 | PPL: 3.20
  [ 78.1%] Step 48,700 | Loss: 1.1653 | PPL: 3.21
  [ 78.5%] Step 48,800 | Loss: 1.1629 | PPL: 3.20
  [ 78.8%] Step 48,900 | Loss: 1.1614 | PPL: 3.19
  [ 79.2%] Step 49,000 | Loss: 1.1632 | PPL: 3.20
  [ 79.6%] Step 49,100 | Loss: 1.1564 | PPL: 3.18
  [ 79.9%] Step 49,200 | Loss: 1.1621 | PPL: 3.20
  [ 80.3%] Step 49,300 | Loss: 1.1595 | PPL: 3.19
  [ 80.7%] Step 49,400 | Loss: 1.1614 | PPL: 3.19
  [ 81.0%] Step 49,500 | Loss: 1.1589 | PPL: 3.19
  [ 81.4%] Step 49,600 | Loss: 1.1593 | PPL: 3.19
  [ 81.8%] Step 49,700 | Loss: 1.1611 | PPL: 3.19
  [ 82.1%] Step 49,800 | Loss: 1.1589 | PPL: 3.19
  [ 82.5%] Step 49,900 | Loss: 1.1581 | PPL: 3.18
  [ 82.9%] Step 50,000 | Loss: 1.1568 | PPL: 3.18
  [ 83.2%] Step 50,100 | Loss: 1.1599 | PPL: 3.19
  [ 83.6%] Step 50,200 | Loss: 1.1594 | PPL: 3.19
  [ 84.0%] Step 50,300 | Loss: 1.1614 | PPL: 3.19
  [ 84.3%] Step 50,400 | Loss: 1.1572 | PPL: 3.18
  [ 84.7%] Step 50,500 | Loss: 1.1572 | PPL: 3.18
  [ 85.0%] Step 50,600 | Loss: 1.1592 | PPL: 3.19
  [ 85.4%] Step 50,700 | Loss: 1.1542 | PPL: 3.17
  [ 85.8%] Step 50,800 | Loss: 1.1557 | PPL: 3.18
  [ 86.1%] Step 50,900 | Loss: 1.1552 | PPL: 3.17
  [ 86.5%] Step 51,000 | Loss: 1.1571 | PPL: 3.18
  [ 86.9%] Step 51,100 | Loss: 1.1572 | PPL: 3.18
  [ 87.2%] Step 51,200 | Loss: 1.1553 | PPL: 3.17
  [ 87.6%] Step 51,300 | Loss: 1.1575 | PPL: 3.18
  [ 88.0%] Step 51,400 | Loss: 1.1545 | PPL: 3.17
  [ 88.3%] Step 51,500 | Loss: 1.1556 | PPL: 3.18
  [ 88.7%] Step 51,600 | Loss: 1.1582 | PPL: 3.18
  [ 89.1%] Step 51,700 | Loss: 1.1536 | PPL: 3.17
  [ 89.4%] Step 51,800 | Loss: 1.1564 | PPL: 3.18
  [ 89.8%] Step 51,900 | Loss: 1.1540 | PPL: 3.17
  [ 90.2%] Step 52,000 | Loss: 1.1576 | PPL: 3.18
  [ 90.5%] Step 52,100 | Loss: 1.1566 | PPL: 3.18
  [ 90.9%] Step 52,200 | Loss: 1.1534 | PPL: 3.17
  [ 91.3%] Step 52,300 | Loss: 1.1567 | PPL: 3.18
  [ 91.6%] Step 52,400 | Loss: 1.1582 | PPL: 3.18
  [ 92.0%] Step 52,500 | Loss: 1.1551 | PPL: 3.17
  [ 92.4%] Step 52,600 | Loss: 1.1527 | PPL: 3.17
  [ 92.7%] Step 52,700 | Loss: 1.1546 | PPL: 3.17
  [ 93.1%] Step 52,800 | Loss: 1.1559 | PPL: 3.18
  [ 93.5%] Step 52,900 | Loss: 1.1515 | PPL: 3.16
  [ 93.8%] Step 53,000 | Loss: 1.1531 | PPL: 3.17
  [ 94.2%] Step 53,100 | Loss: 1.1533 | PPL: 3.17
  [ 94.6%] Step 53,200 | Loss: 1.1532 | PPL: 3.17
  [ 94.9%] Step 53,300 | Loss: 1.1522 | PPL: 3.17
  [ 95.3%] Step 53,400 | Loss: 1.1524 | PPL: 3.17
  [ 95.7%] Step 53,500 | Loss: 1.1550 | PPL: 3.17
  [ 96.0%] Step 53,600 | Loss: 1.1532 | PPL: 3.17
  [ 96.4%] Step 53,700 | Loss: 1.1516 | PPL: 3.16
  [ 96.8%] Step 53,800 | Loss: 1.1516 | PPL: 3.16
  [ 97.1%] Step 53,900 | Loss: 1.1524 | PPL: 3.17
  [ 97.5%] Step 54,000 | Loss: 1.1512 | PPL: 3.16
  [ 97.8%] Step 54,100 | Loss: 1.1546 | PPL: 3.17
  [ 98.2%] Step 54,200 | Loss: 1.1511 | PPL: 3.16
  [ 98.6%] Step 54,300 | Loss: 1.1513 | PPL: 3.16
  [ 98.9%] Step 54,400 | Loss: 1.1464 | PPL: 3.15
  [ 99.3%] Step 54,500 | Loss: 1.1529 | PPL: 3.17
  [ 99.7%] Step 54,600 | Loss: 1.1505 | PPL: 3.16
  [100.0%] Step 54,688 | Loss: 1.1468 | PPL: 3.15
[Epoch 2/3] Validating...
[Epoch 2/3] Loss: 1.2278 | PPL: 3.41
  -> Saved best model to checkpoints_v6\kk_best.pt
[Epoch 3/3] Starting...
  [  0.0%] Step 54,700 | Loss: 1.1497 | PPL: 3.16
  [  0.4%] Step 54,800 | Loss: 1.1480 | PPL: 3.15
  [  0.8%] Step 54,900 | Loss: 1.1475 | PPL: 3.15
  [  1.1%] Step 55,000 | Loss: 1.1480 | PPL: 3.15
  [  1.5%] Step 55,100 | Loss: 1.1507 | PPL: 3.16
  [  1.9%] Step 55,200 | Loss: 1.1472 | PPL: 3.15
  [  2.2%] Step 55,300 | Loss: 1.1470 | PPL: 3.15
  [  2.6%] Step 55,400 | Loss: 1.1498 | PPL: 3.16
  [  3.0%] Step 55,500 | Loss: 1.1491 | PPL: 3.16
  [  3.3%] Step 55,600 | Loss: 1.1505 | PPL: 3.16
  [  3.7%] Step 55,700 | Loss: 1.1488 | PPL: 3.15
  [  4.1%] Step 55,800 | Loss: 1.1468 | PPL: 3.15
  [  4.4%] Step 55,900 | Loss: 1.1484 | PPL: 3.15
  [  4.8%] Step 56,000 | Loss: 1.1479 | PPL: 3.15
  [  5.2%] Step 56,100 | Loss: 1.1468 | PPL: 3.15
  [  5.5%] Step 56,200 | Loss: 1.1503 | PPL: 3.16
  [  5.9%] Step 56,300 | Loss: 1.1505 | PPL: 3.16
  [  6.3%] Step 56,400 | Loss: 1.1456 | PPL: 3.14
  [  6.6%] Step 56,500 | Loss: 1.1496 | PPL: 3.16
  [  7.0%] Step 56,600 | Loss: 1.1460 | PPL: 3.15
  [  7.4%] Step 56,700 | Loss: 1.1490 | PPL: 3.15
  [  7.7%] Step 56,800 | Loss: 1.1488 | PPL: 3.15
  [  8.1%] Step 56,900 | Loss: 1.1440 | PPL: 3.14
  [  8.5%] Step 57,000 | Loss: 1.1448 | PPL: 3.14
  [  8.8%] Step 57,100 | Loss: 1.1453 | PPL: 3.14
  [  9.2%] Step 57,200 | Loss: 1.1448 | PPL: 3.14
  [  9.6%] Step 57,300 | Loss: 1.1479 | PPL: 3.15
  [  9.9%] Step 57,400 | Loss: 1.1451 | PPL: 3.14
  [ 10.3%] Step 57,500 | Loss: 1.1423 | PPL: 3.13
  [ 10.6%] Step 57,600 | Loss: 1.1482 | PPL: 3.15
  [ 11.0%] Step 57,700 | Loss: 1.1431 | PPL: 3.14
  [ 11.4%] Step 57,800 | Loss: 1.1454 | PPL: 3.14
  [ 11.7%] Step 57,900 | Loss: 1.1457 | PPL: 3.14
  [ 12.1%] Step 58,000 | Loss: 1.1455 | PPL: 3.14
  [ 12.5%] Step 58,100 | Loss: 1.1437 | PPL: 3.14
  [ 12.8%] Step 58,200 | Loss: 1.1441 | PPL: 3.14
  [ 13.2%] Step 58,300 | Loss: 1.1445 | PPL: 3.14
  [ 13.6%] Step 58,400 | Loss: 1.1421 | PPL: 3.13
  [ 13.9%] Step 58,500 | Loss: 1.1421 | PPL: 3.13
  [ 14.3%] Step 58,600 | Loss: 1.1431 | PPL: 3.14
  [ 14.7%] Step 58,700 | Loss: 1.1419 | PPL: 3.13
  [ 15.0%] Step 58,800 | Loss: 1.1446 | PPL: 3.14
  [ 15.4%] Step 58,900 | Loss: 1.1453 | PPL: 3.14
  [ 15.8%] Step 59,000 | Loss: 1.1416 | PPL: 3.13
  [ 16.1%] Step 59,100 | Loss: 1.1423 | PPL: 3.13
  [ 16.5%] Step 59,200 | Loss: 1.1426 | PPL: 3.14
  [ 16.9%] Step 59,300 | Loss: 1.1385 | PPL: 3.12
  [ 17.2%] Step 59,400 | Loss: 1.1434 | PPL: 3.14
  [ 17.6%] Step 59,500 | Loss: 1.1426 | PPL: 3.13
  [ 18.0%] Step 59,600 | Loss: 1.1395 | PPL: 3.13
  [ 18.3%] Step 59,700 | Loss: 1.1451 | PPL: 3.14
  [ 18.7%] Step 59,800 | Loss: 1.1429 | PPL: 3.14
  [ 19.1%] Step 59,900 | Loss: 1.1427 | PPL: 3.14
  [ 19.4%] Step 60,000 | Loss: 1.1378 | PPL: 3.12
  [ 19.8%] Step 60,100 | Loss: 1.1431 | PPL: 3.14
  [ 20.2%] Step 60,200 | Loss: 1.1398 | PPL: 3.13
  [ 20.5%] Step 60,300 | Loss: 1.1423 | PPL: 3.13
  [ 20.9%] Step 60,400 | Loss: 1.1428 | PPL: 3.14
  [ 21.3%] Step 60,500 | Loss: 1.1416 | PPL: 3.13
  [ 21.6%] Step 60,600 | Loss: 1.1370 | PPL: 3.12
  [ 22.0%] Step 60,700 | Loss: 1.1393 | PPL: 3.12
  [ 22.4%] Step 60,800 | Loss: 1.1383 | PPL: 3.12
  [ 22.7%] Step 60,900 | Loss: 1.1394 | PPL: 3.12
  [ 23.1%] Step 61,000 | Loss: 1.1423 | PPL: 3.13
  [ 23.4%] Step 61,100 | Loss: 1.1439 | PPL: 3.14
  [ 23.8%] Step 61,200 | Loss: 1.1377 | PPL: 3.12
  [ 24.2%] Step 61,300 | Loss: 1.1416 | PPL: 3.13
  [ 24.5%] Step 61,400 | Loss: 1.1412 | PPL: 3.13
  [ 24.9%] Step 61,500 | Loss: 1.1391 | PPL: 3.12
  [ 25.3%] Step 61,600 | Loss: 1.1368 | PPL: 3.12
  [ 25.6%] Step 61,700 | Loss: 1.1349 | PPL: 3.11
  [ 26.0%] Step 61,800 | Loss: 1.1406 | PPL: 3.13
  [ 26.4%] Step 61,900 | Loss: 1.1367 | PPL: 3.12
  [ 26.7%] Step 62,000 | Loss: 1.1369 | PPL: 3.12
  [ 27.1%] Step 62,100 | Loss: 1.1390 | PPL: 3.12
  [ 27.5%] Step 62,200 | Loss: 1.1344 | PPL: 3.11
  [ 27.8%] Step 62,300 | Loss: 1.1380 | PPL: 3.12
  [ 28.2%] Step 62,400 | Loss: 1.1367 | PPL: 3.12
  [ 28.6%] Step 62,500 | Loss: 1.1375 | PPL: 3.12
  [ 28.9%] Step 62,600 | Loss: 1.1355 | PPL: 3.11
  [ 29.3%] Step 62,700 | Loss: 1.1391 | PPL: 3.12
  [ 29.7%] Step 62,800 | Loss: 1.1397 | PPL: 3.13
wandb: Tracking run with wandb version 0.23.1
wandb: W&B syncing is set to `offline` in this directory. Run `wandb online` or set WANDB_MODE=online to enable cloud syncing.
wandb: Run data is saved locally in C:\Users\Test\PROJECTS\LSTM\wandb\offline-run-20260903_224159-zs33o50c
Loading data from rebuild_2026-09\corpora_clean_v6\oscar_kk_ipa.txt...
  Loaded: 10,000,000 chars total
  Train: 7,000,000 chars
  Val: 1,500,000 chars
  Test: 1,500,000 chars
Building vocab from training text...
  Vocab size: 41
============================================================
Training config
============================================================
  Language: Kazakh (kk)
  Mode: Train from scratch
  Device: cuda
  Batch size: 256
  Workers: 0
  Pin memory: True
  Epochs: 3
  LR: 0.0001
  Seed: 1234
  Freeze embed: False
  Output: checkpoints_v6\kk_best.pt
Creating data loaders...
  Train batches: 27,344
  Val batches: 5,859

Model config
  Device: cuda
  Embed dim: 128
  Hidden dim: 256
  Layers: 2
  Parameters: 937,385
  Optimizer: Adam (lr=0.0001)
Resuming from epoch 2 (checkpoints_v6\kk_best.pt.resume)
============================================================
Starting training: 3 epochs, 27344 batches/epoch
============================================================
[Epoch 3/3] Starting...
  [  0.0%] Step 54,700 | Loss: 1.1407 | PPL: 3.13
  [  0.4%] Step 54,800 | Loss: 1.1499 | PPL: 3.16
wandb: Tracking run with wandb version 0.23.1
wandb: W&B syncing is set to `offline` in this directory. Run `wandb online` or set WANDB_MODE=online to enable cloud syncing.
wandb: Run data is saved locally in C:\Users\Test\PROJECTS\LSTM\wandb\offline-run-20260903_224603-v7frhkyf
Loading data from rebuild_2026-09\corpora_clean_v6\oscar_kk_ipa.txt...
  Loaded: 10,000,000 chars total
  Train: 7,000,000 chars
  Val: 1,500,000 chars
  Test: 1,500,000 chars
Building vocab from training text...
  Vocab size: 41
============================================================
Training config
============================================================
  Language: Kazakh (kk)
  Mode: Train from scratch
  Device: cuda
  Batch size: 256
  Workers: 0
  Pin memory: True
  Epochs: 3
  LR: 0.0001
  Seed: 1234
  Freeze embed: False
  Output: checkpoints_v6\kk_best.pt
Creating data loaders...
  Train batches: 27,344
  Val batches: 5,859

Model config
  Device: cuda
  Embed dim: 128
  Hidden dim: 256
  Layers: 2
  Parameters: 937,385
  Optimizer: Adam (lr=0.0001)
Resuming from epoch 2 (checkpoints_v6\kk_best.pt.resume)
============================================================
Starting training: 3 epochs, 27344 batches/epoch
============================================================
[Epoch 3/3] Starting...
  [  0.0%] Step 54,700 | Loss: 1.1407 | PPL: 3.13
  [  0.4%] Step 54,800 | Loss: 1.1499 | PPL: 3.16
  [  0.8%] Step 54,900 | Loss: 1.1494 | PPL: 3.16
  [  1.1%] Step 55,000 | Loss: 1.1506 | PPL: 3.16
  [  1.5%] Step 55,100 | Loss: 1.1464 | PPL: 3.15
  [  1.9%] Step 55,200 | Loss: 1.1512 | PPL: 3.16
  [  2.2%] Step 55,300 | Loss: 1.1491 | PPL: 3.16
  [  2.6%] Step 55,400 | Loss: 1.1517 | PPL: 3.16
  [  3.0%] Step 55,500 | Loss: 1.1502 | PPL: 3.16
  [  3.3%] Step 55,600 | Loss: 1.1478 | PPL: 3.15
  [  3.7%] Step 55,700 | Loss: 1.1484 | PPL: 3.15
  [  4.1%] Step 55,800 | Loss: 1.1515 | PPL: 3.16
  [  4.4%] Step 55,900 | Loss: 1.1492 | PPL: 3.16
  [  4.8%] Step 56,000 | Loss: 1.1469 | PPL: 3.15
  [  5.2%] Step 56,100 | Loss: 1.1481 | PPL: 3.15
  [  5.5%] Step 56,200 | Loss: 1.1467 | PPL: 3.15
  [  5.9%] Step 56,300 | Loss: 1.1499 | PPL: 3.16
  [  6.3%] Step 56,400 | Loss: 1.1480 | PPL: 3.15
  [  6.6%] Step 56,500 | Loss: 1.1448 | PPL: 3.14
  [  7.0%] Step 56,600 | Loss: 1.1442 | PPL: 3.14
  [  7.4%] Step 56,700 | Loss: 1.1432 | PPL: 3.14
  [  7.7%] Step 56,800 | Loss: 1.1489 | PPL: 3.15
  [  8.1%] Step 56,900 | Loss: 1.1453 | PPL: 3.14
  [  8.5%] Step 57,000 | Loss: 1.1454 | PPL: 3.14
  [  8.8%] Step 57,100 | Loss: 1.1455 | PPL: 3.14
  [  9.2%] Step 57,200 | Loss: 1.1466 | PPL: 3.15
  [  9.6%] Step 57,300 | Loss: 1.1459 | PPL: 3.15
  [  9.9%] Step 57,400 | Loss: 1.1446 | PPL: 3.14
  [ 10.3%] Step 57,500 | Loss: 1.1467 | PPL: 3.15
  [ 10.6%] Step 57,600 | Loss: 1.1444 | PPL: 3.14
  [ 11.0%] Step 57,700 | Loss: 1.1455 | PPL: 3.14
  [ 11.4%] Step 57,800 | Loss: 1.1444 | PPL: 3.14
  [ 11.7%] Step 57,900 | Loss: 1.1410 | PPL: 3.13
  [ 12.1%] Step 58,000 | Loss: 1.1440 | PPL: 3.14
  [ 12.5%] Step 58,100 | Loss: 1.1454 | PPL: 3.14
  [ 12.8%] Step 58,200 | Loss: 1.1441 | PPL: 3.14
  [ 13.2%] Step 58,300 | Loss: 1.1430 | PPL: 3.14
  [ 13.6%] Step 58,400 | Loss: 1.1410 | PPL: 3.13
  [ 13.9%] Step 58,500 | Loss: 1.1436 | PPL: 3.14
  [ 14.3%] Step 58,600 | Loss: 1.1394 | PPL: 3.12
  [ 14.7%] Step 58,700 | Loss: 1.1429 | PPL: 3.14
  [ 15.0%] Step 58,800 | Loss: 1.1386 | PPL: 3.12
  [ 15.4%] Step 58,900 | Loss: 1.1446 | PPL: 3.14
  [ 15.8%] Step 59,000 | Loss: 1.1437 | PPL: 3.14
  [ 16.1%] Step 59,100 | Loss: 1.1421 | PPL: 3.13
  [ 16.5%] Step 59,200 | Loss: 1.1408 | PPL: 3.13
  [ 16.9%] Step 59,300 | Loss: 1.1427 | PPL: 3.14
  [ 17.2%] Step 59,400 | Loss: 1.1408 | PPL: 3.13
  [ 17.6%] Step 59,500 | Loss: 1.1414 | PPL: 3.13
  [ 18.0%] Step 59,600 | Loss: 1.1392 | PPL: 3.12
  [ 18.3%] Step 59,700 | Loss: 1.1415 | PPL: 3.13
  [ 18.7%] Step 59,800 | Loss: 1.1445 | PPL: 3.14
  [ 19.1%] Step 59,900 | Loss: 1.1437 | PPL: 3.14
  [ 19.4%] Step 60,000 | Loss: 1.1409 | PPL: 3.13
  [ 19.8%] Step 60,100 | Loss: 1.1419 | PPL: 3.13
  [ 20.2%] Step 60,200 | Loss: 1.1425 | PPL: 3.13
  [ 20.5%] Step 60,300 | Loss: 1.1419 | PPL: 3.13
  [ 20.9%] Step 60,400 | Loss: 1.1375 | PPL: 3.12
  [ 21.3%] Step 60,500 | Loss: 1.1419 | PPL: 3.13
  [ 21.6%] Step 60,600 | Loss: 1.1450 | PPL: 3.14
  [ 22.0%] Step 60,700 | Loss: 1.1415 | PPL: 3.13
  [ 22.4%] Step 60,800 | Loss: 1.1411 | PPL: 3.13
  [ 22.7%] Step 60,900 | Loss: 1.1368 | PPL: 3.12
  [ 23.1%] Step 61,000 | Loss: 1.1372 | PPL: 3.12
  [ 23.4%] Step 61,100 | Loss: 1.1381 | PPL: 3.12
  [ 23.8%] Step 61,200 | Loss: 1.1421 | PPL: 3.13
  [ 24.2%] Step 61,300 | Loss: 1.1409 | PPL: 3.13
  [ 24.5%] Step 61,400 | Loss: 1.1402 | PPL: 3.13
  [ 24.9%] Step 61,500 | Loss: 1.1416 | PPL: 3.13
  [ 25.3%] Step 61,600 | Loss: 1.1373 | PPL: 3.12
  [ 25.6%] Step 61,700 | Loss: 1.1400 | PPL: 3.13
  [ 26.0%] Step 61,800 | Loss: 1.1383 | PPL: 3.12
  [ 26.4%] Step 61,900 | Loss: 1.1392 | PPL: 3.12
  [ 26.7%] Step 62,000 | Loss: 1.1396 | PPL: 3.13
  [ 27.1%] Step 62,100 | Loss: 1.1373 | PPL: 3.12
  [ 27.5%] Step 62,200 | Loss: 1.1374 | PPL: 3.12
  [ 27.8%] Step 62,300 | Loss: 1.1407 | PPL: 3.13
  [ 28.2%] Step 62,400 | Loss: 1.1389 | PPL: 3.12
  [ 28.6%] Step 62,500 | Loss: 1.1377 | PPL: 3.12
  [ 28.9%] Step 62,600 | Loss: 1.1383 | PPL: 3.12
  [ 29.3%] Step 62,700 | Loss: 1.1394 | PPL: 3.12
  [ 29.7%] Step 62,800 | Loss: 1.1321 | PPL: 3.10
  [ 30.0%] Step 62,900 | Loss: 1.1368 | PPL: 3.12
  [ 30.4%] Step 63,000 | Loss: 1.1358 | PPL: 3.11
  [ 30.8%] Step 63,100 | Loss: 1.1368 | PPL: 3.12
  [ 31.1%] Step 63,200 | Loss: 1.1320 | PPL: 3.10
  [ 31.5%] Step 63,300 | Loss: 1.1334 | PPL: 3.11
  [ 31.9%] Step 63,400 | Loss: 1.1368 | PPL: 3.12
  [ 32.2%] Step 63,500 | Loss: 1.1356 | PPL: 3.11
  [ 32.6%] Step 63,600 | Loss: 1.1371 | PPL: 3.12
  [ 33.0%] Step 63,700 | Loss: 1.1349 | PPL: 3.11
  [ 33.3%] Step 63,800 | Loss: 1.1364 | PPL: 3.12
  [ 33.7%] Step 63,900 | Loss: 1.1347 | PPL: 3.11
  [ 34.1%] Step 64,000 | Loss: 1.1358 | PPL: 3.11
  [ 34.4%] Step 64,100 | Loss: 1.1377 | PPL: 3.12
  [ 34.8%] Step 64,200 | Loss: 1.1362 | PPL: 3.11
  [ 35.2%] Step 64,300 | Loss: 1.1363 | PPL: 3.12
  [ 35.5%] Step 64,400 | Loss: 1.1343 | PPL: 3.11
  [ 35.9%] Step 64,500 | Loss: 1.1332 | PPL: 3.11
  [ 36.2%] Step 64,600 | Loss: 1.1360 | PPL: 3.11
  [ 36.6%] Step 64,700 | Loss: 1.1348 | PPL: 3.11
  [ 37.0%] Step 64,800 | Loss: 1.1338 | PPL: 3.11
  [ 37.3%] Step 64,900 | Loss: 1.1349 | PPL: 3.11
  [ 37.7%] Step 65,000 | Loss: 1.1311 | PPL: 3.10
  [ 38.1%] Step 65,100 | Loss: 1.1351 | PPL: 3.11
  [ 38.4%] Step 65,200 | Loss: 1.1367 | PPL: 3.12
  [ 38.8%] Step 65,300 | Loss: 1.1328 | PPL: 3.10
  [ 39.2%] Step 65,400 | Loss: 1.1328 | PPL: 3.10
  [ 39.5%] Step 65,500 | Loss: 1.1336 | PPL: 3.11
  [ 39.9%] Step 65,600 | Loss: 1.1378 | PPL: 3.12
  [ 40.3%] Step 65,700 | Loss: 1.1305 | PPL: 3.10
  [ 40.6%] Step 65,800 | Loss: 1.1343 | PPL: 3.11
  [ 41.0%] Step 65,900 | Loss: 1.1341 | PPL: 3.11
  [ 41.4%] Step 66,000 | Loss: 1.1330 | PPL: 3.10
  [ 41.7%] Step 66,100 | Loss: 1.1345 | PPL: 3.11
  [ 42.1%] Step 66,200 | Loss: 1.1352 | PPL: 3.11
  [ 42.5%] Step 66,300 | Loss: 1.1323 | PPL: 3.10
  [ 42.8%] Step 66,400 | Loss: 1.1288 | PPL: 3.09
  [ 43.2%] Step 66,500 | Loss: 1.1319 | PPL: 3.10
  [ 43.6%] Step 66,600 | Loss: 1.1318 | PPL: 3.10
  [ 43.9%] Step 66,700 | Loss: 1.1284 | PPL: 3.09
  [ 44.3%] Step 66,800 | Loss: 1.1302 | PPL: 3.10
  [ 44.7%] Step 66,900 | Loss: 1.1308 | PPL: 3.10
  [ 45.0%] Step 67,000 | Loss: 1.1335 | PPL: 3.11
  [ 45.4%] Step 67,100 | Loss: 1.1333 | PPL: 3.11
  [ 45.8%] Step 67,200 | Loss: 1.1295 | PPL: 3.09
  [ 46.1%] Step 67,300 | Loss: 1.1326 | PPL: 3.10
  [ 46.5%] Step 67,400 | Loss: 1.1299 | PPL: 3.10
  [ 46.9%] Step 67,500 | Loss: 1.1278 | PPL: 3.09
  [ 47.2%] Step 67,600 | Loss: 1.1297 | PPL: 3.09
  [ 47.6%] Step 67,700 | Loss: 1.1293 | PPL: 3.09
  [ 48.0%] Step 67,800 | Loss: 1.1300 | PPL: 3.10
  [ 48.3%] Step 67,900 | Loss: 1.1322 | PPL: 3.10
  [ 48.7%] Step 68,000 | Loss: 1.1259 | PPL: 3.08
  [ 49.0%] Step 68,100 | Loss: 1.1336 | PPL: 3.11
  [ 49.4%] Step 68,200 | Loss: 1.1297 | PPL: 3.09
  [ 49.8%] Step 68,300 | Loss: 1.1295 | PPL: 3.09
  [ 50.1%] Step 68,400 | Loss: 1.1323 | PPL: 3.10
  [ 50.5%] Step 68,500 | Loss: 1.1291 | PPL: 3.09
  [ 50.9%] Step 68,600 | Loss: 1.1298 | PPL: 3.10
  [ 51.2%] Step 68,700 | Loss: 1.1288 | PPL: 3.09
  [ 51.6%] Step 68,800 | Loss: 1.1319 | PPL: 3.10
  [ 52.0%] Step 68,900 | Loss: 1.1300 | PPL: 3.10
  [ 52.3%] Step 69,000 | Loss: 1.1295 | PPL: 3.09
  [ 52.7%] Step 69,100 | Loss: 1.1299 | PPL: 3.10
  [ 53.1%] Step 69,200 | Loss: 1.1282 | PPL: 3.09
  [ 53.4%] Step 69,300 | Loss: 1.1282 | PPL: 3.09
  [ 53.8%] Step 69,400 | Loss: 1.1279 | PPL: 3.09
  [ 54.2%] Step 69,500 | Loss: 1.1262 | PPL: 3.08
  [ 54.5%] Step 69,600 | Loss: 1.1261 | PPL: 3.08
  [ 54.9%] Step 69,700 | Loss: 1.1262 | PPL: 3.08
  [ 55.3%] Step 69,800 | Loss: 1.1292 | PPL: 3.09
  [ 55.6%] Step 69,900 | Loss: 1.1263 | PPL: 3.08
  [ 56.0%] Step 70,000 | Loss: 1.1285 | PPL: 3.09
  [ 56.4%] Step 70,100 | Loss: 1.1300 | PPL: 3.10
  [ 56.7%] Step 70,200 | Loss: 1.1300 | PPL: 3.10
  [ 57.1%] Step 70,300 | Loss: 1.1246 | PPL: 3.08
  [ 57.5%] Step 70,400 | Loss: 1.1285 | PPL: 3.09
  [ 57.8%] Step 70,500 | Loss: 1.1286 | PPL: 3.09
  [ 58.2%] Step 70,600 | Loss: 1.1261 | PPL: 3.08
  [ 58.6%] Step 70,700 | Loss: 1.1276 | PPL: 3.09
  [ 58.9%] Step 70,800 | Loss: 1.1266 | PPL: 3.09
  [ 59.3%] Step 70,900 | Loss: 1.1290 | PPL: 3.09
  [ 59.7%] Step 71,000 | Loss: 1.1246 | PPL: 3.08
  [ 60.0%] Step 71,100 | Loss: 1.1276 | PPL: 3.09
  [ 60.4%] Step 71,200 | Loss: 1.1318 | PPL: 3.10
  [ 60.8%] Step 71,300 | Loss: 1.1290 | PPL: 3.09
  [ 61.1%] Step 71,400 | Loss: 1.1248 | PPL: 3.08
  [ 61.5%] Step 71,500 | Loss: 1.1260 | PPL: 3.08
  [ 61.8%] Step 71,600 | Loss: 1.1243 | PPL: 3.08
  [ 62.2%] Step 71,700 | Loss: 1.1272 | PPL: 3.09
  [ 62.6%] Step 71,800 | Loss: 1.1265 | PPL: 3.08
  [ 62.9%] Step 71,900 | Loss: 1.1237 | PPL: 3.08
  [ 63.3%] Step 72,000 | Loss: 1.1246 | PPL: 3.08
  [ 63.7%] Step 72,100 | Loss: 1.1267 | PPL: 3.09
  [ 64.0%] Step 72,200 | Loss: 1.1292 | PPL: 3.09
  [ 64.4%] Step 72,300 | Loss: 1.1265 | PPL: 3.08
  [ 64.8%] Step 72,400 | Loss: 1.1290 | PPL: 3.09
  [ 65.1%] Step 72,500 | Loss: 1.1263 | PPL: 3.08
  [ 65.5%] Step 72,600 | Loss: 1.1238 | PPL: 3.08
  [ 65.9%] Step 72,700 | Loss: 1.1255 | PPL: 3.08
  [ 66.2%] Step 72,800 | Loss: 1.1254 | PPL: 3.08
  [ 66.6%] Step 72,900 | Loss: 1.1251 | PPL: 3.08
  [ 67.0%] Step 73,000 | Loss: 1.1238 | PPL: 3.08
  [ 67.3%] Step 73,100 | Loss: 1.1223 | PPL: 3.07
  [ 67.7%] Step 73,200 | Loss: 1.1252 | PPL: 3.08
  [ 68.1%] Step 73,300 | Loss: 1.1222 | PPL: 3.07
  [ 68.4%] Step 73,400 | Loss: 1.1222 | PPL: 3.07
  [ 68.8%] Step 73,500 | Loss: 1.1261 | PPL: 3.08
  [ 69.2%] Step 73,600 | Loss: 1.1239 | PPL: 3.08
  [ 69.5%] Step 73,700 | Loss: 1.1233 | PPL: 3.07
  [ 69.9%] Step 73,800 | Loss: 1.1220 | PPL: 3.07
  [ 70.3%] Step 73,900 | Loss: 1.1243 | PPL: 3.08
  [ 70.6%] Step 74,000 | Loss: 1.1228 | PPL: 3.07
  [ 71.0%] Step 74,100 | Loss: 1.1237 | PPL: 3.08
  [ 71.4%] Step 74,200 | Loss: 1.1218 | PPL: 3.07
  [ 71.7%] Step 74,300 | Loss: 1.1243 | PPL: 3.08
  [ 72.1%] Step 74,400 | Loss: 1.1266 | PPL: 3.09
  [ 72.5%] Step 74,500 | Loss: 1.1215 | PPL: 3.07
  [ 72.8%] Step 74,600 | Loss: 1.1234 | PPL: 3.08
  [ 73.2%] Step 74,700 | Loss: 1.1193 | PPL: 3.06
  [ 73.6%] Step 74,800 | Loss: 1.1207 | PPL: 3.07
  [ 73.9%] Step 74,900 | Loss: 1.1237 | PPL: 3.08
  [ 74.3%] Step 75,000 | Loss: 1.1210 | PPL: 3.07
  [ 74.6%] Step 75,100 | Loss: 1.1207 | PPL: 3.07
  [ 75.0%] Step 75,200 | Loss: 1.1194 | PPL: 3.06
  [ 75.4%] Step 75,300 | Loss: 1.1220 | PPL: 3.07
  [ 75.7%] Step 75,400 | Loss: 1.1187 | PPL: 3.06
  [ 76.1%] Step 75,500 | Loss: 1.1198 | PPL: 3.06
  [ 76.5%] Step 75,600 | Loss: 1.1237 | PPL: 3.08
  [ 76.8%] Step 75,700 | Loss: 1.1243 | PPL: 3.08
  [ 77.2%] Step 75,800 | Loss: 1.1186 | PPL: 3.06
  [ 77.6%] Step 75,900 | Loss: 1.1237 | PPL: 3.08
  [ 77.9%] Step 76,000 | Loss: 1.1235 | PPL: 3.08
  [ 78.3%] Step 76,100 | Loss: 1.1220 | PPL: 3.07
  [ 78.7%] Step 76,200 | Loss: 1.1193 | PPL: 3.06
  [ 79.0%] Step 76,300 | Loss: 1.1216 | PPL: 3.07
  [ 79.4%] Step 76,400 | Loss: 1.1191 | PPL: 3.06
  [ 79.8%] Step 76,500 | Loss: 1.1150 | PPL: 3.05
  [ 80.1%] Step 76,600 | Loss: 1.1196 | PPL: 3.06
  [ 80.5%] Step 76,700 | Loss: 1.1186 | PPL: 3.06
  [ 80.9%] Step 76,800 | Loss: 1.1216 | PPL: 3.07
  [ 81.2%] Step 76,900 | Loss: 1.1193 | PPL: 3.06
  [ 81.6%] Step 77,000 | Loss: 1.1211 | PPL: 3.07
  [ 82.0%] Step 77,100 | Loss: 1.1209 | PPL: 3.07
  [ 82.3%] Step 77,200 | Loss: 1.1176 | PPL: 3.06
  [ 82.7%] Step 77,300 | Loss: 1.1201 | PPL: 3.07
  [ 83.1%] Step 77,400 | Loss: 1.1158 | PPL: 3.05
  [ 83.4%] Step 77,500 | Loss: 1.1180 | PPL: 3.06
  [ 83.8%] Step 77,600 | Loss: 1.1213 | PPL: 3.07
  [ 84.2%] Step 77,700 | Loss: 1.1170 | PPL: 3.06
  [ 84.5%] Step 77,800 | Loss: 1.1172 | PPL: 3.06
  [ 84.9%] Step 77,900 | Loss: 1.1196 | PPL: 3.06
  [ 85.3%] Step 78,000 | Loss: 1.1153 | PPL: 3.05
  [ 85.6%] Step 78,100 | Loss: 1.1183 | PPL: 3.06
  [ 86.0%] Step 78,200 | Loss: 1.1207 | PPL: 3.07
  [ 86.4%] Step 78,300 | Loss: 1.1184 | PPL: 3.06
  [ 86.7%] Step 78,400 | Loss: 1.1199 | PPL: 3.06
  [ 87.1%] Step 78,500 | Loss: 1.1178 | PPL: 3.06
  [ 87.4%] Step 78,600 | Loss: 1.1184 | PPL: 3.06
  [ 87.8%] Step 78,700 | Loss: 1.1187 | PPL: 3.06
  [ 88.2%] Step 78,800 | Loss: 1.1181 | PPL: 3.06
  [ 88.5%] Step 78,900 | Loss: 1.1194 | PPL: 3.06
  [ 88.9%] Step 79,000 | Loss: 1.1183 | PPL: 3.06
  [ 89.3%] Step 79,100 | Loss: 1.1154 | PPL: 3.05
  [ 89.6%] Step 79,200 | Loss: 1.1198 | PPL: 3.06
  [ 90.0%] Step 79,300 | Loss: 1.1178 | PPL: 3.06
  [ 90.4%] Step 79,400 | Loss: 1.1145 | PPL: 3.05
  [ 90.7%] Step 79,500 | Loss: 1.1184 | PPL: 3.06
  [ 91.1%] Step 79,600 | Loss: 1.1132 | PPL: 3.04
  [ 91.5%] Step 79,700 | Loss: 1.1180 | PPL: 3.06
  [ 91.8%] Step 79,800 | Loss: 1.1176 | PPL: 3.06
  [ 92.2%] Step 79,900 | Loss: 1.1169 | PPL: 3.06
  [ 92.6%] Step 80,000 | Loss: 1.1169 | PPL: 3.06
  [ 92.9%] Step 80,100 | Loss: 1.1168 | PPL: 3.06
  [ 93.3%] Step 80,200 | Loss: 1.1176 | PPL: 3.06
  [ 93.7%] Step 80,300 | Loss: 1.1181 | PPL: 3.06
  [ 94.0%] Step 80,400 | Loss: 1.1163 | PPL: 3.05
  [ 94.4%] Step 80,500 | Loss: 1.1153 | PPL: 3.05
  [ 94.8%] Step 80,600 | Loss: 1.1178 | PPL: 3.06
  [ 95.1%] Step 80,700 | Loss: 1.1123 | PPL: 3.04
  [ 95.5%] Step 80,800 | Loss: 1.1169 | PPL: 3.06
  [ 95.9%] Step 80,900 | Loss: 1.1158 | PPL: 3.05
  [ 96.2%] Step 81,000 | Loss: 1.1137 | PPL: 3.05
  [ 96.6%] Step 81,100 | Loss: 1.1149 | PPL: 3.05
  [ 97.0%] Step 81,200 | Loss: 1.1156 | PPL: 3.05
  [ 97.3%] Step 81,300 | Loss: 1.1149 | PPL: 3.05
  [ 97.7%] Step 81,400 | Loss: 1.1162 | PPL: 3.05
  [ 98.1%] Step 81,500 | Loss: 1.1139 | PPL: 3.05
  [ 98.4%] Step 81,600 | Loss: 1.1161 | PPL: 3.05
  [ 98.8%] Step 81,700 | Loss: 1.1146 | PPL: 3.05
  [ 99.2%] Step 81,800 | Loss: 1.1164 | PPL: 3.05
  [ 99.5%] Step 81,900 | Loss: 1.1119 | PPL: 3.04
  [ 99.9%] Step 82,000 | Loss: 1.1126 | PPL: 3.04
  [100.0%] Step 82,032 | Loss: 1.1105 | PPL: 3.04
[Epoch 3/3] Validating...
[Epoch 3/3] Loss: 1.2064 | PPL: 3.34
  -> Saved best model to checkpoints_v6\kk_best.pt
============================================================
Training complete. Running final evaluation...
============================================================

Final Test Loss: 1.2181 | Test PPL: 3.38
Done!
Wrote checkpoints_v6\kk_best.pt.runrecord.json
[1;34mwandb[0m: 
[1;34mwandb[0m: You can sync this run to the cloud by running:
[1;34mwandb[0m: [1mwandb sync C:\Users\Test\PROJECTS\LSTM\wandb\offline-run-20260903_224603-v7frhkyf[0m
[1;34mwandb[0m: Find logs at: [1;35mwandb\offline-run-20260903_224603-v7frhkyf\logs[0m
