--- v4/tr start Wed Sep  2 21:49:51 PDT 2026 ---
wandb: Tracking run with wandb version 0.23.1
wandb: W&B syncing is set to `offline` in this directory. Run `wandb online` or set WANDB_MODE=online to enable cloud syncing.
wandb: Run data is saved locally in C:\Users\Test\PROJECTS\LSTM\wandb\offline-run-20260902_214954-kbm6a6uo
Loading data from rebuild_2026-09\corpora_clean_v4\oscar_tr_ipa.txt...
  Loaded: 10,000,000 chars total
  Train: 7,000,000 chars
  Val: 1,500,000 chars
  Test: 1,500,000 chars
Building vocab from training text...
  Vocab size: 31
============================================================
Training config
============================================================
  Language: Turkish (tr)
  Mode: Train from scratch
  Device: cuda
  Batch size: 256
  Workers: 0
  Pin memory: True
  Epochs: 3
  LR: 0.0001
  Seed: 1234
  Freeze embed: False
  Output: checkpoints_v4\tr_best.pt
Creating data loaders...
  Train batches: 27,344
  Val batches: 5,859

Model config
  Device: cuda
  Embed dim: 128
  Hidden dim: 256
  Layers: 2
  Parameters: 933,535
  Optimizer: Adam (lr=0.0001)
============================================================
Starting training: 3 epochs, 27344 batches/epoch
============================================================
[Epoch 1/3] Starting...
  [  0.4%] Step 100 | Loss: 3.1498 | PPL: 23.33
  [  0.7%] Step 200 | Loss: 2.7557 | PPL: 15.73
  [  1.1%] Step 300 | Loss: 2.3913 | PPL: 10.93
  [  1.5%] Step 400 | Loss: 2.2432 | PPL: 9.42
  [  1.8%] Step 500 | Loss: 2.1584 | PPL: 8.66
  [  2.2%] Step 600 | Loss: 2.0945 | PPL: 8.12
  [  2.6%] Step 700 | Loss: 2.0439 | PPL: 7.72
  [  2.9%] Step 800 | Loss: 2.0002 | PPL: 7.39
  [  3.3%] Step 900 | Loss: 1.9673 | PPL: 7.15
  [  3.7%] Step 1,000 | Loss: 1.9285 | PPL: 6.88
  [  4.0%] Step 1,100 | Loss: 1.9047 | PPL: 6.72
  [  4.4%] Step 1,200 | Loss: 1.8754 | PPL: 6.52
  [  4.8%] Step 1,300 | Loss: 1.8557 | PPL: 6.40
  [  5.1%] Step 1,400 | Loss: 1.8315 | PPL: 6.24
  [  5.5%] Step 1,500 | Loss: 1.8127 | PPL: 6.13
  [  5.9%] Step 1,600 | Loss: 1.7957 | PPL: 6.02
  [  6.2%] Step 1,700 | Loss: 1.7752 | PPL: 5.90
  [  6.6%] Step 1,800 | Loss: 1.7609 | PPL: 5.82
  [  6.9%] Step 1,900 | Loss: 1.7459 | PPL: 5.73
  [  7.3%] Step 2,000 | Loss: 1.7304 | PPL: 5.64
  [  7.7%] Step 2,100 | Loss: 1.7167 | PPL: 5.57
  [  8.0%] Step 2,200 | Loss: 1.7055 | PPL: 5.50
  [  8.4%] Step 2,300 | Loss: 1.6920 | PPL: 5.43
  [  8.8%] Step 2,400 | Loss: 1.6849 | PPL: 5.39
  [  9.1%] Step 2,500 | Loss: 1.6735 | PPL: 5.33
  [  9.5%] Step 2,600 | Loss: 1.6730 | PPL: 5.33
  [  9.9%] Step 2,700 | Loss: 1.6555 | PPL: 5.24
  [ 10.2%] Step 2,800 | Loss: 1.6424 | PPL: 5.17
  [ 10.6%] Step 2,900 | Loss: 1.6353 | PPL: 5.13
  [ 11.0%] Step 3,000 | Loss: 1.6318 | PPL: 5.11
  [ 11.3%] Step 3,100 | Loss: 1.6234 | PPL: 5.07
  [ 11.7%] Step 3,200 | Loss: 1.6160 | PPL: 5.03
  [ 12.1%] Step 3,300 | Loss: 1.6093 | PPL: 5.00
  [ 12.4%] Step 3,400 | Loss: 1.5994 | PPL: 4.95
  [ 12.8%] Step 3,500 | Loss: 1.5909 | PPL: 4.91
  [ 13.2%] Step 3,600 | Loss: 1.5907 | PPL: 4.91
  [ 13.5%] Step 3,700 | Loss: 1.5788 | PPL: 4.85
  [ 13.9%] Step 3,800 | Loss: 1.5768 | PPL: 4.84
  [ 14.3%] Step 3,900 | Loss: 1.5680 | PPL: 4.80
  [ 14.6%] Step 4,000 | Loss: 1.5658 | PPL: 4.79
  [ 15.0%] Step 4,100 | Loss: 1.5578 | PPL: 4.75
  [ 15.4%] Step 4,200 | Loss: 1.5587 | PPL: 4.75
  [ 15.7%] Step 4,300 | Loss: 1.5514 | PPL: 4.72
  [ 16.1%] Step 4,400 | Loss: 1.5502 | PPL: 4.71
  [ 16.5%] Step 4,500 | Loss: 1.5431 | PPL: 4.68
  [ 16.8%] Step 4,600 | Loss: 1.5370 | PPL: 4.65
  [ 17.2%] Step 4,700 | Loss: 1.5378 | PPL: 4.65
  [ 17.6%] Step 4,800 | Loss: 1.5262 | PPL: 4.60
  [ 17.9%] Step 4,900 | Loss: 1.5245 | PPL: 4.59
  [ 18.3%] Step 5,000 | Loss: 1.5243 | PPL: 4.59
  [ 18.7%] Step 5,100 | Loss: 1.5163 | PPL: 4.56
  [ 19.0%] Step 5,200 | Loss: 1.5172 | PPL: 4.56
  [ 19.4%] Step 5,300 | Loss: 1.5146 | PPL: 4.55
  [ 19.7%] Step 5,400 | Loss: 1.5019 | PPL: 4.49
  [ 20.1%] Step 5,500 | Loss: 1.5072 | PPL: 4.51
  [ 20.5%] Step 5,600 | Loss: 1.5006 | PPL: 4.48
  [ 20.8%] Step 5,700 | Loss: 1.4971 | PPL: 4.47
  [ 21.2%] Step 5,800 | Loss: 1.4964 | PPL: 4.47
  [ 21.6%] Step 5,900 | Loss: 1.4954 | PPL: 4.46
  [ 21.9%] Step 6,000 | Loss: 1.4866 | PPL: 4.42
  [ 22.3%] Step 6,100 | Loss: 1.4901 | PPL: 4.44
  [ 22.7%] Step 6,200 | Loss: 1.4808 | PPL: 4.40
  [ 23.0%] Step 6,300 | Loss: 1.4802 | PPL: 4.39
  [ 23.4%] Step 6,400 | Loss: 1.4742 | PPL: 4.37
  [ 23.8%] Step 6,500 | Loss: 1.4748 | PPL: 4.37
  [ 24.1%] Step 6,600 | Loss: 1.4711 | PPL: 4.35
  [ 24.5%] Step 6,700 | Loss: 1.4755 | PPL: 4.37
  [ 24.9%] Step 6,800 | Loss: 1.4672 | PPL: 4.34
  [ 25.2%] Step 6,900 | Loss: 1.4646 | PPL: 4.33
  [ 25.6%] Step 7,000 | Loss: 1.4652 | PPL: 4.33
  [ 26.0%] Step 7,100 | Loss: 1.4630 | PPL: 4.32
  [ 26.3%] Step 7,200 | Loss: 1.4529 | PPL: 4.28
  [ 26.7%] Step 7,300 | Loss: 1.4567 | PPL: 4.29
  [ 27.1%] Step 7,400 | Loss: 1.4540 | PPL: 4.28
  [ 27.4%] Step 7,500 | Loss: 1.4478 | PPL: 4.25
  [ 27.8%] Step 7,600 | Loss: 1.4426 | PPL: 4.23
  [ 28.2%] Step 7,700 | Loss: 1.4428 | PPL: 4.23
  [ 28.5%] Step 7,800 | Loss: 1.4445 | PPL: 4.24
  [ 28.9%] Step 7,900 | Loss: 1.4422 | PPL: 4.23
  [ 29.3%] Step 8,000 | Loss: 1.4390 | PPL: 4.22
  [ 29.6%] Step 8,100 | Loss: 1.4408 | PPL: 4.22
  [ 30.0%] Step 8,200 | Loss: 1.4372 | PPL: 4.21
  [ 30.4%] Step 8,300 | Loss: 1.4310 | PPL: 4.18
  [ 30.7%] Step 8,400 | Loss: 1.4314 | PPL: 4.18
  [ 31.1%] Step 8,500 | Loss: 1.4314 | PPL: 4.18
  [ 31.5%] Step 8,600 | Loss: 1.4296 | PPL: 4.18
  [ 31.8%] Step 8,700 | Loss: 1.4238 | PPL: 4.15
  [ 32.2%] Step 8,800 | Loss: 1.4231 | PPL: 4.15
  [ 32.5%] Step 8,900 | Loss: 1.4224 | PPL: 4.15
  [ 32.9%] Step 9,000 | Loss: 1.4216 | PPL: 4.14
  [ 33.3%] Step 9,100 | Loss: 1.4241 | PPL: 4.15
  [ 33.6%] Step 9,200 | Loss: 1.4158 | PPL: 4.12
  [ 34.0%] Step 9,300 | Loss: 1.4193 | PPL: 4.13
  [ 34.4%] Step 9,400 | Loss: 1.4128 | PPL: 4.11
  [ 34.7%] Step 9,500 | Loss: 1.4114 | PPL: 4.10
  [ 35.1%] Step 9,600 | Loss: 1.4097 | PPL: 4.09
  [ 35.5%] Step 9,700 | Loss: 1.4060 | PPL: 4.08
  [ 35.8%] Step 9,800 | Loss: 1.4071 | PPL: 4.08
  [ 36.2%] Step 9,900 | Loss: 1.4049 | PPL: 4.08
  [ 36.6%] Step 10,000 | Loss: 1.4052 | PPL: 4.08
  [ 36.9%] Step 10,100 | Loss: 1.4011 | PPL: 4.06
  [ 37.3%] Step 10,200 | Loss: 1.4051 | PPL: 4.08
  [ 37.7%] Step 10,300 | Loss: 1.3995 | PPL: 4.05
  [ 38.0%] Step 10,400 | Loss: 1.3963 | PPL: 4.04
  [ 38.4%] Step 10,500 | Loss: 1.3960 | PPL: 4.04
  [ 38.8%] Step 10,600 | Loss: 1.3957 | PPL: 4.04
  [ 39.1%] Step 10,700 | Loss: 1.3974 | PPL: 4.04
  [ 39.5%] Step 10,800 | Loss: 1.3941 | PPL: 4.03
  [ 39.9%] Step 10,900 | Loss: 1.3910 | PPL: 4.02
  [ 40.2%] Step 11,000 | Loss: 1.3921 | PPL: 4.02
  [ 40.6%] Step 11,100 | Loss: 1.3903 | PPL: 4.02
  [ 41.0%] Step 11,200 | Loss: 1.3886 | PPL: 4.01
  [ 41.3%] Step 11,300 | Loss: 1.3882 | PPL: 4.01
  [ 41.7%] Step 11,400 | Loss: 1.3867 | PPL: 4.00
  [ 42.1%] Step 11,500 | Loss: 1.3827 | PPL: 3.99
  [ 42.4%] Step 11,600 | Loss: 1.3819 | PPL: 3.98
  [ 42.8%] Step 11,700 | Loss: 1.3837 | PPL: 3.99
  [ 43.2%] Step 11,800 | Loss: 1.3804 | PPL: 3.98
  [ 43.5%] Step 11,900 | Loss: 1.3822 | PPL: 3.98
  [ 43.9%] Step 12,000 | Loss: 1.3780 | PPL: 3.97
  [ 44.3%] Step 12,100 | Loss: 1.3772 | PPL: 3.96
  [ 44.6%] Step 12,200 | Loss: 1.3748 | PPL: 3.95
  [ 45.0%] Step 12,300 | Loss: 1.3761 | PPL: 3.96
  [ 45.3%] Step 12,400 | Loss: 1.3707 | PPL: 3.94
  [ 45.7%] Step 12,500 | Loss: 1.3718 | PPL: 3.94
  [ 46.1%] Step 12,600 | Loss: 1.3658 | PPL: 3.92
  [ 46.4%] Step 12,700 | Loss: 1.3713 | PPL: 3.94
  [ 46.8%] Step 12,800 | Loss: 1.3675 | PPL: 3.93
  [ 47.2%] Step 12,900 | Loss: 1.3692 | PPL: 3.93
  [ 47.5%] Step 13,000 | Loss: 1.3632 | PPL: 3.91
  [ 47.9%] Step 13,100 | Loss: 1.3685 | PPL: 3.93
  [ 48.3%] Step 13,200 | Loss: 1.3672 | PPL: 3.92
  [ 48.6%] Step 13,300 | Loss: 1.3647 | PPL: 3.91
  [ 49.0%] Step 13,400 | Loss: 1.3619 | PPL: 3.90
  [ 49.4%] Step 13,500 | Loss: 1.3642 | PPL: 3.91
  [ 49.7%] Step 13,600 | Loss: 1.3620 | PPL: 3.90
  [ 50.1%] Step 13,700 | Loss: 1.3564 | PPL: 3.88
  [ 50.5%] Step 13,800 | Loss: 1.3607 | PPL: 3.90
  [ 50.8%] Step 13,900 | Loss: 1.3576 | PPL: 3.89
  [ 51.2%] Step 14,000 | Loss: 1.3544 | PPL: 3.87
  [ 51.6%] Step 14,100 | Loss: 1.3567 | PPL: 3.88
  [ 51.9%] Step 14,200 | Loss: 1.3554 | PPL: 3.88
  [ 52.3%] Step 14,300 | Loss: 1.3507 | PPL: 3.86
  [ 52.7%] Step 14,400 | Loss: 1.3517 | PPL: 3.86
  [ 53.0%] Step 14,500 | Loss: 1.3506 | PPL: 3.86
  [ 53.4%] Step 14,600 | Loss: 1.3552 | PPL: 3.88
  [ 53.8%] Step 14,700 | Loss: 1.3524 | PPL: 3.87
  [ 54.1%] Step 14,800 | Loss: 1.3514 | PPL: 3.86
  [ 54.5%] Step 14,900 | Loss: 1.3502 | PPL: 3.86
  [ 54.9%] Step 15,000 | Loss: 1.3461 | PPL: 3.84
  [ 55.2%] Step 15,100 | Loss: 1.3463 | PPL: 3.84
  [ 55.6%] Step 15,200 | Loss: 1.3511 | PPL: 3.86
  [ 56.0%] Step 15,300 | Loss: 1.3460 | PPL: 3.84
  [ 56.3%] Step 15,400 | Loss: 1.3440 | PPL: 3.83
  [ 56.7%] Step 15,500 | Loss: 1.3430 | PPL: 3.83
  [ 57.1%] Step 15,600 | Loss: 1.3415 | PPL: 3.82
  [ 57.4%] Step 15,700 | Loss: 1.3428 | PPL: 3.83
  [ 57.8%] Step 15,800 | Loss: 1.3421 | PPL: 3.83
  [ 58.1%] Step 15,900 | Loss: 1.3405 | PPL: 3.82
  [ 58.5%] Step 16,000 | Loss: 1.3385 | PPL: 3.81
  [ 58.9%] Step 16,100 | Loss: 1.3362 | PPL: 3.80
  [ 59.2%] Step 16,200 | Loss: 1.3397 | PPL: 3.82
  [ 59.6%] Step 16,300 | Loss: 1.3372 | PPL: 3.81
  [ 60.0%] Step 16,400 | Loss: 1.3367 | PPL: 3.81
  [ 60.3%] Step 16,500 | Loss: 1.3372 | PPL: 3.81
  [ 60.7%] Step 16,600 | Loss: 1.3340 | PPL: 3.80
  [ 61.1%] Step 16,700 | Loss: 1.3332 | PPL: 3.79
  [ 61.4%] Step 16,800 | Loss: 1.3412 | PPL: 3.82
  [ 61.8%] Step 16,900 | Loss: 1.3354 | PPL: 3.80
  [ 62.2%] Step 17,000 | Loss: 1.3315 | PPL: 3.79
  [ 62.5%] Step 17,100 | Loss: 1.3344 | PPL: 3.80
  [ 62.9%] Step 17,200 | Loss: 1.3308 | PPL: 3.78
  [ 63.3%] Step 17,300 | Loss: 1.3324 | PPL: 3.79
  [ 63.6%] Step 17,400 | Loss: 1.3267 | PPL: 3.77
  [ 64.0%] Step 17,500 | Loss: 1.3259 | PPL: 3.77
  [ 64.4%] Step 17,600 | Loss: 1.3312 | PPL: 3.79
  [ 64.7%] Step 17,700 | Loss: 1.3297 | PPL: 3.78
  [ 65.1%] Step 17,800 | Loss: 1.3250 | PPL: 3.76
  [ 65.5%] Step 17,900 | Loss: 1.3267 | PPL: 3.77
  [ 65.8%] Step 18,000 | Loss: 1.3266 | PPL: 3.77
  [ 66.2%] Step 18,100 | Loss: 1.3274 | PPL: 3.77
  [ 66.6%] Step 18,200 | Loss: 1.3248 | PPL: 3.76
  [ 66.9%] Step 18,300 | Loss: 1.3252 | PPL: 3.76
  [ 67.3%] Step 18,400 | Loss: 1.3248 | PPL: 3.76
  [ 67.7%] Step 18,500 | Loss: 1.3178 | PPL: 3.74
  [ 68.0%] Step 18,600 | Loss: 1.3200 | PPL: 3.74
  [ 68.4%] Step 18,700 | Loss: 1.3235 | PPL: 3.76
  [ 68.8%] Step 18,800 | Loss: 1.3176 | PPL: 3.73
  [ 69.1%] Step 18,900 | Loss: 1.3178 | PPL: 3.74
  [ 69.5%] Step 19,000 | Loss: 1.3199 | PPL: 3.74
  [ 69.9%] Step 19,100 | Loss: 1.3207 | PPL: 3.75
  [ 70.2%] Step 19,200 | Loss: 1.3226 | PPL: 3.75
  [ 70.6%] Step 19,300 | Loss: 1.3175 | PPL: 3.73
  [ 70.9%] Step 19,400 | Loss: 1.3113 | PPL: 3.71
  [ 71.3%] Step 19,500 | Loss: 1.3147 | PPL: 3.72
  [ 71.7%] Step 19,600 | Loss: 1.3153 | PPL: 3.73
  [ 72.0%] Step 19,700 | Loss: 1.3152 | PPL: 3.73
  [ 72.4%] Step 19,800 | Loss: 1.3121 | PPL: 3.71
  [ 72.8%] Step 19,900 | Loss: 1.3179 | PPL: 3.74
  [ 73.1%] Step 20,000 | Loss: 1.3095 | PPL: 3.70
  [ 73.5%] Step 20,100 | Loss: 1.3098 | PPL: 3.71
  [ 73.9%] Step 20,200 | Loss: 1.3133 | PPL: 3.72
  [ 74.2%] Step 20,300 | Loss: 1.3130 | PPL: 3.72
  [ 74.6%] Step 20,400 | Loss: 1.3130 | PPL: 3.72
  [ 75.0%] Step 20,500 | Loss: 1.3107 | PPL: 3.71
  [ 75.3%] Step 20,600 | Loss: 1.3118 | PPL: 3.71
  [ 75.7%] Step 20,700 | Loss: 1.3123 | PPL: 3.71
  [ 76.1%] Step 20,800 | Loss: 1.3087 | PPL: 3.70
  [ 76.4%] Step 20,900 | Loss: 1.3082 | PPL: 3.70
  [ 76.8%] Step 21,000 | Loss: 1.3127 | PPL: 3.72
  [ 77.2%] Step 21,100 | Loss: 1.3063 | PPL: 3.69
  [ 77.5%] Step 21,200 | Loss: 1.3081 | PPL: 3.70
  [ 77.9%] Step 21,300 | Loss: 1.3054 | PPL: 3.69
  [ 78.3%] Step 21,400 | Loss: 1.3035 | PPL: 3.68
  [ 78.6%] Step 21,500 | Loss: 1.3047 | PPL: 3.69
  [ 79.0%] Step 21,600 | Loss: 1.3058 | PPL: 3.69
  [ 79.4%] Step 21,700 | Loss: 1.3050 | PPL: 3.69
  [ 79.7%] Step 21,800 | Loss: 1.3019 | PPL: 3.68
  [ 80.1%] Step 21,900 | Loss: 1.3006 | PPL: 3.67
  [ 80.5%] Step 22,000 | Loss: 1.3014 | PPL: 3.67
  [ 80.8%] Step 22,100 | Loss: 1.3020 | PPL: 3.68
  [ 81.2%] Step 22,200 | Loss: 1.3005 | PPL: 3.67
  [ 81.6%] Step 22,300 | Loss: 1.3015 | PPL: 3.67
  [ 81.9%] Step 22,400 | Loss: 1.3018 | PPL: 3.68
  [ 82.3%] Step 22,500 | Loss: 1.2998 | PPL: 3.67
  [ 82.7%] Step 22,600 | Loss: 1.2974 | PPL: 3.66
  [ 83.0%] Step 22,700 | Loss: 1.2991 | PPL: 3.67
  [ 83.4%] Step 22,800 | Loss: 1.2977 | PPL: 3.66
  [ 83.7%] Step 22,900 | Loss: 1.2931 | PPL: 3.64
  [ 84.1%] Step 23,000 | Loss: 1.2945 | PPL: 3.65
  [ 84.5%] Step 23,100 | Loss: 1.2973 | PPL: 3.66
  [ 84.8%] Step 23,200 | Loss: 1.2951 | PPL: 3.65
  [ 85.2%] Step 23,300 | Loss: 1.2987 | PPL: 3.66
  [ 85.6%] Step 23,400 | Loss: 1.2941 | PPL: 3.65
  [ 85.9%] Step 23,500 | Loss: 1.2931 | PPL: 3.64
  [ 86.3%] Step 23,600 | Loss: 1.2917 | PPL: 3.64
  [ 86.7%] Step 23,700 | Loss: 1.2937 | PPL: 3.65
  [ 87.0%] Step 23,800 | Loss: 1.2909 | PPL: 3.64
  [ 87.4%] Step 23,900 | Loss: 1.2923 | PPL: 3.64
  [ 87.8%] Step 24,000 | Loss: 1.2920 | PPL: 3.64
  [ 88.1%] Step 24,100 | Loss: 1.2918 | PPL: 3.64
  [ 88.5%] Step 24,200 | Loss: 1.2913 | PPL: 3.64
  [ 88.9%] Step 24,300 | Loss: 1.2880 | PPL: 3.63
  [ 89.2%] Step 24,400 | Loss: 1.2895 | PPL: 3.63
  [ 89.6%] Step 24,500 | Loss: 1.2895 | PPL: 3.63
  [ 90.0%] Step 24,600 | Loss: 1.2912 | PPL: 3.64
  [ 90.3%] Step 24,700 | Loss: 1.2880 | PPL: 3.63
  [ 90.7%] Step 24,800 | Loss: 1.2909 | PPL: 3.64
  [ 91.1%] Step 24,900 | Loss: 1.2895 | PPL: 3.63
  [ 91.4%] Step 25,000 | Loss: 1.2911 | PPL: 3.64
  [ 91.8%] Step 25,100 | Loss: 1.2881 | PPL: 3.63
  [ 92.2%] Step 25,200 | Loss: 1.2888 | PPL: 3.63
  [ 92.5%] Step 25,300 | Loss: 1.2898 | PPL: 3.63
  [ 92.9%] Step 25,400 | Loss: 1.2849 | PPL: 3.61
  [ 93.3%] Step 25,500 | Loss: 1.2879 | PPL: 3.63
  [ 93.6%] Step 25,600 | Loss: 1.2849 | PPL: 3.61
  [ 94.0%] Step 25,700 | Loss: 1.2848 | PPL: 3.61
  [ 94.4%] Step 25,800 | Loss: 1.2833 | PPL: 3.61
  [ 94.7%] Step 25,900 | Loss: 1.2850 | PPL: 3.61
  [ 95.1%] Step 26,000 | Loss: 1.2817 | PPL: 3.60
  [ 95.5%] Step 26,100 | Loss: 1.2822 | PPL: 3.60
  [ 95.8%] Step 26,200 | Loss: 1.2833 | PPL: 3.61
  [ 96.2%] Step 26,300 | Loss: 1.2821 | PPL: 3.60
  [ 96.5%] Step 26,400 | Loss: 1.2835 | PPL: 3.61
  [ 96.9%] Step 26,500 | Loss: 1.2798 | PPL: 3.60
  [ 97.3%] Step 26,600 | Loss: 1.2780 | PPL: 3.59
  [ 97.6%] Step 26,700 | Loss: 1.2797 | PPL: 3.60
  [ 98.0%] Step 26,800 | Loss: 1.2809 | PPL: 3.60
  [ 98.4%] Step 26,900 | Loss: 1.2795 | PPL: 3.59
  [ 98.7%] Step 27,000 | Loss: 1.2775 | PPL: 3.59
  [ 99.1%] Step 27,100 | Loss: 1.2803 | PPL: 3.60
  [ 99.5%] Step 27,200 | Loss: 1.2801 | PPL: 3.60
  [ 99.8%] Step 27,300 | Loss: 1.2796 | PPL: 3.60
  [100.0%] Step 27,344 | Loss: 1.2762 | PPL: 3.58
[Epoch 1/3] Validating...
[Epoch 1/3] Loss: 1.3949 | PPL: 4.03
  -> Saved best model to checkpoints_v4\tr_best.pt
[Epoch 2/3] Starting...
  [  0.2%] Step 27,400 | Loss: 1.2726 | PPL: 3.57
  [  0.6%] Step 27,500 | Loss: 1.2761 | PPL: 3.58
  [  0.9%] Step 27,600 | Loss: 1.2804 | PPL: 3.60
  [  1.3%] Step 27,700 | Loss: 1.2741 | PPL: 3.58
  [  1.7%] Step 27,800 | Loss: 1.2742 | PPL: 3.58
  [  2.0%] Step 27,900 | Loss: 1.2784 | PPL: 3.59
  [  2.4%] Step 28,000 | Loss: 1.2786 | PPL: 3.59
  [  2.8%] Step 28,100 | Loss: 1.2741 | PPL: 3.58
  [  3.1%] Step 28,200 | Loss: 1.2750 | PPL: 3.58
  [  3.5%] Step 28,300 | Loss: 1.2733 | PPL: 3.57
  [  3.9%] Step 28,400 | Loss: 1.2771 | PPL: 3.59
  [  4.2%] Step 28,500 | Loss: 1.2763 | PPL: 3.58
  [  4.6%] Step 28,600 | Loss: 1.2746 | PPL: 3.58
  [  5.0%] Step 28,700 | Loss: 1.2722 | PPL: 3.57
  [  5.3%] Step 28,800 | Loss: 1.2739 | PPL: 3.57
  [  5.7%] Step 28,900 | Loss: 1.2735 | PPL: 3.57
  [  6.1%] Step 29,000 | Loss: 1.2718 | PPL: 3.57
  [  6.4%] Step 29,100 | Loss: 1.2710 | PPL: 3.56
  [  6.8%] Step 29,200 | Loss: 1.2756 | PPL: 3.58
  [  7.2%] Step 29,300 | Loss: 1.2688 | PPL: 3.56
  [  7.5%] Step 29,400 | Loss: 1.2662 | PPL: 3.55
  [  7.9%] Step 29,500 | Loss: 1.2699 | PPL: 3.56
  [  8.3%] Step 29,600 | Loss: 1.2679 | PPL: 3.55
  [  8.6%] Step 29,700 | Loss: 1.2677 | PPL: 3.55
  [  9.0%] Step 29,800 | Loss: 1.2704 | PPL: 3.56
  [  9.3%] Step 29,900 | Loss: 1.2682 | PPL: 3.55
  [  9.7%] Step 30,000 | Loss: 1.2694 | PPL: 3.56
  [ 10.1%] Step 30,100 | Loss: 1.2663 | PPL: 3.55
  [ 10.4%] Step 30,200 | Loss: 1.2637 | PPL: 3.54
  [ 10.8%] Step 30,300 | Loss: 1.2647 | PPL: 3.54
  [ 11.2%] Step 30,400 | Loss: 1.2671 | PPL: 3.55
  [ 11.5%] Step 30,500 | Loss: 1.2695 | PPL: 3.56
  [ 11.9%] Step 30,600 | Loss: 1.2646 | PPL: 3.54
  [ 12.3%] Step 30,700 | Loss: 1.2651 | PPL: 3.54
  [ 12.6%] Step 30,800 | Loss: 1.2684 | PPL: 3.56
  [ 13.0%] Step 30,900 | Loss: 1.2676 | PPL: 3.55
  [ 13.4%] Step 31,000 | Loss: 1.2638 | PPL: 3.54
  [ 13.7%] Step 31,100 | Loss: 1.2665 | PPL: 3.55
  [ 14.1%] Step 31,200 | Loss: 1.2665 | PPL: 3.55
  [ 14.5%] Step 31,300 | Loss: 1.2627 | PPL: 3.53
  [ 14.8%] Step 31,400 | Loss: 1.2600 | PPL: 3.53
  [ 15.2%] Step 31,500 | Loss: 1.2663 | PPL: 3.55
  [ 15.6%] Step 31,600 | Loss: 1.2621 | PPL: 3.53
  [ 15.9%] Step 31,700 | Loss: 1.2602 | PPL: 3.53
  [ 16.3%] Step 31,800 | Loss: 1.2621 | PPL: 3.53
  [ 16.7%] Step 31,900 | Loss: 1.2619 | PPL: 3.53
  [ 17.0%] Step 32,000 | Loss: 1.2625 | PPL: 3.53
  [ 17.4%] Step 32,100 | Loss: 1.2630 | PPL: 3.54
  [ 17.8%] Step 32,200 | Loss: 1.2611 | PPL: 3.53
  [ 18.1%] Step 32,300 | Loss: 1.2595 | PPL: 3.52
  [ 18.5%] Step 32,400 | Loss: 1.2579 | PPL: 3.52
  [ 18.9%] Step 32,500 | Loss: 1.2626 | PPL: 3.53
  [ 19.2%] Step 32,600 | Loss: 1.2610 | PPL: 3.53
  [ 19.6%] Step 32,700 | Loss: 1.2604 | PPL: 3.53
  [ 20.0%] Step 32,800 | Loss: 1.2597 | PPL: 3.52
  [ 20.3%] Step 32,900 | Loss: 1.2630 | PPL: 3.54
  [ 20.7%] Step 33,000 | Loss: 1.2623 | PPL: 3.53
  [ 21.1%] Step 33,100 | Loss: 1.2580 | PPL: 3.52
  [ 21.4%] Step 33,200 | Loss: 1.2614 | PPL: 3.53
  [ 21.8%] Step 33,300 | Loss: 1.2589 | PPL: 3.52
  [ 22.1%] Step 33,400 | Loss: 1.2587 | PPL: 3.52
  [ 22.5%] Step 33,500 | Loss: 1.2574 | PPL: 3.52
  [ 22.9%] Step 33,600 | Loss: 1.2565 | PPL: 3.51
  [ 23.2%] Step 33,700 | Loss: 1.2536 | PPL: 3.50
  [ 23.6%] Step 33,800 | Loss: 1.2550 | PPL: 3.51
  [ 24.0%] Step 33,900 | Loss: 1.2557 | PPL: 3.51
  [ 24.3%] Step 34,000 | Loss: 1.2553 | PPL: 3.51
  [ 24.7%] Step 34,100 | Loss: 1.2536 | PPL: 3.50
  [ 25.1%] Step 34,200 | Loss: 1.2542 | PPL: 3.51
  [ 25.4%] Step 34,300 | Loss: 1.2544 | PPL: 3.51
  [ 25.8%] Step 34,400 | Loss: 1.2529 | PPL: 3.50
  [ 26.2%] Step 34,500 | Loss: 1.2555 | PPL: 3.51
  [ 26.5%] Step 34,600 | Loss: 1.2552 | PPL: 3.51
  [ 26.9%] Step 34,700 | Loss: 1.2516 | PPL: 3.50
  [ 27.3%] Step 34,800 | Loss: 1.2518 | PPL: 3.50
  [ 27.6%] Step 34,900 | Loss: 1.2522 | PPL: 3.50
  [ 28.0%] Step 35,000 | Loss: 1.2565 | PPL: 3.51
  [ 28.4%] Step 35,100 | Loss: 1.2533 | PPL: 3.50
  [ 28.7%] Step 35,200 | Loss: 1.2490 | PPL: 3.49
  [ 29.1%] Step 35,300 | Loss: 1.2521 | PPL: 3.50
  [ 29.5%] Step 35,400 | Loss: 1.2508 | PPL: 3.49
  [ 29.8%] Step 35,500 | Loss: 1.2488 | PPL: 3.49
  [ 30.2%] Step 35,600 | Loss: 1.2521 | PPL: 3.50
  [ 30.6%] Step 35,700 | Loss: 1.2522 | PPL: 3.50
  [ 30.9%] Step 35,800 | Loss: 1.2507 | PPL: 3.49
  [ 31.3%] Step 35,900 | Loss: 1.2521 | PPL: 3.50
  [ 31.7%] Step 36,000 | Loss: 1.2538 | PPL: 3.50
  [ 32.0%] Step 36,100 | Loss: 1.2514 | PPL: 3.50
  [ 32.4%] Step 36,200 | Loss: 1.2493 | PPL: 3.49
  [ 32.8%] Step 36,300 | Loss: 1.2480 | PPL: 3.48
  [ 33.1%] Step 36,400 | Loss: 1.2487 | PPL: 3.49
  [ 33.5%] Step 36,500 | Loss: 1.2511 | PPL: 3.49
  [ 33.9%] Step 36,600 | Loss: 1.2444 | PPL: 3.47
  [ 34.2%] Step 36,700 | Loss: 1.2501 | PPL: 3.49
  [ 34.6%] Step 36,800 | Loss: 1.2480 | PPL: 3.48
  [ 34.9%] Step 36,900 | Loss: 1.2449 | PPL: 3.47
  [ 35.3%] Step 37,000 | Loss: 1.2484 | PPL: 3.48
  [ 35.7%] Step 37,100 | Loss: 1.2521 | PPL: 3.50
  [ 36.0%] Step 37,200 | Loss: 1.2483 | PPL: 3.48
  [ 36.4%] Step 37,300 | Loss: 1.2506 | PPL: 3.49
  [ 36.8%] Step 37,400 | Loss: 1.2460 | PPL: 3.48
  [ 37.1%] Step 37,500 | Loss: 1.2420 | PPL: 3.46
  [ 37.5%] Step 37,600 | Loss: 1.2463 | PPL: 3.48
  [ 37.9%] Step 37,700 | Loss: 1.2472 | PPL: 3.48
  [ 38.2%] Step 37,800 | Loss: 1.2433 | PPL: 3.47
  [ 38.6%] Step 37,900 | Loss: 1.2431 | PPL: 3.47
  [ 39.0%] Step 38,000 | Loss: 1.2442 | PPL: 3.47
  [ 39.3%] Step 38,100 | Loss: 1.2460 | PPL: 3.48
  [ 39.7%] Step 38,200 | Loss: 1.2428 | PPL: 3.47
  [ 40.1%] Step 38,300 | Loss: 1.2442 | PPL: 3.47
  [ 40.4%] Step 38,400 | Loss: 1.2444 | PPL: 3.47
  [ 40.8%] Step 38,500 | Loss: 1.2472 | PPL: 3.48
  [ 41.2%] Step 38,600 | Loss: 1.2452 | PPL: 3.47
  [ 41.5%] Step 38,700 | Loss: 1.2481 | PPL: 3.48
  [ 41.9%] Step 38,800 | Loss: 1.2455 | PPL: 3.47
  [ 42.3%] Step 38,900 | Loss: 1.2439 | PPL: 3.47
  [ 42.6%] Step 39,000 | Loss: 1.2419 | PPL: 3.46
  [ 43.0%] Step 39,100 | Loss: 1.2414 | PPL: 3.46
  [ 43.4%] Step 39,200 | Loss: 1.2355 | PPL: 3.44
  [ 43.7%] Step 39,300 | Loss: 1.2417 | PPL: 3.46
  [ 44.1%] Step 39,400 | Loss: 1.2404 | PPL: 3.46
  [ 44.5%] Step 39,500 | Loss: 1.2412 | PPL: 3.46
  [ 44.8%] Step 39,600 | Loss: 1.2397 | PPL: 3.45
  [ 45.2%] Step 39,700 | Loss: 1.2418 | PPL: 3.46
  [ 45.6%] Step 39,800 | Loss: 1.2350 | PPL: 3.44
  [ 45.9%] Step 39,900 | Loss: 1.2400 | PPL: 3.46
  [ 46.3%] Step 40,000 | Loss: 1.2409 | PPL: 3.46
  [ 46.7%] Step 40,100 | Loss: 1.2360 | PPL: 3.44
  [ 47.0%] Step 40,200 | Loss: 1.2376 | PPL: 3.45
  [ 47.4%] Step 40,300 | Loss: 1.2383 | PPL: 3.45
  [ 47.7%] Step 40,400 | Loss: 1.2422 | PPL: 3.46
  [ 48.1%] Step 40,500 | Loss: 1.2389 | PPL: 3.45
  [ 48.5%] Step 40,600 | Loss: 1.2343 | PPL: 3.44
  [ 48.8%] Step 40,700 | Loss: 1.2434 | PPL: 3.47
  [ 49.2%] Step 40,800 | Loss: 1.2376 | PPL: 3.45
  [ 49.6%] Step 40,900 | Loss: 1.2366 | PPL: 3.44
  [ 49.9%] Step 41,000 | Loss: 1.2399 | PPL: 3.46
  [ 50.3%] Step 41,100 | Loss: 1.2334 | PPL: 3.43
  [ 50.7%] Step 41,200 | Loss: 1.2412 | PPL: 3.46
  [ 51.0%] Step 41,300 | Loss: 1.2408 | PPL: 3.46
  [ 51.4%] Step 41,400 | Loss: 1.2364 | PPL: 3.44
  [ 51.8%] Step 41,500 | Loss: 1.2371 | PPL: 3.45
  [ 52.1%] Step 41,600 | Loss: 1.2395 | PPL: 3.45
  [ 52.5%] Step 41,700 | Loss: 1.2360 | PPL: 3.44
  [ 52.9%] Step 41,800 | Loss: 1.2330 | PPL: 3.43
  [ 53.2%] Step 41,900 | Loss: 1.2361 | PPL: 3.44
  [ 53.6%] Step 42,000 | Loss: 1.2357 | PPL: 3.44
  [ 54.0%] Step 42,100 | Loss: 1.2390 | PPL: 3.45
  [ 54.3%] Step 42,200 | Loss: 1.2390 | PPL: 3.45
  [ 54.7%] Step 42,300 | Loss: 1.2373 | PPL: 3.45
  [ 55.1%] Step 42,400 | Loss: 1.2316 | PPL: 3.43
  [ 55.4%] Step 42,500 | Loss: 1.2403 | PPL: 3.46
  [ 55.8%] Step 42,600 | Loss: 1.2336 | PPL: 3.43
  [ 56.2%] Step 42,700 | Loss: 1.2340 | PPL: 3.43
  [ 56.5%] Step 42,800 | Loss: 1.2344 | PPL: 3.44
  [ 56.9%] Step 42,900 | Loss: 1.2301 | PPL: 3.42
  [ 57.3%] Step 43,000 | Loss: 1.2318 | PPL: 3.43
  [ 57.6%] Step 43,100 | Loss: 1.2356 | PPL: 3.44
  [ 58.0%] Step 43,200 | Loss: 1.2378 | PPL: 3.45
  [ 58.4%] Step 43,300 | Loss: 1.2359 | PPL: 3.44
  [ 58.7%] Step 43,400 | Loss: 1.2307 | PPL: 3.42
  [ 59.1%] Step 43,500 | Loss: 1.2332 | PPL: 3.43
  [ 59.4%] Step 43,600 | Loss: 1.2307 | PPL: 3.42
  [ 59.8%] Step 43,700 | Loss: 1.2328 | PPL: 3.43
  [ 60.2%] Step 43,800 | Loss: 1.2325 | PPL: 3.43
  [ 60.5%] Step 43,900 | Loss: 1.2290 | PPL: 3.42
  [ 60.9%] Step 44,000 | Loss: 1.2301 | PPL: 3.42
  [ 61.3%] Step 44,100 | Loss: 1.2348 | PPL: 3.44
  [ 61.6%] Step 44,200 | Loss: 1.2305 | PPL: 3.42
  [ 62.0%] Step 44,300 | Loss: 1.2284 | PPL: 3.42
  [ 62.4%] Step 44,400 | Loss: 1.2288 | PPL: 3.42
  [ 62.7%] Step 44,500 | Loss: 1.2335 | PPL: 3.43
  [ 63.1%] Step 44,600 | Loss: 1.2279 | PPL: 3.41
  [ 63.5%] Step 44,700 | Loss: 1.2299 | PPL: 3.42
  [ 63.8%] Step 44,800 | Loss: 1.2281 | PPL: 3.41
  [ 64.2%] Step 44,900 | Loss: 1.2305 | PPL: 3.42
  [ 64.6%] Step 45,000 | Loss: 1.2292 | PPL: 3.42
  [ 64.9%] Step 45,100 | Loss: 1.2298 | PPL: 3.42
  [ 65.3%] Step 45,200 | Loss: 1.2321 | PPL: 3.43
  [ 65.7%] Step 45,300 | Loss: 1.2268 | PPL: 3.41
  [ 66.0%] Step 45,400 | Loss: 1.2265 | PPL: 3.41
  [ 66.4%] Step 45,500 | Loss: 1.2260 | PPL: 3.41
  [ 66.8%] Step 45,600 | Loss: 1.2287 | PPL: 3.42
  [ 67.1%] Step 45,700 | Loss: 1.2305 | PPL: 3.42
  [ 67.5%] Step 45,800 | Loss: 1.2255 | PPL: 3.41
  [ 67.9%] Step 45,900 | Loss: 1.2264 | PPL: 3.41
  [ 68.2%] Step 46,000 | Loss: 1.2308 | PPL: 3.42
  [ 68.6%] Step 46,100 | Loss: 1.2297 | PPL: 3.42
  [ 69.0%] Step 46,200 | Loss: 1.2330 | PPL: 3.43
  [ 69.3%] Step 46,300 | Loss: 1.2265 | PPL: 3.41
  [ 69.7%] Step 46,400 | Loss: 1.2299 | PPL: 3.42
  [ 70.1%] Step 46,500 | Loss: 1.2295 | PPL: 3.42
  [ 70.4%] Step 46,600 | Loss: 1.2240 | PPL: 3.40
  [ 70.8%] Step 46,700 | Loss: 1.2227 | PPL: 3.40
  [ 71.2%] Step 46,800 | Loss: 1.2270 | PPL: 3.41
  [ 71.5%] Step 46,900 | Loss: 1.2262 | PPL: 3.41
  [ 71.9%] Step 47,000 | Loss: 1.2277 | PPL: 3.41
  [ 72.2%] Step 47,100 | Loss: 1.2225 | PPL: 3.40
  [ 72.6%] Step 47,200 | Loss: 1.2251 | PPL: 3.40
  [ 73.0%] Step 47,300 | Loss: 1.2276 | PPL: 3.41
  [ 73.3%] Step 47,400 | Loss: 1.2241 | PPL: 3.40
  [ 73.7%] Step 47,500 | Loss: 1.2264 | PPL: 3.41
  [ 74.1%] Step 47,600 | Loss: 1.2240 | PPL: 3.40
  [ 74.4%] Step 47,700 | Loss: 1.2288 | PPL: 3.42
  [ 74.8%] Step 47,800 | Loss: 1.2227 | PPL: 3.40
  [ 75.2%] Step 47,900 | Loss: 1.2200 | PPL: 3.39
  [ 75.5%] Step 48,000 | Loss: 1.2258 | PPL: 3.41
  [ 75.9%] Step 48,100 | Loss: 1.2225 | PPL: 3.40
  [ 76.3%] Step 48,200 | Loss: 1.2246 | PPL: 3.40
  [ 76.6%] Step 48,300 | Loss: 1.2234 | PPL: 3.40
  [ 77.0%] Step 48,400 | Loss: 1.2204 | PPL: 3.39
  [ 77.4%] Step 48,500 | Loss: 1.2224 | PPL: 3.40
  [ 77.7%] Step 48,600 | Loss: 1.2251 | PPL: 3.40
  [ 78.1%] Step 48,700 | Loss: 1.2258 | PPL: 3.41
  [ 78.5%] Step 48,800 | Loss: 1.2215 | PPL: 3.39
  [ 78.8%] Step 48,900 | Loss: 1.2175 | PPL: 3.38
  [ 79.2%] Step 49,000 | Loss: 1.2203 | PPL: 3.39
  [ 79.6%] Step 49,100 | Loss: 1.2233 | PPL: 3.40
  [ 79.9%] Step 49,200 | Loss: 1.2230 | PPL: 3.40
  [ 80.3%] Step 49,300 | Loss: 1.2268 | PPL: 3.41
  [ 80.7%] Step 49,400 | Loss: 1.2177 | PPL: 3.38
  [ 81.0%] Step 49,500 | Loss: 1.2220 | PPL: 3.39
  [ 81.4%] Step 49,600 | Loss: 1.2223 | PPL: 3.40
  [ 81.8%] Step 49,700 | Loss: 1.2206 | PPL: 3.39
  [ 82.1%] Step 49,800 | Loss: 1.2208 | PPL: 3.39
  [ 82.5%] Step 49,900 | Loss: 1.2189 | PPL: 3.38
  [ 82.9%] Step 50,000 | Loss: 1.2205 | PPL: 3.39
  [ 83.2%] Step 50,100 | Loss: 1.2195 | PPL: 3.39
  [ 83.6%] Step 50,200 | Loss: 1.2235 | PPL: 3.40
  [ 84.0%] Step 50,300 | Loss: 1.2169 | PPL: 3.38
  [ 84.3%] Step 50,400 | Loss: 1.2191 | PPL: 3.38
  [ 84.7%] Step 50,500 | Loss: 1.2206 | PPL: 3.39
  [ 85.0%] Step 50,600 | Loss: 1.2198 | PPL: 3.39
  [ 85.4%] Step 50,700 | Loss: 1.2206 | PPL: 3.39
  [ 85.8%] Step 50,800 | Loss: 1.2193 | PPL: 3.38
  [ 86.1%] Step 50,900 | Loss: 1.2175 | PPL: 3.38
  [ 86.5%] Step 51,000 | Loss: 1.2238 | PPL: 3.40
  [ 86.9%] Step 51,100 | Loss: 1.2163 | PPL: 3.37
  [ 87.2%] Step 51,200 | Loss: 1.2179 | PPL: 3.38
  [ 87.6%] Step 51,300 | Loss: 1.2217 | PPL: 3.39
  [ 88.0%] Step 51,400 | Loss: 1.2148 | PPL: 3.37
  [ 88.3%] Step 51,500 | Loss: 1.2198 | PPL: 3.39
  [ 88.7%] Step 51,600 | Loss: 1.2141 | PPL: 3.37
  [ 89.1%] Step 51,700 | Loss: 1.2174 | PPL: 3.38
  [ 89.4%] Step 51,800 | Loss: 1.2165 | PPL: 3.38
  [ 89.8%] Step 51,900 | Loss: 1.2186 | PPL: 3.38
  [ 90.2%] Step 52,000 | Loss: 1.2190 | PPL: 3.38
  [ 90.5%] Step 52,100 | Loss: 1.2164 | PPL: 3.37
  [ 90.9%] Step 52,200 | Loss: 1.2167 | PPL: 3.38
  [ 91.3%] Step 52,300 | Loss: 1.2200 | PPL: 3.39
  [ 91.6%] Step 52,400 | Loss: 1.2150 | PPL: 3.37
  [ 92.0%] Step 52,500 | Loss: 1.2157 | PPL: 3.37
  [ 92.4%] Step 52,600 | Loss: 1.2116 | PPL: 3.36
  [ 92.7%] Step 52,700 | Loss: 1.2123 | PPL: 3.36
  [ 93.1%] Step 52,800 | Loss: 1.2125 | PPL: 3.36
  [ 93.5%] Step 52,900 | Loss: 1.2179 | PPL: 3.38
  [ 93.8%] Step 53,000 | Loss: 1.2196 | PPL: 3.39
  [ 94.2%] Step 53,100 | Loss: 1.2154 | PPL: 3.37
  [ 94.6%] Step 53,200 | Loss: 1.2190 | PPL: 3.38
  [ 94.9%] Step 53,300 | Loss: 1.2120 | PPL: 3.36
  [ 95.3%] Step 53,400 | Loss: 1.2154 | PPL: 3.37
  [ 95.7%] Step 53,500 | Loss: 1.2172 | PPL: 3.38
  [ 96.0%] Step 53,600 | Loss: 1.2201 | PPL: 3.39
  [ 96.4%] Step 53,700 | Loss: 1.2131 | PPL: 3.36
  [ 96.8%] Step 53,800 | Loss: 1.2170 | PPL: 3.38
  [ 97.1%] Step 53,900 | Loss: 1.2100 | PPL: 3.35
  [ 97.5%] Step 54,000 | Loss: 1.2169 | PPL: 3.38
  [ 97.8%] Step 54,100 | Loss: 1.2121 | PPL: 3.36
  [ 98.2%] Step 54,200 | Loss: 1.2110 | PPL: 3.36
  [ 98.6%] Step 54,300 | Loss: 1.2097 | PPL: 3.35
  [ 98.9%] Step 54,400 | Loss: 1.2121 | PPL: 3.36
  [ 99.3%] Step 54,500 | Loss: 1.2125 | PPL: 3.36
  [ 99.7%] Step 54,600 | Loss: 1.2138 | PPL: 3.37
  [100.0%] Step 54,688 | Loss: 1.2138 | PPL: 3.37
[Epoch 2/3] Validating...
[Epoch 2/3] Loss: 1.3609 | PPL: 3.90
  -> Saved best model to checkpoints_v4\tr_best.pt
[Epoch 3/3] Starting...
  [  0.0%] Step 54,700 | Loss: 1.2045 | PPL: 3.34
  [  0.4%] Step 54,800 | Loss: 1.2137 | PPL: 3.37
  [  0.8%] Step 54,900 | Loss: 1.2126 | PPL: 3.36
  [  1.1%] Step 55,000 | Loss: 1.2113 | PPL: 3.36
  [  1.5%] Step 55,100 | Loss: 1.2107 | PPL: 3.36
  [  1.9%] Step 55,200 | Loss: 1.2133 | PPL: 3.36
  [  2.2%] Step 55,300 | Loss: 1.2126 | PPL: 3.36
  [  2.6%] Step 55,400 | Loss: 1.2096 | PPL: 3.35
  [  3.0%] Step 55,500 | Loss: 1.2105 | PPL: 3.36
  [  3.3%] Step 55,600 | Loss: 1.2073 | PPL: 3.34
  [  3.7%] Step 55,700 | Loss: 1.2081 | PPL: 3.35
  [  4.1%] Step 55,800 | Loss: 1.2112 | PPL: 3.36
  [  4.4%] Step 55,900 | Loss: 1.2107 | PPL: 3.36
  [  4.8%] Step 56,000 | Loss: 1.2059 | PPL: 3.34
  [  5.2%] Step 56,100 | Loss: 1.2117 | PPL: 3.36
  [  5.5%] Step 56,200 | Loss: 1.2120 | PPL: 3.36
  [  5.9%] Step 56,300 | Loss: 1.2126 | PPL: 3.36
  [  6.3%] Step 56,400 | Loss: 1.2102 | PPL: 3.35
  [  6.6%] Step 56,500 | Loss: 1.2111 | PPL: 3.36
  [  7.0%] Step 56,600 | Loss: 1.2049 | PPL: 3.34
  [  7.4%] Step 56,700 | Loss: 1.2063 | PPL: 3.34
  [  7.7%] Step 56,800 | Loss: 1.2070 | PPL: 3.34
  [  8.1%] Step 56,900 | Loss: 1.2077 | PPL: 3.35
  [  8.5%] Step 57,000 | Loss: 1.2080 | PPL: 3.35
  [  8.8%] Step 57,100 | Loss: 1.2089 | PPL: 3.35
  [  9.2%] Step 57,200 | Loss: 1.2098 | PPL: 3.35
  [  9.6%] Step 57,300 | Loss: 1.2085 | PPL: 3.35
  [  9.9%] Step 57,400 | Loss: 1.2066 | PPL: 3.34
  [ 10.3%] Step 57,500 | Loss: 1.2067 | PPL: 3.34
  [ 10.6%] Step 57,600 | Loss: 1.2038 | PPL: 3.33
  [ 11.0%] Step 57,700 | Loss: 1.2101 | PPL: 3.35
  [ 11.4%] Step 57,800 | Loss: 1.2075 | PPL: 3.35
  [ 11.7%] Step 57,900 | Loss: 1.2077 | PPL: 3.35
  [ 12.1%] Step 58,000 | Loss: 1.2059 | PPL: 3.34
  [ 12.5%] Step 58,100 | Loss: 1.2074 | PPL: 3.34
  [ 12.8%] Step 58,200 | Loss: 1.2095 | PPL: 3.35
  [ 13.2%] Step 58,300 | Loss: 1.2071 | PPL: 3.34
  [ 13.6%] Step 58,400 | Loss: 1.2054 | PPL: 3.34
  [ 13.9%] Step 58,500 | Loss: 1.2054 | PPL: 3.34
  [ 14.3%] Step 58,600 | Loss: 1.2078 | PPL: 3.35
  [ 14.7%] Step 58,700 | Loss: 1.2096 | PPL: 3.35
  [ 15.0%] Step 58,800 | Loss: 1.2079 | PPL: 3.35
  [ 15.4%] Step 58,900 | Loss: 1.2055 | PPL: 3.34
  [ 15.8%] Step 59,000 | Loss: 1.2016 | PPL: 3.33
  [ 16.1%] Step 59,100 | Loss: 1.2062 | PPL: 3.34
  [ 16.5%] Step 59,200 | Loss: 1.2074 | PPL: 3.34
  [ 16.9%] Step 59,300 | Loss: 1.2088 | PPL: 3.35
  [ 17.2%] Step 59,400 | Loss: 1.2093 | PPL: 3.35
  [ 17.6%] Step 59,500 | Loss: 1.2092 | PPL: 3.35
  [ 18.0%] Step 59,600 | Loss: 1.2030 | PPL: 3.33
  [ 18.3%] Step 59,700 | Loss: 1.2031 | PPL: 3.33
  [ 18.7%] Step 59,800 | Loss: 1.2069 | PPL: 3.34
  [ 19.1%] Step 59,900 | Loss: 1.2065 | PPL: 3.34
  [ 19.4%] Step 60,000 | Loss: 1.2032 | PPL: 3.33
  [ 19.8%] Step 60,100 | Loss: 1.2059 | PPL: 3.34
  [ 20.2%] Step 60,200 | Loss: 1.2015 | PPL: 3.33
  [ 20.5%] Step 60,300 | Loss: 1.2025 | PPL: 3.33
  [ 20.9%] Step 60,400 | Loss: 1.2053 | PPL: 3.34
  [ 21.3%] Step 60,500 | Loss: 1.2016 | PPL: 3.33
  [ 21.6%] Step 60,600 | Loss: 1.2054 | PPL: 3.34
  [ 22.0%] Step 60,700 | Loss: 1.1994 | PPL: 3.32
  [ 22.4%] Step 60,800 | Loss: 1.1998 | PPL: 3.32
  [ 22.7%] Step 60,900 | Loss: 1.2063 | PPL: 3.34
  [ 23.1%] Step 61,000 | Loss: 1.2018 | PPL: 3.33
  [ 23.4%] Step 61,100 | Loss: 1.2062 | PPL: 3.34
  [ 23.8%] Step 61,200 | Loss: 1.2058 | PPL: 3.34
  [ 24.2%] Step 61,300 | Loss: 1.2023 | PPL: 3.33
  [ 24.5%] Step 61,400 | Loss: 1.1996 | PPL: 3.32
  [ 24.9%] Step 61,500 | Loss: 1.2043 | PPL: 3.33
  [ 25.3%] Step 61,600 | Loss: 1.2051 | PPL: 3.34
  [ 25.6%] Step 61,700 | Loss: 1.2010 | PPL: 3.32
  [ 26.0%] Step 61,800 | Loss: 1.1988 | PPL: 3.32
  [ 26.4%] Step 61,900 | Loss: 1.2006 | PPL: 3.32
  [ 26.7%] Step 62,000 | Loss: 1.1978 | PPL: 3.31
  [ 27.1%] Step 62,100 | Loss: 1.2034 | PPL: 3.33
  [ 27.5%] Step 62,200 | Loss: 1.2032 | PPL: 3.33
  [ 27.8%] Step 62,300 | Loss: 1.2034 | PPL: 3.33
  [ 28.2%] Step 62,400 | Loss: 1.2027 | PPL: 3.33
  [ 28.6%] Step 62,500 | Loss: 1.2017 | PPL: 3.33
  [ 28.9%] Step 62,600 | Loss: 1.2032 | PPL: 3.33
  [ 29.3%] Step 62,700 | Loss: 1.1984 | PPL: 3.31
  [ 29.7%] Step 62,800 | Loss: 1.1998 | PPL: 3.32
  [ 30.0%] Step 62,900 | Loss: 1.2002 | PPL: 3.32
  [ 30.4%] Step 63,000 | Loss: 1.2043 | PPL: 3.33
  [ 30.8%] Step 63,100 | Loss: 1.1969 | PPL: 3.31
  [ 31.1%] Step 63,200 | Loss: 1.2006 | PPL: 3.32
  [ 31.5%] Step 63,300 | Loss: 1.2012 | PPL: 3.32
  [ 31.9%] Step 63,400 | Loss: 1.2012 | PPL: 3.32
  [ 32.2%] Step 63,500 | Loss: 1.1974 | PPL: 3.31
  [ 32.6%] Step 63,600 | Loss: 1.1968 | PPL: 3.31
  [ 33.0%] Step 63,700 | Loss: 1.2032 | PPL: 3.33
  [ 33.3%] Step 63,800 | Loss: 1.1985 | PPL: 3.32
  [ 33.7%] Step 63,900 | Loss: 1.2005 | PPL: 3.32
  [ 34.1%] Step 64,000 | Loss: 1.2057 | PPL: 3.34
  [ 34.4%] Step 64,100 | Loss: 1.1994 | PPL: 3.32
  [ 34.8%] Step 64,200 | Loss: 1.2013 | PPL: 3.32
  [ 35.2%] Step 64,300 | Loss: 1.2022 | PPL: 3.33
  [ 35.5%] Step 64,400 | Loss: 1.2001 | PPL: 3.32
  [ 35.9%] Step 64,500 | Loss: 1.1983 | PPL: 3.31
  [ 36.2%] Step 64,600 | Loss: 1.1938 | PPL: 3.30
  [ 36.6%] Step 64,700 | Loss: 1.1995 | PPL: 3.32
  [ 37.0%] Step 64,800 | Loss: 1.1977 | PPL: 3.31
  [ 37.3%] Step 64,900 | Loss: 1.1979 | PPL: 3.31
  [ 37.7%] Step 65,000 | Loss: 1.1989 | PPL: 3.32
  [ 38.1%] Step 65,100 | Loss: 1.1976 | PPL: 3.31
  [ 38.4%] Step 65,200 | Loss: 1.1983 | PPL: 3.31
  [ 38.8%] Step 65,300 | Loss: 1.1950 | PPL: 3.30
  [ 39.2%] Step 65,400 | Loss: 1.1968 | PPL: 3.31
  [ 39.5%] Step 65,500 | Loss: 1.1972 | PPL: 3.31
  [ 39.9%] Step 65,600 | Loss: 1.1949 | PPL: 3.30
  [ 40.3%] Step 65,700 | Loss: 1.2020 | PPL: 3.33
  [ 40.6%] Step 65,800 | Loss: 1.1963 | PPL: 3.31
  [ 41.0%] Step 65,900 | Loss: 1.1985 | PPL: 3.32
  [ 41.4%] Step 66,000 | Loss: 1.2009 | PPL: 3.32
  [ 41.7%] Step 66,100 | Loss: 1.1956 | PPL: 3.31
  [ 42.1%] Step 66,200 | Loss: 1.1984 | PPL: 3.31
  [ 42.5%] Step 66,300 | Loss: 1.1978 | PPL: 3.31
  [ 42.8%] Step 66,400 | Loss: 1.1978 | PPL: 3.31
  [ 43.2%] Step 66,500 | Loss: 1.1960 | PPL: 3.31
  [ 43.6%] Step 66,600 | Loss: 1.1952 | PPL: 3.30
  [ 43.9%] Step 66,700 | Loss: 1.1929 | PPL: 3.30
  [ 44.3%] Step 66,800 | Loss: 1.1951 | PPL: 3.30
  [ 44.7%] Step 66,900 | Loss: 1.1987 | PPL: 3.32
  [ 45.0%] Step 67,000 | Loss: 1.1952 | PPL: 3.30
  [ 45.4%] Step 67,100 | Loss: 1.1930 | PPL: 3.30
  [ 45.8%] Step 67,200 | Loss: 1.1983 | PPL: 3.31
  [ 46.1%] Step 67,300 | Loss: 1.1949 | PPL: 3.30
  [ 46.5%] Step 67,400 | Loss: 1.1941 | PPL: 3.30
  [ 46.9%] Step 67,500 | Loss: 1.1955 | PPL: 3.31
  [ 47.2%] Step 67,600 | Loss: 1.1925 | PPL: 3.30
  [ 47.6%] Step 67,700 | Loss: 1.1923 | PPL: 3.29
  [ 48.0%] Step 67,800 | Loss: 1.1949 | PPL: 3.30
  [ 48.3%] Step 67,900 | Loss: 1.1975 | PPL: 3.31
  [ 48.7%] Step 68,000 | Loss: 1.1947 | PPL: 3.30
  [ 49.0%] Step 68,100 | Loss: 1.1895 | PPL: 3.29
  [ 49.4%] Step 68,200 | Loss: 1.1962 | PPL: 3.31
  [ 49.8%] Step 68,300 | Loss: 1.1930 | PPL: 3.30
  [ 50.1%] Step 68,400 | Loss: 1.1901 | PPL: 3.29
  [ 50.5%] Step 68,500 | Loss: 1.1905 | PPL: 3.29
  [ 50.9%] Step 68,600 | Loss: 1.1916 | PPL: 3.29
  [ 51.2%] Step 68,700 | Loss: 1.1934 | PPL: 3.30
  [ 51.6%] Step 68,800 | Loss: 1.1946 | PPL: 3.30
  [ 52.0%] Step 68,900 | Loss: 1.1937 | PPL: 3.30
  [ 52.3%] Step 69,000 | Loss: 1.1919 | PPL: 3.29
  [ 52.7%] Step 69,100 | Loss: 1.1913 | PPL: 3.29
  [ 53.1%] Step 69,200 | Loss: 1.1944 | PPL: 3.30
  [ 53.4%] Step 69,300 | Loss: 1.1942 | PPL: 3.30
  [ 53.8%] Step 69,400 | Loss: 1.1925 | PPL: 3.30
  [ 54.2%] Step 69,500 | Loss: 1.1876 | PPL: 3.28
  [ 54.5%] Step 69,600 | Loss: 1.1966 | PPL: 3.31
  [ 54.9%] Step 69,700 | Loss: 1.1893 | PPL: 3.28
  [ 55.3%] Step 69,800 | Loss: 1.1970 | PPL: 3.31
  [ 55.6%] Step 69,900 | Loss: 1.1924 | PPL: 3.30
  [ 56.0%] Step 70,000 | Loss: 1.1932 | PPL: 3.30
  [ 56.4%] Step 70,100 | Loss: 1.1899 | PPL: 3.29
  [ 56.7%] Step 70,200 | Loss: 1.1903 | PPL: 3.29
  [ 57.1%] Step 70,300 | Loss: 1.1926 | PPL: 3.30
  [ 57.5%] Step 70,400 | Loss: 1.1946 | PPL: 3.30
  [ 57.8%] Step 70,500 | Loss: 1.1917 | PPL: 3.29
  [ 58.2%] Step 70,600 | Loss: 1.1906 | PPL: 3.29
  [ 58.6%] Step 70,700 | Loss: 1.1917 | PPL: 3.29
  [ 58.9%] Step 70,800 | Loss: 1.1902 | PPL: 3.29
  [ 59.3%] Step 70,900 | Loss: 1.1896 | PPL: 3.29
  [ 59.7%] Step 71,000 | Loss: 1.1909 | PPL: 3.29
  [ 60.0%] Step 71,100 | Loss: 1.1891 | PPL: 3.28
  [ 60.4%] Step 71,200 | Loss: 1.1912 | PPL: 3.29
  [ 60.8%] Step 71,300 | Loss: 1.1856 | PPL: 3.27
  [ 61.1%] Step 71,400 | Loss: 1.1900 | PPL: 3.29
  [ 61.5%] Step 71,500 | Loss: 1.1913 | PPL: 3.29
  [ 61.8%] Step 71,600 | Loss: 1.1918 | PPL: 3.29
  [ 62.2%] Step 71,700 | Loss: 1.1920 | PPL: 3.29
  [ 62.6%] Step 71,800 | Loss: 1.1921 | PPL: 3.29
  [ 62.9%] Step 71,900 | Loss: 1.1926 | PPL: 3.30
  [ 63.3%] Step 72,000 | Loss: 1.1883 | PPL: 3.28
  [ 63.7%] Step 72,100 | Loss: 1.1856 | PPL: 3.27
  [ 64.0%] Step 72,200 | Loss: 1.1932 | PPL: 3.30
  [ 64.4%] Step 72,300 | Loss: 1.1910 | PPL: 3.29
  [ 64.8%] Step 72,400 | Loss: 1.1910 | PPL: 3.29
  [ 65.1%] Step 72,500 | Loss: 1.1892 | PPL: 3.28
  [ 65.5%] Step 72,600 | Loss: 1.1887 | PPL: 3.28
  [ 65.9%] Step 72,700 | Loss: 1.1904 | PPL: 3.29
  [ 66.2%] Step 72,800 | Loss: 1.1883 | PPL: 3.28
  [ 66.6%] Step 72,900 | Loss: 1.1901 | PPL: 3.29
  [ 67.0%] Step 73,000 | Loss: 1.1880 | PPL: 3.28
  [ 67.3%] Step 73,100 | Loss: 1.1925 | PPL: 3.30
  [ 67.7%] Step 73,200 | Loss: 1.1872 | PPL: 3.28
  [ 68.1%] Step 73,300 | Loss: 1.1878 | PPL: 3.28
  [ 68.4%] Step 73,400 | Loss: 1.1905 | PPL: 3.29
  [ 68.8%] Step 73,500 | Loss: 1.1911 | PPL: 3.29
  [ 69.2%] Step 73,600 | Loss: 1.1887 | PPL: 3.28
  [ 69.5%] Step 73,700 | Loss: 1.1907 | PPL: 3.29
  [ 69.9%] Step 73,800 | Loss: 1.1886 | PPL: 3.28
  [ 70.3%] Step 73,900 | Loss: 1.1882 | PPL: 3.28
  [ 70.6%] Step 74,000 | Loss: 1.1885 | PPL: 3.28
  [ 71.0%] Step 74,100 | Loss: 1.1895 | PPL: 3.29
  [ 71.4%] Step 74,200 | Loss: 1.1899 | PPL: 3.29
  [ 71.7%] Step 74,300 | Loss: 1.1881 | PPL: 3.28
  [ 72.1%] Step 74,400 | Loss: 1.1874 | PPL: 3.28
  [ 72.5%] Step 74,500 | Loss: 1.1874 | PPL: 3.28
  [ 72.8%] Step 74,600 | Loss: 1.1871 | PPL: 3.28
  [ 73.2%] Step 74,700 | Loss: 1.1901 | PPL: 3.29
  [ 73.6%] Step 74,800 | Loss: 1.1876 | PPL: 3.28
  [ 73.9%] Step 74,900 | Loss: 1.1890 | PPL: 3.28
  [ 74.3%] Step 75,000 | Loss: 1.1856 | PPL: 3.27
  [ 74.6%] Step 75,100 | Loss: 1.1835 | PPL: 3.27
  [ 75.0%] Step 75,200 | Loss: 1.1838 | PPL: 3.27
  [ 75.4%] Step 75,300 | Loss: 1.1866 | PPL: 3.28
  [ 75.7%] Step 75,400 | Loss: 1.1857 | PPL: 3.27
  [ 76.1%] Step 75,500 | Loss: 1.1856 | PPL: 3.27
  [ 76.5%] Step 75,600 | Loss: 1.1871 | PPL: 3.28
  [ 76.8%] Step 75,700 | Loss: 1.1859 | PPL: 3.27
  [ 77.2%] Step 75,800 | Loss: 1.1868 | PPL: 3.28
  [ 77.6%] Step 75,900 | Loss: 1.1867 | PPL: 3.28
  [ 77.9%] Step 76,000 | Loss: 1.1880 | PPL: 3.28
  [ 78.3%] Step 76,100 | Loss: 1.1832 | PPL: 3.26
  [ 78.7%] Step 76,200 | Loss: 1.1864 | PPL: 3.28
  [ 79.0%] Step 76,300 | Loss: 1.1862 | PPL: 3.27
  [ 79.4%] Step 76,400 | Loss: 1.1830 | PPL: 3.26
  [ 79.8%] Step 76,500 | Loss: 1.1875 | PPL: 3.28
  [ 80.1%] Step 76,600 | Loss: 1.1847 | PPL: 3.27
  [ 80.5%] Step 76,700 | Loss: 1.1852 | PPL: 3.27
  [ 80.9%] Step 76,800 | Loss: 1.1854 | PPL: 3.27
  [ 81.2%] Step 76,900 | Loss: 1.1861 | PPL: 3.27
  [ 81.6%] Step 77,000 | Loss: 1.1837 | PPL: 3.27
  [ 82.0%] Step 77,100 | Loss: 1.1840 | PPL: 3.27
  [ 82.3%] Step 77,200 | Loss: 1.1843 | PPL: 3.27
  [ 82.7%] Step 77,300 | Loss: 1.1835 | PPL: 3.27
  [ 83.1%] Step 77,400 | Loss: 1.1865 | PPL: 3.28
  [ 83.4%] Step 77,500 | Loss: 1.1816 | PPL: 3.26
  [ 83.8%] Step 77,600 | Loss: 1.1818 | PPL: 3.26
  [ 84.2%] Step 77,700 | Loss: 1.1835 | PPL: 3.27
  [ 84.5%] Step 77,800 | Loss: 1.1870 | PPL: 3.28
  [ 84.9%] Step 77,900 | Loss: 1.1849 | PPL: 3.27
  [ 85.3%] Step 78,000 | Loss: 1.1869 | PPL: 3.28
  [ 85.6%] Step 78,100 | Loss: 1.1811 | PPL: 3.26
  [ 86.0%] Step 78,200 | Loss: 1.1841 | PPL: 3.27
  [ 86.4%] Step 78,300 | Loss: 1.1847 | PPL: 3.27
  [ 86.7%] Step 78,400 | Loss: 1.1815 | PPL: 3.26
  [ 87.1%] Step 78,500 | Loss: 1.1838 | PPL: 3.27
  [ 87.4%] Step 78,600 | Loss: 1.1840 | PPL: 3.27
  [ 87.8%] Step 78,700 | Loss: 1.1843 | PPL: 3.27
  [ 88.2%] Step 78,800 | Loss: 1.1820 | PPL: 3.26
  [ 88.5%] Step 78,900 | Loss: 1.1834 | PPL: 3.27
  [ 88.9%] Step 79,000 | Loss: 1.1838 | PPL: 3.27
  [ 89.3%] Step 79,100 | Loss: 1.1795 | PPL: 3.25
  [ 89.6%] Step 79,200 | Loss: 1.1825 | PPL: 3.26
  [ 90.0%] Step 79,300 | Loss: 1.1805 | PPL: 3.26
  [ 90.4%] Step 79,400 | Loss: 1.1849 | PPL: 3.27
  [ 90.7%] Step 79,500 | Loss: 1.1811 | PPL: 3.26
  [ 91.1%] Step 79,600 | Loss: 1.1825 | PPL: 3.26
  [ 91.5%] Step 79,700 | Loss: 1.1860 | PPL: 3.27
  [ 91.8%] Step 79,800 | Loss: 1.1815 | PPL: 3.26
  [ 92.2%] Step 79,900 | Loss: 1.1864 | PPL: 3.28
  [ 92.6%] Step 80,000 | Loss: 1.1837 | PPL: 3.27
  [ 92.9%] Step 80,100 | Loss: 1.1805 | PPL: 3.26
  [ 93.3%] Step 80,200 | Loss: 1.1828 | PPL: 3.26
  [ 93.7%] Step 80,300 | Loss: 1.1832 | PPL: 3.26
  [ 94.0%] Step 80,400 | Loss: 1.1802 | PPL: 3.26
  [ 94.4%] Step 80,500 | Loss: 1.1820 | PPL: 3.26
  [ 94.8%] Step 80,600 | Loss: 1.1823 | PPL: 3.26
  [ 95.1%] Step 80,700 | Loss: 1.1825 | PPL: 3.26
  [ 95.5%] Step 80,800 | Loss: 1.1782 | PPL: 3.25
  [ 95.9%] Step 80,900 | Loss: 1.1803 | PPL: 3.26
  [ 96.2%] Step 81,000 | Loss: 1.1792 | PPL: 3.25
  [ 96.6%] Step 81,100 | Loss: 1.1824 | PPL: 3.26
  [ 97.0%] Step 81,200 | Loss: 1.1816 | PPL: 3.26
  [ 97.3%] Step 81,300 | Loss: 1.1844 | PPL: 3.27
  [ 97.7%] Step 81,400 | Loss: 1.1837 | PPL: 3.27
  [ 98.1%] Step 81,500 | Loss: 1.1818 | PPL: 3.26
  [ 98.4%] Step 81,600 | Loss: 1.1753 | PPL: 3.24
  [ 98.8%] Step 81,700 | Loss: 1.1820 | PPL: 3.26
  [ 99.2%] Step 81,800 | Loss: 1.1806 | PPL: 3.26
  [ 99.5%] Step 81,900 | Loss: 1.1826 | PPL: 3.26
  [ 99.9%] Step 82,000 | Loss: 1.1786 | PPL: 3.25
  [100.0%] Step 82,032 | Loss: 1.1808 | PPL: 3.26
[Epoch 3/3] Validating...
[Epoch 3/3] Loss: 1.3523 | PPL: 3.87
  -> Saved best model to checkpoints_v4\tr_best.pt
============================================================
Training complete. Running final evaluation...
============================================================

Final Test Loss: 1.3269 | Test PPL: 3.77
Done!
Wrote checkpoints_v4\tr_best.pt.runrecord.json
[1;34mwandb[0m: 
[1;34mwandb[0m: You can sync this run to the cloud by running:
[1;34mwandb[0m: [1mwandb sync C:\Users\Test\PROJECTS\LSTM\wandb\offline-run-20260902_214954-kbm6a6uo[0m
[1;34mwandb[0m: Find logs at: [1;35mwandb\offline-run-20260902_214954-kbm6a6uo\logs[0m
--- v4/tr end rc=0 Wed Sep  2 22:46:02 PDT 2026 ---
--- v4/az start Wed Sep  2 22:46:02 PDT 2026 ---
wandb: Tracking run with wandb version 0.23.1
wandb: W&B syncing is set to `offline` in this directory. Run `wandb online` or set WANDB_MODE=online to enable cloud syncing.
wandb: Run data is saved locally in C:\Users\Test\PROJECTS\LSTM\wandb\offline-run-20260902_224605-mktxhsse
Loading data from rebuild_2026-09\corpora_clean_v4\oscar_az_ipa.txt...
  Loaded: 10,000,000 chars total
  Train: 7,000,000 chars
  Val: 1,500,000 chars
  Test: 1,500,000 chars
Building vocab from training text...
  Vocab size: 34
============================================================
Training config
============================================================
  Language: Azerbaijani (az)
  Mode: Train from scratch
  Device: cuda
  Batch size: 256
  Workers: 0
  Pin memory: True
  Epochs: 3
  LR: 0.0001
  Seed: 1234
  Freeze embed: False
  Output: checkpoints_v4\az_best.pt
Creating data loaders...
  Train batches: 27,344
  Val batches: 5,859

Model config
  Device: cuda
  Embed dim: 128
  Hidden dim: 256
  Layers: 2
  Parameters: 934,690
  Optimizer: Adam (lr=0.0001)
============================================================
Starting training: 3 epochs, 27344 batches/epoch
============================================================
[Epoch 1/3] Starting...
  [  0.4%] Step 100 | Loss: 3.2360 | PPL: 25.43
  [  0.7%] Step 200 | Loss: 2.8559 | PPL: 17.39
  [  1.1%] Step 300 | Loss: 2.5119 | PPL: 12.33
  [  1.5%] Step 400 | Loss: 2.3669 | PPL: 10.66
  [  1.8%] Step 500 | Loss: 2.2765 | PPL: 9.74
  [  2.2%] Step 600 | Loss: 2.2006 | PPL: 9.03
  [  2.6%] Step 700 | Loss: 2.1398 | PPL: 8.50
  [  2.9%] Step 800 | Loss: 2.0846 | PPL: 8.04
  [  3.3%] Step 900 | Loss: 2.0358 | PPL: 7.66
  [  3.7%] Step 1,000 | Loss: 1.9925 | PPL: 7.33
  [  4.0%] Step 1,100 | Loss: 1.9545 | PPL: 7.06
  [  4.4%] Step 1,200 | Loss: 1.9187 | PPL: 6.81
  [  4.8%] Step 1,300 | Loss: 1.8879 | PPL: 6.61
  [  5.1%] Step 1,400 | Loss: 1.8580 | PPL: 6.41
  [  5.5%] Step 1,500 | Loss: 1.8288 | PPL: 6.23
  [  5.9%] Step 1,600 | Loss: 1.8048 | PPL: 6.08
  [  6.2%] Step 1,700 | Loss: 1.7845 | PPL: 5.96
  [  6.6%] Step 1,800 | Loss: 1.7599 | PPL: 5.81
  [  6.9%] Step 1,900 | Loss: 1.7387 | PPL: 5.69
  [  7.3%] Step 2,000 | Loss: 1.7224 | PPL: 5.60
  [  7.7%] Step 2,100 | Loss: 1.7049 | PPL: 5.50
  [  8.0%] Step 2,200 | Loss: 1.6865 | PPL: 5.40
  [  8.4%] Step 2,300 | Loss: 1.6711 | PPL: 5.32
  [  8.8%] Step 2,400 | Loss: 1.6598 | PPL: 5.26
  [  9.1%] Step 2,500 | Loss: 1.6444 | PPL: 5.18
  [  9.5%] Step 2,600 | Loss: 1.6327 | PPL: 5.12
  [  9.9%] Step 2,700 | Loss: 1.6187 | PPL: 5.05
  [ 10.2%] Step 2,800 | Loss: 1.6105 | PPL: 5.01
  [ 10.6%] Step 2,900 | Loss: 1.5972 | PPL: 4.94
  [ 11.0%] Step 3,000 | Loss: 1.5875 | PPL: 4.89
  [ 11.3%] Step 3,100 | Loss: 1.5789 | PPL: 4.85
  [ 11.7%] Step 3,200 | Loss: 1.5678 | PPL: 4.80
  [ 12.1%] Step 3,300 | Loss: 1.5577 | PPL: 4.75
  [ 12.4%] Step 3,400 | Loss: 1.5506 | PPL: 4.71
  [ 12.8%] Step 3,500 | Loss: 1.5416 | PPL: 4.67
  [ 13.2%] Step 3,600 | Loss: 1.5413 | PPL: 4.67
  [ 13.5%] Step 3,700 | Loss: 1.5322 | PPL: 4.63
  [ 13.9%] Step 3,800 | Loss: 1.5269 | PPL: 4.60
  [ 14.3%] Step 3,900 | Loss: 1.5208 | PPL: 4.58
  [ 14.6%] Step 4,000 | Loss: 1.5108 | PPL: 4.53
  [ 15.0%] Step 4,100 | Loss: 1.5029 | PPL: 4.49
  [ 15.4%] Step 4,200 | Loss: 1.4999 | PPL: 4.48
  [ 15.7%] Step 4,300 | Loss: 1.4891 | PPL: 4.43
  [ 16.1%] Step 4,400 | Loss: 1.4836 | PPL: 4.41
  [ 16.5%] Step 4,500 | Loss: 1.4827 | PPL: 4.40
  [ 16.8%] Step 4,600 | Loss: 1.4777 | PPL: 4.38
  [ 17.2%] Step 4,700 | Loss: 1.4737 | PPL: 4.37
  [ 17.6%] Step 4,800 | Loss: 1.4692 | PPL: 4.35
  [ 17.9%] Step 4,900 | Loss: 1.4567 | PPL: 4.29
  [ 18.3%] Step 5,000 | Loss: 1.4558 | PPL: 4.29
  [ 18.7%] Step 5,100 | Loss: 1.4533 | PPL: 4.28
  [ 19.0%] Step 5,200 | Loss: 1.4439 | PPL: 4.24
  [ 19.4%] Step 5,300 | Loss: 1.4402 | PPL: 4.22
  [ 19.7%] Step 5,400 | Loss: 1.4390 | PPL: 4.22
  [ 20.1%] Step 5,500 | Loss: 1.4342 | PPL: 4.20
  [ 20.5%] Step 5,600 | Loss: 1.4325 | PPL: 4.19
  [ 20.8%] Step 5,700 | Loss: 1.4286 | PPL: 4.17
  [ 21.2%] Step 5,800 | Loss: 1.4242 | PPL: 4.15
  [ 21.6%] Step 5,900 | Loss: 1.4174 | PPL: 4.13
  [ 21.9%] Step 6,000 | Loss: 1.4149 | PPL: 4.12
  [ 22.3%] Step 6,100 | Loss: 1.4120 | PPL: 4.10
  [ 22.7%] Step 6,200 | Loss: 1.4087 | PPL: 4.09
  [ 23.0%] Step 6,300 | Loss: 1.4058 | PPL: 4.08
  [ 23.4%] Step 6,400 | Loss: 1.4026 | PPL: 4.07
  [ 23.8%] Step 6,500 | Loss: 1.3955 | PPL: 4.04
  [ 24.1%] Step 6,600 | Loss: 1.3899 | PPL: 4.01
  [ 24.5%] Step 6,700 | Loss: 1.3926 | PPL: 4.03
  [ 24.9%] Step 6,800 | Loss: 1.3888 | PPL: 4.01
  [ 25.2%] Step 6,900 | Loss: 1.3840 | PPL: 3.99
  [ 25.6%] Step 7,000 | Loss: 1.3880 | PPL: 4.01
  [ 26.0%] Step 7,100 | Loss: 1.3762 | PPL: 3.96
  [ 26.3%] Step 7,200 | Loss: 1.3730 | PPL: 3.95
  [ 26.7%] Step 7,300 | Loss: 1.3725 | PPL: 3.95
  [ 27.1%] Step 7,400 | Loss: 1.3689 | PPL: 3.93
  [ 27.4%] Step 7,500 | Loss: 1.3692 | PPL: 3.93
  [ 27.8%] Step 7,600 | Loss: 1.3629 | PPL: 3.91
  [ 28.2%] Step 7,700 | Loss: 1.3612 | PPL: 3.90
  [ 28.5%] Step 7,800 | Loss: 1.3602 | PPL: 3.90
  [ 28.9%] Step 7,900 | Loss: 1.3565 | PPL: 3.88
  [ 29.3%] Step 8,000 | Loss: 1.3553 | PPL: 3.88
  [ 29.6%] Step 8,100 | Loss: 1.3533 | PPL: 3.87
  [ 30.0%] Step 8,200 | Loss: 1.3530 | PPL: 3.87
  [ 30.4%] Step 8,300 | Loss: 1.3523 | PPL: 3.87
  [ 30.7%] Step 8,400 | Loss: 1.3496 | PPL: 3.86
  [ 31.1%] Step 8,500 | Loss: 1.3480 | PPL: 3.85
  [ 31.5%] Step 8,600 | Loss: 1.3425 | PPL: 3.83
  [ 31.8%] Step 8,700 | Loss: 1.3433 | PPL: 3.83
  [ 32.2%] Step 8,800 | Loss: 1.3370 | PPL: 3.81
  [ 32.5%] Step 8,900 | Loss: 1.3390 | PPL: 3.82
  [ 32.9%] Step 9,000 | Loss: 1.3312 | PPL: 3.79
  [ 33.3%] Step 9,100 | Loss: 1.3302 | PPL: 3.78
  [ 33.6%] Step 9,200 | Loss: 1.3303 | PPL: 3.78
  [ 34.0%] Step 9,300 | Loss: 1.3283 | PPL: 3.77
  [ 34.4%] Step 9,400 | Loss: 1.3253 | PPL: 3.76
  [ 34.7%] Step 9,500 | Loss: 1.3235 | PPL: 3.76
  [ 35.1%] Step 9,600 | Loss: 1.3193 | PPL: 3.74
  [ 35.5%] Step 9,700 | Loss: 1.3199 | PPL: 3.74
  [ 35.8%] Step 9,800 | Loss: 1.3221 | PPL: 3.75
  [ 36.2%] Step 9,900 | Loss: 1.3232 | PPL: 3.76
  [ 36.6%] Step 10,000 | Loss: 1.3182 | PPL: 3.74
  [ 36.9%] Step 10,100 | Loss: 1.3141 | PPL: 3.72
  [ 37.3%] Step 10,200 | Loss: 1.3111 | PPL: 3.71
  [ 37.7%] Step 10,300 | Loss: 1.3094 | PPL: 3.70
  [ 38.0%] Step 10,400 | Loss: 1.3121 | PPL: 3.71
  [ 38.4%] Step 10,500 | Loss: 1.3094 | PPL: 3.70
  [ 38.8%] Step 10,600 | Loss: 1.3038 | PPL: 3.68
  [ 39.1%] Step 10,700 | Loss: 1.2986 | PPL: 3.66
  [ 39.5%] Step 10,800 | Loss: 1.3032 | PPL: 3.68
  [ 39.9%] Step 10,900 | Loss: 1.3038 | PPL: 3.68
  [ 40.2%] Step 11,000 | Loss: 1.2963 | PPL: 3.66
  [ 40.6%] Step 11,100 | Loss: 1.2938 | PPL: 3.65
  [ 41.0%] Step 11,200 | Loss: 1.2954 | PPL: 3.65
  [ 41.3%] Step 11,300 | Loss: 1.2964 | PPL: 3.66
  [ 41.7%] Step 11,400 | Loss: 1.2960 | PPL: 3.65
  [ 42.1%] Step 11,500 | Loss: 1.2951 | PPL: 3.65
  [ 42.4%] Step 11,600 | Loss: 1.2915 | PPL: 3.64
  [ 42.8%] Step 11,700 | Loss: 1.2930 | PPL: 3.64
  [ 43.2%] Step 11,800 | Loss: 1.2857 | PPL: 3.62
  [ 43.5%] Step 11,900 | Loss: 1.2839 | PPL: 3.61
  [ 43.9%] Step 12,000 | Loss: 1.2891 | PPL: 3.63
  [ 44.3%] Step 12,100 | Loss: 1.2802 | PPL: 3.60
  [ 44.6%] Step 12,200 | Loss: 1.2810 | PPL: 3.60
  [ 45.0%] Step 12,300 | Loss: 1.2806 | PPL: 3.60
  [ 45.3%] Step 12,400 | Loss: 1.2789 | PPL: 3.59
  [ 45.7%] Step 12,500 | Loss: 1.2788 | PPL: 3.59
  [ 46.1%] Step 12,600 | Loss: 1.2784 | PPL: 3.59
  [ 46.4%] Step 12,700 | Loss: 1.2761 | PPL: 3.58
  [ 46.8%] Step 12,800 | Loss: 1.2758 | PPL: 3.58
  [ 47.2%] Step 12,900 | Loss: 1.2736 | PPL: 3.57
  [ 47.5%] Step 13,000 | Loss: 1.2706 | PPL: 3.56
  [ 47.9%] Step 13,100 | Loss: 1.2693 | PPL: 3.56
  [ 48.3%] Step 13,200 | Loss: 1.2673 | PPL: 3.55
  [ 48.6%] Step 13,300 | Loss: 1.2656 | PPL: 3.55
  [ 49.0%] Step 13,400 | Loss: 1.2664 | PPL: 3.55
  [ 49.4%] Step 13,500 | Loss: 1.2693 | PPL: 3.56
  [ 49.7%] Step 13,600 | Loss: 1.2674 | PPL: 3.55
  [ 50.1%] Step 13,700 | Loss: 1.2683 | PPL: 3.55
  [ 50.5%] Step 13,800 | Loss: 1.2625 | PPL: 3.53
  [ 50.8%] Step 13,900 | Loss: 1.2656 | PPL: 3.55
  [ 51.2%] Step 14,000 | Loss: 1.2611 | PPL: 3.53
  [ 51.6%] Step 14,100 | Loss: 1.2643 | PPL: 3.54
  [ 51.9%] Step 14,200 | Loss: 1.2623 | PPL: 3.53
  [ 52.3%] Step 14,300 | Loss: 1.2569 | PPL: 3.51
  [ 52.7%] Step 14,400 | Loss: 1.2610 | PPL: 3.53
  [ 53.0%] Step 14,500 | Loss: 1.2552 | PPL: 3.51
  [ 53.4%] Step 14,600 | Loss: 1.2547 | PPL: 3.51
  [ 53.8%] Step 14,700 | Loss: 1.2557 | PPL: 3.51
  [ 54.1%] Step 14,800 | Loss: 1.2568 | PPL: 3.51
  [ 54.5%] Step 14,900 | Loss: 1.2525 | PPL: 3.50
  [ 54.9%] Step 15,000 | Loss: 1.2494 | PPL: 3.49
  [ 55.2%] Step 15,100 | Loss: 1.2477 | PPL: 3.48
  [ 55.6%] Step 15,200 | Loss: 1.2467 | PPL: 3.48
  [ 56.0%] Step 15,300 | Loss: 1.2508 | PPL: 3.49
  [ 56.3%] Step 15,400 | Loss: 1.2468 | PPL: 3.48
  [ 56.7%] Step 15,500 | Loss: 1.2470 | PPL: 3.48
  [ 57.1%] Step 15,600 | Loss: 1.2405 | PPL: 3.46
  [ 57.4%] Step 15,700 | Loss: 1.2452 | PPL: 3.47
  [ 57.8%] Step 15,800 | Loss: 1.2451 | PPL: 3.47
  [ 58.1%] Step 15,900 | Loss: 1.2373 | PPL: 3.45
  [ 58.5%] Step 16,000 | Loss: 1.2409 | PPL: 3.46
  [ 58.9%] Step 16,100 | Loss: 1.2447 | PPL: 3.47
  [ 59.2%] Step 16,200 | Loss: 1.2376 | PPL: 3.45
  [ 59.6%] Step 16,300 | Loss: 1.2378 | PPL: 3.45
  [ 60.0%] Step 16,400 | Loss: 1.2381 | PPL: 3.45
  [ 60.3%] Step 16,500 | Loss: 1.2373 | PPL: 3.45
  [ 60.7%] Step 16,600 | Loss: 1.2355 | PPL: 3.44
  [ 61.1%] Step 16,700 | Loss: 1.2336 | PPL: 3.43
  [ 61.4%] Step 16,800 | Loss: 1.2335 | PPL: 3.43
  [ 61.8%] Step 16,900 | Loss: 1.2303 | PPL: 3.42
  [ 62.2%] Step 17,000 | Loss: 1.2311 | PPL: 3.43
  [ 62.5%] Step 17,100 | Loss: 1.2327 | PPL: 3.43
  [ 62.9%] Step 17,200 | Loss: 1.2293 | PPL: 3.42
  [ 63.3%] Step 17,300 | Loss: 1.2317 | PPL: 3.43
  [ 63.6%] Step 17,400 | Loss: 1.2274 | PPL: 3.41
  [ 64.0%] Step 17,500 | Loss: 1.2327 | PPL: 3.43
  [ 64.4%] Step 17,600 | Loss: 1.2312 | PPL: 3.43
  [ 64.7%] Step 17,700 | Loss: 1.2278 | PPL: 3.41
  [ 65.1%] Step 17,800 | Loss: 1.2265 | PPL: 3.41
  [ 65.5%] Step 17,900 | Loss: 1.2289 | PPL: 3.42
  [ 65.8%] Step 18,000 | Loss: 1.2232 | PPL: 3.40
  [ 66.2%] Step 18,100 | Loss: 1.2227 | PPL: 3.40
  [ 66.6%] Step 18,200 | Loss: 1.2253 | PPL: 3.41
  [ 66.9%] Step 18,300 | Loss: 1.2306 | PPL: 3.42
  [ 67.3%] Step 18,400 | Loss: 1.2240 | PPL: 3.40
  [ 67.7%] Step 18,500 | Loss: 1.2273 | PPL: 3.41
  [ 68.0%] Step 18,600 | Loss: 1.2273 | PPL: 3.41
  [ 68.4%] Step 18,700 | Loss: 1.2213 | PPL: 3.39
  [ 68.8%] Step 18,800 | Loss: 1.2233 | PPL: 3.40
  [ 69.1%] Step 18,900 | Loss: 1.2189 | PPL: 3.38
  [ 69.5%] Step 19,000 | Loss: 1.2173 | PPL: 3.38
  [ 69.9%] Step 19,100 | Loss: 1.2134 | PPL: 3.37
  [ 70.2%] Step 19,200 | Loss: 1.2156 | PPL: 3.37
  [ 70.6%] Step 19,300 | Loss: 1.2122 | PPL: 3.36
  [ 70.9%] Step 19,400 | Loss: 1.2179 | PPL: 3.38
  [ 71.3%] Step 19,500 | Loss: 1.2132 | PPL: 3.36
  [ 71.7%] Step 19,600 | Loss: 1.2142 | PPL: 3.37
  [ 72.0%] Step 19,700 | Loss: 1.2153 | PPL: 3.37
  [ 72.4%] Step 19,800 | Loss: 1.2089 | PPL: 3.35
  [ 72.8%] Step 19,900 | Loss: 1.2090 | PPL: 3.35
  [ 73.1%] Step 20,000 | Loss: 1.2157 | PPL: 3.37
  [ 73.5%] Step 20,100 | Loss: 1.2092 | PPL: 3.35
  [ 73.9%] Step 20,200 | Loss: 1.2097 | PPL: 3.35
  [ 74.2%] Step 20,300 | Loss: 1.2102 | PPL: 3.35
  [ 74.6%] Step 20,400 | Loss: 1.2060 | PPL: 3.34
  [ 75.0%] Step 20,500 | Loss: 1.2072 | PPL: 3.34
  [ 75.3%] Step 20,600 | Loss: 1.2091 | PPL: 3.35
  [ 75.7%] Step 20,700 | Loss: 1.2029 | PPL: 3.33
  [ 76.1%] Step 20,800 | Loss: 1.2086 | PPL: 3.35
  [ 76.4%] Step 20,900 | Loss: 1.2079 | PPL: 3.35
  [ 76.8%] Step 21,000 | Loss: 1.2115 | PPL: 3.36
  [ 77.2%] Step 21,100 | Loss: 1.1997 | PPL: 3.32
  [ 77.5%] Step 21,200 | Loss: 1.2055 | PPL: 3.34
  [ 77.9%] Step 21,300 | Loss: 1.2056 | PPL: 3.34
  [ 78.3%] Step 21,400 | Loss: 1.2004 | PPL: 3.32
  [ 78.6%] Step 21,500 | Loss: 1.2067 | PPL: 3.34
  [ 79.0%] Step 21,600 | Loss: 1.2016 | PPL: 3.33
  [ 79.4%] Step 21,700 | Loss: 1.2000 | PPL: 3.32
  [ 79.7%] Step 21,800 | Loss: 1.1983 | PPL: 3.31
  [ 80.1%] Step 21,900 | Loss: 1.1976 | PPL: 3.31
  [ 80.5%] Step 22,000 | Loss: 1.2015 | PPL: 3.32
  [ 80.8%] Step 22,100 | Loss: 1.1964 | PPL: 3.31
  [ 81.2%] Step 22,200 | Loss: 1.1978 | PPL: 3.31
  [ 81.6%] Step 22,300 | Loss: 1.1970 | PPL: 3.31
  [ 81.9%] Step 22,400 | Loss: 1.1935 | PPL: 3.30
  [ 82.3%] Step 22,500 | Loss: 1.1967 | PPL: 3.31
  [ 82.7%] Step 22,600 | Loss: 1.1944 | PPL: 3.30
  [ 83.0%] Step 22,700 | Loss: 1.1982 | PPL: 3.31
  [ 83.4%] Step 22,800 | Loss: 1.1951 | PPL: 3.30
  [ 83.7%] Step 22,900 | Loss: 1.1926 | PPL: 3.30
  [ 84.1%] Step 23,000 | Loss: 1.1953 | PPL: 3.30
  [ 84.5%] Step 23,100 | Loss: 1.1971 | PPL: 3.31
  [ 84.8%] Step 23,200 | Loss: 1.1898 | PPL: 3.29
  [ 85.2%] Step 23,300 | Loss: 1.1902 | PPL: 3.29
  [ 85.6%] Step 23,400 | Loss: 1.1920 | PPL: 3.29
  [ 85.9%] Step 23,500 | Loss: 1.1865 | PPL: 3.28
  [ 86.3%] Step 23,600 | Loss: 1.1921 | PPL: 3.29
  [ 86.7%] Step 23,700 | Loss: 1.1889 | PPL: 3.28
  [ 87.0%] Step 23,800 | Loss: 1.1875 | PPL: 3.28
  [ 87.4%] Step 23,900 | Loss: 1.1922 | PPL: 3.29
  [ 87.8%] Step 24,000 | Loss: 1.1833 | PPL: 3.27
  [ 88.1%] Step 24,100 | Loss: 1.1867 | PPL: 3.28
  [ 88.5%] Step 24,200 | Loss: 1.1856 | PPL: 3.27
  [ 88.9%] Step 24,300 | Loss: 1.1883 | PPL: 3.28
  [ 89.2%] Step 24,400 | Loss: 1.1842 | PPL: 3.27
  [ 89.6%] Step 24,500 | Loss: 1.1851 | PPL: 3.27
  [ 90.0%] Step 24,600 | Loss: 1.1863 | PPL: 3.28
  [ 90.3%] Step 24,700 | Loss: 1.1800 | PPL: 3.25
  [ 90.7%] Step 24,800 | Loss: 1.1825 | PPL: 3.26
  [ 91.1%] Step 24,900 | Loss: 1.1816 | PPL: 3.26
  [ 91.4%] Step 25,000 | Loss: 1.1781 | PPL: 3.25
  [ 91.8%] Step 25,100 | Loss: 1.1831 | PPL: 3.26
  [ 92.2%] Step 25,200 | Loss: 1.1827 | PPL: 3.26
  [ 92.5%] Step 25,300 | Loss: 1.1841 | PPL: 3.27
  [ 92.9%] Step 25,400 | Loss: 1.1810 | PPL: 3.26
  [ 93.3%] Step 25,500 | Loss: 1.1810 | PPL: 3.26
  [ 93.6%] Step 25,600 | Loss: 1.1769 | PPL: 3.24
  [ 94.0%] Step 25,700 | Loss: 1.1794 | PPL: 3.25
  [ 94.4%] Step 25,800 | Loss: 1.1810 | PPL: 3.26
  [ 94.7%] Step 25,900 | Loss: 1.1775 | PPL: 3.25
  [ 95.1%] Step 26,000 | Loss: 1.1786 | PPL: 3.25
  [ 95.5%] Step 26,100 | Loss: 1.1837 | PPL: 3.27
  [ 95.8%] Step 26,200 | Loss: 1.1757 | PPL: 3.24
  [ 96.2%] Step 26,300 | Loss: 1.1765 | PPL: 3.24
  [ 96.5%] Step 26,400 | Loss: 1.1788 | PPL: 3.25
  [ 96.9%] Step 26,500 | Loss: 1.1787 | PPL: 3.25
  [ 97.3%] Step 26,600 | Loss: 1.1779 | PPL: 3.25
  [ 97.6%] Step 26,700 | Loss: 1.1752 | PPL: 3.24
  [ 98.0%] Step 26,800 | Loss: 1.1774 | PPL: 3.25
  [ 98.4%] Step 26,900 | Loss: 1.1703 | PPL: 3.22
  [ 98.7%] Step 27,000 | Loss: 1.1741 | PPL: 3.24
  [ 99.1%] Step 27,100 | Loss: 1.1728 | PPL: 3.23
  [ 99.5%] Step 27,200 | Loss: 1.1710 | PPL: 3.23
  [ 99.8%] Step 27,300 | Loss: 1.1716 | PPL: 3.23
  [100.0%] Step 27,344 | Loss: 1.1766 | PPL: 3.24
[Epoch 1/3] Validating...
[Epoch 1/3] Loss: 1.2742 | PPL: 3.58
  -> Saved best model to checkpoints_v4\az_best.pt
[Epoch 2/3] Starting...
  [  0.2%] Step 27,400 | Loss: 1.1711 | PPL: 3.23
  [  0.6%] Step 27,500 | Loss: 1.1733 | PPL: 3.23
  [  0.9%] Step 27,600 | Loss: 1.1703 | PPL: 3.22
  [  1.3%] Step 27,700 | Loss: 1.1683 | PPL: 3.22
  [  1.7%] Step 27,800 | Loss: 1.1705 | PPL: 3.22
  [  2.0%] Step 27,900 | Loss: 1.1711 | PPL: 3.23
  [  2.4%] Step 28,000 | Loss: 1.1707 | PPL: 3.22
  [  2.8%] Step 28,100 | Loss: 1.1710 | PPL: 3.23
  [  3.1%] Step 28,200 | Loss: 1.1687 | PPL: 3.22
  [  3.5%] Step 28,300 | Loss: 1.1695 | PPL: 3.22
  [  3.9%] Step 28,400 | Loss: 1.1665 | PPL: 3.21
  [  4.2%] Step 28,500 | Loss: 1.1678 | PPL: 3.21
  [  4.6%] Step 28,600 | Loss: 1.1669 | PPL: 3.21
  [  5.0%] Step 28,700 | Loss: 1.1631 | PPL: 3.20
  [  5.3%] Step 28,800 | Loss: 1.1715 | PPL: 3.23
  [  5.7%] Step 28,900 | Loss: 1.1664 | PPL: 3.21
  [  6.1%] Step 29,000 | Loss: 1.1647 | PPL: 3.21
  [  6.4%] Step 29,100 | Loss: 1.1636 | PPL: 3.20
  [  6.8%] Step 29,200 | Loss: 1.1621 | PPL: 3.20
  [  7.2%] Step 29,300 | Loss: 1.1685 | PPL: 3.22
  [  7.5%] Step 29,400 | Loss: 1.1605 | PPL: 3.19
  [  7.9%] Step 29,500 | Loss: 1.1634 | PPL: 3.20
  [  8.3%] Step 29,600 | Loss: 1.1634 | PPL: 3.20
  [  8.6%] Step 29,700 | Loss: 1.1637 | PPL: 3.20
  [  9.0%] Step 29,800 | Loss: 1.1619 | PPL: 3.20
  [  9.3%] Step 29,900 | Loss: 1.1608 | PPL: 3.19
  [  9.7%] Step 30,000 | Loss: 1.1628 | PPL: 3.20
  [ 10.1%] Step 30,100 | Loss: 1.1642 | PPL: 3.20
  [ 10.4%] Step 30,200 | Loss: 1.1613 | PPL: 3.19
  [ 10.8%] Step 30,300 | Loss: 1.1610 | PPL: 3.19
  [ 11.2%] Step 30,400 | Loss: 1.1629 | PPL: 3.20
  [ 11.5%] Step 30,500 | Loss: 1.1604 | PPL: 3.19
  [ 11.9%] Step 30,600 | Loss: 1.1625 | PPL: 3.20
  [ 12.3%] Step 30,700 | Loss: 1.1610 | PPL: 3.19
  [ 12.6%] Step 30,800 | Loss: 1.1635 | PPL: 3.20
  [ 13.0%] Step 30,900 | Loss: 1.1609 | PPL: 3.19
  [ 13.4%] Step 31,000 | Loss: 1.1550 | PPL: 3.17
  [ 13.7%] Step 31,100 | Loss: 1.1528 | PPL: 3.17
  [ 14.1%] Step 31,200 | Loss: 1.1542 | PPL: 3.17
  [ 14.5%] Step 31,300 | Loss: 1.1585 | PPL: 3.19
  [ 14.8%] Step 31,400 | Loss: 1.1533 | PPL: 3.17
  [ 15.2%] Step 31,500 | Loss: 1.1521 | PPL: 3.16
  [ 15.6%] Step 31,600 | Loss: 1.1526 | PPL: 3.17
  [ 15.9%] Step 31,700 | Loss: 1.1538 | PPL: 3.17
  [ 16.3%] Step 31,800 | Loss: 1.1555 | PPL: 3.18
  [ 16.7%] Step 31,900 | Loss: 1.1554 | PPL: 3.18
  [ 17.0%] Step 32,000 | Loss: 1.1545 | PPL: 3.17
  [ 17.4%] Step 32,100 | Loss: 1.1529 | PPL: 3.17
  [ 17.8%] Step 32,200 | Loss: 1.1505 | PPL: 3.16
  [ 18.1%] Step 32,300 | Loss: 1.1538 | PPL: 3.17
  [ 18.5%] Step 32,400 | Loss: 1.1506 | PPL: 3.16
  [ 18.9%] Step 32,500 | Loss: 1.1543 | PPL: 3.17
  [ 19.2%] Step 32,600 | Loss: 1.1524 | PPL: 3.17
  [ 19.6%] Step 32,700 | Loss: 1.1520 | PPL: 3.16
  [ 20.0%] Step 32,800 | Loss: 1.1511 | PPL: 3.16
  [ 20.3%] Step 32,900 | Loss: 1.1505 | PPL: 3.16
  [ 20.7%] Step 33,000 | Loss: 1.1467 | PPL: 3.15
  [ 21.1%] Step 33,100 | Loss: 1.1494 | PPL: 3.16
  [ 21.4%] Step 33,200 | Loss: 1.1488 | PPL: 3.15
  [ 21.8%] Step 33,300 | Loss: 1.1490 | PPL: 3.15
  [ 22.1%] Step 33,400 | Loss: 1.1537 | PPL: 3.17
  [ 22.5%] Step 33,500 | Loss: 1.1495 | PPL: 3.16
  [ 22.9%] Step 33,600 | Loss: 1.1466 | PPL: 3.15
  [ 23.2%] Step 33,700 | Loss: 1.1482 | PPL: 3.15
  [ 23.6%] Step 33,800 | Loss: 1.1462 | PPL: 3.15
  [ 24.0%] Step 33,900 | Loss: 1.1475 | PPL: 3.15
  [ 24.3%] Step 34,000 | Loss: 1.1452 | PPL: 3.14
  [ 24.7%] Step 34,100 | Loss: 1.1472 | PPL: 3.15
  [ 25.1%] Step 34,200 | Loss: 1.1462 | PPL: 3.15
  [ 25.4%] Step 34,300 | Loss: 1.1436 | PPL: 3.14
  [ 25.8%] Step 34,400 | Loss: 1.1455 | PPL: 3.14
  [ 26.2%] Step 34,500 | Loss: 1.1459 | PPL: 3.15
  [ 26.5%] Step 34,600 | Loss: 1.1445 | PPL: 3.14
  [ 26.9%] Step 34,700 | Loss: 1.1441 | PPL: 3.14
  [ 27.3%] Step 34,800 | Loss: 1.1455 | PPL: 3.14
  [ 27.6%] Step 34,900 | Loss: 1.1426 | PPL: 3.13
  [ 28.0%] Step 35,000 | Loss: 1.1435 | PPL: 3.14
  [ 28.4%] Step 35,100 | Loss: 1.1423 | PPL: 3.13
  [ 28.7%] Step 35,200 | Loss: 1.1430 | PPL: 3.14
  [ 29.1%] Step 35,300 | Loss: 1.1416 | PPL: 3.13
  [ 29.5%] Step 35,400 | Loss: 1.1419 | PPL: 3.13
  [ 29.8%] Step 35,500 | Loss: 1.1435 | PPL: 3.14
  [ 30.2%] Step 35,600 | Loss: 1.1419 | PPL: 3.13
  [ 30.6%] Step 35,700 | Loss: 1.1420 | PPL: 3.13
  [ 30.9%] Step 35,800 | Loss: 1.1438 | PPL: 3.14
  [ 31.3%] Step 35,900 | Loss: 1.1391 | PPL: 3.12
  [ 31.7%] Step 36,000 | Loss: 1.1368 | PPL: 3.12
  [ 32.0%] Step 36,100 | Loss: 1.1383 | PPL: 3.12
  [ 32.4%] Step 36,200 | Loss: 1.1430 | PPL: 3.14
  [ 32.8%] Step 36,300 | Loss: 1.1404 | PPL: 3.13
  [ 33.1%] Step 36,400 | Loss: 1.1406 | PPL: 3.13
  [ 33.5%] Step 36,500 | Loss: 1.1445 | PPL: 3.14
  [ 33.9%] Step 36,600 | Loss: 1.1391 | PPL: 3.12
  [ 34.2%] Step 36,700 | Loss: 1.1352 | PPL: 3.11
  [ 34.6%] Step 36,800 | Loss: 1.1409 | PPL: 3.13
  [ 34.9%] Step 36,900 | Loss: 1.1374 | PPL: 3.12
  [ 35.3%] Step 37,000 | Loss: 1.1357 | PPL: 3.11
  [ 35.7%] Step 37,100 | Loss: 1.1339 | PPL: 3.11
  [ 36.0%] Step 37,200 | Loss: 1.1395 | PPL: 3.13
  [ 36.4%] Step 37,300 | Loss: 1.1349 | PPL: 3.11
  [ 36.8%] Step 37,400 | Loss: 1.1369 | PPL: 3.12
  [ 37.1%] Step 37,500 | Loss: 1.1335 | PPL: 3.11
  [ 37.5%] Step 37,600 | Loss: 1.1415 | PPL: 3.13
  [ 37.9%] Step 37,700 | Loss: 1.1409 | PPL: 3.13
  [ 38.2%] Step 37,800 | Loss: 1.1307 | PPL: 3.10
  [ 38.6%] Step 37,900 | Loss: 1.1333 | PPL: 3.11
  [ 39.0%] Step 38,000 | Loss: 1.1311 | PPL: 3.10
  [ 39.3%] Step 38,100 | Loss: 1.1359 | PPL: 3.11
  [ 39.7%] Step 38,200 | Loss: 1.1343 | PPL: 3.11
  [ 40.1%] Step 38,300 | Loss: 1.1378 | PPL: 3.12
  [ 40.4%] Step 38,400 | Loss: 1.1354 | PPL: 3.11
  [ 40.8%] Step 38,500 | Loss: 1.1356 | PPL: 3.11
  [ 41.2%] Step 38,600 | Loss: 1.1325 | PPL: 3.10
  [ 41.5%] Step 38,700 | Loss: 1.1358 | PPL: 3.11
  [ 41.9%] Step 38,800 | Loss: 1.1365 | PPL: 3.12
  [ 42.3%] Step 38,900 | Loss: 1.1350 | PPL: 3.11
  [ 42.6%] Step 39,000 | Loss: 1.1330 | PPL: 3.11
  [ 43.0%] Step 39,100 | Loss: 1.1289 | PPL: 3.09
  [ 43.4%] Step 39,200 | Loss: 1.1324 | PPL: 3.10
  [ 43.7%] Step 39,300 | Loss: 1.1301 | PPL: 3.10
  [ 44.1%] Step 39,400 | Loss: 1.1344 | PPL: 3.11
  [ 44.5%] Step 39,500 | Loss: 1.1297 | PPL: 3.09
  [ 44.8%] Step 39,600 | Loss: 1.1328 | PPL: 3.10
  [ 45.2%] Step 39,700 | Loss: 1.1352 | PPL: 3.11
  [ 45.6%] Step 39,800 | Loss: 1.1358 | PPL: 3.11
  [ 45.9%] Step 39,900 | Loss: 1.1321 | PPL: 3.10
  [ 46.3%] Step 40,000 | Loss: 1.1296 | PPL: 3.09
  [ 46.7%] Step 40,100 | Loss: 1.1293 | PPL: 3.09
  [ 47.0%] Step 40,200 | Loss: 1.1296 | PPL: 3.09
  [ 47.4%] Step 40,300 | Loss: 1.1324 | PPL: 3.10
  [ 47.7%] Step 40,400 | Loss: 1.1329 | PPL: 3.10
  [ 48.1%] Step 40,500 | Loss: 1.1265 | PPL: 3.08
  [ 48.5%] Step 40,600 | Loss: 1.1271 | PPL: 3.09
  [ 48.8%] Step 40,700 | Loss: 1.1272 | PPL: 3.09
  [ 49.2%] Step 40,800 | Loss: 1.1227 | PPL: 3.07
  [ 49.6%] Step 40,900 | Loss: 1.1233 | PPL: 3.07
  [ 49.9%] Step 41,000 | Loss: 1.1280 | PPL: 3.09
  [ 50.3%] Step 41,100 | Loss: 1.1269 | PPL: 3.09
  [ 50.7%] Step 41,200 | Loss: 1.1240 | PPL: 3.08
  [ 51.0%] Step 41,300 | Loss: 1.1238 | PPL: 3.08
  [ 51.4%] Step 41,400 | Loss: 1.1258 | PPL: 3.08
  [ 51.8%] Step 41,500 | Loss: 1.1222 | PPL: 3.07
  [ 52.1%] Step 41,600 | Loss: 1.1257 | PPL: 3.08
  [ 52.5%] Step 41,700 | Loss: 1.1248 | PPL: 3.08
  [ 52.9%] Step 41,800 | Loss: 1.1282 | PPL: 3.09
  [ 53.2%] Step 41,900 | Loss: 1.1265 | PPL: 3.08
  [ 53.6%] Step 42,000 | Loss: 1.1201 | PPL: 3.07
  [ 54.0%] Step 42,100 | Loss: 1.1285 | PPL: 3.09
  [ 54.3%] Step 42,200 | Loss: 1.1279 | PPL: 3.09
  [ 54.7%] Step 42,300 | Loss: 1.1253 | PPL: 3.08
  [ 55.1%] Step 42,400 | Loss: 1.1225 | PPL: 3.07
  [ 55.4%] Step 42,500 | Loss: 1.1285 | PPL: 3.09
  [ 55.8%] Step 42,600 | Loss: 1.1181 | PPL: 3.06
  [ 56.2%] Step 42,700 | Loss: 1.1244 | PPL: 3.08
  [ 56.5%] Step 42,800 | Loss: 1.1212 | PPL: 3.07
  [ 56.9%] Step 42,900 | Loss: 1.1227 | PPL: 3.07
  [ 57.3%] Step 43,000 | Loss: 1.1223 | PPL: 3.07
  [ 57.6%] Step 43,100 | Loss: 1.1239 | PPL: 3.08
  [ 58.0%] Step 43,200 | Loss: 1.1199 | PPL: 3.06
  [ 58.4%] Step 43,300 | Loss: 1.1231 | PPL: 3.07
  [ 58.7%] Step 43,400 | Loss: 1.1214 | PPL: 3.07
  [ 59.1%] Step 43,500 | Loss: 1.1198 | PPL: 3.06
  [ 59.4%] Step 43,600 | Loss: 1.1186 | PPL: 3.06
  [ 59.8%] Step 43,700 | Loss: 1.1214 | PPL: 3.07
  [ 60.2%] Step 43,800 | Loss: 1.1190 | PPL: 3.06
  [ 60.5%] Step 43,900 | Loss: 1.1221 | PPL: 3.07
  [ 60.9%] Step 44,000 | Loss: 1.1228 | PPL: 3.07
  [ 61.3%] Step 44,100 | Loss: 1.1266 | PPL: 3.09
  [ 61.6%] Step 44,200 | Loss: 1.1173 | PPL: 3.06
  [ 62.0%] Step 44,300 | Loss: 1.1206 | PPL: 3.07
  [ 62.4%] Step 44,400 | Loss: 1.1187 | PPL: 3.06
  [ 62.7%] Step 44,500 | Loss: 1.1162 | PPL: 3.05
  [ 63.1%] Step 44,600 | Loss: 1.1134 | PPL: 3.04
  [ 63.5%] Step 44,700 | Loss: 1.1179 | PPL: 3.06
  [ 63.8%] Step 44,800 | Loss: 1.1214 | PPL: 3.07
  [ 64.2%] Step 44,900 | Loss: 1.1180 | PPL: 3.06
  [ 64.6%] Step 45,000 | Loss: 1.1167 | PPL: 3.05
  [ 64.9%] Step 45,100 | Loss: 1.1175 | PPL: 3.06
  [ 65.3%] Step 45,200 | Loss: 1.1190 | PPL: 3.06
  [ 65.7%] Step 45,300 | Loss: 1.1185 | PPL: 3.06
  [ 66.0%] Step 45,400 | Loss: 1.1142 | PPL: 3.05
  [ 66.4%] Step 45,500 | Loss: 1.1171 | PPL: 3.06
  [ 66.8%] Step 45,600 | Loss: 1.1171 | PPL: 3.06
  [ 67.1%] Step 45,700 | Loss: 1.1142 | PPL: 3.05
  [ 67.5%] Step 45,800 | Loss: 1.1172 | PPL: 3.06
  [ 67.9%] Step 45,900 | Loss: 1.1157 | PPL: 3.05
  [ 68.2%] Step 46,000 | Loss: 1.1175 | PPL: 3.06
  [ 68.6%] Step 46,100 | Loss: 1.1145 | PPL: 3.05
  [ 69.0%] Step 46,200 | Loss: 1.1159 | PPL: 3.05
  [ 69.3%] Step 46,300 | Loss: 1.1161 | PPL: 3.05
  [ 69.7%] Step 46,400 | Loss: 1.1160 | PPL: 3.05
  [ 70.1%] Step 46,500 | Loss: 1.1151 | PPL: 3.05
  [ 70.4%] Step 46,600 | Loss: 1.1154 | PPL: 3.05
  [ 70.8%] Step 46,700 | Loss: 1.1147 | PPL: 3.05
  [ 71.2%] Step 46,800 | Loss: 1.1105 | PPL: 3.04
  [ 71.5%] Step 46,900 | Loss: 1.1101 | PPL: 3.03
  [ 71.9%] Step 47,000 | Loss: 1.1138 | PPL: 3.05
  [ 72.2%] Step 47,100 | Loss: 1.1122 | PPL: 3.04
  [ 72.6%] Step 47,200 | Loss: 1.1120 | PPL: 3.04
  [ 73.0%] Step 47,300 | Loss: 1.1108 | PPL: 3.04
  [ 73.3%] Step 47,400 | Loss: 1.1158 | PPL: 3.05
  [ 73.7%] Step 47,500 | Loss: 1.1155 | PPL: 3.05
  [ 74.1%] Step 47,600 | Loss: 1.1116 | PPL: 3.04
  [ 74.4%] Step 47,700 | Loss: 1.1120 | PPL: 3.04
  [ 74.8%] Step 47,800 | Loss: 1.1129 | PPL: 3.04
  [ 75.2%] Step 47,900 | Loss: 1.1090 | PPL: 3.03
  [ 75.5%] Step 48,000 | Loss: 1.1160 | PPL: 3.05
  [ 75.9%] Step 48,100 | Loss: 1.1118 | PPL: 3.04
  [ 76.3%] Step 48,200 | Loss: 1.1114 | PPL: 3.04
  [ 76.6%] Step 48,300 | Loss: 1.1094 | PPL: 3.03
  [ 77.0%] Step 48,400 | Loss: 1.1112 | PPL: 3.04
  [ 77.4%] Step 48,500 | Loss: 1.1090 | PPL: 3.03
  [ 77.7%] Step 48,600 | Loss: 1.1073 | PPL: 3.03
  [ 78.1%] Step 48,700 | Loss: 1.1077 | PPL: 3.03
  [ 78.5%] Step 48,800 | Loss: 1.1088 | PPL: 3.03
  [ 78.8%] Step 48,900 | Loss: 1.1060 | PPL: 3.02
  [ 79.2%] Step 49,000 | Loss: 1.1116 | PPL: 3.04
  [ 79.6%] Step 49,100 | Loss: 1.1106 | PPL: 3.04
  [ 79.9%] Step 49,200 | Loss: 1.1042 | PPL: 3.02
  [ 80.3%] Step 49,300 | Loss: 1.1068 | PPL: 3.02
  [ 80.7%] Step 49,400 | Loss: 1.1057 | PPL: 3.02
  [ 81.0%] Step 49,500 | Loss: 1.1097 | PPL: 3.03
  [ 81.4%] Step 49,600 | Loss: 1.1079 | PPL: 3.03
  [ 81.8%] Step 49,700 | Loss: 1.1049 | PPL: 3.02
  [ 82.1%] Step 49,800 | Loss: 1.1089 | PPL: 3.03
  [ 82.5%] Step 49,900 | Loss: 1.1125 | PPL: 3.04
  [ 82.9%] Step 50,000 | Loss: 1.1073 | PPL: 3.03
  [ 83.2%] Step 50,100 | Loss: 1.1068 | PPL: 3.02
  [ 83.6%] Step 50,200 | Loss: 1.1068 | PPL: 3.02
  [ 84.0%] Step 50,300 | Loss: 1.1075 | PPL: 3.03
  [ 84.3%] Step 50,400 | Loss: 1.1055 | PPL: 3.02
  [ 84.7%] Step 50,500 | Loss: 1.1060 | PPL: 3.02
  [ 85.0%] Step 50,600 | Loss: 1.1059 | PPL: 3.02
  [ 85.4%] Step 50,700 | Loss: 1.1007 | PPL: 3.01
  [ 85.8%] Step 50,800 | Loss: 1.1061 | PPL: 3.02
  [ 86.1%] Step 50,900 | Loss: 1.1077 | PPL: 3.03
  [ 86.5%] Step 51,000 | Loss: 1.1035 | PPL: 3.01
  [ 86.9%] Step 51,100 | Loss: 1.0989 | PPL: 3.00
  [ 87.2%] Step 51,200 | Loss: 1.1076 | PPL: 3.03
  [ 87.6%] Step 51,300 | Loss: 1.1030 | PPL: 3.01
  [ 88.0%] Step 51,400 | Loss: 1.1041 | PPL: 3.02
  [ 88.3%] Step 51,500 | Loss: 1.1065 | PPL: 3.02
  [ 88.7%] Step 51,600 | Loss: 1.1043 | PPL: 3.02
  [ 89.1%] Step 51,700 | Loss: 1.1040 | PPL: 3.02
  [ 89.4%] Step 51,800 | Loss: 1.1028 | PPL: 3.01
  [ 89.8%] Step 51,900 | Loss: 1.1080 | PPL: 3.03
  [ 90.2%] Step 52,000 | Loss: 1.1062 | PPL: 3.02
  [ 90.5%] Step 52,100 | Loss: 1.1041 | PPL: 3.02
  [ 90.9%] Step 52,200 | Loss: 1.1036 | PPL: 3.01
  [ 91.3%] Step 52,300 | Loss: 1.1021 | PPL: 3.01
  [ 91.6%] Step 52,400 | Loss: 1.1037 | PPL: 3.02
  [ 92.0%] Step 52,500 | Loss: 1.1035 | PPL: 3.01
  [ 92.4%] Step 52,600 | Loss: 1.1047 | PPL: 3.02
  [ 92.7%] Step 52,700 | Loss: 1.0994 | PPL: 3.00
  [ 93.1%] Step 52,800 | Loss: 1.1054 | PPL: 3.02
  [ 93.5%] Step 52,900 | Loss: 1.1005 | PPL: 3.01
  [ 93.8%] Step 53,000 | Loss: 1.1040 | PPL: 3.02
  [ 94.2%] Step 53,100 | Loss: 1.1039 | PPL: 3.02
  [ 94.6%] Step 53,200 | Loss: 1.1029 | PPL: 3.01
  [ 94.9%] Step 53,300 | Loss: 1.1023 | PPL: 3.01
  [ 95.3%] Step 53,400 | Loss: 1.0993 | PPL: 3.00
  [ 95.7%] Step 53,500 | Loss: 1.1012 | PPL: 3.01
  [ 96.0%] Step 53,600 | Loss: 1.1008 | PPL: 3.01
  [ 96.4%] Step 53,700 | Loss: 1.1024 | PPL: 3.01
  [ 96.8%] Step 53,800 | Loss: 1.0997 | PPL: 3.00
  [ 97.1%] Step 53,900 | Loss: 1.1018 | PPL: 3.01
  [ 97.5%] Step 54,000 | Loss: 1.0995 | PPL: 3.00
  [ 97.8%] Step 54,100 | Loss: 1.0984 | PPL: 3.00
  [ 98.2%] Step 54,200 | Loss: 1.0961 | PPL: 2.99
  [ 98.6%] Step 54,300 | Loss: 1.0992 | PPL: 3.00
  [ 98.9%] Step 54,400 | Loss: 1.0993 | PPL: 3.00
  [ 99.3%] Step 54,500 | Loss: 1.0977 | PPL: 3.00
  [ 99.7%] Step 54,600 | Loss: 1.0969 | PPL: 3.00
  [100.0%] Step 54,688 | Loss: 1.0980 | PPL: 3.00
[Epoch 2/3] Validating...
[Epoch 2/3] Loss: 1.2268 | PPL: 3.41
  -> Saved best model to checkpoints_v4\az_best.pt
[Epoch 3/3] Starting...
  [  0.0%] Step 54,700 | Loss: 1.0928 | PPL: 2.98
  [  0.4%] Step 54,800 | Loss: 1.0977 | PPL: 3.00
  [  0.8%] Step 54,900 | Loss: 1.0952 | PPL: 2.99
  [  1.1%] Step 55,000 | Loss: 1.0958 | PPL: 2.99
  [  1.5%] Step 55,100 | Loss: 1.0933 | PPL: 2.98
  [  1.9%] Step 55,200 | Loss: 1.0996 | PPL: 3.00
  [  2.2%] Step 55,300 | Loss: 1.0972 | PPL: 3.00
  [  2.6%] Step 55,400 | Loss: 1.0956 | PPL: 2.99
  [  3.0%] Step 55,500 | Loss: 1.1022 | PPL: 3.01
  [  3.3%] Step 55,600 | Loss: 1.0959 | PPL: 2.99
  [  3.7%] Step 55,700 | Loss: 1.0980 | PPL: 3.00
  [  4.1%] Step 55,800 | Loss: 1.0933 | PPL: 2.98
  [  4.4%] Step 55,900 | Loss: 1.0926 | PPL: 2.98
  [  4.8%] Step 56,000 | Loss: 1.0942 | PPL: 2.99
  [  5.2%] Step 56,100 | Loss: 1.0959 | PPL: 2.99
  [  5.5%] Step 56,200 | Loss: 1.0932 | PPL: 2.98
  [  5.9%] Step 56,300 | Loss: 1.0978 | PPL: 3.00
  [  6.3%] Step 56,400 | Loss: 1.0964 | PPL: 2.99
  [  6.6%] Step 56,500 | Loss: 1.0994 | PPL: 3.00
  [  7.0%] Step 56,600 | Loss: 1.0930 | PPL: 2.98
  [  7.4%] Step 56,700 | Loss: 1.0933 | PPL: 2.98
  [  7.7%] Step 56,800 | Loss: 1.0944 | PPL: 2.99
  [  8.1%] Step 56,900 | Loss: 1.0930 | PPL: 2.98
  [  8.5%] Step 57,000 | Loss: 1.0922 | PPL: 2.98
  [  8.8%] Step 57,100 | Loss: 1.0936 | PPL: 2.98
  [  9.2%] Step 57,200 | Loss: 1.0935 | PPL: 2.98
  [  9.6%] Step 57,300 | Loss: 1.0961 | PPL: 2.99
  [  9.9%] Step 57,400 | Loss: 1.0948 | PPL: 2.99
  [ 10.3%] Step 57,500 | Loss: 1.0935 | PPL: 2.98
  [ 10.6%] Step 57,600 | Loss: 1.0963 | PPL: 2.99
  [ 11.0%] Step 57,700 | Loss: 1.0914 | PPL: 2.98
  [ 11.4%] Step 57,800 | Loss: 1.0969 | PPL: 2.99
  [ 11.7%] Step 57,900 | Loss: 1.0903 | PPL: 2.98
  [ 12.1%] Step 58,000 | Loss: 1.0921 | PPL: 2.98
  [ 12.5%] Step 58,100 | Loss: 1.0908 | PPL: 2.98
  [ 12.8%] Step 58,200 | Loss: 1.0939 | PPL: 2.99
  [ 13.2%] Step 58,300 | Loss: 1.0879 | PPL: 2.97
  [ 13.6%] Step 58,400 | Loss: 1.0915 | PPL: 2.98
  [ 13.9%] Step 58,500 | Loss: 1.0949 | PPL: 2.99
  [ 14.3%] Step 58,600 | Loss: 1.0936 | PPL: 2.99
  [ 14.7%] Step 58,700 | Loss: 1.0914 | PPL: 2.98
  [ 15.0%] Step 58,800 | Loss: 1.0945 | PPL: 2.99
  [ 15.4%] Step 58,900 | Loss: 1.0941 | PPL: 2.99
  [ 15.8%] Step 59,000 | Loss: 1.0910 | PPL: 2.98
  [ 16.1%] Step 59,100 | Loss: 1.0874 | PPL: 2.97
  [ 16.5%] Step 59,200 | Loss: 1.0920 | PPL: 2.98
  [ 16.9%] Step 59,300 | Loss: 1.0922 | PPL: 2.98
  [ 17.2%] Step 59,400 | Loss: 1.0891 | PPL: 2.97
  [ 17.6%] Step 59,500 | Loss: 1.0901 | PPL: 2.97
  [ 18.0%] Step 59,600 | Loss: 1.0887 | PPL: 2.97
  [ 18.3%] Step 59,700 | Loss: 1.0866 | PPL: 2.96
  [ 18.7%] Step 59,800 | Loss: 1.0884 | PPL: 2.97
  [ 19.1%] Step 59,900 | Loss: 1.0907 | PPL: 2.98
  [ 19.4%] Step 60,000 | Loss: 1.0885 | PPL: 2.97
  [ 19.8%] Step 60,100 | Loss: 1.0931 | PPL: 2.98
  [ 20.2%] Step 60,200 | Loss: 1.0883 | PPL: 2.97
  [ 20.5%] Step 60,300 | Loss: 1.0878 | PPL: 2.97
  [ 20.9%] Step 60,400 | Loss: 1.0886 | PPL: 2.97
  [ 21.3%] Step 60,500 | Loss: 1.0857 | PPL: 2.96
  [ 21.6%] Step 60,600 | Loss: 1.0874 | PPL: 2.97
  [ 22.0%] Step 60,700 | Loss: 1.0907 | PPL: 2.98
  [ 22.4%] Step 60,800 | Loss: 1.0895 | PPL: 2.97
  [ 22.7%] Step 60,900 | Loss: 1.0899 | PPL: 2.97
  [ 23.1%] Step 61,000 | Loss: 1.0889 | PPL: 2.97
  [ 23.4%] Step 61,100 | Loss: 1.0884 | PPL: 2.97
  [ 23.8%] Step 61,200 | Loss: 1.0903 | PPL: 2.98
  [ 24.2%] Step 61,300 | Loss: 1.0870 | PPL: 2.97
  [ 24.5%] Step 61,400 | Loss: 1.0829 | PPL: 2.95
  [ 24.9%] Step 61,500 | Loss: 1.0921 | PPL: 2.98
  [ 25.3%] Step 61,600 | Loss: 1.0903 | PPL: 2.98
  [ 25.6%] Step 61,700 | Loss: 1.0849 | PPL: 2.96
  [ 26.0%] Step 61,800 | Loss: 1.0841 | PPL: 2.96
  [ 26.4%] Step 61,900 | Loss: 1.0871 | PPL: 2.97
  [ 26.7%] Step 62,000 | Loss: 1.0859 | PPL: 2.96
  [ 27.1%] Step 62,100 | Loss: 1.0881 | PPL: 2.97
  [ 27.5%] Step 62,200 | Loss: 1.0869 | PPL: 2.96
  [ 27.8%] Step 62,300 | Loss: 1.0880 | PPL: 2.97
  [ 28.2%] Step 62,400 | Loss: 1.0857 | PPL: 2.96
  [ 28.6%] Step 62,500 | Loss: 1.0849 | PPL: 2.96
  [ 28.9%] Step 62,600 | Loss: 1.0845 | PPL: 2.96
  [ 29.3%] Step 62,700 | Loss: 1.0856 | PPL: 2.96
  [ 29.7%] Step 62,800 | Loss: 1.0905 | PPL: 2.98
  [ 30.0%] Step 62,900 | Loss: 1.0840 | PPL: 2.96
  [ 30.4%] Step 63,000 | Loss: 1.0879 | PPL: 2.97
  [ 30.8%] Step 63,100 | Loss: 1.0883 | PPL: 2.97
  [ 31.1%] Step 63,200 | Loss: 1.0849 | PPL: 2.96
  [ 31.5%] Step 63,300 | Loss: 1.0876 | PPL: 2.97
  [ 31.9%] Step 63,400 | Loss: 1.0826 | PPL: 2.95
  [ 32.2%] Step 63,500 | Loss: 1.0810 | PPL: 2.95
  [ 32.6%] Step 63,600 | Loss: 1.0821 | PPL: 2.95
  [ 33.0%] Step 63,700 | Loss: 1.0871 | PPL: 2.97
  [ 33.3%] Step 63,800 | Loss: 1.0845 | PPL: 2.96
  [ 33.7%] Step 63,900 | Loss: 1.0805 | PPL: 2.95
  [ 34.1%] Step 64,000 | Loss: 1.0837 | PPL: 2.96
  [ 34.4%] Step 64,100 | Loss: 1.0810 | PPL: 2.95
  [ 34.8%] Step 64,200 | Loss: 1.0808 | PPL: 2.95
  [ 35.2%] Step 64,300 | Loss: 1.0846 | PPL: 2.96
  [ 35.5%] Step 64,400 | Loss: 1.0865 | PPL: 2.96
  [ 35.9%] Step 64,500 | Loss: 1.0823 | PPL: 2.95
  [ 36.2%] Step 64,600 | Loss: 1.0811 | PPL: 2.95
  [ 36.6%] Step 64,700 | Loss: 1.0873 | PPL: 2.97
  [ 37.0%] Step 64,800 | Loss: 1.0858 | PPL: 2.96
  [ 37.3%] Step 64,900 | Loss: 1.0854 | PPL: 2.96
  [ 37.7%] Step 65,000 | Loss: 1.0871 | PPL: 2.97
  [ 38.1%] Step 65,100 | Loss: 1.0831 | PPL: 2.95
  [ 38.4%] Step 65,200 | Loss: 1.0822 | PPL: 2.95
  [ 38.8%] Step 65,300 | Loss: 1.0874 | PPL: 2.97
  [ 39.2%] Step 65,400 | Loss: 1.0832 | PPL: 2.95
  [ 39.5%] Step 65,500 | Loss: 1.0836 | PPL: 2.96
  [ 39.9%] Step 65,600 | Loss: 1.0783 | PPL: 2.94
  [ 40.3%] Step 65,700 | Loss: 1.0812 | PPL: 2.95
  [ 40.6%] Step 65,800 | Loss: 1.0808 | PPL: 2.95
  [ 41.0%] Step 65,900 | Loss: 1.0824 | PPL: 2.95
  [ 41.4%] Step 66,000 | Loss: 1.0831 | PPL: 2.95
  [ 41.7%] Step 66,100 | Loss: 1.0848 | PPL: 2.96
  [ 42.1%] Step 66,200 | Loss: 1.0822 | PPL: 2.95
  [ 42.5%] Step 66,300 | Loss: 1.0829 | PPL: 2.95
  [ 42.8%] Step 66,400 | Loss: 1.0798 | PPL: 2.94
  [ 43.2%] Step 66,500 | Loss: 1.0830 | PPL: 2.95
  [ 43.6%] Step 66,600 | Loss: 1.0798 | PPL: 2.94
  [ 43.9%] Step 66,700 | Loss: 1.0829 | PPL: 2.95
  [ 44.3%] Step 66,800 | Loss: 1.0838 | PPL: 2.96
  [ 44.7%] Step 66,900 | Loss: 1.0768 | PPL: 2.94
  [ 45.0%] Step 67,000 | Loss: 1.0795 | PPL: 2.94
  [ 45.4%] Step 67,100 | Loss: 1.0811 | PPL: 2.95
  [ 45.8%] Step 67,200 | Loss: 1.0771 | PPL: 2.94
  [ 46.1%] Step 67,300 | Loss: 1.0810 | PPL: 2.95
  [ 46.5%] Step 67,400 | Loss: 1.0774 | PPL: 2.94
  [ 46.9%] Step 67,500 | Loss: 1.0830 | PPL: 2.95
  [ 47.2%] Step 67,600 | Loss: 1.0815 | PPL: 2.95
  [ 47.6%] Step 67,700 | Loss: 1.0805 | PPL: 2.95
  [ 48.0%] Step 67,800 | Loss: 1.0796 | PPL: 2.94
  [ 48.3%] Step 67,900 | Loss: 1.0767 | PPL: 2.93
  [ 48.7%] Step 68,000 | Loss: 1.0845 | PPL: 2.96
  [ 49.0%] Step 68,100 | Loss: 1.0756 | PPL: 2.93
  [ 49.4%] Step 68,200 | Loss: 1.0756 | PPL: 2.93
  [ 49.8%] Step 68,300 | Loss: 1.0769 | PPL: 2.94
  [ 50.1%] Step 68,400 | Loss: 1.0781 | PPL: 2.94
  [ 50.5%] Step 68,500 | Loss: 1.0827 | PPL: 2.95
  [ 50.9%] Step 68,600 | Loss: 1.0808 | PPL: 2.95
  [ 51.2%] Step 68,700 | Loss: 1.0763 | PPL: 2.93
  [ 51.6%] Step 68,800 | Loss: 1.0818 | PPL: 2.95
  [ 52.0%] Step 68,900 | Loss: 1.0821 | PPL: 2.95
  [ 52.3%] Step 69,000 | Loss: 1.0782 | PPL: 2.94
  [ 52.7%] Step 69,100 | Loss: 1.0811 | PPL: 2.95
  [ 53.1%] Step 69,200 | Loss: 1.0757 | PPL: 2.93
  [ 53.4%] Step 69,300 | Loss: 1.0755 | PPL: 2.93
  [ 53.8%] Step 69,400 | Loss: 1.0809 | PPL: 2.95
  [ 54.2%] Step 69,500 | Loss: 1.0761 | PPL: 2.93
  [ 54.5%] Step 69,600 | Loss: 1.0755 | PPL: 2.93
  [ 54.9%] Step 69,700 | Loss: 1.0760 | PPL: 2.93
  [ 55.3%] Step 69,800 | Loss: 1.0763 | PPL: 2.93
  [ 55.6%] Step 69,900 | Loss: 1.0773 | PPL: 2.94
  [ 56.0%] Step 70,000 | Loss: 1.0763 | PPL: 2.93
  [ 56.4%] Step 70,100 | Loss: 1.0751 | PPL: 2.93
  [ 56.7%] Step 70,200 | Loss: 1.0788 | PPL: 2.94
  [ 57.1%] Step 70,300 | Loss: 1.0724 | PPL: 2.92
  [ 57.5%] Step 70,400 | Loss: 1.0781 | PPL: 2.94
  [ 57.8%] Step 70,500 | Loss: 1.0770 | PPL: 2.94
  [ 58.2%] Step 70,600 | Loss: 1.0806 | PPL: 2.95
  [ 58.6%] Step 70,700 | Loss: 1.0733 | PPL: 2.93
  [ 58.9%] Step 70,800 | Loss: 1.0742 | PPL: 2.93
  [ 59.3%] Step 70,900 | Loss: 1.0774 | PPL: 2.94
  [ 59.7%] Step 71,000 | Loss: 1.0771 | PPL: 2.94
  [ 60.0%] Step 71,100 | Loss: 1.0782 | PPL: 2.94
  [ 60.4%] Step 71,200 | Loss: 1.0732 | PPL: 2.92
  [ 60.8%] Step 71,300 | Loss: 1.0739 | PPL: 2.93
  [ 61.1%] Step 71,400 | Loss: 1.0770 | PPL: 2.94
  [ 61.5%] Step 71,500 | Loss: 1.0765 | PPL: 2.93
  [ 61.8%] Step 71,600 | Loss: 1.0700 | PPL: 2.92
  [ 62.2%] Step 71,700 | Loss: 1.0747 | PPL: 2.93
  [ 62.6%] Step 71,800 | Loss: 1.0748 | PPL: 2.93
  [ 62.9%] Step 71,900 | Loss: 1.0749 | PPL: 2.93
  [ 63.3%] Step 72,000 | Loss: 1.0746 | PPL: 2.93
  [ 63.7%] Step 72,100 | Loss: 1.0763 | PPL: 2.93
  [ 64.0%] Step 72,200 | Loss: 1.0732 | PPL: 2.92
  [ 64.4%] Step 72,300 | Loss: 1.0727 | PPL: 2.92
  [ 64.8%] Step 72,400 | Loss: 1.0702 | PPL: 2.92
  [ 65.1%] Step 72,500 | Loss: 1.0703 | PPL: 2.92
  [ 65.5%] Step 72,600 | Loss: 1.0739 | PPL: 2.93
  [ 65.9%] Step 72,700 | Loss: 1.0750 | PPL: 2.93
  [ 66.2%] Step 72,800 | Loss: 1.0748 | PPL: 2.93
  [ 66.6%] Step 72,900 | Loss: 1.0754 | PPL: 2.93
  [ 67.0%] Step 73,000 | Loss: 1.0739 | PPL: 2.93
  [ 67.3%] Step 73,100 | Loss: 1.0733 | PPL: 2.92
  [ 67.7%] Step 73,200 | Loss: 1.0708 | PPL: 2.92
  [ 68.1%] Step 73,300 | Loss: 1.0727 | PPL: 2.92
  [ 68.4%] Step 73,400 | Loss: 1.0690 | PPL: 2.91
  [ 68.8%] Step 73,500 | Loss: 1.0721 | PPL: 2.92
  [ 69.2%] Step 73,600 | Loss: 1.0746 | PPL: 2.93
  [ 69.5%] Step 73,700 | Loss: 1.0758 | PPL: 2.93
  [ 69.9%] Step 73,800 | Loss: 1.0750 | PPL: 2.93
  [ 70.3%] Step 73,900 | Loss: 1.0691 | PPL: 2.91
  [ 70.6%] Step 74,000 | Loss: 1.0712 | PPL: 2.92
  [ 71.0%] Step 74,100 | Loss: 1.0748 | PPL: 2.93
  [ 71.4%] Step 74,200 | Loss: 1.0746 | PPL: 2.93
  [ 71.7%] Step 74,300 | Loss: 1.0733 | PPL: 2.93
  [ 72.1%] Step 74,400 | Loss: 1.0699 | PPL: 2.92
  [ 72.5%] Step 74,500 | Loss: 1.0758 | PPL: 2.93
  [ 72.8%] Step 74,600 | Loss: 1.0710 | PPL: 2.92
  [ 73.2%] Step 74,700 | Loss: 1.0773 | PPL: 2.94
  [ 73.6%] Step 74,800 | Loss: 1.0691 | PPL: 2.91
  [ 73.9%] Step 74,900 | Loss: 1.0668 | PPL: 2.91
  [ 74.3%] Step 75,000 | Loss: 1.0688 | PPL: 2.91
  [ 74.6%] Step 75,100 | Loss: 1.0744 | PPL: 2.93
  [ 75.0%] Step 75,200 | Loss: 1.0715 | PPL: 2.92
  [ 75.4%] Step 75,300 | Loss: 1.0721 | PPL: 2.92
  [ 75.7%] Step 75,400 | Loss: 1.0724 | PPL: 2.92
  [ 76.1%] Step 75,500 | Loss: 1.0716 | PPL: 2.92
  [ 76.5%] Step 75,600 | Loss: 1.0698 | PPL: 2.91
  [ 76.8%] Step 75,700 | Loss: 1.0754 | PPL: 2.93
  [ 77.2%] Step 75,800 | Loss: 1.0678 | PPL: 2.91
  [ 77.6%] Step 75,900 | Loss: 1.0767 | PPL: 2.94
  [ 77.9%] Step 76,000 | Loss: 1.0669 | PPL: 2.91
  [ 78.3%] Step 76,100 | Loss: 1.0711 | PPL: 2.92
  [ 78.7%] Step 76,200 | Loss: 1.0670 | PPL: 2.91
  [ 79.0%] Step 76,300 | Loss: 1.0678 | PPL: 2.91
  [ 79.4%] Step 76,400 | Loss: 1.0713 | PPL: 2.92
  [ 79.8%] Step 76,500 | Loss: 1.0688 | PPL: 2.91
  [ 80.1%] Step 76,600 | Loss: 1.0687 | PPL: 2.91
  [ 80.5%] Step 76,700 | Loss: 1.0705 | PPL: 2.92
  [ 80.9%] Step 76,800 | Loss: 1.0677 | PPL: 2.91
  [ 81.2%] Step 76,900 | Loss: 1.0741 | PPL: 2.93
  [ 81.6%] Step 77,000 | Loss: 1.0716 | PPL: 2.92
  [ 82.0%] Step 77,100 | Loss: 1.0668 | PPL: 2.91
  [ 82.3%] Step 77,200 | Loss: 1.0670 | PPL: 2.91
  [ 82.7%] Step 77,300 | Loss: 1.0708 | PPL: 2.92
  [ 83.1%] Step 77,400 | Loss: 1.0624 | PPL: 2.89
  [ 83.4%] Step 77,500 | Loss: 1.0725 | PPL: 2.92
  [ 83.8%] Step 77,600 | Loss: 1.0709 | PPL: 2.92
  [ 84.2%] Step 77,700 | Loss: 1.0692 | PPL: 2.91
  [ 84.5%] Step 77,800 | Loss: 1.0693 | PPL: 2.91
  [ 84.9%] Step 77,900 | Loss: 1.0700 | PPL: 2.92
  [ 85.3%] Step 78,000 | Loss: 1.0715 | PPL: 2.92
  [ 85.6%] Step 78,100 | Loss: 1.0703 | PPL: 2.92
  [ 86.0%] Step 78,200 | Loss: 1.0669 | PPL: 2.91
  [ 86.4%] Step 78,300 | Loss: 1.0711 | PPL: 2.92
  [ 86.7%] Step 78,400 | Loss: 1.0661 | PPL: 2.90
  [ 87.1%] Step 78,500 | Loss: 1.0715 | PPL: 2.92
  [ 87.4%] Step 78,600 | Loss: 1.0675 | PPL: 2.91
  [ 87.8%] Step 78,700 | Loss: 1.0681 | PPL: 2.91
  [ 88.2%] Step 78,800 | Loss: 1.0721 | PPL: 2.92
  [ 88.5%] Step 78,900 | Loss: 1.0704 | PPL: 2.92
  [ 88.9%] Step 79,000 | Loss: 1.0677 | PPL: 2.91
  [ 89.3%] Step 79,100 | Loss: 1.0661 | PPL: 2.90
  [ 89.6%] Step 79,200 | Loss: 1.0665 | PPL: 2.91
  [ 90.0%] Step 79,300 | Loss: 1.0659 | PPL: 2.90
  [ 90.4%] Step 79,400 | Loss: 1.0697 | PPL: 2.91
  [ 90.7%] Step 79,500 | Loss: 1.0677 | PPL: 2.91
  [ 91.1%] Step 79,600 | Loss: 1.0634 | PPL: 2.90
  [ 91.5%] Step 79,700 | Loss: 1.0653 | PPL: 2.90
  [ 91.8%] Step 79,800 | Loss: 1.0657 | PPL: 2.90
  [ 92.2%] Step 79,900 | Loss: 1.0688 | PPL: 2.91
  [ 92.6%] Step 80,000 | Loss: 1.0666 | PPL: 2.91
  [ 92.9%] Step 80,100 | Loss: 1.0651 | PPL: 2.90
  [ 93.3%] Step 80,200 | Loss: 1.0652 | PPL: 2.90
  [ 93.7%] Step 80,300 | Loss: 1.0679 | PPL: 2.91
  [ 94.0%] Step 80,400 | Loss: 1.0673 | PPL: 2.91
  [ 94.4%] Step 80,500 | Loss: 1.0657 | PPL: 2.90
  [ 94.8%] Step 80,600 | Loss: 1.0655 | PPL: 2.90
  [ 95.1%] Step 80,700 | Loss: 1.0641 | PPL: 2.90
  [ 95.5%] Step 80,800 | Loss: 1.0641 | PPL: 2.90
  [ 95.9%] Step 80,900 | Loss: 1.0635 | PPL: 2.90
  [ 96.2%] Step 81,000 | Loss: 1.0650 | PPL: 2.90
  [ 96.6%] Step 81,100 | Loss: 1.0614 | PPL: 2.89
  [ 97.0%] Step 81,200 | Loss: 1.0631 | PPL: 2.90
  [ 97.3%] Step 81,300 | Loss: 1.0686 | PPL: 2.91
  [ 97.7%] Step 81,400 | Loss: 1.0647 | PPL: 2.90
  [ 98.1%] Step 81,500 | Loss: 1.0620 | PPL: 2.89
  [ 98.4%] Step 81,600 | Loss: 1.0680 | PPL: 2.91
  [ 98.8%] Step 81,700 | Loss: 1.0651 | PPL: 2.90
  [ 99.2%] Step 81,800 | Loss: 1.0649 | PPL: 2.90
  [ 99.5%] Step 81,900 | Loss: 1.0705 | PPL: 2.92
  [ 99.9%] Step 82,000 | Loss: 1.0631 | PPL: 2.90
  [100.0%] Step 82,032 | Loss: 1.0556 | PPL: 2.87
[Epoch 3/3] Validating...
[Epoch 3/3] Loss: 1.2090 | PPL: 3.35
  -> Saved best model to checkpoints_v4\az_best.pt
============================================================
Training complete. Running final evaluation...
============================================================

Final Test Loss: 1.0105 | Test PPL: 2.75
Done!
Wrote checkpoints_v4\az_best.pt.runrecord.json
[1;34mwandb[0m: 
[1;34mwandb[0m: You can sync this run to the cloud by running:
[1;34mwandb[0m: [1mwandb sync C:\Users\Test\PROJECTS\LSTM\wandb\offline-run-20260902_224605-mktxhsse[0m
[1;34mwandb[0m: Find logs at: [1;35mwandb\offline-run-20260902_224605-mktxhsse\logs[0m
--- v4/az end rc=0 Wed Sep  2 23:29:45 PDT 2026 ---
--- v4/kk start Wed Sep  2 23:29:45 PDT 2026 ---
wandb: Tracking run with wandb version 0.23.1
wandb: W&B syncing is set to `offline` in this directory. Run `wandb online` or set WANDB_MODE=online to enable cloud syncing.
wandb: Run data is saved locally in C:\Users\Test\PROJECTS\LSTM\wandb\offline-run-20260902_232948-uc5nohjd
Loading data from rebuild_2026-09\corpora_clean_v4\oscar_kk_ipa.txt...
  Loaded: 10,000,000 chars total
  Train: 7,000,000 chars
  Val: 1,500,000 chars
  Test: 1,500,000 chars
Building vocab from training text...
  Vocab size: 41
============================================================
Training config
============================================================
  Language: Kazakh (kk)
  Mode: Train from scratch
  Device: cuda
  Batch size: 256
  Workers: 0
  Pin memory: True
  Epochs: 3
  LR: 0.0001
  Seed: 1234
  Freeze embed: False
  Output: checkpoints_v4\kk_best.pt
Creating data loaders...
  Train batches: 27,344
  Val batches: 5,859

Model config
  Device: cuda
  Embed dim: 128
  Hidden dim: 256
  Layers: 2
  Parameters: 937,385
  Optimizer: Adam (lr=0.0001)
============================================================
Starting training: 3 epochs, 27344 batches/epoch
============================================================
[Epoch 1/3] Starting...
  [  0.4%] Step 100 | Loss: 3.3208 | PPL: 27.68
  [  0.7%] Step 200 | Loss: 2.8867 | PPL: 17.93
  [  1.1%] Step 300 | Loss: 2.5312 | PPL: 12.57
  [  1.5%] Step 400 | Loss: 2.3737 | PPL: 10.74
  [  1.8%] Step 500 | Loss: 2.2823 | PPL: 9.80
  [  2.2%] Step 600 | Loss: 2.2099 | PPL: 9.11
  [  2.6%] Step 700 | Loss: 2.1491 | PPL: 8.58
  [  2.9%] Step 800 | Loss: 2.0946 | PPL: 8.12
  [  3.3%] Step 900 | Loss: 2.0457 | PPL: 7.73
  [  3.7%] Step 1,000 | Loss: 1.9981 | PPL: 7.38
  [  4.0%] Step 1,100 | Loss: 1.9596 | PPL: 7.10
  [  4.4%] Step 1,200 | Loss: 1.9195 | PPL: 6.82
  [  4.8%] Step 1,300 | Loss: 1.8850 | PPL: 6.59
  [  5.1%] Step 1,400 | Loss: 1.8563 | PPL: 6.40
  [  5.5%] Step 1,500 | Loss: 1.8228 | PPL: 6.19
  [  5.9%] Step 1,600 | Loss: 1.7984 | PPL: 6.04
  [  6.2%] Step 1,700 | Loss: 1.7767 | PPL: 5.91
  [  6.6%] Step 1,800 | Loss: 1.7571 | PPL: 5.80
  [  6.9%] Step 1,900 | Loss: 1.7337 | PPL: 5.66
  [  7.3%] Step 2,000 | Loss: 1.7184 | PPL: 5.58
  [  7.7%] Step 2,100 | Loss: 1.7014 | PPL: 5.48
  [  8.0%] Step 2,200 | Loss: 1.6804 | PPL: 5.37
  [  8.4%] Step 2,300 | Loss: 1.6683 | PPL: 5.30
  [  8.8%] Step 2,400 | Loss: 1.6543 | PPL: 5.23
  [  9.1%] Step 2,500 | Loss: 1.6395 | PPL: 5.15
  [  9.5%] Step 2,600 | Loss: 1.6318 | PPL: 5.11
  [  9.9%] Step 2,700 | Loss: 1.6158 | PPL: 5.03
  [ 10.2%] Step 2,800 | Loss: 1.6103 | PPL: 5.00
  [ 10.6%] Step 2,900 | Loss: 1.5964 | PPL: 4.94
  [ 11.0%] Step 3,000 | Loss: 1.5829 | PPL: 4.87
  [ 11.3%] Step 3,100 | Loss: 1.5723 | PPL: 4.82
  [ 11.7%] Step 3,200 | Loss: 1.5639 | PPL: 4.78
  [ 12.1%] Step 3,300 | Loss: 1.5590 | PPL: 4.75
  [ 12.4%] Step 3,400 | Loss: 1.5527 | PPL: 4.72
  [ 12.8%] Step 3,500 | Loss: 1.5407 | PPL: 4.67
  [ 13.2%] Step 3,600 | Loss: 1.5358 | PPL: 4.64
  [ 13.5%] Step 3,700 | Loss: 1.5252 | PPL: 4.60
  [ 13.9%] Step 3,800 | Loss: 1.5185 | PPL: 4.57
  [ 14.3%] Step 3,900 | Loss: 1.5140 | PPL: 4.54
  [ 14.6%] Step 4,000 | Loss: 1.5073 | PPL: 4.51
  [ 15.0%] Step 4,100 | Loss: 1.5035 | PPL: 4.50
  [ 15.4%] Step 4,200 | Loss: 1.4920 | PPL: 4.45
  [ 15.7%] Step 4,300 | Loss: 1.4892 | PPL: 4.43
  [ 16.1%] Step 4,400 | Loss: 1.4855 | PPL: 4.42
  [ 16.5%] Step 4,500 | Loss: 1.4756 | PPL: 4.37
  [ 16.8%] Step 4,600 | Loss: 1.4715 | PPL: 4.36
  [ 17.2%] Step 4,700 | Loss: 1.4668 | PPL: 4.34
  [ 17.6%] Step 4,800 | Loss: 1.4627 | PPL: 4.32
  [ 17.9%] Step 4,900 | Loss: 1.4564 | PPL: 4.29
  [ 18.3%] Step 5,000 | Loss: 1.4540 | PPL: 4.28
  [ 18.7%] Step 5,100 | Loss: 1.4500 | PPL: 4.26
  [ 19.0%] Step 5,200 | Loss: 1.4417 | PPL: 4.23
  [ 19.4%] Step 5,300 | Loss: 1.4390 | PPL: 4.22
  [ 19.7%] Step 5,400 | Loss: 1.4373 | PPL: 4.21
  [ 20.1%] Step 5,500 | Loss: 1.4305 | PPL: 4.18
  [ 20.5%] Step 5,600 | Loss: 1.4259 | PPL: 4.16
  [ 20.8%] Step 5,700 | Loss: 1.4215 | PPL: 4.14
  [ 21.2%] Step 5,800 | Loss: 1.4172 | PPL: 4.13
  [ 21.6%] Step 5,900 | Loss: 1.4185 | PPL: 4.13
  [ 21.9%] Step 6,000 | Loss: 1.4112 | PPL: 4.10
  [ 22.3%] Step 6,100 | Loss: 1.4092 | PPL: 4.09
  [ 22.7%] Step 6,200 | Loss: 1.4037 | PPL: 4.07
  [ 23.0%] Step 6,300 | Loss: 1.4022 | PPL: 4.06
  [ 23.4%] Step 6,400 | Loss: 1.3954 | PPL: 4.04
  [ 23.8%] Step 6,500 | Loss: 1.3961 | PPL: 4.04
  [ 24.1%] Step 6,600 | Loss: 1.3918 | PPL: 4.02
  [ 24.5%] Step 6,700 | Loss: 1.3862 | PPL: 4.00
  [ 24.9%] Step 6,800 | Loss: 1.3857 | PPL: 4.00
  [ 25.2%] Step 6,900 | Loss: 1.3819 | PPL: 3.98
  [ 25.6%] Step 7,000 | Loss: 1.3784 | PPL: 3.97
  [ 26.0%] Step 7,100 | Loss: 1.3764 | PPL: 3.96
  [ 26.3%] Step 7,200 | Loss: 1.3733 | PPL: 3.95
  [ 26.7%] Step 7,300 | Loss: 1.3690 | PPL: 3.93
  [ 27.1%] Step 7,400 | Loss: 1.3704 | PPL: 3.94
  [ 27.4%] Step 7,500 | Loss: 1.3636 | PPL: 3.91
  [ 27.8%] Step 7,600 | Loss: 1.3611 | PPL: 3.90
  [ 28.2%] Step 7,700 | Loss: 1.3610 | PPL: 3.90
  [ 28.5%] Step 7,800 | Loss: 1.3576 | PPL: 3.89
  [ 28.9%] Step 7,900 | Loss: 1.3511 | PPL: 3.86
  [ 29.3%] Step 8,000 | Loss: 1.3493 | PPL: 3.85
  [ 29.6%] Step 8,100 | Loss: 1.3503 | PPL: 3.86
  [ 30.0%] Step 8,200 | Loss: 1.3455 | PPL: 3.84
  [ 30.4%] Step 8,300 | Loss: 1.3416 | PPL: 3.83
  [ 30.7%] Step 8,400 | Loss: 1.3403 | PPL: 3.82
  [ 31.1%] Step 8,500 | Loss: 1.3357 | PPL: 3.80
  [ 31.5%] Step 8,600 | Loss: 1.3354 | PPL: 3.80
  [ 31.8%] Step 8,700 | Loss: 1.3375 | PPL: 3.81
  [ 32.2%] Step 8,800 | Loss: 1.3279 | PPL: 3.77
  [ 32.5%] Step 8,900 | Loss: 1.3297 | PPL: 3.78
  [ 32.9%] Step 9,000 | Loss: 1.3227 | PPL: 3.75
  [ 33.3%] Step 9,100 | Loss: 1.3270 | PPL: 3.77
  [ 33.6%] Step 9,200 | Loss: 1.3231 | PPL: 3.75
  [ 34.0%] Step 9,300 | Loss: 1.3188 | PPL: 3.74
  [ 34.4%] Step 9,400 | Loss: 1.3155 | PPL: 3.73
  [ 34.7%] Step 9,500 | Loss: 1.3184 | PPL: 3.74
  [ 35.1%] Step 9,600 | Loss: 1.3104 | PPL: 3.71
  [ 35.5%] Step 9,700 | Loss: 1.3116 | PPL: 3.71
  [ 35.8%] Step 9,800 | Loss: 1.3101 | PPL: 3.71
  [ 36.2%] Step 9,900 | Loss: 1.3079 | PPL: 3.70
  [ 36.6%] Step 10,000 | Loss: 1.3071 | PPL: 3.70
  [ 36.9%] Step 10,100 | Loss: 1.3019 | PPL: 3.68
  [ 37.3%] Step 10,200 | Loss: 1.3055 | PPL: 3.69
  [ 37.7%] Step 10,300 | Loss: 1.2996 | PPL: 3.67
  [ 38.0%] Step 10,400 | Loss: 1.2988 | PPL: 3.66
  [ 38.4%] Step 10,500 | Loss: 1.2956 | PPL: 3.65
  [ 38.8%] Step 10,600 | Loss: 1.2961 | PPL: 3.66
  [ 39.1%] Step 10,700 | Loss: 1.2902 | PPL: 3.63
  [ 39.5%] Step 10,800 | Loss: 1.2972 | PPL: 3.66
  [ 39.9%] Step 10,900 | Loss: 1.2870 | PPL: 3.62
  [ 40.2%] Step 11,000 | Loss: 1.2907 | PPL: 3.64
  [ 40.6%] Step 11,100 | Loss: 1.2821 | PPL: 3.60
  [ 41.0%] Step 11,200 | Loss: 1.2848 | PPL: 3.61
  [ 41.3%] Step 11,300 | Loss: 1.2819 | PPL: 3.60
  [ 41.7%] Step 11,400 | Loss: 1.2808 | PPL: 3.60
  [ 42.1%] Step 11,500 | Loss: 1.2781 | PPL: 3.59
  [ 42.4%] Step 11,600 | Loss: 1.2791 | PPL: 3.59
  [ 42.8%] Step 11,700 | Loss: 1.2776 | PPL: 3.59
  [ 43.2%] Step 11,800 | Loss: 1.2743 | PPL: 3.58
  [ 43.5%] Step 11,900 | Loss: 1.2753 | PPL: 3.58
  [ 43.9%] Step 12,000 | Loss: 1.2720 | PPL: 3.57
  [ 44.3%] Step 12,100 | Loss: 1.2744 | PPL: 3.58
  [ 44.6%] Step 12,200 | Loss: 1.2691 | PPL: 3.56
  [ 45.0%] Step 12,300 | Loss: 1.2648 | PPL: 3.54
  [ 45.3%] Step 12,400 | Loss: 1.2634 | PPL: 3.54
  [ 45.7%] Step 12,500 | Loss: 1.2656 | PPL: 3.55
  [ 46.1%] Step 12,600 | Loss: 1.2646 | PPL: 3.54
  [ 46.4%] Step 12,700 | Loss: 1.2618 | PPL: 3.53
  [ 46.8%] Step 12,800 | Loss: 1.2568 | PPL: 3.51
  [ 47.2%] Step 12,900 | Loss: 1.2573 | PPL: 3.52
  [ 47.5%] Step 13,000 | Loss: 1.2527 | PPL: 3.50
  [ 47.9%] Step 13,100 | Loss: 1.2554 | PPL: 3.51
  [ 48.3%] Step 13,200 | Loss: 1.2555 | PPL: 3.51
  [ 48.6%] Step 13,300 | Loss: 1.2541 | PPL: 3.50
  [ 49.0%] Step 13,400 | Loss: 1.2566 | PPL: 3.51
  [ 49.4%] Step 13,500 | Loss: 1.2469 | PPL: 3.48
  [ 49.7%] Step 13,600 | Loss: 1.2498 | PPL: 3.49
  [ 50.1%] Step 13,700 | Loss: 1.2498 | PPL: 3.49
  [ 50.5%] Step 13,800 | Loss: 1.2490 | PPL: 3.49
  [ 50.8%] Step 13,900 | Loss: 1.2466 | PPL: 3.48
  [ 51.2%] Step 14,000 | Loss: 1.2438 | PPL: 3.47
  [ 51.6%] Step 14,100 | Loss: 1.2413 | PPL: 3.46
  [ 51.9%] Step 14,200 | Loss: 1.2420 | PPL: 3.46
  [ 52.3%] Step 14,300 | Loss: 1.2419 | PPL: 3.46
  [ 52.7%] Step 14,400 | Loss: 1.2390 | PPL: 3.45
  [ 53.0%] Step 14,500 | Loss: 1.2375 | PPL: 3.45
  [ 53.4%] Step 14,600 | Loss: 1.2397 | PPL: 3.45
  [ 53.8%] Step 14,700 | Loss: 1.2340 | PPL: 3.43
  [ 54.1%] Step 14,800 | Loss: 1.2329 | PPL: 3.43
  [ 54.5%] Step 14,900 | Loss: 1.2365 | PPL: 3.44
  [ 54.9%] Step 15,000 | Loss: 1.2312 | PPL: 3.43
  [ 55.2%] Step 15,100 | Loss: 1.2370 | PPL: 3.45
  [ 55.6%] Step 15,200 | Loss: 1.2313 | PPL: 3.43
  [ 56.0%] Step 15,300 | Loss: 1.2318 | PPL: 3.43
  [ 56.3%] Step 15,400 | Loss: 1.2305 | PPL: 3.42
  [ 56.7%] Step 15,500 | Loss: 1.2290 | PPL: 3.42
  [ 57.1%] Step 15,600 | Loss: 1.2288 | PPL: 3.42
  [ 57.4%] Step 15,700 | Loss: 1.2259 | PPL: 3.41
  [ 57.8%] Step 15,800 | Loss: 1.2251 | PPL: 3.40
  [ 58.1%] Step 15,900 | Loss: 1.2195 | PPL: 3.39
  [ 58.5%] Step 16,000 | Loss: 1.2206 | PPL: 3.39
  [ 58.9%] Step 16,100 | Loss: 1.2259 | PPL: 3.41
  [ 59.2%] Step 16,200 | Loss: 1.2224 | PPL: 3.40
  [ 59.6%] Step 16,300 | Loss: 1.2189 | PPL: 3.38
  [ 60.0%] Step 16,400 | Loss: 1.2177 | PPL: 3.38
  [ 60.3%] Step 16,500 | Loss: 1.2174 | PPL: 3.38
  [ 60.7%] Step 16,600 | Loss: 1.2171 | PPL: 3.38
  [ 61.1%] Step 16,700 | Loss: 1.2191 | PPL: 3.38
  [ 61.4%] Step 16,800 | Loss: 1.2145 | PPL: 3.37
  [ 61.8%] Step 16,900 | Loss: 1.2103 | PPL: 3.35
  [ 62.2%] Step 17,000 | Loss: 1.2083 | PPL: 3.35
  [ 62.5%] Step 17,100 | Loss: 1.2096 | PPL: 3.35
  [ 62.9%] Step 17,200 | Loss: 1.2117 | PPL: 3.36
  [ 63.3%] Step 17,300 | Loss: 1.2106 | PPL: 3.36
  [ 63.6%] Step 17,400 | Loss: 1.2103 | PPL: 3.35
  [ 64.0%] Step 17,500 | Loss: 1.2077 | PPL: 3.35
  [ 64.4%] Step 17,600 | Loss: 1.2049 | PPL: 3.34
  [ 64.7%] Step 17,700 | Loss: 1.2103 | PPL: 3.35
  [ 65.1%] Step 17,800 | Loss: 1.2072 | PPL: 3.34
  [ 65.5%] Step 17,900 | Loss: 1.2017 | PPL: 3.33
  [ 65.8%] Step 18,000 | Loss: 1.2104 | PPL: 3.35
  [ 66.2%] Step 18,100 | Loss: 1.2030 | PPL: 3.33
  [ 66.6%] Step 18,200 | Loss: 1.2032 | PPL: 3.33
  [ 66.9%] Step 18,300 | Loss: 1.2007 | PPL: 3.32
  [ 67.3%] Step 18,400 | Loss: 1.2010 | PPL: 3.32
  [ 67.7%] Step 18,500 | Loss: 1.1933 | PPL: 3.30
  [ 68.0%] Step 18,600 | Loss: 1.1984 | PPL: 3.31
  [ 68.4%] Step 18,700 | Loss: 1.1999 | PPL: 3.32
  [ 68.8%] Step 18,800 | Loss: 1.1970 | PPL: 3.31
  [ 69.1%] Step 18,900 | Loss: 1.2010 | PPL: 3.32
  [ 69.5%] Step 19,000 | Loss: 1.1999 | PPL: 3.32
  [ 69.9%] Step 19,100 | Loss: 1.1958 | PPL: 3.31
  [ 70.2%] Step 19,200 | Loss: 1.1942 | PPL: 3.30
  [ 70.6%] Step 19,300 | Loss: 1.1947 | PPL: 3.30
  [ 70.9%] Step 19,400 | Loss: 1.1927 | PPL: 3.30
  [ 71.3%] Step 19,500 | Loss: 1.1911 | PPL: 3.29
  [ 71.7%] Step 19,600 | Loss: 1.1912 | PPL: 3.29
  [ 72.0%] Step 19,700 | Loss: 1.1923 | PPL: 3.29
  [ 72.4%] Step 19,800 | Loss: 1.1861 | PPL: 3.27
  [ 72.8%] Step 19,900 | Loss: 1.1890 | PPL: 3.28
  [ 73.1%] Step 20,000 | Loss: 1.1871 | PPL: 3.28
  [ 73.5%] Step 20,100 | Loss: 1.1844 | PPL: 3.27
  [ 73.9%] Step 20,200 | Loss: 1.1879 | PPL: 3.28
  [ 74.2%] Step 20,300 | Loss: 1.1870 | PPL: 3.28
  [ 74.6%] Step 20,400 | Loss: 1.1825 | PPL: 3.26
  [ 75.0%] Step 20,500 | Loss: 1.1846 | PPL: 3.27
  [ 75.3%] Step 20,600 | Loss: 1.1847 | PPL: 3.27
  [ 75.7%] Step 20,700 | Loss: 1.1854 | PPL: 3.27
  [ 76.1%] Step 20,800 | Loss: 1.1839 | PPL: 3.27
  [ 76.4%] Step 20,900 | Loss: 1.1774 | PPL: 3.25
  [ 76.8%] Step 21,000 | Loss: 1.1808 | PPL: 3.26
  [ 77.2%] Step 21,100 | Loss: 1.1795 | PPL: 3.25
  [ 77.5%] Step 21,200 | Loss: 1.1801 | PPL: 3.25
  [ 77.9%] Step 21,300 | Loss: 1.1803 | PPL: 3.26
  [ 78.3%] Step 21,400 | Loss: 1.1728 | PPL: 3.23
  [ 78.6%] Step 21,500 | Loss: 1.1738 | PPL: 3.23
  [ 79.0%] Step 21,600 | Loss: 1.1756 | PPL: 3.24
  [ 79.4%] Step 21,700 | Loss: 1.1751 | PPL: 3.24
  [ 79.7%] Step 21,800 | Loss: 1.1754 | PPL: 3.24
  [ 80.1%] Step 21,900 | Loss: 1.1750 | PPL: 3.24
  [ 80.5%] Step 22,000 | Loss: 1.1721 | PPL: 3.23
  [ 80.8%] Step 22,100 | Loss: 1.1735 | PPL: 3.23
  [ 81.2%] Step 22,200 | Loss: 1.1732 | PPL: 3.23
  [ 81.6%] Step 22,300 | Loss: 1.1709 | PPL: 3.22
  [ 81.9%] Step 22,400 | Loss: 1.1659 | PPL: 3.21
  [ 82.3%] Step 22,500 | Loss: 1.1680 | PPL: 3.22
  [ 82.7%] Step 22,600 | Loss: 1.1701 | PPL: 3.22
  [ 83.0%] Step 22,700 | Loss: 1.1699 | PPL: 3.22
  [ 83.4%] Step 22,800 | Loss: 1.1679 | PPL: 3.22
  [ 83.7%] Step 22,900 | Loss: 1.1679 | PPL: 3.22
  [ 84.1%] Step 23,000 | Loss: 1.1670 | PPL: 3.21
  [ 84.5%] Step 23,100 | Loss: 1.1669 | PPL: 3.21
  [ 84.8%] Step 23,200 | Loss: 1.1655 | PPL: 3.21
  [ 85.2%] Step 23,300 | Loss: 1.1696 | PPL: 3.22
  [ 85.6%] Step 23,400 | Loss: 1.1643 | PPL: 3.20
  [ 85.9%] Step 23,500 | Loss: 1.1646 | PPL: 3.20
  [ 86.3%] Step 23,600 | Loss: 1.1656 | PPL: 3.21
  [ 86.7%] Step 23,700 | Loss: 1.1638 | PPL: 3.20
  [ 87.0%] Step 23,800 | Loss: 1.1603 | PPL: 3.19
  [ 87.4%] Step 23,900 | Loss: 1.1534 | PPL: 3.17
  [ 87.8%] Step 24,000 | Loss: 1.1621 | PPL: 3.20
  [ 88.1%] Step 24,100 | Loss: 1.1597 | PPL: 3.19
  [ 88.5%] Step 24,200 | Loss: 1.1610 | PPL: 3.19
  [ 88.9%] Step 24,300 | Loss: 1.1608 | PPL: 3.19
  [ 89.2%] Step 24,400 | Loss: 1.1551 | PPL: 3.17
  [ 89.6%] Step 24,500 | Loss: 1.1573 | PPL: 3.18
  [ 90.0%] Step 24,600 | Loss: 1.1592 | PPL: 3.19
  [ 90.3%] Step 24,700 | Loss: 1.1566 | PPL: 3.18
  [ 90.7%] Step 24,800 | Loss: 1.1544 | PPL: 3.17
  [ 91.1%] Step 24,900 | Loss: 1.1540 | PPL: 3.17
  [ 91.4%] Step 25,000 | Loss: 1.1582 | PPL: 3.18
  [ 91.8%] Step 25,100 | Loss: 1.1559 | PPL: 3.18
  [ 92.2%] Step 25,200 | Loss: 1.1517 | PPL: 3.16
  [ 92.5%] Step 25,300 | Loss: 1.1564 | PPL: 3.18
  [ 92.9%] Step 25,400 | Loss: 1.1523 | PPL: 3.17
  [ 93.3%] Step 25,500 | Loss: 1.1515 | PPL: 3.16
  [ 93.6%] Step 25,600 | Loss: 1.1530 | PPL: 3.17
  [ 94.0%] Step 25,700 | Loss: 1.1512 | PPL: 3.16
  [ 94.4%] Step 25,800 | Loss: 1.1532 | PPL: 3.17
  [ 94.7%] Step 25,900 | Loss: 1.1502 | PPL: 3.16
  [ 95.1%] Step 26,000 | Loss: 1.1491 | PPL: 3.16
  [ 95.5%] Step 26,100 | Loss: 1.1536 | PPL: 3.17
  [ 95.8%] Step 26,200 | Loss: 1.1514 | PPL: 3.16
  [ 96.2%] Step 26,300 | Loss: 1.1528 | PPL: 3.17
  [ 96.5%] Step 26,400 | Loss: 1.1452 | PPL: 3.14
  [ 96.9%] Step 26,500 | Loss: 1.1476 | PPL: 3.15
  [ 97.3%] Step 26,600 | Loss: 1.1475 | PPL: 3.15
  [ 97.6%] Step 26,700 | Loss: 1.1496 | PPL: 3.16
  [ 98.0%] Step 26,800 | Loss: 1.1482 | PPL: 3.15
  [ 98.4%] Step 26,900 | Loss: 1.1474 | PPL: 3.15
  [ 98.7%] Step 27,000 | Loss: 1.1432 | PPL: 3.14
  [ 99.1%] Step 27,100 | Loss: 1.1439 | PPL: 3.14
  [ 99.5%] Step 27,200 | Loss: 1.1454 | PPL: 3.14
  [ 99.8%] Step 27,300 | Loss: 1.1428 | PPL: 3.14
  [100.0%] Step 27,344 | Loss: 1.1378 | PPL: 3.12
[Epoch 1/3] Validating...
[Epoch 1/3] Loss: 1.3259 | PPL: 3.77
  -> Saved best model to checkpoints_v4\kk_best.pt
[Epoch 2/3] Starting...
  [  0.2%] Step 27,400 | Loss: 1.1419 | PPL: 3.13
  [  0.6%] Step 27,500 | Loss: 1.1397 | PPL: 3.13
  [  0.9%] Step 27,600 | Loss: 1.1375 | PPL: 3.12
  [  1.3%] Step 27,700 | Loss: 1.1413 | PPL: 3.13
  [  1.7%] Step 27,800 | Loss: 1.1391 | PPL: 3.12
  [  2.0%] Step 27,900 | Loss: 1.1451 | PPL: 3.14
  [  2.4%] Step 28,000 | Loss: 1.1362 | PPL: 3.12
  [  2.8%] Step 28,100 | Loss: 1.1407 | PPL: 3.13
  [  3.1%] Step 28,200 | Loss: 1.1393 | PPL: 3.12
  [  3.5%] Step 28,300 | Loss: 1.1382 | PPL: 3.12
  [  3.9%] Step 28,400 | Loss: 1.1389 | PPL: 3.12
  [  4.2%] Step 28,500 | Loss: 1.1367 | PPL: 3.12
  [  4.6%] Step 28,600 | Loss: 1.1319 | PPL: 3.10
  [  5.0%] Step 28,700 | Loss: 1.1347 | PPL: 3.11
  [  5.3%] Step 28,800 | Loss: 1.1312 | PPL: 3.10
  [  5.7%] Step 28,900 | Loss: 1.1321 | PPL: 3.10
  [  6.1%] Step 29,000 | Loss: 1.1326 | PPL: 3.10
  [  6.4%] Step 29,100 | Loss: 1.1322 | PPL: 3.10
  [  6.8%] Step 29,200 | Loss: 1.1321 | PPL: 3.10
  [  7.2%] Step 29,300 | Loss: 1.1340 | PPL: 3.11
  [  7.5%] Step 29,400 | Loss: 1.1325 | PPL: 3.10
  [  7.9%] Step 29,500 | Loss: 1.1281 | PPL: 3.09
  [  8.3%] Step 29,600 | Loss: 1.1304 | PPL: 3.10
  [  8.6%] Step 29,700 | Loss: 1.1346 | PPL: 3.11
  [  9.0%] Step 29,800 | Loss: 1.1292 | PPL: 3.09
  [  9.3%] Step 29,900 | Loss: 1.1299 | PPL: 3.10
  [  9.7%] Step 30,000 | Loss: 1.1310 | PPL: 3.10
  [ 10.1%] Step 30,100 | Loss: 1.1289 | PPL: 3.09
  [ 10.4%] Step 30,200 | Loss: 1.1268 | PPL: 3.09
  [ 10.8%] Step 30,300 | Loss: 1.1258 | PPL: 3.08
  [ 11.2%] Step 30,400 | Loss: 1.1268 | PPL: 3.09
  [ 11.5%] Step 30,500 | Loss: 1.1244 | PPL: 3.08
  [ 11.9%] Step 30,600 | Loss: 1.1265 | PPL: 3.08
  [ 12.3%] Step 30,700 | Loss: 1.1263 | PPL: 3.08
  [ 12.6%] Step 30,800 | Loss: 1.1241 | PPL: 3.08
  [ 13.0%] Step 30,900 | Loss: 1.1251 | PPL: 3.08
  [ 13.4%] Step 31,000 | Loss: 1.1278 | PPL: 3.09
  [ 13.7%] Step 31,100 | Loss: 1.1218 | PPL: 3.07
  [ 14.1%] Step 31,200 | Loss: 1.1256 | PPL: 3.08
  [ 14.5%] Step 31,300 | Loss: 1.1245 | PPL: 3.08
  [ 14.8%] Step 31,400 | Loss: 1.1249 | PPL: 3.08
  [ 15.2%] Step 31,500 | Loss: 1.1275 | PPL: 3.09
  [ 15.6%] Step 31,600 | Loss: 1.1204 | PPL: 3.07
  [ 15.9%] Step 31,700 | Loss: 1.1261 | PPL: 3.08
  [ 16.3%] Step 31,800 | Loss: 1.1255 | PPL: 3.08
  [ 16.7%] Step 31,900 | Loss: 1.1216 | PPL: 3.07
  [ 17.0%] Step 32,000 | Loss: 1.1213 | PPL: 3.07
  [ 17.4%] Step 32,100 | Loss: 1.1222 | PPL: 3.07
  [ 17.8%] Step 32,200 | Loss: 1.1190 | PPL: 3.06
  [ 18.1%] Step 32,300 | Loss: 1.1204 | PPL: 3.07
  [ 18.5%] Step 32,400 | Loss: 1.1186 | PPL: 3.06
  [ 18.9%] Step 32,500 | Loss: 1.1190 | PPL: 3.06
  [ 19.2%] Step 32,600 | Loss: 1.1143 | PPL: 3.05
  [ 19.6%] Step 32,700 | Loss: 1.1198 | PPL: 3.06
  [ 20.0%] Step 32,800 | Loss: 1.1226 | PPL: 3.07
  [ 20.3%] Step 32,900 | Loss: 1.1139 | PPL: 3.05
  [ 20.7%] Step 33,000 | Loss: 1.1147 | PPL: 3.05
  [ 21.1%] Step 33,100 | Loss: 1.1156 | PPL: 3.05
  [ 21.4%] Step 33,200 | Loss: 1.1175 | PPL: 3.06
  [ 21.8%] Step 33,300 | Loss: 1.1162 | PPL: 3.05
  [ 22.1%] Step 33,400 | Loss: 1.1178 | PPL: 3.06
  [ 22.5%] Step 33,500 | Loss: 1.1149 | PPL: 3.05
  [ 22.9%] Step 33,600 | Loss: 1.1155 | PPL: 3.05
  [ 23.2%] Step 33,700 | Loss: 1.1120 | PPL: 3.04
  [ 23.6%] Step 33,800 | Loss: 1.1139 | PPL: 3.05
  [ 24.0%] Step 33,900 | Loss: 1.1153 | PPL: 3.05
  [ 24.3%] Step 34,000 | Loss: 1.1184 | PPL: 3.06
  [ 24.7%] Step 34,100 | Loss: 1.1161 | PPL: 3.05
  [ 25.1%] Step 34,200 | Loss: 1.1151 | PPL: 3.05
  [ 25.4%] Step 34,300 | Loss: 1.1151 | PPL: 3.05
  [ 25.8%] Step 34,400 | Loss: 1.1143 | PPL: 3.05
  [ 26.2%] Step 34,500 | Loss: 1.1050 | PPL: 3.02
  [ 26.5%] Step 34,600 | Loss: 1.1108 | PPL: 3.04
  [ 26.9%] Step 34,700 | Loss: 1.1101 | PPL: 3.03
  [ 27.3%] Step 34,800 | Loss: 1.1075 | PPL: 3.03
  [ 27.6%] Step 34,900 | Loss: 1.1118 | PPL: 3.04
  [ 28.0%] Step 35,000 | Loss: 1.1112 | PPL: 3.04
  [ 28.4%] Step 35,100 | Loss: 1.1098 | PPL: 3.03
  [ 28.7%] Step 35,200 | Loss: 1.1088 | PPL: 3.03
  [ 29.1%] Step 35,300 | Loss: 1.1114 | PPL: 3.04
  [ 29.5%] Step 35,400 | Loss: 1.1117 | PPL: 3.04
  [ 29.8%] Step 35,500 | Loss: 1.1072 | PPL: 3.03
  [ 30.2%] Step 35,600 | Loss: 1.1082 | PPL: 3.03
  [ 30.6%] Step 35,700 | Loss: 1.1053 | PPL: 3.02
  [ 30.9%] Step 35,800 | Loss: 1.1097 | PPL: 3.03
  [ 31.3%] Step 35,900 | Loss: 1.1088 | PPL: 3.03
  [ 31.7%] Step 36,000 | Loss: 1.1044 | PPL: 3.02
  [ 32.0%] Step 36,100 | Loss: 1.1093 | PPL: 3.03
  [ 32.4%] Step 36,200 | Loss: 1.1034 | PPL: 3.01
  [ 32.8%] Step 36,300 | Loss: 1.1065 | PPL: 3.02
  [ 33.1%] Step 36,400 | Loss: 1.1078 | PPL: 3.03
  [ 33.5%] Step 36,500 | Loss: 1.1046 | PPL: 3.02
  [ 33.9%] Step 36,600 | Loss: 1.1017 | PPL: 3.01
  [ 34.2%] Step 36,700 | Loss: 1.1067 | PPL: 3.02
  [ 34.6%] Step 36,800 | Loss: 1.1040 | PPL: 3.02
  [ 34.9%] Step 36,900 | Loss: 1.1044 | PPL: 3.02
  [ 35.3%] Step 37,000 | Loss: 1.1017 | PPL: 3.01
  [ 35.7%] Step 37,100 | Loss: 1.1075 | PPL: 3.03
  [ 36.0%] Step 37,200 | Loss: 1.1047 | PPL: 3.02
  [ 36.4%] Step 37,300 | Loss: 1.0998 | PPL: 3.00
  [ 36.8%] Step 37,400 | Loss: 1.1015 | PPL: 3.01
  [ 37.1%] Step 37,500 | Loss: 1.1014 | PPL: 3.01
  [ 37.5%] Step 37,600 | Loss: 1.1029 | PPL: 3.01
  [ 37.9%] Step 37,700 | Loss: 1.1030 | PPL: 3.01
  [ 38.2%] Step 37,800 | Loss: 1.0965 | PPL: 2.99
  [ 38.6%] Step 37,900 | Loss: 1.1008 | PPL: 3.01
  [ 39.0%] Step 38,000 | Loss: 1.1009 | PPL: 3.01
  [ 39.3%] Step 38,100 | Loss: 1.0963 | PPL: 2.99
  [ 39.7%] Step 38,200 | Loss: 1.0970 | PPL: 3.00
  [ 40.1%] Step 38,300 | Loss: 1.0987 | PPL: 3.00
  [ 40.4%] Step 38,400 | Loss: 1.0995 | PPL: 3.00
  [ 40.8%] Step 38,500 | Loss: 1.0986 | PPL: 3.00
  [ 41.2%] Step 38,600 | Loss: 1.0947 | PPL: 2.99
  [ 41.5%] Step 38,700 | Loss: 1.1044 | PPL: 3.02
  [ 41.9%] Step 38,800 | Loss: 1.0905 | PPL: 2.98
  [ 42.3%] Step 38,900 | Loss: 1.0990 | PPL: 3.00
  [ 42.6%] Step 39,000 | Loss: 1.0964 | PPL: 2.99
  [ 43.0%] Step 39,100 | Loss: 1.0991 | PPL: 3.00
  [ 43.4%] Step 39,200 | Loss: 1.0975 | PPL: 3.00
  [ 43.7%] Step 39,300 | Loss: 1.0979 | PPL: 3.00
  [ 44.1%] Step 39,400 | Loss: 1.0989 | PPL: 3.00
  [ 44.5%] Step 39,500 | Loss: 1.0925 | PPL: 2.98
  [ 44.8%] Step 39,600 | Loss: 1.0972 | PPL: 3.00
  [ 45.2%] Step 39,700 | Loss: 1.0958 | PPL: 2.99
  [ 45.6%] Step 39,800 | Loss: 1.0931 | PPL: 2.98
  [ 45.9%] Step 39,900 | Loss: 1.0972 | PPL: 3.00
  [ 46.3%] Step 40,000 | Loss: 1.0931 | PPL: 2.98
  [ 46.7%] Step 40,100 | Loss: 1.0893 | PPL: 2.97
  [ 47.0%] Step 40,200 | Loss: 1.0967 | PPL: 2.99
  [ 47.4%] Step 40,300 | Loss: 1.0934 | PPL: 2.98
  [ 47.7%] Step 40,400 | Loss: 1.0909 | PPL: 2.98
  [ 48.1%] Step 40,500 | Loss: 1.0946 | PPL: 2.99
  [ 48.5%] Step 40,600 | Loss: 1.0927 | PPL: 2.98
  [ 48.8%] Step 40,700 | Loss: 1.0861 | PPL: 2.96
  [ 49.2%] Step 40,800 | Loss: 1.0917 | PPL: 2.98
  [ 49.6%] Step 40,900 | Loss: 1.0965 | PPL: 2.99
  [ 49.9%] Step 41,000 | Loss: 1.0924 | PPL: 2.98
  [ 50.3%] Step 41,100 | Loss: 1.0898 | PPL: 2.97
  [ 50.7%] Step 41,200 | Loss: 1.0901 | PPL: 2.97
  [ 51.0%] Step 41,300 | Loss: 1.0916 | PPL: 2.98
  [ 51.4%] Step 41,400 | Loss: 1.0887 | PPL: 2.97
  [ 51.8%] Step 41,500 | Loss: 1.0931 | PPL: 2.98
  [ 52.1%] Step 41,600 | Loss: 1.0887 | PPL: 2.97
  [ 52.5%] Step 41,700 | Loss: 1.0873 | PPL: 2.97
  [ 52.9%] Step 41,800 | Loss: 1.0930 | PPL: 2.98
  [ 53.2%] Step 41,900 | Loss: 1.0879 | PPL: 2.97
  [ 53.6%] Step 42,000 | Loss: 1.0862 | PPL: 2.96
  [ 54.0%] Step 42,100 | Loss: 1.0899 | PPL: 2.97
  [ 54.3%] Step 42,200 | Loss: 1.0876 | PPL: 2.97
  [ 54.7%] Step 42,300 | Loss: 1.0886 | PPL: 2.97
  [ 55.1%] Step 42,400 | Loss: 1.0893 | PPL: 2.97
  [ 55.4%] Step 42,500 | Loss: 1.0903 | PPL: 2.98
  [ 55.8%] Step 42,600 | Loss: 1.0872 | PPL: 2.97
  [ 56.2%] Step 42,700 | Loss: 1.0887 | PPL: 2.97
  [ 56.5%] Step 42,800 | Loss: 1.0827 | PPL: 2.95
  [ 56.9%] Step 42,900 | Loss: 1.0879 | PPL: 2.97
  [ 57.3%] Step 43,000 | Loss: 1.0865 | PPL: 2.96
  [ 57.6%] Step 43,100 | Loss: 1.0832 | PPL: 2.95
  [ 58.0%] Step 43,200 | Loss: 1.0900 | PPL: 2.97
  [ 58.4%] Step 43,300 | Loss: 1.0893 | PPL: 2.97
  [ 58.7%] Step 43,400 | Loss: 1.0846 | PPL: 2.96
  [ 59.1%] Step 43,500 | Loss: 1.0835 | PPL: 2.95
  [ 59.4%] Step 43,600 | Loss: 1.0846 | PPL: 2.96
  [ 59.8%] Step 43,700 | Loss: 1.0846 | PPL: 2.96
  [ 60.2%] Step 43,800 | Loss: 1.0844 | PPL: 2.96
  [ 60.5%] Step 43,900 | Loss: 1.0827 | PPL: 2.95
  [ 60.9%] Step 44,000 | Loss: 1.0798 | PPL: 2.94
  [ 61.3%] Step 44,100 | Loss: 1.0824 | PPL: 2.95
  [ 61.6%] Step 44,200 | Loss: 1.0847 | PPL: 2.96
  [ 62.0%] Step 44,300 | Loss: 1.0843 | PPL: 2.96
  [ 62.4%] Step 44,400 | Loss: 1.0821 | PPL: 2.95
  [ 62.7%] Step 44,500 | Loss: 1.0787 | PPL: 2.94
  [ 63.1%] Step 44,600 | Loss: 1.0785 | PPL: 2.94
  [ 63.5%] Step 44,700 | Loss: 1.0821 | PPL: 2.95
  [ 63.8%] Step 44,800 | Loss: 1.0784 | PPL: 2.94
  [ 64.2%] Step 44,900 | Loss: 1.0804 | PPL: 2.95
  [ 64.6%] Step 45,000 | Loss: 1.0805 | PPL: 2.95
  [ 64.9%] Step 45,100 | Loss: 1.0786 | PPL: 2.94
  [ 65.3%] Step 45,200 | Loss: 1.0799 | PPL: 2.94
  [ 65.7%] Step 45,300 | Loss: 1.0764 | PPL: 2.93
  [ 66.0%] Step 45,400 | Loss: 1.0798 | PPL: 2.94
  [ 66.4%] Step 45,500 | Loss: 1.0804 | PPL: 2.95
  [ 66.8%] Step 45,600 | Loss: 1.0777 | PPL: 2.94
  [ 67.1%] Step 45,700 | Loss: 1.0742 | PPL: 2.93
  [ 67.5%] Step 45,800 | Loss: 1.0800 | PPL: 2.94
  [ 67.9%] Step 45,900 | Loss: 1.0805 | PPL: 2.95
  [ 68.2%] Step 46,000 | Loss: 1.0794 | PPL: 2.94
  [ 68.6%] Step 46,100 | Loss: 1.0741 | PPL: 2.93
  [ 69.0%] Step 46,200 | Loss: 1.0795 | PPL: 2.94
  [ 69.3%] Step 46,300 | Loss: 1.0797 | PPL: 2.94
  [ 69.7%] Step 46,400 | Loss: 1.0779 | PPL: 2.94
  [ 70.1%] Step 46,500 | Loss: 1.0754 | PPL: 2.93
  [ 70.4%] Step 46,600 | Loss: 1.0782 | PPL: 2.94
  [ 70.8%] Step 46,700 | Loss: 1.0769 | PPL: 2.94
  [ 71.2%] Step 46,800 | Loss: 1.0766 | PPL: 2.93
  [ 71.5%] Step 46,900 | Loss: 1.0748 | PPL: 2.93
  [ 71.9%] Step 47,000 | Loss: 1.0777 | PPL: 2.94
  [ 72.2%] Step 47,100 | Loss: 1.0751 | PPL: 2.93
  [ 72.6%] Step 47,200 | Loss: 1.0739 | PPL: 2.93
  [ 73.0%] Step 47,300 | Loss: 1.0744 | PPL: 2.93
  [ 73.3%] Step 47,400 | Loss: 1.0733 | PPL: 2.93
  [ 73.7%] Step 47,500 | Loss: 1.0748 | PPL: 2.93
  [ 74.1%] Step 47,600 | Loss: 1.0760 | PPL: 2.93
  [ 74.4%] Step 47,700 | Loss: 1.0767 | PPL: 2.94
  [ 74.8%] Step 47,800 | Loss: 1.0760 | PPL: 2.93
  [ 75.2%] Step 47,900 | Loss: 1.0730 | PPL: 2.92
  [ 75.5%] Step 48,000 | Loss: 1.0740 | PPL: 2.93
  [ 75.9%] Step 48,100 | Loss: 1.0742 | PPL: 2.93
  [ 76.3%] Step 48,200 | Loss: 1.0715 | PPL: 2.92
  [ 76.6%] Step 48,300 | Loss: 1.0727 | PPL: 2.92
  [ 77.0%] Step 48,400 | Loss: 1.0720 | PPL: 2.92
  [ 77.4%] Step 48,500 | Loss: 1.0677 | PPL: 2.91
  [ 77.7%] Step 48,600 | Loss: 1.0692 | PPL: 2.91
  [ 78.1%] Step 48,700 | Loss: 1.0724 | PPL: 2.92
  [ 78.5%] Step 48,800 | Loss: 1.0723 | PPL: 2.92
  [ 78.8%] Step 48,900 | Loss: 1.0721 | PPL: 2.92
  [ 79.2%] Step 49,000 | Loss: 1.0693 | PPL: 2.91
  [ 79.6%] Step 49,100 | Loss: 1.0731 | PPL: 2.92
  [ 79.9%] Step 49,200 | Loss: 1.0686 | PPL: 2.91
  [ 80.3%] Step 49,300 | Loss: 1.0725 | PPL: 2.92
  [ 80.7%] Step 49,400 | Loss: 1.0710 | PPL: 2.92
  [ 81.0%] Step 49,500 | Loss: 1.0700 | PPL: 2.92
  [ 81.4%] Step 49,600 | Loss: 1.0675 | PPL: 2.91
  [ 81.8%] Step 49,700 | Loss: 1.0731 | PPL: 2.92
  [ 82.1%] Step 49,800 | Loss: 1.0662 | PPL: 2.90
  [ 82.5%] Step 49,900 | Loss: 1.0672 | PPL: 2.91
  [ 82.9%] Step 50,000 | Loss: 1.0703 | PPL: 2.92
  [ 83.2%] Step 50,100 | Loss: 1.0711 | PPL: 2.92
  [ 83.6%] Step 50,200 | Loss: 1.0672 | PPL: 2.91
  [ 84.0%] Step 50,300 | Loss: 1.0644 | PPL: 2.90
  [ 84.3%] Step 50,400 | Loss: 1.0666 | PPL: 2.91
  [ 84.7%] Step 50,500 | Loss: 1.0664 | PPL: 2.90
  [ 85.0%] Step 50,600 | Loss: 1.0661 | PPL: 2.90
  [ 85.4%] Step 50,700 | Loss: 1.0685 | PPL: 2.91
  [ 85.8%] Step 50,800 | Loss: 1.0686 | PPL: 2.91
  [ 86.1%] Step 50,900 | Loss: 1.0682 | PPL: 2.91
  [ 86.5%] Step 51,000 | Loss: 1.0661 | PPL: 2.90
  [ 86.9%] Step 51,100 | Loss: 1.0663 | PPL: 2.90
  [ 87.2%] Step 51,200 | Loss: 1.0605 | PPL: 2.89
  [ 87.6%] Step 51,300 | Loss: 1.0660 | PPL: 2.90
  [ 88.0%] Step 51,400 | Loss: 1.0675 | PPL: 2.91
  [ 88.3%] Step 51,500 | Loss: 1.0662 | PPL: 2.90
  [ 88.7%] Step 51,600 | Loss: 1.0638 | PPL: 2.90
  [ 89.1%] Step 51,700 | Loss: 1.0665 | PPL: 2.91
  [ 89.4%] Step 51,800 | Loss: 1.0677 | PPL: 2.91
  [ 89.8%] Step 51,900 | Loss: 1.0617 | PPL: 2.89
  [ 90.2%] Step 52,000 | Loss: 1.0673 | PPL: 2.91
  [ 90.5%] Step 52,100 | Loss: 1.0630 | PPL: 2.90
  [ 90.9%] Step 52,200 | Loss: 1.0638 | PPL: 2.90
  [ 91.3%] Step 52,300 | Loss: 1.0638 | PPL: 2.90
  [ 91.6%] Step 52,400 | Loss: 1.0613 | PPL: 2.89
  [ 92.0%] Step 52,500 | Loss: 1.0650 | PPL: 2.90
  [ 92.4%] Step 52,600 | Loss: 1.0688 | PPL: 2.91
  [ 92.7%] Step 52,700 | Loss: 1.0601 | PPL: 2.89
  [ 93.1%] Step 52,800 | Loss: 1.0645 | PPL: 2.90
  [ 93.5%] Step 52,900 | Loss: 1.0633 | PPL: 2.90
  [ 93.8%] Step 53,000 | Loss: 1.0659 | PPL: 2.90
  [ 94.2%] Step 53,100 | Loss: 1.0677 | PPL: 2.91
  [ 94.6%] Step 53,200 | Loss: 1.0599 | PPL: 2.89
  [ 94.9%] Step 53,300 | Loss: 1.0610 | PPL: 2.89
  [ 95.3%] Step 53,400 | Loss: 1.0593 | PPL: 2.88
  [ 95.7%] Step 53,500 | Loss: 1.0574 | PPL: 2.88
  [ 96.0%] Step 53,600 | Loss: 1.0636 | PPL: 2.90
  [ 96.4%] Step 53,700 | Loss: 1.0581 | PPL: 2.88
  [ 96.8%] Step 53,800 | Loss: 1.0628 | PPL: 2.89
  [ 97.1%] Step 53,900 | Loss: 1.0589 | PPL: 2.88
  [ 97.5%] Step 54,000 | Loss: 1.0634 | PPL: 2.90
  [ 97.8%] Step 54,100 | Loss: 1.0569 | PPL: 2.88
  [ 98.2%] Step 54,200 | Loss: 1.0596 | PPL: 2.89
  [ 98.6%] Step 54,300 | Loss: 1.0608 | PPL: 2.89
  [ 98.9%] Step 54,400 | Loss: 1.0568 | PPL: 2.88
  [ 99.3%] Step 54,500 | Loss: 1.0621 | PPL: 2.89
  [ 99.7%] Step 54,600 | Loss: 1.0600 | PPL: 2.89
  [100.0%] Step 54,688 | Loss: 1.0609 | PPL: 2.89
[Epoch 2/3] Validating...
[Epoch 2/3] Loss: 1.2869 | PPL: 3.62
  -> Saved best model to checkpoints_v4\kk_best.pt
[Epoch 3/3] Starting...
  [  0.0%] Step 54,700 | Loss: 1.0500 | PPL: 2.86
  [  0.4%] Step 54,800 | Loss: 1.0580 | PPL: 2.88
  [  0.8%] Step 54,900 | Loss: 1.0569 | PPL: 2.88
  [  1.1%] Step 55,000 | Loss: 1.0578 | PPL: 2.88
  [  1.5%] Step 55,100 | Loss: 1.0529 | PPL: 2.87
  [  1.9%] Step 55,200 | Loss: 1.0574 | PPL: 2.88
  [  2.2%] Step 55,300 | Loss: 1.0600 | PPL: 2.89
  [  2.6%] Step 55,400 | Loss: 1.0602 | PPL: 2.89
  [  3.0%] Step 55,500 | Loss: 1.0552 | PPL: 2.87
  [  3.3%] Step 55,600 | Loss: 1.0535 | PPL: 2.87
  [  3.7%] Step 55,700 | Loss: 1.0596 | PPL: 2.89
  [  4.1%] Step 55,800 | Loss: 1.0526 | PPL: 2.87
  [  4.4%] Step 55,900 | Loss: 1.0519 | PPL: 2.86
  [  4.8%] Step 56,000 | Loss: 1.0542 | PPL: 2.87
  [  5.2%] Step 56,100 | Loss: 1.0559 | PPL: 2.87
  [  5.5%] Step 56,200 | Loss: 1.0543 | PPL: 2.87
  [  5.9%] Step 56,300 | Loss: 1.0546 | PPL: 2.87
  [  6.3%] Step 56,400 | Loss: 1.0534 | PPL: 2.87
  [  6.6%] Step 56,500 | Loss: 1.0570 | PPL: 2.88
  [  7.0%] Step 56,600 | Loss: 1.0509 | PPL: 2.86
  [  7.4%] Step 56,700 | Loss: 1.0565 | PPL: 2.88
  [  7.7%] Step 56,800 | Loss: 1.0556 | PPL: 2.87
  [  8.1%] Step 56,900 | Loss: 1.0537 | PPL: 2.87
  [  8.5%] Step 57,000 | Loss: 1.0541 | PPL: 2.87
  [  8.8%] Step 57,100 | Loss: 1.0565 | PPL: 2.88
  [  9.2%] Step 57,200 | Loss: 1.0547 | PPL: 2.87
  [  9.6%] Step 57,300 | Loss: 1.0561 | PPL: 2.88
  [  9.9%] Step 57,400 | Loss: 1.0538 | PPL: 2.87
  [ 10.3%] Step 57,500 | Loss: 1.0494 | PPL: 2.86
  [ 10.6%] Step 57,600 | Loss: 1.0544 | PPL: 2.87
  [ 11.0%] Step 57,700 | Loss: 1.0517 | PPL: 2.86
  [ 11.4%] Step 57,800 | Loss: 1.0547 | PPL: 2.87
  [ 11.7%] Step 57,900 | Loss: 1.0531 | PPL: 2.87
  [ 12.1%] Step 58,000 | Loss: 1.0557 | PPL: 2.87
  [ 12.5%] Step 58,100 | Loss: 1.0548 | PPL: 2.87
  [ 12.8%] Step 58,200 | Loss: 1.0543 | PPL: 2.87
  [ 13.2%] Step 58,300 | Loss: 1.0519 | PPL: 2.86
  [ 13.6%] Step 58,400 | Loss: 1.0460 | PPL: 2.85
  [ 13.9%] Step 58,500 | Loss: 1.0520 | PPL: 2.86
  [ 14.3%] Step 58,600 | Loss: 1.0520 | PPL: 2.86
  [ 14.7%] Step 58,700 | Loss: 1.0557 | PPL: 2.87
  [ 15.0%] Step 58,800 | Loss: 1.0551 | PPL: 2.87
  [ 15.4%] Step 58,900 | Loss: 1.0523 | PPL: 2.86
  [ 15.8%] Step 59,000 | Loss: 1.0537 | PPL: 2.87
  [ 16.1%] Step 59,100 | Loss: 1.0463 | PPL: 2.85
  [ 16.5%] Step 59,200 | Loss: 1.0522 | PPL: 2.86
  [ 16.9%] Step 59,300 | Loss: 1.0478 | PPL: 2.85
  [ 17.2%] Step 59,400 | Loss: 1.0514 | PPL: 2.86
  [ 17.6%] Step 59,500 | Loss: 1.0481 | PPL: 2.85
  [ 18.0%] Step 59,600 | Loss: 1.0476 | PPL: 2.85
  [ 18.3%] Step 59,700 | Loss: 1.0519 | PPL: 2.86
  [ 18.7%] Step 59,800 | Loss: 1.0474 | PPL: 2.85
  [ 19.1%] Step 59,900 | Loss: 1.0496 | PPL: 2.86
  [ 19.4%] Step 60,000 | Loss: 1.0477 | PPL: 2.85
  [ 19.8%] Step 60,100 | Loss: 1.0525 | PPL: 2.86
  [ 20.2%] Step 60,200 | Loss: 1.0484 | PPL: 2.85
  [ 20.5%] Step 60,300 | Loss: 1.0489 | PPL: 2.85
  [ 20.9%] Step 60,400 | Loss: 1.0455 | PPL: 2.84
  [ 21.3%] Step 60,500 | Loss: 1.0488 | PPL: 2.85
  [ 21.6%] Step 60,600 | Loss: 1.0486 | PPL: 2.85
  [ 22.0%] Step 60,700 | Loss: 1.0464 | PPL: 2.85
  [ 22.4%] Step 60,800 | Loss: 1.0473 | PPL: 2.85
  [ 22.7%] Step 60,900 | Loss: 1.0446 | PPL: 2.84
  [ 23.1%] Step 61,000 | Loss: 1.0462 | PPL: 2.85
  [ 23.4%] Step 61,100 | Loss: 1.0455 | PPL: 2.84
  [ 23.8%] Step 61,200 | Loss: 1.0523 | PPL: 2.86
  [ 24.2%] Step 61,300 | Loss: 1.0469 | PPL: 2.85
  [ 24.5%] Step 61,400 | Loss: 1.0482 | PPL: 2.85
  [ 24.9%] Step 61,500 | Loss: 1.0496 | PPL: 2.86
  [ 25.3%] Step 61,600 | Loss: 1.0490 | PPL: 2.85
  [ 25.6%] Step 61,700 | Loss: 1.0470 | PPL: 2.85
  [ 26.0%] Step 61,800 | Loss: 1.0480 | PPL: 2.85
  [ 26.4%] Step 61,900 | Loss: 1.0443 | PPL: 2.84
  [ 26.7%] Step 62,000 | Loss: 1.0458 | PPL: 2.85
  [ 27.1%] Step 62,100 | Loss: 1.0461 | PPL: 2.85
  [ 27.5%] Step 62,200 | Loss: 1.0466 | PPL: 2.85
  [ 27.8%] Step 62,300 | Loss: 1.0465 | PPL: 2.85
  [ 28.2%] Step 62,400 | Loss: 1.0438 | PPL: 2.84
  [ 28.6%] Step 62,500 | Loss: 1.0455 | PPL: 2.84
  [ 28.9%] Step 62,600 | Loss: 1.0501 | PPL: 2.86
  [ 29.3%] Step 62,700 | Loss: 1.0472 | PPL: 2.85
  [ 29.7%] Step 62,800 | Loss: 1.0408 | PPL: 2.83
  [ 30.0%] Step 62,900 | Loss: 1.0437 | PPL: 2.84
  [ 30.4%] Step 63,000 | Loss: 1.0450 | PPL: 2.84
  [ 30.8%] Step 63,100 | Loss: 1.0467 | PPL: 2.85
  [ 31.1%] Step 63,200 | Loss: 1.0469 | PPL: 2.85
  [ 31.5%] Step 63,300 | Loss: 1.0461 | PPL: 2.85
  [ 31.9%] Step 63,400 | Loss: 1.0482 | PPL: 2.85
  [ 32.2%] Step 63,500 | Loss: 1.0480 | PPL: 2.85
  [ 32.6%] Step 63,600 | Loss: 1.0442 | PPL: 2.84
  [ 33.0%] Step 63,700 | Loss: 1.0453 | PPL: 2.84
  [ 33.3%] Step 63,800 | Loss: 1.0443 | PPL: 2.84
  [ 33.7%] Step 63,900 | Loss: 1.0441 | PPL: 2.84
  [ 34.1%] Step 64,000 | Loss: 1.0464 | PPL: 2.85
  [ 34.4%] Step 64,100 | Loss: 1.0410 | PPL: 2.83
  [ 34.8%] Step 64,200 | Loss: 1.0444 | PPL: 2.84
  [ 35.2%] Step 64,300 | Loss: 1.0401 | PPL: 2.83
  [ 35.5%] Step 64,400 | Loss: 1.0474 | PPL: 2.85
  [ 35.9%] Step 64,500 | Loss: 1.0407 | PPL: 2.83
  [ 36.2%] Step 64,600 | Loss: 1.0414 | PPL: 2.83
  [ 36.6%] Step 64,700 | Loss: 1.0421 | PPL: 2.84
  [ 37.0%] Step 64,800 | Loss: 1.0442 | PPL: 2.84
  [ 37.3%] Step 64,900 | Loss: 1.0410 | PPL: 2.83
  [ 37.7%] Step 65,000 | Loss: 1.0393 | PPL: 2.83
  [ 38.1%] Step 65,100 | Loss: 1.0410 | PPL: 2.83
  [ 38.4%] Step 65,200 | Loss: 1.0455 | PPL: 2.84
  [ 38.8%] Step 65,300 | Loss: 1.0414 | PPL: 2.83
  [ 39.2%] Step 65,400 | Loss: 1.0427 | PPL: 2.84
  [ 39.5%] Step 65,500 | Loss: 1.0398 | PPL: 2.83
  [ 39.9%] Step 65,600 | Loss: 1.0432 | PPL: 2.84
  [ 40.3%] Step 65,700 | Loss: 1.0432 | PPL: 2.84
  [ 40.6%] Step 65,800 | Loss: 1.0411 | PPL: 2.83
  [ 41.0%] Step 65,900 | Loss: 1.0423 | PPL: 2.84
  [ 41.4%] Step 66,000 | Loss: 1.0375 | PPL: 2.82
  [ 41.7%] Step 66,100 | Loss: 1.0431 | PPL: 2.84
  [ 42.1%] Step 66,200 | Loss: 1.0402 | PPL: 2.83
  [ 42.5%] Step 66,300 | Loss: 1.0436 | PPL: 2.84
  [ 42.8%] Step 66,400 | Loss: 1.0414 | PPL: 2.83
  [ 43.2%] Step 66,500 | Loss: 1.0377 | PPL: 2.82
  [ 43.6%] Step 66,600 | Loss: 1.0408 | PPL: 2.83
  [ 43.9%] Step 66,700 | Loss: 1.0377 | PPL: 2.82
  [ 44.3%] Step 66,800 | Loss: 1.0410 | PPL: 2.83
  [ 44.7%] Step 66,900 | Loss: 1.0372 | PPL: 2.82
  [ 45.0%] Step 67,000 | Loss: 1.0382 | PPL: 2.82
  [ 45.4%] Step 67,100 | Loss: 1.0408 | PPL: 2.83
  [ 45.8%] Step 67,200 | Loss: 1.0398 | PPL: 2.83
  [ 46.1%] Step 67,300 | Loss: 1.0385 | PPL: 2.82
  [ 46.5%] Step 67,400 | Loss: 1.0400 | PPL: 2.83
  [ 46.9%] Step 67,500 | Loss: 1.0405 | PPL: 2.83
  [ 47.2%] Step 67,600 | Loss: 1.0406 | PPL: 2.83
  [ 47.6%] Step 67,700 | Loss: 1.0383 | PPL: 2.82
  [ 48.0%] Step 67,800 | Loss: 1.0394 | PPL: 2.83
  [ 48.3%] Step 67,900 | Loss: 1.0338 | PPL: 2.81
  [ 48.7%] Step 68,000 | Loss: 1.0331 | PPL: 2.81
  [ 49.0%] Step 68,100 | Loss: 1.0393 | PPL: 2.83
  [ 49.4%] Step 68,200 | Loss: 1.0386 | PPL: 2.83
  [ 49.8%] Step 68,300 | Loss: 1.0380 | PPL: 2.82
  [ 50.1%] Step 68,400 | Loss: 1.0407 | PPL: 2.83
  [ 50.5%] Step 68,500 | Loss: 1.0392 | PPL: 2.83
  [ 50.9%] Step 68,600 | Loss: 1.0370 | PPL: 2.82
  [ 51.2%] Step 68,700 | Loss: 1.0339 | PPL: 2.81
  [ 51.6%] Step 68,800 | Loss: 1.0326 | PPL: 2.81
  [ 52.0%] Step 68,900 | Loss: 1.0368 | PPL: 2.82
  [ 52.3%] Step 69,000 | Loss: 1.0393 | PPL: 2.83
  [ 52.7%] Step 69,100 | Loss: 1.0393 | PPL: 2.83
  [ 53.1%] Step 69,200 | Loss: 1.0357 | PPL: 2.82
  [ 53.4%] Step 69,300 | Loss: 1.0341 | PPL: 2.81
  [ 53.8%] Step 69,400 | Loss: 1.0307 | PPL: 2.80
  [ 54.2%] Step 69,500 | Loss: 1.0377 | PPL: 2.82
  [ 54.5%] Step 69,600 | Loss: 1.0407 | PPL: 2.83
  [ 54.9%] Step 69,700 | Loss: 1.0377 | PPL: 2.82
  [ 55.3%] Step 69,800 | Loss: 1.0408 | PPL: 2.83
  [ 55.6%] Step 69,900 | Loss: 1.0315 | PPL: 2.81
  [ 56.0%] Step 70,000 | Loss: 1.0339 | PPL: 2.81
  [ 56.4%] Step 70,100 | Loss: 1.0339 | PPL: 2.81
  [ 56.7%] Step 70,200 | Loss: 1.0363 | PPL: 2.82
  [ 57.1%] Step 70,300 | Loss: 1.0324 | PPL: 2.81
  [ 57.5%] Step 70,400 | Loss: 1.0375 | PPL: 2.82
  [ 57.8%] Step 70,500 | Loss: 1.0389 | PPL: 2.83
  [ 58.2%] Step 70,600 | Loss: 1.0358 | PPL: 2.82
  [ 58.6%] Step 70,700 | Loss: 1.0327 | PPL: 2.81
  [ 58.9%] Step 70,800 | Loss: 1.0328 | PPL: 2.81
  [ 59.3%] Step 70,900 | Loss: 1.0354 | PPL: 2.82
  [ 59.7%] Step 71,000 | Loss: 1.0335 | PPL: 2.81
  [ 60.0%] Step 71,100 | Loss: 1.0309 | PPL: 2.80
  [ 60.4%] Step 71,200 | Loss: 1.0311 | PPL: 2.80
  [ 60.8%] Step 71,300 | Loss: 1.0320 | PPL: 2.81
  [ 61.1%] Step 71,400 | Loss: 1.0323 | PPL: 2.81
  [ 61.5%] Step 71,500 | Loss: 1.0281 | PPL: 2.80
  [ 61.8%] Step 71,600 | Loss: 1.0363 | PPL: 2.82
  [ 62.2%] Step 71,700 | Loss: 1.0312 | PPL: 2.80
  [ 62.6%] Step 71,800 | Loss: 1.0292 | PPL: 2.80
  [ 62.9%] Step 71,900 | Loss: 1.0315 | PPL: 2.81
  [ 63.3%] Step 72,000 | Loss: 1.0304 | PPL: 2.80
  [ 63.7%] Step 72,100 | Loss: 1.0300 | PPL: 2.80
  [ 64.0%] Step 72,200 | Loss: 1.0283 | PPL: 2.80
  [ 64.4%] Step 72,300 | Loss: 1.0330 | PPL: 2.81
  [ 64.8%] Step 72,400 | Loss: 1.0321 | PPL: 2.81
  [ 65.1%] Step 72,500 | Loss: 1.0339 | PPL: 2.81
  [ 65.5%] Step 72,600 | Loss: 1.0315 | PPL: 2.81
  [ 65.9%] Step 72,700 | Loss: 1.0352 | PPL: 2.82
  [ 66.2%] Step 72,800 | Loss: 1.0294 | PPL: 2.80
  [ 66.6%] Step 72,900 | Loss: 1.0355 | PPL: 2.82
  [ 67.0%] Step 73,000 | Loss: 1.0349 | PPL: 2.81
  [ 67.3%] Step 73,100 | Loss: 1.0313 | PPL: 2.80
  [ 67.7%] Step 73,200 | Loss: 1.0299 | PPL: 2.80
  [ 68.1%] Step 73,300 | Loss: 1.0271 | PPL: 2.79
  [ 68.4%] Step 73,400 | Loss: 1.0340 | PPL: 2.81
  [ 68.8%] Step 73,500 | Loss: 1.0280 | PPL: 2.80
  [ 69.2%] Step 73,600 | Loss: 1.0298 | PPL: 2.80
  [ 69.5%] Step 73,700 | Loss: 1.0288 | PPL: 2.80
  [ 69.9%] Step 73,800 | Loss: 1.0294 | PPL: 2.80
  [ 70.3%] Step 73,900 | Loss: 1.0310 | PPL: 2.80
  [ 70.6%] Step 74,000 | Loss: 1.0346 | PPL: 2.81
  [ 71.0%] Step 74,100 | Loss: 1.0296 | PPL: 2.80
  [ 71.4%] Step 74,200 | Loss: 1.0323 | PPL: 2.81
  [ 71.7%] Step 74,300 | Loss: 1.0309 | PPL: 2.80
  [ 72.1%] Step 74,400 | Loss: 1.0272 | PPL: 2.79
  [ 72.5%] Step 74,500 | Loss: 1.0309 | PPL: 2.80
  [ 72.8%] Step 74,600 | Loss: 1.0316 | PPL: 2.81
  [ 73.2%] Step 74,700 | Loss: 1.0248 | PPL: 2.79
  [ 73.6%] Step 74,800 | Loss: 1.0286 | PPL: 2.80
  [ 73.9%] Step 74,900 | Loss: 1.0309 | PPL: 2.80
  [ 74.3%] Step 75,000 | Loss: 1.0267 | PPL: 2.79
  [ 74.6%] Step 75,100 | Loss: 1.0300 | PPL: 2.80
  [ 75.0%] Step 75,200 | Loss: 1.0274 | PPL: 2.79
  [ 75.4%] Step 75,300 | Loss: 1.0278 | PPL: 2.79
  [ 75.7%] Step 75,400 | Loss: 1.0321 | PPL: 2.81
  [ 76.1%] Step 75,500 | Loss: 1.0280 | PPL: 2.80
  [ 76.5%] Step 75,600 | Loss: 1.0329 | PPL: 2.81
  [ 76.8%] Step 75,700 | Loss: 1.0296 | PPL: 2.80
  [ 77.2%] Step 75,800 | Loss: 1.0250 | PPL: 2.79
  [ 77.6%] Step 75,900 | Loss: 1.0264 | PPL: 2.79
  [ 77.9%] Step 76,000 | Loss: 1.0290 | PPL: 2.80
  [ 78.3%] Step 76,100 | Loss: 1.0285 | PPL: 2.80
  [ 78.7%] Step 76,200 | Loss: 1.0261 | PPL: 2.79
  [ 79.0%] Step 76,300 | Loss: 1.0323 | PPL: 2.81
  [ 79.4%] Step 76,400 | Loss: 1.0304 | PPL: 2.80
  [ 79.8%] Step 76,500 | Loss: 1.0271 | PPL: 2.79
  [ 80.1%] Step 76,600 | Loss: 1.0248 | PPL: 2.79
  [ 80.5%] Step 76,700 | Loss: 1.0270 | PPL: 2.79
  [ 80.9%] Step 76,800 | Loss: 1.0262 | PPL: 2.79
  [ 81.2%] Step 76,900 | Loss: 1.0265 | PPL: 2.79
  [ 81.6%] Step 77,000 | Loss: 1.0270 | PPL: 2.79
  [ 82.0%] Step 77,100 | Loss: 1.0274 | PPL: 2.79
  [ 82.3%] Step 77,200 | Loss: 1.0256 | PPL: 2.79
  [ 82.7%] Step 77,300 | Loss: 1.0282 | PPL: 2.80
  [ 83.1%] Step 77,400 | Loss: 1.0243 | PPL: 2.79
  [ 83.4%] Step 77,500 | Loss: 1.0250 | PPL: 2.79
  [ 83.8%] Step 77,600 | Loss: 1.0253 | PPL: 2.79
  [ 84.2%] Step 77,700 | Loss: 1.0261 | PPL: 2.79
  [ 84.5%] Step 77,800 | Loss: 1.0226 | PPL: 2.78
  [ 84.9%] Step 77,900 | Loss: 1.0243 | PPL: 2.79
  [ 85.3%] Step 78,000 | Loss: 1.0298 | PPL: 2.80
  [ 85.6%] Step 78,100 | Loss: 1.0284 | PPL: 2.80
  [ 86.0%] Step 78,200 | Loss: 1.0257 | PPL: 2.79
  [ 86.4%] Step 78,300 | Loss: 1.0243 | PPL: 2.79
  [ 86.7%] Step 78,400 | Loss: 1.0264 | PPL: 2.79
  [ 87.1%] Step 78,500 | Loss: 1.0246 | PPL: 2.79
  [ 87.4%] Step 78,600 | Loss: 1.0199 | PPL: 2.77
  [ 87.8%] Step 78,700 | Loss: 1.0267 | PPL: 2.79
  [ 88.2%] Step 78,800 | Loss: 1.0272 | PPL: 2.79
  [ 88.5%] Step 78,900 | Loss: 1.0251 | PPL: 2.79
  [ 88.9%] Step 79,000 | Loss: 1.0246 | PPL: 2.79
  [ 89.3%] Step 79,100 | Loss: 1.0241 | PPL: 2.78
  [ 89.6%] Step 79,200 | Loss: 1.0235 | PPL: 2.78
  [ 90.0%] Step 79,300 | Loss: 1.0243 | PPL: 2.79
  [ 90.4%] Step 79,400 | Loss: 1.0227 | PPL: 2.78
  [ 90.7%] Step 79,500 | Loss: 1.0218 | PPL: 2.78
  [ 91.1%] Step 79,600 | Loss: 1.0200 | PPL: 2.77
  [ 91.5%] Step 79,700 | Loss: 1.0195 | PPL: 2.77
  [ 91.8%] Step 79,800 | Loss: 1.0264 | PPL: 2.79
  [ 92.2%] Step 79,900 | Loss: 1.0223 | PPL: 2.78
  [ 92.6%] Step 80,000 | Loss: 1.0199 | PPL: 2.77
  [ 92.9%] Step 80,100 | Loss: 1.0212 | PPL: 2.78
  [ 93.3%] Step 80,200 | Loss: 1.0226 | PPL: 2.78
  [ 93.7%] Step 80,300 | Loss: 1.0187 | PPL: 2.77
  [ 94.0%] Step 80,400 | Loss: 1.0202 | PPL: 2.77
  [ 94.4%] Step 80,500 | Loss: 1.0238 | PPL: 2.78
  [ 94.8%] Step 80,600 | Loss: 1.0247 | PPL: 2.79
  [ 95.1%] Step 80,700 | Loss: 1.0250 | PPL: 2.79
  [ 95.5%] Step 80,800 | Loss: 1.0220 | PPL: 2.78
  [ 95.9%] Step 80,900 | Loss: 1.0231 | PPL: 2.78
  [ 96.2%] Step 81,000 | Loss: 1.0209 | PPL: 2.78
  [ 96.6%] Step 81,100 | Loss: 1.0198 | PPL: 2.77
  [ 97.0%] Step 81,200 | Loss: 1.0241 | PPL: 2.78
  [ 97.3%] Step 81,300 | Loss: 1.0231 | PPL: 2.78
  [ 97.7%] Step 81,400 | Loss: 1.0216 | PPL: 2.78
  [ 98.1%] Step 81,500 | Loss: 1.0209 | PPL: 2.78
  [ 98.4%] Step 81,600 | Loss: 1.0240 | PPL: 2.78
  [ 98.8%] Step 81,700 | Loss: 1.0197 | PPL: 2.77
  [ 99.2%] Step 81,800 | Loss: 1.0190 | PPL: 2.77
  [ 99.5%] Step 81,900 | Loss: 1.0186 | PPL: 2.77
  [ 99.9%] Step 82,000 | Loss: 1.0196 | PPL: 2.77
  [100.0%] Step 82,032 | Loss: 1.0277 | PPL: 2.79
[Epoch 3/3] Validating...
[Epoch 3/3] Loss: 1.2759 | PPL: 3.58
  -> Saved best model to checkpoints_v4\kk_best.pt
============================================================
Training complete. Running final evaluation...
============================================================

Final Test Loss: 1.2412 | Test PPL: 3.46
Done!
Wrote checkpoints_v4\kk_best.pt.runrecord.json
[1;34mwandb[0m: 
[1;34mwandb[0m: You can sync this run to the cloud by running:
[1;34mwandb[0m: [1mwandb sync C:\Users\Test\PROJECTS\LSTM\wandb\offline-run-20260902_232948-uc5nohjd[0m
[1;34mwandb[0m: Find logs at: [1;35mwandb\offline-run-20260902_232948-uc5nohjd\logs[0m
--- v4/kk end rc=0 Thu Sep  3 00:21:23 PDT 2026 ---
--- v4/ky start Thu Sep  3 00:21:23 PDT 2026 ---
wandb: Tracking run with wandb version 0.23.1
wandb: W&B syncing is set to `offline` in this directory. Run `wandb online` or set WANDB_MODE=online to enable cloud syncing.
wandb: Run data is saved locally in C:\Users\Test\PROJECTS\LSTM\wandb\offline-run-20260903_002126-560e3a2q
Loading data from rebuild_2026-09\corpora_clean_v4\oscar_ky_ipa.txt...
  Loaded: 10,000,000 chars total
  Train: 7,000,000 chars
  Val: 1,500,000 chars
  Test: 1,500,000 chars
Building vocab from training text...
  Vocab size: 41
============================================================
Training config
============================================================
  Language: Kyrgyz (ky)
  Mode: Train from scratch
  Device: cuda
  Batch size: 256
  Workers: 0
  Pin memory: True
  Epochs: 3
  LR: 0.0001
  Seed: 1234
  Freeze embed: False
  Output: checkpoints_v4\ky_best.pt
Creating data loaders...
  Train batches: 27,344
  Val batches: 5,859

Model config
  Device: cuda
  Embed dim: 128
  Hidden dim: 256
  Layers: 2
  Parameters: 937,385
  Optimizer: Adam (lr=0.0001)
============================================================
Starting training: 3 epochs, 27344 batches/epoch
============================================================
[Epoch 1/3] Starting...
  [  0.4%] Step 100 | Loss: 3.3205 | PPL: 27.67
  [  0.7%] Step 200 | Loss: 2.8912 | PPL: 18.01
  [  1.1%] Step 300 | Loss: 2.4735 | PPL: 11.86
  [  1.5%] Step 400 | Loss: 2.2725 | PPL: 9.70
  [  1.8%] Step 500 | Loss: 2.1671 | PPL: 8.73
  [  2.2%] Step 600 | Loss: 2.0969 | PPL: 8.14
  [  2.6%] Step 700 | Loss: 2.0421 | PPL: 7.71
  [  2.9%] Step 800 | Loss: 1.9890 | PPL: 7.31
  [  3.3%] Step 900 | Loss: 1.9440 | PPL: 6.99
  [  3.7%] Step 1,000 | Loss: 1.9090 | PPL: 6.75
  [  4.0%] Step 1,100 | Loss: 1.8729 | PPL: 6.51
  [  4.4%] Step 1,200 | Loss: 1.8415 | PPL: 6.31
  [  4.8%] Step 1,300 | Loss: 1.8160 | PPL: 6.15
  [  5.1%] Step 1,400 | Loss: 1.7873 | PPL: 5.97
  [  5.5%] Step 1,500 | Loss: 1.7609 | PPL: 5.82
  [  5.9%] Step 1,600 | Loss: 1.7392 | PPL: 5.69
  [  6.2%] Step 1,700 | Loss: 1.7186 | PPL: 5.58
  [  6.6%] Step 1,800 | Loss: 1.7026 | PPL: 5.49
  [  6.9%] Step 1,900 | Loss: 1.6827 | PPL: 5.38
  [  7.3%] Step 2,000 | Loss: 1.6633 | PPL: 5.28
  [  7.7%] Step 2,100 | Loss: 1.6505 | PPL: 5.21
  [  8.0%] Step 2,200 | Loss: 1.6363 | PPL: 5.14
  [  8.4%] Step 2,300 | Loss: 1.6222 | PPL: 5.06
  [  8.8%] Step 2,400 | Loss: 1.6108 | PPL: 5.01
  [  9.1%] Step 2,500 | Loss: 1.5968 | PPL: 4.94
  [  9.5%] Step 2,600 | Loss: 1.5923 | PPL: 4.91
  [  9.9%] Step 2,700 | Loss: 1.5799 | PPL: 4.85
  [ 10.2%] Step 2,800 | Loss: 1.5659 | PPL: 4.79
  [ 10.6%] Step 2,900 | Loss: 1.5547 | PPL: 4.73
  [ 11.0%] Step 3,000 | Loss: 1.5464 | PPL: 4.69
  [ 11.3%] Step 3,100 | Loss: 1.5398 | PPL: 4.66
  [ 11.7%] Step 3,200 | Loss: 1.5335 | PPL: 4.63
  [ 12.1%] Step 3,300 | Loss: 1.5229 | PPL: 4.59
  [ 12.4%] Step 3,400 | Loss: 1.5139 | PPL: 4.54
  [ 12.8%] Step 3,500 | Loss: 1.5086 | PPL: 4.52
  [ 13.2%] Step 3,600 | Loss: 1.5042 | PPL: 4.50
  [ 13.5%] Step 3,700 | Loss: 1.4940 | PPL: 4.45
  [ 13.9%] Step 3,800 | Loss: 1.4898 | PPL: 4.44
  [ 14.3%] Step 3,900 | Loss: 1.4820 | PPL: 4.40
  [ 14.6%] Step 4,000 | Loss: 1.4758 | PPL: 4.37
  [ 15.0%] Step 4,100 | Loss: 1.4732 | PPL: 4.36
  [ 15.4%] Step 4,200 | Loss: 1.4638 | PPL: 4.32
  [ 15.7%] Step 4,300 | Loss: 1.4582 | PPL: 4.30
  [ 16.1%] Step 4,400 | Loss: 1.4570 | PPL: 4.29
  [ 16.5%] Step 4,500 | Loss: 1.4493 | PPL: 4.26
  [ 16.8%] Step 4,600 | Loss: 1.4498 | PPL: 4.26
  [ 17.2%] Step 4,700 | Loss: 1.4399 | PPL: 4.22
  [ 17.6%] Step 4,800 | Loss: 1.4351 | PPL: 4.20
  [ 17.9%] Step 4,900 | Loss: 1.4331 | PPL: 4.19
  [ 18.3%] Step 5,000 | Loss: 1.4278 | PPL: 4.17
  [ 18.7%] Step 5,100 | Loss: 1.4194 | PPL: 4.13
  [ 19.0%] Step 5,200 | Loss: 1.4220 | PPL: 4.15
  [ 19.4%] Step 5,300 | Loss: 1.4155 | PPL: 4.12
  [ 19.7%] Step 5,400 | Loss: 1.4112 | PPL: 4.10
  [ 20.1%] Step 5,500 | Loss: 1.4099 | PPL: 4.10
  [ 20.5%] Step 5,600 | Loss: 1.4051 | PPL: 4.08
  [ 20.8%] Step 5,700 | Loss: 1.4028 | PPL: 4.07
  [ 21.2%] Step 5,800 | Loss: 1.4007 | PPL: 4.06
  [ 21.6%] Step 5,900 | Loss: 1.3929 | PPL: 4.03
  [ 21.9%] Step 6,000 | Loss: 1.3929 | PPL: 4.03
  [ 22.3%] Step 6,100 | Loss: 1.3850 | PPL: 3.99
  [ 22.7%] Step 6,200 | Loss: 1.3880 | PPL: 4.01
  [ 23.0%] Step 6,300 | Loss: 1.3820 | PPL: 3.98
  [ 23.4%] Step 6,400 | Loss: 1.3816 | PPL: 3.98
  [ 23.8%] Step 6,500 | Loss: 1.3786 | PPL: 3.97
  [ 24.1%] Step 6,600 | Loss: 1.3754 | PPL: 3.96
  [ 24.5%] Step 6,700 | Loss: 1.3733 | PPL: 3.95
  [ 24.9%] Step 6,800 | Loss: 1.3697 | PPL: 3.93
  [ 25.2%] Step 6,900 | Loss: 1.3669 | PPL: 3.92
  [ 25.6%] Step 7,000 | Loss: 1.3641 | PPL: 3.91
  [ 26.0%] Step 7,100 | Loss: 1.3594 | PPL: 3.89
  [ 26.3%] Step 7,200 | Loss: 1.3576 | PPL: 3.89
  [ 26.7%] Step 7,300 | Loss: 1.3529 | PPL: 3.87
  [ 27.1%] Step 7,400 | Loss: 1.3501 | PPL: 3.86
  [ 27.4%] Step 7,500 | Loss: 1.3512 | PPL: 3.86
  [ 27.8%] Step 7,600 | Loss: 1.3483 | PPL: 3.85
  [ 28.2%] Step 7,700 | Loss: 1.3478 | PPL: 3.85
  [ 28.5%] Step 7,800 | Loss: 1.3418 | PPL: 3.83
  [ 28.9%] Step 7,900 | Loss: 1.3437 | PPL: 3.83
  [ 29.3%] Step 8,000 | Loss: 1.3350 | PPL: 3.80
  [ 29.6%] Step 8,100 | Loss: 1.3313 | PPL: 3.79
  [ 30.0%] Step 8,200 | Loss: 1.3341 | PPL: 3.80
  [ 30.4%] Step 8,300 | Loss: 1.3316 | PPL: 3.79
  [ 30.7%] Step 8,400 | Loss: 1.3276 | PPL: 3.77
  [ 31.1%] Step 8,500 | Loss: 1.3275 | PPL: 3.77
  [ 31.5%] Step 8,600 | Loss: 1.3278 | PPL: 3.77
  [ 31.8%] Step 8,700 | Loss: 1.3237 | PPL: 3.76
  [ 32.2%] Step 8,800 | Loss: 1.3193 | PPL: 3.74
  [ 32.5%] Step 8,900 | Loss: 1.3187 | PPL: 3.74
  [ 32.9%] Step 9,000 | Loss: 1.3191 | PPL: 3.74
  [ 33.3%] Step 9,100 | Loss: 1.3166 | PPL: 3.73
  [ 33.6%] Step 9,200 | Loss: 1.3135 | PPL: 3.72
  [ 34.0%] Step 9,300 | Loss: 1.3098 | PPL: 3.71
  [ 34.4%] Step 9,400 | Loss: 1.3097 | PPL: 3.71
  [ 34.7%] Step 9,500 | Loss: 1.3077 | PPL: 3.70
  [ 35.1%] Step 9,600 | Loss: 1.3088 | PPL: 3.70
  [ 35.5%] Step 9,700 | Loss: 1.3070 | PPL: 3.70
  [ 35.8%] Step 9,800 | Loss: 1.3026 | PPL: 3.68
  [ 36.2%] Step 9,900 | Loss: 1.2990 | PPL: 3.67
  [ 36.6%] Step 10,000 | Loss: 1.2966 | PPL: 3.66
  [ 36.9%] Step 10,100 | Loss: 1.2969 | PPL: 3.66
  [ 37.3%] Step 10,200 | Loss: 1.2925 | PPL: 3.64
  [ 37.7%] Step 10,300 | Loss: 1.2941 | PPL: 3.65
  [ 38.0%] Step 10,400 | Loss: 1.2914 | PPL: 3.64
  [ 38.4%] Step 10,500 | Loss: 1.2938 | PPL: 3.65
  [ 38.8%] Step 10,600 | Loss: 1.2904 | PPL: 3.63
  [ 39.1%] Step 10,700 | Loss: 1.2879 | PPL: 3.63
  [ 39.5%] Step 10,800 | Loss: 1.2841 | PPL: 3.61
  [ 39.9%] Step 10,900 | Loss: 1.2845 | PPL: 3.61
  [ 40.2%] Step 11,000 | Loss: 1.2847 | PPL: 3.61
  [ 40.6%] Step 11,100 | Loss: 1.2799 | PPL: 3.60
  [ 41.0%] Step 11,200 | Loss: 1.2771 | PPL: 3.59
  [ 41.3%] Step 11,300 | Loss: 1.2750 | PPL: 3.58
  [ 41.7%] Step 11,400 | Loss: 1.2767 | PPL: 3.58
  [ 42.1%] Step 11,500 | Loss: 1.2727 | PPL: 3.57
  [ 42.4%] Step 11,600 | Loss: 1.2757 | PPL: 3.58
  [ 42.8%] Step 11,700 | Loss: 1.2749 | PPL: 3.58
  [ 43.2%] Step 11,800 | Loss: 1.2747 | PPL: 3.58
  [ 43.5%] Step 11,900 | Loss: 1.2723 | PPL: 3.57
  [ 43.9%] Step 12,000 | Loss: 1.2702 | PPL: 3.56
  [ 44.3%] Step 12,100 | Loss: 1.2676 | PPL: 3.55
  [ 44.6%] Step 12,200 | Loss: 1.2669 | PPL: 3.55
  [ 45.0%] Step 12,300 | Loss: 1.2649 | PPL: 3.54
  [ 45.3%] Step 12,400 | Loss: 1.2618 | PPL: 3.53
  [ 45.7%] Step 12,500 | Loss: 1.2609 | PPL: 3.53
  [ 46.1%] Step 12,600 | Loss: 1.2621 | PPL: 3.53
  [ 46.4%] Step 12,700 | Loss: 1.2559 | PPL: 3.51
  [ 46.8%] Step 12,800 | Loss: 1.2577 | PPL: 3.52
  [ 47.2%] Step 12,900 | Loss: 1.2550 | PPL: 3.51
  [ 47.5%] Step 13,000 | Loss: 1.2573 | PPL: 3.52
  [ 47.9%] Step 13,100 | Loss: 1.2535 | PPL: 3.50
  [ 48.3%] Step 13,200 | Loss: 1.2504 | PPL: 3.49
  [ 48.6%] Step 13,300 | Loss: 1.2493 | PPL: 3.49
  [ 49.0%] Step 13,400 | Loss: 1.2508 | PPL: 3.49
  [ 49.4%] Step 13,500 | Loss: 1.2469 | PPL: 3.48
  [ 49.7%] Step 13,600 | Loss: 1.2474 | PPL: 3.48
  [ 50.1%] Step 13,700 | Loss: 1.2465 | PPL: 3.48
  [ 50.5%] Step 13,800 | Loss: 1.2454 | PPL: 3.47
  [ 50.8%] Step 13,900 | Loss: 1.2467 | PPL: 3.48
  [ 51.2%] Step 14,000 | Loss: 1.2425 | PPL: 3.46
  [ 51.6%] Step 14,100 | Loss: 1.2432 | PPL: 3.47
  [ 51.9%] Step 14,200 | Loss: 1.2420 | PPL: 3.46
  [ 52.3%] Step 14,300 | Loss: 1.2422 | PPL: 3.46
  [ 52.7%] Step 14,400 | Loss: 1.2414 | PPL: 3.46
  [ 53.0%] Step 14,500 | Loss: 1.2376 | PPL: 3.45
  [ 53.4%] Step 14,600 | Loss: 1.2365 | PPL: 3.44
  [ 53.8%] Step 14,700 | Loss: 1.2368 | PPL: 3.44
  [ 54.1%] Step 14,800 | Loss: 1.2335 | PPL: 3.43
  [ 54.5%] Step 14,900 | Loss: 1.2350 | PPL: 3.44
  [ 54.9%] Step 15,000 | Loss: 1.2371 | PPL: 3.45
  [ 55.2%] Step 15,100 | Loss: 1.2330 | PPL: 3.43
  [ 55.6%] Step 15,200 | Loss: 1.2314 | PPL: 3.43
  [ 56.0%] Step 15,300 | Loss: 1.2316 | PPL: 3.43
  [ 56.3%] Step 15,400 | Loss: 1.2293 | PPL: 3.42
  [ 56.7%] Step 15,500 | Loss: 1.2312 | PPL: 3.43
  [ 57.1%] Step 15,600 | Loss: 1.2274 | PPL: 3.41
  [ 57.4%] Step 15,700 | Loss: 1.2241 | PPL: 3.40
  [ 57.8%] Step 15,800 | Loss: 1.2266 | PPL: 3.41
  [ 58.1%] Step 15,900 | Loss: 1.2245 | PPL: 3.40
  [ 58.5%] Step 16,000 | Loss: 1.2264 | PPL: 3.41
  [ 58.9%] Step 16,100 | Loss: 1.2221 | PPL: 3.39
  [ 59.2%] Step 16,200 | Loss: 1.2227 | PPL: 3.40
  [ 59.6%] Step 16,300 | Loss: 1.2226 | PPL: 3.40
  [ 60.0%] Step 16,400 | Loss: 1.2208 | PPL: 3.39
  [ 60.3%] Step 16,500 | Loss: 1.2167 | PPL: 3.38
  [ 60.7%] Step 16,600 | Loss: 1.2204 | PPL: 3.39
  [ 61.1%] Step 16,700 | Loss: 1.2191 | PPL: 3.38
  [ 61.4%] Step 16,800 | Loss: 1.2149 | PPL: 3.37
  [ 61.8%] Step 16,900 | Loss: 1.2149 | PPL: 3.37
  [ 62.2%] Step 17,000 | Loss: 1.2144 | PPL: 3.37
  [ 62.5%] Step 17,100 | Loss: 1.2162 | PPL: 3.37
  [ 62.9%] Step 17,200 | Loss: 1.2120 | PPL: 3.36
  [ 63.3%] Step 17,300 | Loss: 1.2128 | PPL: 3.36
  [ 63.6%] Step 17,400 | Loss: 1.2122 | PPL: 3.36
  [ 64.0%] Step 17,500 | Loss: 1.2116 | PPL: 3.36
  [ 64.4%] Step 17,600 | Loss: 1.2111 | PPL: 3.36
  [ 64.7%] Step 17,700 | Loss: 1.2099 | PPL: 3.35
  [ 65.1%] Step 17,800 | Loss: 1.2073 | PPL: 3.34
  [ 65.5%] Step 17,900 | Loss: 1.2093 | PPL: 3.35
  [ 65.8%] Step 18,000 | Loss: 1.2075 | PPL: 3.34
  [ 66.2%] Step 18,100 | Loss: 1.2054 | PPL: 3.34
  [ 66.6%] Step 18,200 | Loss: 1.2059 | PPL: 3.34
  [ 66.9%] Step 18,300 | Loss: 1.2087 | PPL: 3.35
  [ 67.3%] Step 18,400 | Loss: 1.2015 | PPL: 3.33
  [ 67.7%] Step 18,500 | Loss: 1.2050 | PPL: 3.34
  [ 68.0%] Step 18,600 | Loss: 1.2030 | PPL: 3.33
  [ 68.4%] Step 18,700 | Loss: 1.2032 | PPL: 3.33
  [ 68.8%] Step 18,800 | Loss: 1.2040 | PPL: 3.33
  [ 69.1%] Step 18,900 | Loss: 1.2000 | PPL: 3.32
  [ 69.5%] Step 19,000 | Loss: 1.1944 | PPL: 3.30
  [ 69.9%] Step 19,100 | Loss: 1.1966 | PPL: 3.31
  [ 70.2%] Step 19,200 | Loss: 1.1975 | PPL: 3.31
  [ 70.6%] Step 19,300 | Loss: 1.2011 | PPL: 3.32
  [ 70.9%] Step 19,400 | Loss: 1.2004 | PPL: 3.32
  [ 71.3%] Step 19,500 | Loss: 1.1958 | PPL: 3.31
  [ 71.7%] Step 19,600 | Loss: 1.1953 | PPL: 3.30
  [ 72.0%] Step 19,700 | Loss: 1.1947 | PPL: 3.30
  [ 72.4%] Step 19,800 | Loss: 1.1936 | PPL: 3.30
  [ 72.8%] Step 19,900 | Loss: 1.1930 | PPL: 3.30
  [ 73.1%] Step 20,000 | Loss: 1.1942 | PPL: 3.30
  [ 73.5%] Step 20,100 | Loss: 1.1932 | PPL: 3.30
  [ 73.9%] Step 20,200 | Loss: 1.1910 | PPL: 3.29
  [ 74.2%] Step 20,300 | Loss: 1.1902 | PPL: 3.29
  [ 74.6%] Step 20,400 | Loss: 1.1920 | PPL: 3.29
  [ 75.0%] Step 20,500 | Loss: 1.1893 | PPL: 3.28
  [ 75.3%] Step 20,600 | Loss: 1.1868 | PPL: 3.28
  [ 75.7%] Step 20,700 | Loss: 1.1898 | PPL: 3.29
  [ 76.1%] Step 20,800 | Loss: 1.1878 | PPL: 3.28
  [ 76.4%] Step 20,900 | Loss: 1.1862 | PPL: 3.27
  [ 76.8%] Step 21,000 | Loss: 1.1913 | PPL: 3.29
  [ 77.2%] Step 21,100 | Loss: 1.1857 | PPL: 3.27
  [ 77.5%] Step 21,200 | Loss: 1.1863 | PPL: 3.27
  [ 77.9%] Step 21,300 | Loss: 1.1843 | PPL: 3.27
  [ 78.3%] Step 21,400 | Loss: 1.1830 | PPL: 3.26
  [ 78.6%] Step 21,500 | Loss: 1.1855 | PPL: 3.27
  [ 79.0%] Step 21,600 | Loss: 1.1801 | PPL: 3.25
  [ 79.4%] Step 21,700 | Loss: 1.1830 | PPL: 3.26
  [ 79.7%] Step 21,800 | Loss: 1.1800 | PPL: 3.25
  [ 80.1%] Step 21,900 | Loss: 1.1786 | PPL: 3.25
  [ 80.5%] Step 22,000 | Loss: 1.1797 | PPL: 3.25
  [ 80.8%] Step 22,100 | Loss: 1.1792 | PPL: 3.25
  [ 81.2%] Step 22,200 | Loss: 1.1797 | PPL: 3.25
  [ 81.6%] Step 22,300 | Loss: 1.1783 | PPL: 3.25
  [ 81.9%] Step 22,400 | Loss: 1.1793 | PPL: 3.25
  [ 82.3%] Step 22,500 | Loss: 1.1761 | PPL: 3.24
  [ 82.7%] Step 22,600 | Loss: 1.1778 | PPL: 3.25
  [ 83.0%] Step 22,700 | Loss: 1.1769 | PPL: 3.24
  [ 83.4%] Step 22,800 | Loss: 1.1765 | PPL: 3.24
  [ 83.7%] Step 22,900 | Loss: 1.1730 | PPL: 3.23
  [ 84.1%] Step 23,000 | Loss: 1.1733 | PPL: 3.23
  [ 84.5%] Step 23,100 | Loss: 1.1727 | PPL: 3.23
  [ 84.8%] Step 23,200 | Loss: 1.1695 | PPL: 3.22
  [ 85.2%] Step 23,300 | Loss: 1.1712 | PPL: 3.23
  [ 85.6%] Step 23,400 | Loss: 1.1706 | PPL: 3.22
  [ 85.9%] Step 23,500 | Loss: 1.1746 | PPL: 3.24
  [ 86.3%] Step 23,600 | Loss: 1.1710 | PPL: 3.23
  [ 86.7%] Step 23,700 | Loss: 1.1747 | PPL: 3.24
  [ 87.0%] Step 23,800 | Loss: 1.1680 | PPL: 3.22
  [ 87.4%] Step 23,900 | Loss: 1.1689 | PPL: 3.22
  [ 87.8%] Step 24,000 | Loss: 1.1702 | PPL: 3.22
  [ 88.1%] Step 24,100 | Loss: 1.1675 | PPL: 3.21
  [ 88.5%] Step 24,200 | Loss: 1.1663 | PPL: 3.21
  [ 88.9%] Step 24,300 | Loss: 1.1682 | PPL: 3.22
  [ 89.2%] Step 24,400 | Loss: 1.1676 | PPL: 3.21
  [ 89.6%] Step 24,500 | Loss: 1.1642 | PPL: 3.20
  [ 90.0%] Step 24,600 | Loss: 1.1650 | PPL: 3.21
  [ 90.3%] Step 24,700 | Loss: 1.1651 | PPL: 3.21
  [ 90.7%] Step 24,800 | Loss: 1.1644 | PPL: 3.20
  [ 91.1%] Step 24,900 | Loss: 1.1617 | PPL: 3.20
  [ 91.4%] Step 25,000 | Loss: 1.1617 | PPL: 3.20
  [ 91.8%] Step 25,100 | Loss: 1.1614 | PPL: 3.19
  [ 92.2%] Step 25,200 | Loss: 1.1599 | PPL: 3.19
  [ 92.5%] Step 25,300 | Loss: 1.1589 | PPL: 3.19
  [ 92.9%] Step 25,400 | Loss: 1.1601 | PPL: 3.19
  [ 93.3%] Step 25,500 | Loss: 1.1589 | PPL: 3.19
  [ 93.6%] Step 25,600 | Loss: 1.1602 | PPL: 3.19
  [ 94.0%] Step 25,700 | Loss: 1.1597 | PPL: 3.19
  [ 94.4%] Step 25,800 | Loss: 1.1593 | PPL: 3.19
  [ 94.7%] Step 25,900 | Loss: 1.1576 | PPL: 3.18
  [ 95.1%] Step 26,000 | Loss: 1.1615 | PPL: 3.19
  [ 95.5%] Step 26,100 | Loss: 1.1599 | PPL: 3.19
  [ 95.8%] Step 26,200 | Loss: 1.1564 | PPL: 3.18
  [ 96.2%] Step 26,300 | Loss: 1.1593 | PPL: 3.19
  [ 96.5%] Step 26,400 | Loss: 1.1566 | PPL: 3.18
  [ 96.9%] Step 26,500 | Loss: 1.1577 | PPL: 3.18
  [ 97.3%] Step 26,600 | Loss: 1.1559 | PPL: 3.18
  [ 97.6%] Step 26,700 | Loss: 1.1571 | PPL: 3.18
  [ 98.0%] Step 26,800 | Loss: 1.1537 | PPL: 3.17
  [ 98.4%] Step 26,900 | Loss: 1.1551 | PPL: 3.17
  [ 98.7%] Step 27,000 | Loss: 1.1526 | PPL: 3.17
  [ 99.1%] Step 27,100 | Loss: 1.1549 | PPL: 3.17
  [ 99.5%] Step 27,200 | Loss: 1.1555 | PPL: 3.18
  [ 99.8%] Step 27,300 | Loss: 1.1513 | PPL: 3.16
  [100.0%] Step 27,344 | Loss: 1.1556 | PPL: 3.18
[Epoch 1/3] Validating...
[Epoch 1/3] Loss: 1.1467 | PPL: 3.15
  -> Saved best model to checkpoints_v4\ky_best.pt
[Epoch 2/3] Starting...
  [  0.2%] Step 27,400 | Loss: 1.1529 | PPL: 3.17
  [  0.6%] Step 27,500 | Loss: 1.1523 | PPL: 3.17
  [  0.9%] Step 27,600 | Loss: 1.1503 | PPL: 3.16
  [  1.3%] Step 27,700 | Loss: 1.1522 | PPL: 3.17
  [  1.7%] Step 27,800 | Loss: 1.1483 | PPL: 3.15
  [  2.0%] Step 27,900 | Loss: 1.1483 | PPL: 3.15
  [  2.4%] Step 28,000 | Loss: 1.1486 | PPL: 3.15
  [  2.8%] Step 28,100 | Loss: 1.1472 | PPL: 3.15
  [  3.1%] Step 28,200 | Loss: 1.1528 | PPL: 3.17
  [  3.5%] Step 28,300 | Loss: 1.1467 | PPL: 3.15
  [  3.9%] Step 28,400 | Loss: 1.1508 | PPL: 3.16
  [  4.2%] Step 28,500 | Loss: 1.1452 | PPL: 3.14
  [  4.6%] Step 28,600 | Loss: 1.1456 | PPL: 3.14
  [  5.0%] Step 28,700 | Loss: 1.1442 | PPL: 3.14
  [  5.3%] Step 28,800 | Loss: 1.1472 | PPL: 3.15
  [  5.7%] Step 28,900 | Loss: 1.1450 | PPL: 3.14
  [  6.1%] Step 29,000 | Loss: 1.1448 | PPL: 3.14
  [  6.4%] Step 29,100 | Loss: 1.1468 | PPL: 3.15
  [  6.8%] Step 29,200 | Loss: 1.1408 | PPL: 3.13
  [  7.2%] Step 29,300 | Loss: 1.1441 | PPL: 3.14
  [  7.5%] Step 29,400 | Loss: 1.1441 | PPL: 3.14
  [  7.9%] Step 29,500 | Loss: 1.1416 | PPL: 3.13
  [  8.3%] Step 29,600 | Loss: 1.1437 | PPL: 3.14
  [  8.6%] Step 29,700 | Loss: 1.1420 | PPL: 3.13
  [  9.0%] Step 29,800 | Loss: 1.1439 | PPL: 3.14
  [  9.3%] Step 29,900 | Loss: 1.1416 | PPL: 3.13
  [  9.7%] Step 30,000 | Loss: 1.1381 | PPL: 3.12
  [ 10.1%] Step 30,100 | Loss: 1.1435 | PPL: 3.14
  [ 10.4%] Step 30,200 | Loss: 1.1396 | PPL: 3.13
  [ 10.8%] Step 30,300 | Loss: 1.1375 | PPL: 3.12
  [ 11.2%] Step 30,400 | Loss: 1.1397 | PPL: 3.13
  [ 11.5%] Step 30,500 | Loss: 1.1376 | PPL: 3.12
  [ 11.9%] Step 30,600 | Loss: 1.1390 | PPL: 3.12
  [ 12.3%] Step 30,700 | Loss: 1.1399 | PPL: 3.13
  [ 12.6%] Step 30,800 | Loss: 1.1367 | PPL: 3.12
  [ 13.0%] Step 30,900 | Loss: 1.1369 | PPL: 3.12
  [ 13.4%] Step 31,000 | Loss: 1.1348 | PPL: 3.11
  [ 13.7%] Step 31,100 | Loss: 1.1362 | PPL: 3.12
  [ 14.1%] Step 31,200 | Loss: 1.1412 | PPL: 3.13
  [ 14.5%] Step 31,300 | Loss: 1.1363 | PPL: 3.12
  [ 14.8%] Step 31,400 | Loss: 1.1358 | PPL: 3.11
  [ 15.2%] Step 31,500 | Loss: 1.1361 | PPL: 3.11
  [ 15.6%] Step 31,600 | Loss: 1.1316 | PPL: 3.10
  [ 15.9%] Step 31,700 | Loss: 1.1334 | PPL: 3.11
  [ 16.3%] Step 31,800 | Loss: 1.1331 | PPL: 3.11
  [ 16.7%] Step 31,900 | Loss: 1.1353 | PPL: 3.11
  [ 17.0%] Step 32,000 | Loss: 1.1336 | PPL: 3.11
  [ 17.4%] Step 32,100 | Loss: 1.1322 | PPL: 3.10
  [ 17.8%] Step 32,200 | Loss: 1.1310 | PPL: 3.10
  [ 18.1%] Step 32,300 | Loss: 1.1303 | PPL: 3.10
  [ 18.5%] Step 32,400 | Loss: 1.1314 | PPL: 3.10
  [ 18.9%] Step 32,500 | Loss: 1.1308 | PPL: 3.10
  [ 19.2%] Step 32,600 | Loss: 1.1298 | PPL: 3.10
  [ 19.6%] Step 32,700 | Loss: 1.1313 | PPL: 3.10
  [ 20.0%] Step 32,800 | Loss: 1.1286 | PPL: 3.09
  [ 20.3%] Step 32,900 | Loss: 1.1290 | PPL: 3.09
  [ 20.7%] Step 33,000 | Loss: 1.1312 | PPL: 3.10
  [ 21.1%] Step 33,100 | Loss: 1.1274 | PPL: 3.09
  [ 21.4%] Step 33,200 | Loss: 1.1301 | PPL: 3.10
  [ 21.8%] Step 33,300 | Loss: 1.1309 | PPL: 3.10
  [ 22.1%] Step 33,400 | Loss: 1.1305 | PPL: 3.10
  [ 22.5%] Step 33,500 | Loss: 1.1276 | PPL: 3.09
  [ 22.9%] Step 33,600 | Loss: 1.1259 | PPL: 3.08
  [ 23.2%] Step 33,700 | Loss: 1.1281 | PPL: 3.09
  [ 23.6%] Step 33,800 | Loss: 1.1284 | PPL: 3.09
  [ 24.0%] Step 33,900 | Loss: 1.1261 | PPL: 3.08
  [ 24.3%] Step 34,000 | Loss: 1.1231 | PPL: 3.07
  [ 24.7%] Step 34,100 | Loss: 1.1262 | PPL: 3.08
  [ 25.1%] Step 34,200 | Loss: 1.1268 | PPL: 3.09
  [ 25.4%] Step 34,300 | Loss: 1.1243 | PPL: 3.08
  [ 25.8%] Step 34,400 | Loss: 1.1261 | PPL: 3.08
  [ 26.2%] Step 34,500 | Loss: 1.1260 | PPL: 3.08
  [ 26.5%] Step 34,600 | Loss: 1.1256 | PPL: 3.08
  [ 26.9%] Step 34,700 | Loss: 1.1269 | PPL: 3.09
  [ 27.3%] Step 34,800 | Loss: 1.1236 | PPL: 3.08
  [ 27.6%] Step 34,900 | Loss: 1.1269 | PPL: 3.09
  [ 28.0%] Step 35,000 | Loss: 1.1231 | PPL: 3.07
  [ 28.4%] Step 35,100 | Loss: 1.1219 | PPL: 3.07
  [ 28.7%] Step 35,200 | Loss: 1.1223 | PPL: 3.07
  [ 29.1%] Step 35,300 | Loss: 1.1226 | PPL: 3.07
  [ 29.5%] Step 35,400 | Loss: 1.1253 | PPL: 3.08
  [ 29.8%] Step 35,500 | Loss: 1.1234 | PPL: 3.08
  [ 30.2%] Step 35,600 | Loss: 1.1216 | PPL: 3.07
  [ 30.6%] Step 35,700 | Loss: 1.1236 | PPL: 3.08
  [ 30.9%] Step 35,800 | Loss: 1.1206 | PPL: 3.07
  [ 31.3%] Step 35,900 | Loss: 1.1184 | PPL: 3.06
  [ 31.7%] Step 36,000 | Loss: 1.1193 | PPL: 3.06
  [ 32.0%] Step 36,100 | Loss: 1.1221 | PPL: 3.07
  [ 32.4%] Step 36,200 | Loss: 1.1208 | PPL: 3.07
  [ 32.8%] Step 36,300 | Loss: 1.1172 | PPL: 3.06
  [ 33.1%] Step 36,400 | Loss: 1.1187 | PPL: 3.06
  [ 33.5%] Step 36,500 | Loss: 1.1193 | PPL: 3.06
  [ 33.9%] Step 36,600 | Loss: 1.1186 | PPL: 3.06
  [ 34.2%] Step 36,700 | Loss: 1.1203 | PPL: 3.07
  [ 34.6%] Step 36,800 | Loss: 1.1174 | PPL: 3.06
  [ 34.9%] Step 36,900 | Loss: 1.1173 | PPL: 3.06
  [ 35.3%] Step 37,000 | Loss: 1.1128 | PPL: 3.04
  [ 35.7%] Step 37,100 | Loss: 1.1189 | PPL: 3.06
  [ 36.0%] Step 37,200 | Loss: 1.1206 | PPL: 3.07
  [ 36.4%] Step 37,300 | Loss: 1.1167 | PPL: 3.05
  [ 36.8%] Step 37,400 | Loss: 1.1184 | PPL: 3.06
  [ 37.1%] Step 37,500 | Loss: 1.1151 | PPL: 3.05
  [ 37.5%] Step 37,600 | Loss: 1.1146 | PPL: 3.05
  [ 37.9%] Step 37,700 | Loss: 1.1144 | PPL: 3.05
  [ 38.2%] Step 37,800 | Loss: 1.1132 | PPL: 3.04
  [ 38.6%] Step 37,900 | Loss: 1.1145 | PPL: 3.05
  [ 39.0%] Step 38,000 | Loss: 1.1156 | PPL: 3.05
  [ 39.3%] Step 38,100 | Loss: 1.1157 | PPL: 3.05
  [ 39.7%] Step 38,200 | Loss: 1.1108 | PPL: 3.04
  [ 40.1%] Step 38,300 | Loss: 1.1141 | PPL: 3.05
  [ 40.4%] Step 38,400 | Loss: 1.1150 | PPL: 3.05
  [ 40.8%] Step 38,500 | Loss: 1.1112 | PPL: 3.04
  [ 41.2%] Step 38,600 | Loss: 1.1135 | PPL: 3.04
  [ 41.5%] Step 38,700 | Loss: 1.1129 | PPL: 3.04
  [ 41.9%] Step 38,800 | Loss: 1.1123 | PPL: 3.04
  [ 42.3%] Step 38,900 | Loss: 1.1145 | PPL: 3.05
  [ 42.6%] Step 39,000 | Loss: 1.1118 | PPL: 3.04
  [ 43.0%] Step 39,100 | Loss: 1.1128 | PPL: 3.04
  [ 43.4%] Step 39,200 | Loss: 1.1112 | PPL: 3.04
  [ 43.7%] Step 39,300 | Loss: 1.1109 | PPL: 3.04
  [ 44.1%] Step 39,400 | Loss: 1.1126 | PPL: 3.04
  [ 44.5%] Step 39,500 | Loss: 1.1076 | PPL: 3.03
  [ 44.8%] Step 39,600 | Loss: 1.1104 | PPL: 3.04
  [ 45.2%] Step 39,700 | Loss: 1.1119 | PPL: 3.04
  [ 45.6%] Step 39,800 | Loss: 1.1073 | PPL: 3.03
  [ 45.9%] Step 39,900 | Loss: 1.1078 | PPL: 3.03
  [ 46.3%] Step 40,000 | Loss: 1.1093 | PPL: 3.03
  [ 46.7%] Step 40,100 | Loss: 1.1093 | PPL: 3.03
  [ 47.0%] Step 40,200 | Loss: 1.1083 | PPL: 3.03
  [ 47.4%] Step 40,300 | Loss: 1.1066 | PPL: 3.02
  [ 47.7%] Step 40,400 | Loss: 1.1048 | PPL: 3.02
  [ 48.1%] Step 40,500 | Loss: 1.1058 | PPL: 3.02
  [ 48.5%] Step 40,600 | Loss: 1.1090 | PPL: 3.03
  [ 48.8%] Step 40,700 | Loss: 1.1060 | PPL: 3.02
  [ 49.2%] Step 40,800 | Loss: 1.1046 | PPL: 3.02
  [ 49.6%] Step 40,900 | Loss: 1.1087 | PPL: 3.03
  [ 49.9%] Step 41,000 | Loss: 1.1054 | PPL: 3.02
  [ 50.3%] Step 41,100 | Loss: 1.1067 | PPL: 3.02
  [ 50.7%] Step 41,200 | Loss: 1.1034 | PPL: 3.01
  [ 51.0%] Step 41,300 | Loss: 1.1065 | PPL: 3.02
  [ 51.4%] Step 41,400 | Loss: 1.1054 | PPL: 3.02
  [ 51.8%] Step 41,500 | Loss: 1.1045 | PPL: 3.02
  [ 52.1%] Step 41,600 | Loss: 1.1043 | PPL: 3.02
  [ 52.5%] Step 41,700 | Loss: 1.1035 | PPL: 3.01
  [ 52.9%] Step 41,800 | Loss: 1.1068 | PPL: 3.02
  [ 53.2%] Step 41,900 | Loss: 1.1030 | PPL: 3.01
  [ 53.6%] Step 42,000 | Loss: 1.1052 | PPL: 3.02
  [ 54.0%] Step 42,100 | Loss: 1.1007 | PPL: 3.01
  [ 54.3%] Step 42,200 | Loss: 1.1023 | PPL: 3.01
  [ 54.7%] Step 42,300 | Loss: 1.1022 | PPL: 3.01
  [ 55.1%] Step 42,400 | Loss: 1.1039 | PPL: 3.02
  [ 55.4%] Step 42,500 | Loss: 1.1028 | PPL: 3.01
  [ 55.8%] Step 42,600 | Loss: 1.1023 | PPL: 3.01
  [ 56.2%] Step 42,700 | Loss: 1.1002 | PPL: 3.00
  [ 56.5%] Step 42,800 | Loss: 1.1040 | PPL: 3.02
  [ 56.9%] Step 42,900 | Loss: 1.1031 | PPL: 3.01
  [ 57.3%] Step 43,000 | Loss: 1.1000 | PPL: 3.00
  [ 57.6%] Step 43,100 | Loss: 1.1022 | PPL: 3.01
  [ 58.0%] Step 43,200 | Loss: 1.0995 | PPL: 3.00
  [ 58.4%] Step 43,300 | Loss: 1.0997 | PPL: 3.00
  [ 58.7%] Step 43,400 | Loss: 1.1019 | PPL: 3.01
  [ 59.1%] Step 43,500 | Loss: 1.0991 | PPL: 3.00
  [ 59.4%] Step 43,600 | Loss: 1.1005 | PPL: 3.01
  [ 59.8%] Step 43,700 | Loss: 1.0965 | PPL: 2.99
  [ 60.2%] Step 43,800 | Loss: 1.1028 | PPL: 3.01
  [ 60.5%] Step 43,900 | Loss: 1.1012 | PPL: 3.01
  [ 60.9%] Step 44,000 | Loss: 1.0988 | PPL: 3.00
  [ 61.3%] Step 44,100 | Loss: 1.0983 | PPL: 3.00
  [ 61.6%] Step 44,200 | Loss: 1.0988 | PPL: 3.00
  [ 62.0%] Step 44,300 | Loss: 1.1020 | PPL: 3.01
  [ 62.4%] Step 44,400 | Loss: 1.0998 | PPL: 3.00
  [ 62.7%] Step 44,500 | Loss: 1.0984 | PPL: 3.00
  [ 63.1%] Step 44,600 | Loss: 1.0951 | PPL: 2.99
  [ 63.5%] Step 44,700 | Loss: 1.0997 | PPL: 3.00
  [ 63.8%] Step 44,800 | Loss: 1.0964 | PPL: 2.99
  [ 64.2%] Step 44,900 | Loss: 1.0984 | PPL: 3.00
  [ 64.6%] Step 45,000 | Loss: 1.0949 | PPL: 2.99
  [ 64.9%] Step 45,100 | Loss: 1.0960 | PPL: 2.99
  [ 65.3%] Step 45,200 | Loss: 1.0935 | PPL: 2.98
  [ 65.7%] Step 45,300 | Loss: 1.0942 | PPL: 2.99
  [ 66.0%] Step 45,400 | Loss: 1.0917 | PPL: 2.98
  [ 66.4%] Step 45,500 | Loss: 1.0973 | PPL: 3.00
  [ 66.8%] Step 45,600 | Loss: 1.0950 | PPL: 2.99
  [ 67.1%] Step 45,700 | Loss: 1.0934 | PPL: 2.98
  [ 67.5%] Step 45,800 | Loss: 1.0952 | PPL: 2.99
  [ 67.9%] Step 45,900 | Loss: 1.0964 | PPL: 2.99
  [ 68.2%] Step 46,000 | Loss: 1.0919 | PPL: 2.98
  [ 68.6%] Step 46,100 | Loss: 1.0950 | PPL: 2.99
  [ 69.0%] Step 46,200 | Loss: 1.0896 | PPL: 2.97
  [ 69.3%] Step 46,300 | Loss: 1.0921 | PPL: 2.98
  [ 69.7%] Step 46,400 | Loss: 1.0928 | PPL: 2.98
  [ 70.1%] Step 46,500 | Loss: 1.0933 | PPL: 2.98
  [ 70.4%] Step 46,600 | Loss: 1.0941 | PPL: 2.99
  [ 70.8%] Step 46,700 | Loss: 1.0928 | PPL: 2.98
  [ 71.2%] Step 46,800 | Loss: 1.0935 | PPL: 2.98
  [ 71.5%] Step 46,900 | Loss: 1.0907 | PPL: 2.98
  [ 71.9%] Step 47,000 | Loss: 1.0916 | PPL: 2.98
  [ 72.2%] Step 47,100 | Loss: 1.0946 | PPL: 2.99
  [ 72.6%] Step 47,200 | Loss: 1.0942 | PPL: 2.99
  [ 73.0%] Step 47,300 | Loss: 1.0911 | PPL: 2.98
  [ 73.3%] Step 47,400 | Loss: 1.0914 | PPL: 2.98
  [ 73.7%] Step 47,500 | Loss: 1.0918 | PPL: 2.98
  [ 74.1%] Step 47,600 | Loss: 1.0902 | PPL: 2.97
  [ 74.4%] Step 47,700 | Loss: 1.0927 | PPL: 2.98
  [ 74.8%] Step 47,800 | Loss: 1.0922 | PPL: 2.98
  [ 75.2%] Step 47,900 | Loss: 1.0862 | PPL: 2.96
  [ 75.5%] Step 48,000 | Loss: 1.0881 | PPL: 2.97
  [ 75.9%] Step 48,100 | Loss: 1.0890 | PPL: 2.97
  [ 76.3%] Step 48,200 | Loss: 1.0888 | PPL: 2.97
  [ 76.6%] Step 48,300 | Loss: 1.0855 | PPL: 2.96
  [ 77.0%] Step 48,400 | Loss: 1.0897 | PPL: 2.97
  [ 77.4%] Step 48,500 | Loss: 1.0880 | PPL: 2.97
  [ 77.7%] Step 48,600 | Loss: 1.0856 | PPL: 2.96
  [ 78.1%] Step 48,700 | Loss: 1.0929 | PPL: 2.98
  [ 78.5%] Step 48,800 | Loss: 1.0862 | PPL: 2.96
  [ 78.8%] Step 48,900 | Loss: 1.0891 | PPL: 2.97
  [ 79.2%] Step 49,000 | Loss: 1.0895 | PPL: 2.97
  [ 79.6%] Step 49,100 | Loss: 1.0886 | PPL: 2.97
  [ 79.9%] Step 49,200 | Loss: 1.0844 | PPL: 2.96
  [ 80.3%] Step 49,300 | Loss: 1.0901 | PPL: 2.97
  [ 80.7%] Step 49,400 | Loss: 1.0846 | PPL: 2.96
  [ 81.0%] Step 49,500 | Loss: 1.0842 | PPL: 2.96
  [ 81.4%] Step 49,600 | Loss: 1.0869 | PPL: 2.96
  [ 81.8%] Step 49,700 | Loss: 1.0870 | PPL: 2.97
  [ 82.1%] Step 49,800 | Loss: 1.0881 | PPL: 2.97
  [ 82.5%] Step 49,900 | Loss: 1.0884 | PPL: 2.97
  [ 82.9%] Step 50,000 | Loss: 1.0873 | PPL: 2.97
  [ 83.2%] Step 50,100 | Loss: 1.0863 | PPL: 2.96
  [ 83.6%] Step 50,200 | Loss: 1.0877 | PPL: 2.97
  [ 84.0%] Step 50,300 | Loss: 1.0854 | PPL: 2.96
  [ 84.3%] Step 50,400 | Loss: 1.0857 | PPL: 2.96
  [ 84.7%] Step 50,500 | Loss: 1.0835 | PPL: 2.96
  [ 85.0%] Step 50,600 | Loss: 1.0886 | PPL: 2.97
  [ 85.4%] Step 50,700 | Loss: 1.0856 | PPL: 2.96
  [ 85.8%] Step 50,800 | Loss: 1.0831 | PPL: 2.95
  [ 86.1%] Step 50,900 | Loss: 1.0823 | PPL: 2.95
  [ 86.5%] Step 51,000 | Loss: 1.0871 | PPL: 2.97
  [ 86.9%] Step 51,100 | Loss: 1.0867 | PPL: 2.96
  [ 87.2%] Step 51,200 | Loss: 1.0818 | PPL: 2.95
  [ 87.6%] Step 51,300 | Loss: 1.0813 | PPL: 2.95
  [ 88.0%] Step 51,400 | Loss: 1.0853 | PPL: 2.96
  [ 88.3%] Step 51,500 | Loss: 1.0848 | PPL: 2.96
  [ 88.7%] Step 51,600 | Loss: 1.0828 | PPL: 2.95
  [ 89.1%] Step 51,700 | Loss: 1.0837 | PPL: 2.96
  [ 89.4%] Step 51,800 | Loss: 1.0823 | PPL: 2.95
  [ 89.8%] Step 51,900 | Loss: 1.0793 | PPL: 2.94
  [ 90.2%] Step 52,000 | Loss: 1.0817 | PPL: 2.95
  [ 90.5%] Step 52,100 | Loss: 1.0818 | PPL: 2.95
  [ 90.9%] Step 52,200 | Loss: 1.0808 | PPL: 2.95
  [ 91.3%] Step 52,300 | Loss: 1.0816 | PPL: 2.95
  [ 91.6%] Step 52,400 | Loss: 1.0833 | PPL: 2.95
  [ 92.0%] Step 52,500 | Loss: 1.0805 | PPL: 2.95
  [ 92.4%] Step 52,600 | Loss: 1.0814 | PPL: 2.95
  [ 92.7%] Step 52,700 | Loss: 1.0826 | PPL: 2.95
  [ 93.1%] Step 52,800 | Loss: 1.0822 | PPL: 2.95
  [ 93.5%] Step 52,900 | Loss: 1.0811 | PPL: 2.95
  [ 93.8%] Step 53,000 | Loss: 1.0785 | PPL: 2.94
  [ 94.2%] Step 53,100 | Loss: 1.0815 | PPL: 2.95
  [ 94.6%] Step 53,200 | Loss: 1.0802 | PPL: 2.95
  [ 94.9%] Step 53,300 | Loss: 1.0804 | PPL: 2.95
  [ 95.3%] Step 53,400 | Loss: 1.0787 | PPL: 2.94
  [ 95.7%] Step 53,500 | Loss: 1.0798 | PPL: 2.94
  [ 96.0%] Step 53,600 | Loss: 1.0794 | PPL: 2.94
  [ 96.4%] Step 53,700 | Loss: 1.0777 | PPL: 2.94
  [ 96.8%] Step 53,800 | Loss: 1.0779 | PPL: 2.94
  [ 97.1%] Step 53,900 | Loss: 1.0784 | PPL: 2.94
  [ 97.5%] Step 54,000 | Loss: 1.0765 | PPL: 2.93
  [ 97.8%] Step 54,100 | Loss: 1.0823 | PPL: 2.95
  [ 98.2%] Step 54,200 | Loss: 1.0799 | PPL: 2.94
  [ 98.6%] Step 54,300 | Loss: 1.0768 | PPL: 2.94
  [ 98.9%] Step 54,400 | Loss: 1.0754 | PPL: 2.93
  [ 99.3%] Step 54,500 | Loss: 1.0772 | PPL: 2.94
  [ 99.7%] Step 54,600 | Loss: 1.0773 | PPL: 2.94
  [100.0%] Step 54,688 | Loss: 1.0793 | PPL: 2.94
[Epoch 2/3] Validating...
[Epoch 2/3] Loss: 1.0970 | PPL: 3.00
  -> Saved best model to checkpoints_v4\ky_best.pt
[Epoch 3/3] Starting...
  [  0.0%] Step 54,700 | Loss: 1.0770 | PPL: 2.94
  [  0.4%] Step 54,800 | Loss: 1.0762 | PPL: 2.93
  [  0.8%] Step 54,900 | Loss: 1.0785 | PPL: 2.94
  [  1.1%] Step 55,000 | Loss: 1.0777 | PPL: 2.94
  [  1.5%] Step 55,100 | Loss: 1.0780 | PPL: 2.94
  [  1.9%] Step 55,200 | Loss: 1.0759 | PPL: 2.93
  [  2.2%] Step 55,300 | Loss: 1.0799 | PPL: 2.94
  [  2.6%] Step 55,400 | Loss: 1.0783 | PPL: 2.94
  [  3.0%] Step 55,500 | Loss: 1.0745 | PPL: 2.93
  [  3.3%] Step 55,600 | Loss: 1.0753 | PPL: 2.93
  [  3.7%] Step 55,700 | Loss: 1.0750 | PPL: 2.93
  [  4.1%] Step 55,800 | Loss: 1.0732 | PPL: 2.92
  [  4.4%] Step 55,900 | Loss: 1.0760 | PPL: 2.93
  [  4.8%] Step 56,000 | Loss: 1.0715 | PPL: 2.92
  [  5.2%] Step 56,100 | Loss: 1.0734 | PPL: 2.93
  [  5.5%] Step 56,200 | Loss: 1.0736 | PPL: 2.93
  [  5.9%] Step 56,300 | Loss: 1.0749 | PPL: 2.93
  [  6.3%] Step 56,400 | Loss: 1.0740 | PPL: 2.93
  [  6.6%] Step 56,500 | Loss: 1.0757 | PPL: 2.93
  [  7.0%] Step 56,600 | Loss: 1.0734 | PPL: 2.93
  [  7.4%] Step 56,700 | Loss: 1.0739 | PPL: 2.93
  [  7.7%] Step 56,800 | Loss: 1.0705 | PPL: 2.92
  [  8.1%] Step 56,900 | Loss: 1.0708 | PPL: 2.92
  [  8.5%] Step 57,000 | Loss: 1.0700 | PPL: 2.92
  [  8.8%] Step 57,100 | Loss: 1.0737 | PPL: 2.93
  [  9.2%] Step 57,200 | Loss: 1.0718 | PPL: 2.92
  [  9.6%] Step 57,300 | Loss: 1.0731 | PPL: 2.92
  [  9.9%] Step 57,400 | Loss: 1.0752 | PPL: 2.93
  [ 10.3%] Step 57,500 | Loss: 1.0717 | PPL: 2.92
  [ 10.6%] Step 57,600 | Loss: 1.0729 | PPL: 2.92
  [ 11.0%] Step 57,700 | Loss: 1.0702 | PPL: 2.92
  [ 11.4%] Step 57,800 | Loss: 1.0735 | PPL: 2.93
  [ 11.7%] Step 57,900 | Loss: 1.0734 | PPL: 2.93
  [ 12.1%] Step 58,000 | Loss: 1.0704 | PPL: 2.92
  [ 12.5%] Step 58,100 | Loss: 1.0700 | PPL: 2.92
  [ 12.8%] Step 58,200 | Loss: 1.0771 | PPL: 2.94
  [ 13.2%] Step 58,300 | Loss: 1.0689 | PPL: 2.91
  [ 13.6%] Step 58,400 | Loss: 1.0712 | PPL: 2.92
  [ 13.9%] Step 58,500 | Loss: 1.0713 | PPL: 2.92
  [ 14.3%] Step 58,600 | Loss: 1.0700 | PPL: 2.92
  [ 14.7%] Step 58,700 | Loss: 1.0716 | PPL: 2.92
  [ 15.0%] Step 58,800 | Loss: 1.0677 | PPL: 2.91
  [ 15.4%] Step 58,900 | Loss: 1.0715 | PPL: 2.92
  [ 15.8%] Step 59,000 | Loss: 1.0694 | PPL: 2.91
  [ 16.1%] Step 59,100 | Loss: 1.0709 | PPL: 2.92
  [ 16.5%] Step 59,200 | Loss: 1.0662 | PPL: 2.90
  [ 16.9%] Step 59,300 | Loss: 1.0685 | PPL: 2.91
  [ 17.2%] Step 59,400 | Loss: 1.0702 | PPL: 2.92
  [ 17.6%] Step 59,500 | Loss: 1.0711 | PPL: 2.92
  [ 18.0%] Step 59,600 | Loss: 1.0684 | PPL: 2.91
  [ 18.3%] Step 59,700 | Loss: 1.0719 | PPL: 2.92
  [ 18.7%] Step 59,800 | Loss: 1.0675 | PPL: 2.91
  [ 19.1%] Step 59,900 | Loss: 1.0715 | PPL: 2.92
  [ 19.4%] Step 60,000 | Loss: 1.0669 | PPL: 2.91
  [ 19.8%] Step 60,100 | Loss: 1.0675 | PPL: 2.91
  [ 20.2%] Step 60,200 | Loss: 1.0695 | PPL: 2.91
  [ 20.5%] Step 60,300 | Loss: 1.0679 | PPL: 2.91
  [ 20.9%] Step 60,400 | Loss: 1.0651 | PPL: 2.90
  [ 21.3%] Step 60,500 | Loss: 1.0643 | PPL: 2.90
  [ 21.6%] Step 60,600 | Loss: 1.0683 | PPL: 2.91
  [ 22.0%] Step 60,700 | Loss: 1.0672 | PPL: 2.91
  [ 22.4%] Step 60,800 | Loss: 1.0660 | PPL: 2.90
  [ 22.7%] Step 60,900 | Loss: 1.0672 | PPL: 2.91
  [ 23.1%] Step 61,000 | Loss: 1.0679 | PPL: 2.91
  [ 23.4%] Step 61,100 | Loss: 1.0661 | PPL: 2.90
  [ 23.8%] Step 61,200 | Loss: 1.0656 | PPL: 2.90
  [ 24.2%] Step 61,300 | Loss: 1.0658 | PPL: 2.90
  [ 24.5%] Step 61,400 | Loss: 1.0675 | PPL: 2.91
  [ 24.9%] Step 61,500 | Loss: 1.0699 | PPL: 2.92
  [ 25.3%] Step 61,600 | Loss: 1.0677 | PPL: 2.91
  [ 25.6%] Step 61,700 | Loss: 1.0675 | PPL: 2.91
  [ 26.0%] Step 61,800 | Loss: 1.0658 | PPL: 2.90
  [ 26.4%] Step 61,900 | Loss: 1.0641 | PPL: 2.90
  [ 26.7%] Step 62,000 | Loss: 1.0669 | PPL: 2.91
  [ 27.1%] Step 62,100 | Loss: 1.0647 | PPL: 2.90
  [ 27.5%] Step 62,200 | Loss: 1.0681 | PPL: 2.91
  [ 27.8%] Step 62,300 | Loss: 1.0665 | PPL: 2.91
  [ 28.2%] Step 62,400 | Loss: 1.0648 | PPL: 2.90
  [ 28.6%] Step 62,500 | Loss: 1.0666 | PPL: 2.91
  [ 28.9%] Step 62,600 | Loss: 1.0627 | PPL: 2.89
  [ 29.3%] Step 62,700 | Loss: 1.0655 | PPL: 2.90
  [ 29.7%] Step 62,800 | Loss: 1.0632 | PPL: 2.90
  [ 30.0%] Step 62,900 | Loss: 1.0617 | PPL: 2.89
  [ 30.4%] Step 63,000 | Loss: 1.0652 | PPL: 2.90
  [ 30.8%] Step 63,100 | Loss: 1.0661 | PPL: 2.90
  [ 31.1%] Step 63,200 | Loss: 1.0670 | PPL: 2.91
  [ 31.5%] Step 63,300 | Loss: 1.0648 | PPL: 2.90
  [ 31.9%] Step 63,400 | Loss: 1.0642 | PPL: 2.90
  [ 32.2%] Step 63,500 | Loss: 1.0656 | PPL: 2.90
  [ 32.6%] Step 63,600 | Loss: 1.0623 | PPL: 2.89
  [ 33.0%] Step 63,700 | Loss: 1.0663 | PPL: 2.90
  [ 33.3%] Step 63,800 | Loss: 1.0610 | PPL: 2.89
  [ 33.7%] Step 63,900 | Loss: 1.0624 | PPL: 2.89
  [ 34.1%] Step 64,000 | Loss: 1.0607 | PPL: 2.89
  [ 34.4%] Step 64,100 | Loss: 1.0587 | PPL: 2.88
  [ 34.8%] Step 64,200 | Loss: 1.0601 | PPL: 2.89
  [ 35.2%] Step 64,300 | Loss: 1.0646 | PPL: 2.90
  [ 35.5%] Step 64,400 | Loss: 1.0602 | PPL: 2.89
  [ 35.9%] Step 64,500 | Loss: 1.0624 | PPL: 2.89
  [ 36.2%] Step 64,600 | Loss: 1.0642 | PPL: 2.90
  [ 36.6%] Step 64,700 | Loss: 1.0629 | PPL: 2.89
  [ 37.0%] Step 64,800 | Loss: 1.0569 | PPL: 2.88
  [ 37.3%] Step 64,900 | Loss: 1.0631 | PPL: 2.90
  [ 37.7%] Step 65,000 | Loss: 1.0594 | PPL: 2.88
  [ 38.1%] Step 65,100 | Loss: 1.0654 | PPL: 2.90
  [ 38.4%] Step 65,200 | Loss: 1.0607 | PPL: 2.89
  [ 38.8%] Step 65,300 | Loss: 1.0629 | PPL: 2.89
  [ 39.2%] Step 65,400 | Loss: 1.0600 | PPL: 2.89
  [ 39.5%] Step 65,500 | Loss: 1.0615 | PPL: 2.89
  [ 39.9%] Step 65,600 | Loss: 1.0605 | PPL: 2.89
  [ 40.3%] Step 65,700 | Loss: 1.0589 | PPL: 2.88
  [ 40.6%] Step 65,800 | Loss: 1.0614 | PPL: 2.89
  [ 41.0%] Step 65,900 | Loss: 1.0599 | PPL: 2.89
  [ 41.4%] Step 66,000 | Loss: 1.0614 | PPL: 2.89
  [ 41.7%] Step 66,100 | Loss: 1.0596 | PPL: 2.89
  [ 42.1%] Step 66,200 | Loss: 1.0621 | PPL: 2.89
  [ 42.5%] Step 66,300 | Loss: 1.0605 | PPL: 2.89
  [ 42.8%] Step 66,400 | Loss: 1.0590 | PPL: 2.88
  [ 43.2%] Step 66,500 | Loss: 1.0570 | PPL: 2.88
  [ 43.6%] Step 66,600 | Loss: 1.0592 | PPL: 2.88
  [ 43.9%] Step 66,700 | Loss: 1.0594 | PPL: 2.88
  [ 44.3%] Step 66,800 | Loss: 1.0593 | PPL: 2.88
  [ 44.7%] Step 66,900 | Loss: 1.0596 | PPL: 2.89
  [ 45.0%] Step 67,000 | Loss: 1.0589 | PPL: 2.88
  [ 45.4%] Step 67,100 | Loss: 1.0609 | PPL: 2.89
  [ 45.8%] Step 67,200 | Loss: 1.0598 | PPL: 2.89
  [ 46.1%] Step 67,300 | Loss: 1.0593 | PPL: 2.88
  [ 46.5%] Step 67,400 | Loss: 1.0594 | PPL: 2.88
  [ 46.9%] Step 67,500 | Loss: 1.0629 | PPL: 2.89
  [ 47.2%] Step 67,600 | Loss: 1.0569 | PPL: 2.88
  [ 47.6%] Step 67,700 | Loss: 1.0570 | PPL: 2.88
  [ 48.0%] Step 67,800 | Loss: 1.0585 | PPL: 2.88
  [ 48.3%] Step 67,900 | Loss: 1.0573 | PPL: 2.88
  [ 48.7%] Step 68,000 | Loss: 1.0567 | PPL: 2.88
  [ 49.0%] Step 68,100 | Loss: 1.0578 | PPL: 2.88
  [ 49.4%] Step 68,200 | Loss: 1.0576 | PPL: 2.88
  [ 49.8%] Step 68,300 | Loss: 1.0563 | PPL: 2.88
  [ 50.1%] Step 68,400 | Loss: 1.0582 | PPL: 2.88
  [ 50.5%] Step 68,500 | Loss: 1.0536 | PPL: 2.87
  [ 50.9%] Step 68,600 | Loss: 1.0581 | PPL: 2.88
  [ 51.2%] Step 68,700 | Loss: 1.0564 | PPL: 2.88
  [ 51.6%] Step 68,800 | Loss: 1.0569 | PPL: 2.88
  [ 52.0%] Step 68,900 | Loss: 1.0600 | PPL: 2.89
  [ 52.3%] Step 69,000 | Loss: 1.0575 | PPL: 2.88
  [ 52.7%] Step 69,100 | Loss: 1.0559 | PPL: 2.87
  [ 53.1%] Step 69,200 | Loss: 1.0580 | PPL: 2.88
  [ 53.4%] Step 69,300 | Loss: 1.0575 | PPL: 2.88
  [ 53.8%] Step 69,400 | Loss: 1.0555 | PPL: 2.87
  [ 54.2%] Step 69,500 | Loss: 1.0575 | PPL: 2.88
  [ 54.5%] Step 69,600 | Loss: 1.0547 | PPL: 2.87
  [ 54.9%] Step 69,700 | Loss: 1.0545 | PPL: 2.87
  [ 55.3%] Step 69,800 | Loss: 1.0531 | PPL: 2.87
  [ 55.6%] Step 69,900 | Loss: 1.0585 | PPL: 2.88
  [ 56.0%] Step 70,000 | Loss: 1.0560 | PPL: 2.87
  [ 56.4%] Step 70,100 | Loss: 1.0521 | PPL: 2.86
  [ 56.7%] Step 70,200 | Loss: 1.0539 | PPL: 2.87
  [ 57.1%] Step 70,300 | Loss: 1.0550 | PPL: 2.87
  [ 57.5%] Step 70,400 | Loss: 1.0530 | PPL: 2.87
  [ 57.8%] Step 70,500 | Loss: 1.0550 | PPL: 2.87
  [ 58.2%] Step 70,600 | Loss: 1.0540 | PPL: 2.87
  [ 58.6%] Step 70,700 | Loss: 1.0551 | PPL: 2.87
  [ 58.9%] Step 70,800 | Loss: 1.0530 | PPL: 2.87
  [ 59.3%] Step 70,900 | Loss: 1.0542 | PPL: 2.87
  [ 59.7%] Step 71,000 | Loss: 1.0530 | PPL: 2.87
  [ 60.0%] Step 71,100 | Loss: 1.0522 | PPL: 2.86
  [ 60.4%] Step 71,200 | Loss: 1.0558 | PPL: 2.87
  [ 60.8%] Step 71,300 | Loss: 1.0539 | PPL: 2.87
  [ 61.1%] Step 71,400 | Loss: 1.0553 | PPL: 2.87
  [ 61.5%] Step 71,500 | Loss: 1.0531 | PPL: 2.87
  [ 61.8%] Step 71,600 | Loss: 1.0547 | PPL: 2.87
  [ 62.2%] Step 71,700 | Loss: 1.0546 | PPL: 2.87
  [ 62.6%] Step 71,800 | Loss: 1.0528 | PPL: 2.87
  [ 62.9%] Step 71,900 | Loss: 1.0507 | PPL: 2.86
  [ 63.3%] Step 72,000 | Loss: 1.0513 | PPL: 2.86
  [ 63.7%] Step 72,100 | Loss: 1.0522 | PPL: 2.86
  [ 64.0%] Step 72,200 | Loss: 1.0512 | PPL: 2.86
  [ 64.4%] Step 72,300 | Loss: 1.0559 | PPL: 2.87
  [ 64.8%] Step 72,400 | Loss: 1.0514 | PPL: 2.86
  [ 65.1%] Step 72,500 | Loss: 1.0519 | PPL: 2.86
  [ 65.5%] Step 72,600 | Loss: 1.0520 | PPL: 2.86
  [ 65.9%] Step 72,700 | Loss: 1.0527 | PPL: 2.87
  [ 66.2%] Step 72,800 | Loss: 1.0528 | PPL: 2.87
  [ 66.6%] Step 72,900 | Loss: 1.0520 | PPL: 2.86
  [ 67.0%] Step 73,000 | Loss: 1.0521 | PPL: 2.86
  [ 67.3%] Step 73,100 | Loss: 1.0505 | PPL: 2.86
  [ 67.7%] Step 73,200 | Loss: 1.0521 | PPL: 2.86
  [ 68.1%] Step 73,300 | Loss: 1.0516 | PPL: 2.86
  [ 68.4%] Step 73,400 | Loss: 1.0521 | PPL: 2.86
  [ 68.8%] Step 73,500 | Loss: 1.0512 | PPL: 2.86
  [ 69.2%] Step 73,600 | Loss: 1.0514 | PPL: 2.86
  [ 69.5%] Step 73,700 | Loss: 1.0504 | PPL: 2.86
  [ 69.9%] Step 73,800 | Loss: 1.0452 | PPL: 2.84
  [ 70.3%] Step 73,900 | Loss: 1.0491 | PPL: 2.86
  [ 70.6%] Step 74,000 | Loss: 1.0466 | PPL: 2.85
  [ 71.0%] Step 74,100 | Loss: 1.0531 | PPL: 2.87
  [ 71.4%] Step 74,200 | Loss: 1.0499 | PPL: 2.86
  [ 71.7%] Step 74,300 | Loss: 1.0492 | PPL: 2.86
  [ 72.1%] Step 74,400 | Loss: 1.0491 | PPL: 2.86
  [ 72.5%] Step 74,500 | Loss: 1.0537 | PPL: 2.87
  [ 72.8%] Step 74,600 | Loss: 1.0498 | PPL: 2.86
  [ 73.2%] Step 74,700 | Loss: 1.0478 | PPL: 2.85
  [ 73.6%] Step 74,800 | Loss: 1.0488 | PPL: 2.85
  [ 73.9%] Step 74,900 | Loss: 1.0516 | PPL: 2.86
  [ 74.3%] Step 75,000 | Loss: 1.0500 | PPL: 2.86
  [ 74.6%] Step 75,100 | Loss: 1.0489 | PPL: 2.85
  [ 75.0%] Step 75,200 | Loss: 1.0495 | PPL: 2.86
  [ 75.4%] Step 75,300 | Loss: 1.0436 | PPL: 2.84
  [ 75.7%] Step 75,400 | Loss: 1.0489 | PPL: 2.85
  [ 76.1%] Step 75,500 | Loss: 1.0503 | PPL: 2.86
  [ 76.5%] Step 75,600 | Loss: 1.0487 | PPL: 2.85
  [ 76.8%] Step 75,700 | Loss: 1.0490 | PPL: 2.85
  [ 77.2%] Step 75,800 | Loss: 1.0472 | PPL: 2.85
  [ 77.6%] Step 75,900 | Loss: 1.0484 | PPL: 2.85
  [ 77.9%] Step 76,000 | Loss: 1.0471 | PPL: 2.85
  [ 78.3%] Step 76,100 | Loss: 1.0458 | PPL: 2.85
  [ 78.7%] Step 76,200 | Loss: 1.0469 | PPL: 2.85
  [ 79.0%] Step 76,300 | Loss: 1.0514 | PPL: 2.86
  [ 79.4%] Step 76,400 | Loss: 1.0473 | PPL: 2.85
  [ 79.8%] Step 76,500 | Loss: 1.0468 | PPL: 2.85
  [ 80.1%] Step 76,600 | Loss: 1.0490 | PPL: 2.85
  [ 80.5%] Step 76,700 | Loss: 1.0485 | PPL: 2.85
  [ 80.9%] Step 76,800 | Loss: 1.0471 | PPL: 2.85
  [ 81.2%] Step 76,900 | Loss: 1.0423 | PPL: 2.84
  [ 81.6%] Step 77,000 | Loss: 1.0448 | PPL: 2.84
  [ 82.0%] Step 77,100 | Loss: 1.0488 | PPL: 2.85
  [ 82.3%] Step 77,200 | Loss: 1.0442 | PPL: 2.84
  [ 82.7%] Step 77,300 | Loss: 1.0460 | PPL: 2.85
  [ 83.1%] Step 77,400 | Loss: 1.0454 | PPL: 2.84
  [ 83.4%] Step 77,500 | Loss: 1.0438 | PPL: 2.84
  [ 83.8%] Step 77,600 | Loss: 1.0465 | PPL: 2.85
  [ 84.2%] Step 77,700 | Loss: 1.0458 | PPL: 2.85
  [ 84.5%] Step 77,800 | Loss: 1.0477 | PPL: 2.85
  [ 84.9%] Step 77,900 | Loss: 1.0439 | PPL: 2.84
  [ 85.3%] Step 78,000 | Loss: 1.0428 | PPL: 2.84
  [ 85.6%] Step 78,100 | Loss: 1.0465 | PPL: 2.85
  [ 86.0%] Step 78,200 | Loss: 1.0452 | PPL: 2.84
  [ 86.4%] Step 78,300 | Loss: 1.0481 | PPL: 2.85
  [ 86.7%] Step 78,400 | Loss: 1.0467 | PPL: 2.85
  [ 87.1%] Step 78,500 | Loss: 1.0476 | PPL: 2.85
  [ 87.4%] Step 78,600 | Loss: 1.0451 | PPL: 2.84
  [ 87.8%] Step 78,700 | Loss: 1.0470 | PPL: 2.85
  [ 88.2%] Step 78,800 | Loss: 1.0486 | PPL: 2.85
  [ 88.5%] Step 78,900 | Loss: 1.0448 | PPL: 2.84
  [ 88.9%] Step 79,000 | Loss: 1.0469 | PPL: 2.85
  [ 89.3%] Step 79,100 | Loss: 1.0405 | PPL: 2.83
  [ 89.6%] Step 79,200 | Loss: 1.0445 | PPL: 2.84
  [ 90.0%] Step 79,300 | Loss: 1.0464 | PPL: 2.85
  [ 90.4%] Step 79,400 | Loss: 1.0441 | PPL: 2.84
  [ 90.7%] Step 79,500 | Loss: 1.0461 | PPL: 2.85
  [ 91.1%] Step 79,600 | Loss: 1.0422 | PPL: 2.84
  [ 91.5%] Step 79,700 | Loss: 1.0442 | PPL: 2.84
  [ 91.8%] Step 79,800 | Loss: 1.0447 | PPL: 2.84
  [ 92.2%] Step 79,900 | Loss: 1.0458 | PPL: 2.85
  [ 92.6%] Step 80,000 | Loss: 1.0430 | PPL: 2.84
  [ 92.9%] Step 80,100 | Loss: 1.0476 | PPL: 2.85
  [ 93.3%] Step 80,200 | Loss: 1.0468 | PPL: 2.85
  [ 93.7%] Step 80,300 | Loss: 1.0423 | PPL: 2.84
  [ 94.0%] Step 80,400 | Loss: 1.0431 | PPL: 2.84
  [ 94.4%] Step 80,500 | Loss: 1.0397 | PPL: 2.83
  [ 94.8%] Step 80,600 | Loss: 1.0444 | PPL: 2.84
  [ 95.1%] Step 80,700 | Loss: 1.0434 | PPL: 2.84
  [ 95.5%] Step 80,800 | Loss: 1.0429 | PPL: 2.84
  [ 95.9%] Step 80,900 | Loss: 1.0439 | PPL: 2.84
  [ 96.2%] Step 81,000 | Loss: 1.0428 | PPL: 2.84
  [ 96.6%] Step 81,100 | Loss: 1.0426 | PPL: 2.84
  [ 97.0%] Step 81,200 | Loss: 1.0408 | PPL: 2.83
  [ 97.3%] Step 81,300 | Loss: 1.0420 | PPL: 2.83
  [ 97.7%] Step 81,400 | Loss: 1.0417 | PPL: 2.83
  [ 98.1%] Step 81,500 | Loss: 1.0438 | PPL: 2.84
  [ 98.4%] Step 81,600 | Loss: 1.0429 | PPL: 2.84
  [ 98.8%] Step 81,700 | Loss: 1.0409 | PPL: 2.83
  [ 99.2%] Step 81,800 | Loss: 1.0407 | PPL: 2.83
  [ 99.5%] Step 81,900 | Loss: 1.0444 | PPL: 2.84
  [ 99.9%] Step 82,000 | Loss: 1.0406 | PPL: 2.83
  [100.0%] Step 82,032 | Loss: 1.0445 | PPL: 2.84
[Epoch 3/3] Validating...
[Epoch 3/3] Loss: 1.0793 | PPL: 2.94
  -> Saved best model to checkpoints_v4\ky_best.pt
============================================================
Training complete. Running final evaluation...
============================================================

Final Test Loss: 1.0805 | Test PPL: 2.95
Done!
Wrote checkpoints_v4\ky_best.pt.runrecord.json
[1;34mwandb[0m: 
[1;34mwandb[0m: You can sync this run to the cloud by running:
[1;34mwandb[0m: [1mwandb sync C:\Users\Test\PROJECTS\LSTM\wandb\offline-run-20260903_002126-560e3a2q[0m
[1;34mwandb[0m: Find logs at: [1;35mwandb\offline-run-20260903_002126-560e3a2q\logs[0m
--- v4/ky end rc=0 Thu Sep  3 01:15:10 PDT 2026 ---
--- v4/uz start Thu Sep  3 01:15:10 PDT 2026 ---
wandb: Tracking run with wandb version 0.23.1
wandb: W&B syncing is set to `offline` in this directory. Run `wandb online` or set WANDB_MODE=online to enable cloud syncing.
wandb: Run data is saved locally in C:\Users\Test\PROJECTS\LSTM\wandb\offline-run-20260903_011514-txiodov1
Loading data from rebuild_2026-09\corpora_clean_v4\oscar_uz_ipa.txt...
  Loaded: 10,000,000 chars total
  Train: 7,000,000 chars
  Val: 1,500,000 chars
  Test: 1,500,000 chars
Building vocab from training text...
  Vocab size: 33
============================================================
Training config
============================================================
  Language: Uzbek (uz)
  Mode: Train from scratch
  Device: cuda
  Batch size: 256
  Workers: 0
  Pin memory: True
  Epochs: 3
  LR: 0.0001
  Seed: 1234
  Freeze embed: False
  Output: checkpoints_v4\uz_best.pt
Creating data loaders...
  Train batches: 27,344
  Val batches: 5,859

Model config
  Device: cuda
  Embed dim: 128
  Hidden dim: 256
  Layers: 2
  Parameters: 934,305
  Optimizer: Adam (lr=0.0001)
============================================================
Starting training: 3 epochs, 27344 batches/epoch
============================================================
[Epoch 1/3] Starting...
  [  0.4%] Step 100 | Loss: 3.1580 | PPL: 23.52
  [  0.7%] Step 200 | Loss: 2.7684 | PPL: 15.93
  [  1.1%] Step 300 | Loss: 2.4461 | PPL: 11.54
  [  1.5%] Step 400 | Loss: 2.3107 | PPL: 10.08
  [  1.8%] Step 500 | Loss: 2.2292 | PPL: 9.29
  [  2.2%] Step 600 | Loss: 2.1676 | PPL: 8.74
  [  2.6%] Step 700 | Loss: 2.1146 | PPL: 8.29
  [  2.9%] Step 800 | Loss: 2.0679 | PPL: 7.91
  [  3.3%] Step 900 | Loss: 2.0283 | PPL: 7.60
  [  3.7%] Step 1,000 | Loss: 1.9890 | PPL: 7.31
  [  4.0%] Step 1,100 | Loss: 1.9560 | PPL: 7.07
  [  4.4%] Step 1,200 | Loss: 1.9215 | PPL: 6.83
  [  4.8%] Step 1,300 | Loss: 1.8944 | PPL: 6.65
  [  5.1%] Step 1,400 | Loss: 1.8668 | PPL: 6.47
  [  5.5%] Step 1,500 | Loss: 1.8416 | PPL: 6.31
  [  5.9%] Step 1,600 | Loss: 1.8187 | PPL: 6.16
  [  6.2%] Step 1,700 | Loss: 1.7980 | PPL: 6.04
  [  6.6%] Step 1,800 | Loss: 1.7826 | PPL: 5.95
  [  6.9%] Step 1,900 | Loss: 1.7607 | PPL: 5.82
  [  7.3%] Step 2,000 | Loss: 1.7449 | PPL: 5.73
  [  7.7%] Step 2,100 | Loss: 1.7311 | PPL: 5.65
  [  8.0%] Step 2,200 | Loss: 1.7107 | PPL: 5.53
  [  8.4%] Step 2,300 | Loss: 1.6970 | PPL: 5.46
  [  8.8%] Step 2,400 | Loss: 1.6863 | PPL: 5.40
  [  9.1%] Step 2,500 | Loss: 1.6747 | PPL: 5.34
  [  9.5%] Step 2,600 | Loss: 1.6637 | PPL: 5.28
  [  9.9%] Step 2,700 | Loss: 1.6511 | PPL: 5.21
  [ 10.2%] Step 2,800 | Loss: 1.6400 | PPL: 5.16
  [ 10.6%] Step 2,900 | Loss: 1.6289 | PPL: 5.10
  [ 11.0%] Step 3,000 | Loss: 1.6179 | PPL: 5.04
  [ 11.3%] Step 3,100 | Loss: 1.6122 | PPL: 5.01
  [ 11.7%] Step 3,200 | Loss: 1.6084 | PPL: 4.99
  [ 12.1%] Step 3,300 | Loss: 1.5954 | PPL: 4.93
  [ 12.4%] Step 3,400 | Loss: 1.5884 | PPL: 4.90
  [ 12.8%] Step 3,500 | Loss: 1.5822 | PPL: 4.87
  [ 13.2%] Step 3,600 | Loss: 1.5748 | PPL: 4.83
  [ 13.5%] Step 3,700 | Loss: 1.5637 | PPL: 4.78
  [ 13.9%] Step 3,800 | Loss: 1.5574 | PPL: 4.75
  [ 14.3%] Step 3,900 | Loss: 1.5553 | PPL: 4.74
  [ 14.6%] Step 4,000 | Loss: 1.5476 | PPL: 4.70
  [ 15.0%] Step 4,100 | Loss: 1.5448 | PPL: 4.69
  [ 15.4%] Step 4,200 | Loss: 1.5356 | PPL: 4.64
  [ 15.7%] Step 4,300 | Loss: 1.5352 | PPL: 4.64
  [ 16.1%] Step 4,400 | Loss: 1.5257 | PPL: 4.60
  [ 16.5%] Step 4,500 | Loss: 1.5213 | PPL: 4.58
  [ 16.8%] Step 4,600 | Loss: 1.5137 | PPL: 4.54
  [ 17.2%] Step 4,700 | Loss: 1.5141 | PPL: 4.55
  [ 17.6%] Step 4,800 | Loss: 1.5061 | PPL: 4.51
  [ 17.9%] Step 4,900 | Loss: 1.5016 | PPL: 4.49
  [ 18.3%] Step 5,000 | Loss: 1.4997 | PPL: 4.48
  [ 18.7%] Step 5,100 | Loss: 1.4919 | PPL: 4.45
  [ 19.0%] Step 5,200 | Loss: 1.4865 | PPL: 4.42
  [ 19.4%] Step 5,300 | Loss: 1.4877 | PPL: 4.43
  [ 19.7%] Step 5,400 | Loss: 1.4829 | PPL: 4.41
  [ 20.1%] Step 5,500 | Loss: 1.4787 | PPL: 4.39
  [ 20.5%] Step 5,600 | Loss: 1.4732 | PPL: 4.36
  [ 20.8%] Step 5,700 | Loss: 1.4699 | PPL: 4.35
  [ 21.2%] Step 5,800 | Loss: 1.4683 | PPL: 4.34
  [ 21.6%] Step 5,900 | Loss: 1.4632 | PPL: 4.32
  [ 21.9%] Step 6,000 | Loss: 1.4612 | PPL: 4.31
  [ 22.3%] Step 6,100 | Loss: 1.4558 | PPL: 4.29
  [ 22.7%] Step 6,200 | Loss: 1.4545 | PPL: 4.28
  [ 23.0%] Step 6,300 | Loss: 1.4489 | PPL: 4.26
  [ 23.4%] Step 6,400 | Loss: 1.4436 | PPL: 4.24
  [ 23.8%] Step 6,500 | Loss: 1.4448 | PPL: 4.24
  [ 24.1%] Step 6,600 | Loss: 1.4417 | PPL: 4.23
  [ 24.5%] Step 6,700 | Loss: 1.4383 | PPL: 4.21
  [ 24.9%] Step 6,800 | Loss: 1.4392 | PPL: 4.22
  [ 25.2%] Step 6,900 | Loss: 1.4302 | PPL: 4.18
  [ 25.6%] Step 7,000 | Loss: 1.4290 | PPL: 4.17
  [ 26.0%] Step 7,100 | Loss: 1.4265 | PPL: 4.16
  [ 26.3%] Step 7,200 | Loss: 1.4258 | PPL: 4.16
  [ 26.7%] Step 7,300 | Loss: 1.4232 | PPL: 4.15
  [ 27.1%] Step 7,400 | Loss: 1.4207 | PPL: 4.14
  [ 27.4%] Step 7,500 | Loss: 1.4230 | PPL: 4.15
  [ 27.8%] Step 7,600 | Loss: 1.4151 | PPL: 4.12
  [ 28.2%] Step 7,700 | Loss: 1.4124 | PPL: 4.11
  [ 28.5%] Step 7,800 | Loss: 1.4105 | PPL: 4.10
  [ 28.9%] Step 7,900 | Loss: 1.4080 | PPL: 4.09
  [ 29.3%] Step 8,000 | Loss: 1.4025 | PPL: 4.07
  [ 29.6%] Step 8,100 | Loss: 1.4018 | PPL: 4.06
  [ 30.0%] Step 8,200 | Loss: 1.4011 | PPL: 4.06
  [ 30.4%] Step 8,300 | Loss: 1.3984 | PPL: 4.05
  [ 30.7%] Step 8,400 | Loss: 1.3957 | PPL: 4.04
  [ 31.1%] Step 8,500 | Loss: 1.3940 | PPL: 4.03
  [ 31.5%] Step 8,600 | Loss: 1.3938 | PPL: 4.03
  [ 31.8%] Step 8,700 | Loss: 1.3890 | PPL: 4.01
  [ 32.2%] Step 8,800 | Loss: 1.3877 | PPL: 4.01
  [ 32.5%] Step 8,900 | Loss: 1.3852 | PPL: 4.00
  [ 32.9%] Step 9,000 | Loss: 1.3808 | PPL: 3.98
  [ 33.3%] Step 9,100 | Loss: 1.3782 | PPL: 3.97
  [ 33.6%] Step 9,200 | Loss: 1.3788 | PPL: 3.97
  [ 34.0%] Step 9,300 | Loss: 1.3742 | PPL: 3.95
  [ 34.4%] Step 9,400 | Loss: 1.3783 | PPL: 3.97
  [ 34.7%] Step 9,500 | Loss: 1.3715 | PPL: 3.94
  [ 35.1%] Step 9,600 | Loss: 1.3712 | PPL: 3.94
  [ 35.5%] Step 9,700 | Loss: 1.3693 | PPL: 3.93
  [ 35.8%] Step 9,800 | Loss: 1.3652 | PPL: 3.92
  [ 36.2%] Step 9,900 | Loss: 1.3631 | PPL: 3.91
  [ 36.6%] Step 10,000 | Loss: 1.3675 | PPL: 3.93
  [ 36.9%] Step 10,100 | Loss: 1.3647 | PPL: 3.91
  [ 37.3%] Step 10,200 | Loss: 1.3637 | PPL: 3.91
  [ 37.7%] Step 10,300 | Loss: 1.3591 | PPL: 3.89
  [ 38.0%] Step 10,400 | Loss: 1.3554 | PPL: 3.88
  [ 38.4%] Step 10,500 | Loss: 1.3580 | PPL: 3.89
  [ 38.8%] Step 10,600 | Loss: 1.3563 | PPL: 3.88
  [ 39.1%] Step 10,700 | Loss: 1.3549 | PPL: 3.88
  [ 39.5%] Step 10,800 | Loss: 1.3566 | PPL: 3.88
  [ 39.9%] Step 10,900 | Loss: 1.3522 | PPL: 3.87
  [ 40.2%] Step 11,000 | Loss: 1.3529 | PPL: 3.87
  [ 40.6%] Step 11,100 | Loss: 1.3453 | PPL: 3.84
  [ 41.0%] Step 11,200 | Loss: 1.3416 | PPL: 3.83
  [ 41.3%] Step 11,300 | Loss: 1.3437 | PPL: 3.83
  [ 41.7%] Step 11,400 | Loss: 1.3437 | PPL: 3.83
  [ 42.1%] Step 11,500 | Loss: 1.3424 | PPL: 3.83
  [ 42.4%] Step 11,600 | Loss: 1.3403 | PPL: 3.82
  [ 42.8%] Step 11,700 | Loss: 1.3425 | PPL: 3.83
  [ 43.2%] Step 11,800 | Loss: 1.3390 | PPL: 3.82
  [ 43.5%] Step 11,900 | Loss: 1.3327 | PPL: 3.79
  [ 43.9%] Step 12,000 | Loss: 1.3374 | PPL: 3.81
  [ 44.3%] Step 12,100 | Loss: 1.3317 | PPL: 3.79
  [ 44.6%] Step 12,200 | Loss: 1.3332 | PPL: 3.79
  [ 45.0%] Step 12,300 | Loss: 1.3283 | PPL: 3.77
  [ 45.3%] Step 12,400 | Loss: 1.3299 | PPL: 3.78
  [ 45.7%] Step 12,500 | Loss: 1.3324 | PPL: 3.79
  [ 46.1%] Step 12,600 | Loss: 1.3304 | PPL: 3.78
  [ 46.4%] Step 12,700 | Loss: 1.3228 | PPL: 3.75
  [ 46.8%] Step 12,800 | Loss: 1.3260 | PPL: 3.77
  [ 47.2%] Step 12,900 | Loss: 1.3241 | PPL: 3.76
  [ 47.5%] Step 13,000 | Loss: 1.3251 | PPL: 3.76
  [ 47.9%] Step 13,100 | Loss: 1.3206 | PPL: 3.75
  [ 48.3%] Step 13,200 | Loss: 1.3200 | PPL: 3.74
  [ 48.6%] Step 13,300 | Loss: 1.3185 | PPL: 3.74
  [ 49.0%] Step 13,400 | Loss: 1.3182 | PPL: 3.74
  [ 49.4%] Step 13,500 | Loss: 1.3149 | PPL: 3.72
  [ 49.7%] Step 13,600 | Loss: 1.3163 | PPL: 3.73
  [ 50.1%] Step 13,700 | Loss: 1.3164 | PPL: 3.73
  [ 50.5%] Step 13,800 | Loss: 1.3140 | PPL: 3.72
  [ 50.8%] Step 13,900 | Loss: 1.3116 | PPL: 3.71
  [ 51.2%] Step 14,000 | Loss: 1.3119 | PPL: 3.71
  [ 51.6%] Step 14,100 | Loss: 1.3088 | PPL: 3.70
  [ 51.9%] Step 14,200 | Loss: 1.3075 | PPL: 3.70
  [ 52.3%] Step 14,300 | Loss: 1.3075 | PPL: 3.70
  [ 52.7%] Step 14,400 | Loss: 1.3082 | PPL: 3.70
  [ 53.0%] Step 14,500 | Loss: 1.3085 | PPL: 3.70
  [ 53.4%] Step 14,600 | Loss: 1.3049 | PPL: 3.69
  [ 53.8%] Step 14,700 | Loss: 1.3059 | PPL: 3.69
  [ 54.1%] Step 14,800 | Loss: 1.3038 | PPL: 3.68
  [ 54.5%] Step 14,900 | Loss: 1.3019 | PPL: 3.68
  [ 54.9%] Step 15,000 | Loss: 1.3012 | PPL: 3.67
  [ 55.2%] Step 15,100 | Loss: 1.3013 | PPL: 3.67
  [ 55.6%] Step 15,200 | Loss: 1.3017 | PPL: 3.68
  [ 56.0%] Step 15,300 | Loss: 1.2988 | PPL: 3.66
  [ 56.3%] Step 15,400 | Loss: 1.2963 | PPL: 3.66
  [ 56.7%] Step 15,500 | Loss: 1.2959 | PPL: 3.65
  [ 57.1%] Step 15,600 | Loss: 1.2947 | PPL: 3.65
  [ 57.4%] Step 15,700 | Loss: 1.2955 | PPL: 3.65
  [ 57.8%] Step 15,800 | Loss: 1.2916 | PPL: 3.64
  [ 58.1%] Step 15,900 | Loss: 1.2959 | PPL: 3.65
  [ 58.5%] Step 16,000 | Loss: 1.2926 | PPL: 3.64
  [ 58.9%] Step 16,100 | Loss: 1.2923 | PPL: 3.64
  [ 59.2%] Step 16,200 | Loss: 1.2892 | PPL: 3.63
  [ 59.6%] Step 16,300 | Loss: 1.2898 | PPL: 3.63
  [ 60.0%] Step 16,400 | Loss: 1.2879 | PPL: 3.63
  [ 60.3%] Step 16,500 | Loss: 1.2863 | PPL: 3.62
  [ 60.7%] Step 16,600 | Loss: 1.2847 | PPL: 3.61
  [ 61.1%] Step 16,700 | Loss: 1.2848 | PPL: 3.61
  [ 61.4%] Step 16,800 | Loss: 1.2857 | PPL: 3.62
  [ 61.8%] Step 16,900 | Loss: 1.2856 | PPL: 3.62
  [ 62.2%] Step 17,000 | Loss: 1.2854 | PPL: 3.62
  [ 62.5%] Step 17,100 | Loss: 1.2822 | PPL: 3.60
  [ 62.9%] Step 17,200 | Loss: 1.2799 | PPL: 3.60
  [ 63.3%] Step 17,300 | Loss: 1.2789 | PPL: 3.59
  [ 63.6%] Step 17,400 | Loss: 1.2808 | PPL: 3.60
  [ 64.0%] Step 17,500 | Loss: 1.2772 | PPL: 3.59
  [ 64.4%] Step 17,600 | Loss: 1.2786 | PPL: 3.59
  [ 64.7%] Step 17,700 | Loss: 1.2762 | PPL: 3.58
  [ 65.1%] Step 17,800 | Loss: 1.2786 | PPL: 3.59
  [ 65.5%] Step 17,900 | Loss: 1.2764 | PPL: 3.58
  [ 65.8%] Step 18,000 | Loss: 1.2780 | PPL: 3.59
  [ 66.2%] Step 18,100 | Loss: 1.2776 | PPL: 3.59
  [ 66.6%] Step 18,200 | Loss: 1.2743 | PPL: 3.58
  [ 66.9%] Step 18,300 | Loss: 1.2717 | PPL: 3.57
  [ 67.3%] Step 18,400 | Loss: 1.2725 | PPL: 3.57
  [ 67.7%] Step 18,500 | Loss: 1.2750 | PPL: 3.58
  [ 68.0%] Step 18,600 | Loss: 1.2701 | PPL: 3.56
  [ 68.4%] Step 18,700 | Loss: 1.2689 | PPL: 3.56
  [ 68.8%] Step 18,800 | Loss: 1.2711 | PPL: 3.56
  [ 69.1%] Step 18,900 | Loss: 1.2695 | PPL: 3.56
  [ 69.5%] Step 19,000 | Loss: 1.2700 | PPL: 3.56
  [ 69.9%] Step 19,100 | Loss: 1.2682 | PPL: 3.55
  [ 70.2%] Step 19,200 | Loss: 1.2671 | PPL: 3.55
  [ 70.6%] Step 19,300 | Loss: 1.2702 | PPL: 3.56
  [ 70.9%] Step 19,400 | Loss: 1.2641 | PPL: 3.54
  [ 71.3%] Step 19,500 | Loss: 1.2609 | PPL: 3.53
  [ 71.7%] Step 19,600 | Loss: 1.2628 | PPL: 3.54
  [ 72.0%] Step 19,700 | Loss: 1.2651 | PPL: 3.54
  [ 72.4%] Step 19,800 | Loss: 1.2615 | PPL: 3.53
  [ 72.8%] Step 19,900 | Loss: 1.2668 | PPL: 3.55
  [ 73.1%] Step 20,000 | Loss: 1.2588 | PPL: 3.52
  [ 73.5%] Step 20,100 | Loss: 1.2601 | PPL: 3.53
  [ 73.9%] Step 20,200 | Loss: 1.2586 | PPL: 3.52
  [ 74.2%] Step 20,300 | Loss: 1.2620 | PPL: 3.53
  [ 74.6%] Step 20,400 | Loss: 1.2558 | PPL: 3.51
  [ 75.0%] Step 20,500 | Loss: 1.2602 | PPL: 3.53
  [ 75.3%] Step 20,600 | Loss: 1.2550 | PPL: 3.51
  [ 75.7%] Step 20,700 | Loss: 1.2565 | PPL: 3.51
  [ 76.1%] Step 20,800 | Loss: 1.2578 | PPL: 3.52
  [ 76.4%] Step 20,900 | Loss: 1.2554 | PPL: 3.51
  [ 76.8%] Step 21,000 | Loss: 1.2561 | PPL: 3.51
  [ 77.2%] Step 21,100 | Loss: 1.2528 | PPL: 3.50
  [ 77.5%] Step 21,200 | Loss: 1.2556 | PPL: 3.51
  [ 77.9%] Step 21,300 | Loss: 1.2509 | PPL: 3.49
  [ 78.3%] Step 21,400 | Loss: 1.2542 | PPL: 3.51
  [ 78.6%] Step 21,500 | Loss: 1.2534 | PPL: 3.50
  [ 79.0%] Step 21,600 | Loss: 1.2533 | PPL: 3.50
  [ 79.4%] Step 21,700 | Loss: 1.2495 | PPL: 3.49
  [ 79.7%] Step 21,800 | Loss: 1.2533 | PPL: 3.50
  [ 80.1%] Step 21,900 | Loss: 1.2495 | PPL: 3.49
  [ 80.5%] Step 22,000 | Loss: 1.2476 | PPL: 3.48
  [ 80.8%] Step 22,100 | Loss: 1.2502 | PPL: 3.49
  [ 81.2%] Step 22,200 | Loss: 1.2482 | PPL: 3.48
  [ 81.6%] Step 22,300 | Loss: 1.2458 | PPL: 3.48
  [ 81.9%] Step 22,400 | Loss: 1.2484 | PPL: 3.48
  [ 82.3%] Step 22,500 | Loss: 1.2471 | PPL: 3.48
  [ 82.7%] Step 22,600 | Loss: 1.2487 | PPL: 3.49
  [ 83.0%] Step 22,700 | Loss: 1.2465 | PPL: 3.48
  [ 83.4%] Step 22,800 | Loss: 1.2440 | PPL: 3.47
  [ 83.7%] Step 22,900 | Loss: 1.2465 | PPL: 3.48
  [ 84.1%] Step 23,000 | Loss: 1.2443 | PPL: 3.47
  [ 84.5%] Step 23,100 | Loss: 1.2449 | PPL: 3.47
  [ 84.8%] Step 23,200 | Loss: 1.2459 | PPL: 3.48
  [ 85.2%] Step 23,300 | Loss: 1.2423 | PPL: 3.46
  [ 85.6%] Step 23,400 | Loss: 1.2441 | PPL: 3.47
  [ 85.9%] Step 23,500 | Loss: 1.2376 | PPL: 3.45
  [ 86.3%] Step 23,600 | Loss: 1.2452 | PPL: 3.47
  [ 86.7%] Step 23,700 | Loss: 1.2393 | PPL: 3.45
  [ 87.0%] Step 23,800 | Loss: 1.2432 | PPL: 3.47
  [ 87.4%] Step 23,900 | Loss: 1.2397 | PPL: 3.45
  [ 87.8%] Step 24,000 | Loss: 1.2413 | PPL: 3.46
  [ 88.1%] Step 24,100 | Loss: 1.2406 | PPL: 3.46
  [ 88.5%] Step 24,200 | Loss: 1.2345 | PPL: 3.44
  [ 88.9%] Step 24,300 | Loss: 1.2387 | PPL: 3.45
  [ 89.2%] Step 24,400 | Loss: 1.2346 | PPL: 3.44
  [ 89.6%] Step 24,500 | Loss: 1.2355 | PPL: 3.44
  [ 90.0%] Step 24,600 | Loss: 1.2342 | PPL: 3.44
  [ 90.3%] Step 24,700 | Loss: 1.2349 | PPL: 3.44
  [ 90.7%] Step 24,800 | Loss: 1.2346 | PPL: 3.44
  [ 91.1%] Step 24,900 | Loss: 1.2354 | PPL: 3.44
  [ 91.4%] Step 25,000 | Loss: 1.2345 | PPL: 3.44
  [ 91.8%] Step 25,100 | Loss: 1.2299 | PPL: 3.42
  [ 92.2%] Step 25,200 | Loss: 1.2308 | PPL: 3.42
  [ 92.5%] Step 25,300 | Loss: 1.2314 | PPL: 3.43
  [ 92.9%] Step 25,400 | Loss: 1.2308 | PPL: 3.42
  [ 93.3%] Step 25,500 | Loss: 1.2313 | PPL: 3.43
  [ 93.6%] Step 25,600 | Loss: 1.2334 | PPL: 3.43
  [ 94.0%] Step 25,700 | Loss: 1.2319 | PPL: 3.43
  [ 94.4%] Step 25,800 | Loss: 1.2271 | PPL: 3.41
  [ 94.7%] Step 25,900 | Loss: 1.2284 | PPL: 3.42
  [ 95.1%] Step 26,000 | Loss: 1.2264 | PPL: 3.41
  [ 95.5%] Step 26,100 | Loss: 1.2240 | PPL: 3.40
  [ 95.8%] Step 26,200 | Loss: 1.2275 | PPL: 3.41
  [ 96.2%] Step 26,300 | Loss: 1.2268 | PPL: 3.41
  [ 96.5%] Step 26,400 | Loss: 1.2267 | PPL: 3.41
  [ 96.9%] Step 26,500 | Loss: 1.2278 | PPL: 3.41
  [ 97.3%] Step 26,600 | Loss: 1.2202 | PPL: 3.39
  [ 97.6%] Step 26,700 | Loss: 1.2235 | PPL: 3.40
  [ 98.0%] Step 26,800 | Loss: 1.2253 | PPL: 3.41
  [ 98.4%] Step 26,900 | Loss: 1.2263 | PPL: 3.41
  [ 98.7%] Step 27,000 | Loss: 1.2237 | PPL: 3.40
  [ 99.1%] Step 27,100 | Loss: 1.2222 | PPL: 3.39
  [ 99.5%] Step 27,200 | Loss: 1.2213 | PPL: 3.39
  [ 99.8%] Step 27,300 | Loss: 1.2209 | PPL: 3.39
  [100.0%] Step 27,344 | Loss: 1.2228 | PPL: 3.40
[Epoch 1/3] Validating...
[Epoch 1/3] Loss: 1.2357 | PPL: 3.44
  -> Saved best model to checkpoints_v4\uz_best.pt
[Epoch 2/3] Starting...
  [  0.2%] Step 27,400 | Loss: 1.2208 | PPL: 3.39
  [  0.6%] Step 27,500 | Loss: 1.2224 | PPL: 3.40
  [  0.9%] Step 27,600 | Loss: 1.2217 | PPL: 3.39
  [  1.3%] Step 27,700 | Loss: 1.2211 | PPL: 3.39
  [  1.7%] Step 27,800 | Loss: 1.2236 | PPL: 3.40
  [  2.0%] Step 27,900 | Loss: 1.2216 | PPL: 3.39
  [  2.4%] Step 28,000 | Loss: 1.2206 | PPL: 3.39
  [  2.8%] Step 28,100 | Loss: 1.2205 | PPL: 3.39
  [  3.1%] Step 28,200 | Loss: 1.2218 | PPL: 3.39
  [  3.5%] Step 28,300 | Loss: 1.2175 | PPL: 3.38
  [  3.9%] Step 28,400 | Loss: 1.2176 | PPL: 3.38
  [  4.2%] Step 28,500 | Loss: 1.2181 | PPL: 3.38
  [  4.6%] Step 28,600 | Loss: 1.2144 | PPL: 3.37
  [  5.0%] Step 28,700 | Loss: 1.2125 | PPL: 3.36
  [  5.3%] Step 28,800 | Loss: 1.2173 | PPL: 3.38
  [  5.7%] Step 28,900 | Loss: 1.2154 | PPL: 3.37
  [  6.1%] Step 29,000 | Loss: 1.2181 | PPL: 3.38
  [  6.4%] Step 29,100 | Loss: 1.2099 | PPL: 3.35
  [  6.8%] Step 29,200 | Loss: 1.2151 | PPL: 3.37
  [  7.2%] Step 29,300 | Loss: 1.2166 | PPL: 3.38
  [  7.5%] Step 29,400 | Loss: 1.2135 | PPL: 3.37
  [  7.9%] Step 29,500 | Loss: 1.2129 | PPL: 3.36
  [  8.3%] Step 29,600 | Loss: 1.2183 | PPL: 3.38
  [  8.6%] Step 29,700 | Loss: 1.2138 | PPL: 3.37
  [  9.0%] Step 29,800 | Loss: 1.2146 | PPL: 3.37
  [  9.3%] Step 29,900 | Loss: 1.2115 | PPL: 3.36
  [  9.7%] Step 30,000 | Loss: 1.2153 | PPL: 3.37
  [ 10.1%] Step 30,100 | Loss: 1.2128 | PPL: 3.36
  [ 10.4%] Step 30,200 | Loss: 1.2104 | PPL: 3.35
  [ 10.8%] Step 30,300 | Loss: 1.2094 | PPL: 3.35
  [ 11.2%] Step 30,400 | Loss: 1.2140 | PPL: 3.37
  [ 11.5%] Step 30,500 | Loss: 1.2056 | PPL: 3.34
  [ 11.9%] Step 30,600 | Loss: 1.2097 | PPL: 3.35
  [ 12.3%] Step 30,700 | Loss: 1.2047 | PPL: 3.34
  [ 12.6%] Step 30,800 | Loss: 1.2116 | PPL: 3.36
  [ 13.0%] Step 30,900 | Loss: 1.2114 | PPL: 3.36
  [ 13.4%] Step 31,000 | Loss: 1.2070 | PPL: 3.34
  [ 13.7%] Step 31,100 | Loss: 1.2095 | PPL: 3.35
  [ 14.1%] Step 31,200 | Loss: 1.2090 | PPL: 3.35
  [ 14.5%] Step 31,300 | Loss: 1.2034 | PPL: 3.33
  [ 14.8%] Step 31,400 | Loss: 1.2042 | PPL: 3.33
  [ 15.2%] Step 31,500 | Loss: 1.2057 | PPL: 3.34
  [ 15.6%] Step 31,600 | Loss: 1.2055 | PPL: 3.34
  [ 15.9%] Step 31,700 | Loss: 1.2068 | PPL: 3.34
  [ 16.3%] Step 31,800 | Loss: 1.2060 | PPL: 3.34
  [ 16.7%] Step 31,900 | Loss: 1.2061 | PPL: 3.34
  [ 17.0%] Step 32,000 | Loss: 1.2067 | PPL: 3.34
  [ 17.4%] Step 32,100 | Loss: 1.2059 | PPL: 3.34
  [ 17.8%] Step 32,200 | Loss: 1.2040 | PPL: 3.33
  [ 18.1%] Step 32,300 | Loss: 1.2060 | PPL: 3.34
  [ 18.5%] Step 32,400 | Loss: 1.2023 | PPL: 3.33
  [ 18.9%] Step 32,500 | Loss: 1.2018 | PPL: 3.33
  [ 19.2%] Step 32,600 | Loss: 1.2036 | PPL: 3.33
  [ 19.6%] Step 32,700 | Loss: 1.2025 | PPL: 3.33
  [ 20.0%] Step 32,800 | Loss: 1.2035 | PPL: 3.33
  [ 20.3%] Step 32,900 | Loss: 1.2014 | PPL: 3.32
  [ 20.7%] Step 33,000 | Loss: 1.2014 | PPL: 3.32
  [ 21.1%] Step 33,100 | Loss: 1.2024 | PPL: 3.33
  [ 21.4%] Step 33,200 | Loss: 1.2003 | PPL: 3.32
  [ 21.8%] Step 33,300 | Loss: 1.2006 | PPL: 3.32
  [ 22.1%] Step 33,400 | Loss: 1.1992 | PPL: 3.32
  [ 22.5%] Step 33,500 | Loss: 1.1981 | PPL: 3.31
  [ 22.9%] Step 33,600 | Loss: 1.2005 | PPL: 3.32
  [ 23.2%] Step 33,700 | Loss: 1.2035 | PPL: 3.33
  [ 23.6%] Step 33,800 | Loss: 1.1983 | PPL: 3.31
  [ 24.0%] Step 33,900 | Loss: 1.1988 | PPL: 3.32
  [ 24.3%] Step 34,000 | Loss: 1.2001 | PPL: 3.32
  [ 24.7%] Step 34,100 | Loss: 1.1969 | PPL: 3.31
  [ 25.1%] Step 34,200 | Loss: 1.1950 | PPL: 3.30
  [ 25.4%] Step 34,300 | Loss: 1.1989 | PPL: 3.32
  [ 25.8%] Step 34,400 | Loss: 1.1955 | PPL: 3.31
  [ 26.2%] Step 34,500 | Loss: 1.1960 | PPL: 3.31
  [ 26.5%] Step 34,600 | Loss: 1.1942 | PPL: 3.30
  [ 26.9%] Step 34,700 | Loss: 1.1976 | PPL: 3.31
  [ 27.3%] Step 34,800 | Loss: 1.1923 | PPL: 3.29
  [ 27.6%] Step 34,900 | Loss: 1.1930 | PPL: 3.30
  [ 28.0%] Step 35,000 | Loss: 1.1971 | PPL: 3.31
  [ 28.4%] Step 35,100 | Loss: 1.1962 | PPL: 3.31
  [ 28.7%] Step 35,200 | Loss: 1.1967 | PPL: 3.31
  [ 29.1%] Step 35,300 | Loss: 1.1972 | PPL: 3.31
  [ 29.5%] Step 35,400 | Loss: 1.1926 | PPL: 3.30
  [ 29.8%] Step 35,500 | Loss: 1.1917 | PPL: 3.29
  [ 30.2%] Step 35,600 | Loss: 1.1915 | PPL: 3.29
  [ 30.6%] Step 35,700 | Loss: 1.1920 | PPL: 3.29
  [ 30.9%] Step 35,800 | Loss: 1.1898 | PPL: 3.29
  [ 31.3%] Step 35,900 | Loss: 1.1882 | PPL: 3.28
  [ 31.7%] Step 36,000 | Loss: 1.1930 | PPL: 3.30
  [ 32.0%] Step 36,100 | Loss: 1.1925 | PPL: 3.30
  [ 32.4%] Step 36,200 | Loss: 1.1902 | PPL: 3.29
  [ 32.8%] Step 36,300 | Loss: 1.1880 | PPL: 3.28
  [ 33.1%] Step 36,400 | Loss: 1.1900 | PPL: 3.29
  [ 33.5%] Step 36,500 | Loss: 1.1864 | PPL: 3.28
  [ 33.9%] Step 36,600 | Loss: 1.1902 | PPL: 3.29
  [ 34.2%] Step 36,700 | Loss: 1.1863 | PPL: 3.28
  [ 34.6%] Step 36,800 | Loss: 1.1860 | PPL: 3.27
  [ 34.9%] Step 36,900 | Loss: 1.1887 | PPL: 3.28
  [ 35.3%] Step 37,000 | Loss: 1.1934 | PPL: 3.30
  [ 35.7%] Step 37,100 | Loss: 1.1904 | PPL: 3.29
  [ 36.0%] Step 37,200 | Loss: 1.1853 | PPL: 3.27
  [ 36.4%] Step 37,300 | Loss: 1.1842 | PPL: 3.27
  [ 36.8%] Step 37,400 | Loss: 1.1874 | PPL: 3.28
  [ 37.1%] Step 37,500 | Loss: 1.1900 | PPL: 3.29
  [ 37.5%] Step 37,600 | Loss: 1.1892 | PPL: 3.28
  [ 37.9%] Step 37,700 | Loss: 1.1837 | PPL: 3.27
  [ 38.2%] Step 37,800 | Loss: 1.1871 | PPL: 3.28
  [ 38.6%] Step 37,900 | Loss: 1.1851 | PPL: 3.27
  [ 39.0%] Step 38,000 | Loss: 1.1869 | PPL: 3.28
  [ 39.3%] Step 38,100 | Loss: 1.1840 | PPL: 3.27
  [ 39.7%] Step 38,200 | Loss: 1.1896 | PPL: 3.29
  [ 40.1%] Step 38,300 | Loss: 1.1861 | PPL: 3.27
  [ 40.4%] Step 38,400 | Loss: 1.1838 | PPL: 3.27
  [ 40.8%] Step 38,500 | Loss: 1.1842 | PPL: 3.27
  [ 41.2%] Step 38,600 | Loss: 1.1835 | PPL: 3.27
  [ 41.5%] Step 38,700 | Loss: 1.1839 | PPL: 3.27
  [ 41.9%] Step 38,800 | Loss: 1.1826 | PPL: 3.26
  [ 42.3%] Step 38,900 | Loss: 1.1854 | PPL: 3.27
  [ 42.6%] Step 39,000 | Loss: 1.1858 | PPL: 3.27
  [ 43.0%] Step 39,100 | Loss: 1.1848 | PPL: 3.27
  [ 43.4%] Step 39,200 | Loss: 1.1824 | PPL: 3.26
  [ 43.7%] Step 39,300 | Loss: 1.1812 | PPL: 3.26
  [ 44.1%] Step 39,400 | Loss: 1.1821 | PPL: 3.26
  [ 44.5%] Step 39,500 | Loss: 1.1769 | PPL: 3.24
  [ 44.8%] Step 39,600 | Loss: 1.1815 | PPL: 3.26
  [ 45.2%] Step 39,700 | Loss: 1.1792 | PPL: 3.25
  [ 45.6%] Step 39,800 | Loss: 1.1849 | PPL: 3.27
  [ 45.9%] Step 39,900 | Loss: 1.1828 | PPL: 3.26
  [ 46.3%] Step 40,000 | Loss: 1.1816 | PPL: 3.26
  [ 46.7%] Step 40,100 | Loss: 1.1765 | PPL: 3.24
  [ 47.0%] Step 40,200 | Loss: 1.1764 | PPL: 3.24
  [ 47.4%] Step 40,300 | Loss: 1.1810 | PPL: 3.26
  [ 47.7%] Step 40,400 | Loss: 1.1799 | PPL: 3.25
  [ 48.1%] Step 40,500 | Loss: 1.1821 | PPL: 3.26
  [ 48.5%] Step 40,600 | Loss: 1.1822 | PPL: 3.26
  [ 48.8%] Step 40,700 | Loss: 1.1819 | PPL: 3.26
  [ 49.2%] Step 40,800 | Loss: 1.1808 | PPL: 3.26
  [ 49.6%] Step 40,900 | Loss: 1.1817 | PPL: 3.26
  [ 49.9%] Step 41,000 | Loss: 1.1794 | PPL: 3.25
  [ 50.3%] Step 41,100 | Loss: 1.1776 | PPL: 3.25
  [ 50.7%] Step 41,200 | Loss: 1.1766 | PPL: 3.24
  [ 51.0%] Step 41,300 | Loss: 1.1774 | PPL: 3.25
  [ 51.4%] Step 41,400 | Loss: 1.1747 | PPL: 3.24
  [ 51.8%] Step 41,500 | Loss: 1.1750 | PPL: 3.24
  [ 52.1%] Step 41,600 | Loss: 1.1756 | PPL: 3.24
  [ 52.5%] Step 41,700 | Loss: 1.1745 | PPL: 3.24
  [ 52.9%] Step 41,800 | Loss: 1.1758 | PPL: 3.24
  [ 53.2%] Step 41,900 | Loss: 1.1705 | PPL: 3.22
  [ 53.6%] Step 42,000 | Loss: 1.1756 | PPL: 3.24
  [ 54.0%] Step 42,100 | Loss: 1.1729 | PPL: 3.23
  [ 54.3%] Step 42,200 | Loss: 1.1781 | PPL: 3.25
  [ 54.7%] Step 42,300 | Loss: 1.1761 | PPL: 3.24
  [ 55.1%] Step 42,400 | Loss: 1.1725 | PPL: 3.23
  [ 55.4%] Step 42,500 | Loss: 1.1775 | PPL: 3.25
  [ 55.8%] Step 42,600 | Loss: 1.1765 | PPL: 3.24
  [ 56.2%] Step 42,700 | Loss: 1.1738 | PPL: 3.23
  [ 56.5%] Step 42,800 | Loss: 1.1734 | PPL: 3.23
  [ 56.9%] Step 42,900 | Loss: 1.1702 | PPL: 3.22
  [ 57.3%] Step 43,000 | Loss: 1.1742 | PPL: 3.24
  [ 57.6%] Step 43,100 | Loss: 1.1763 | PPL: 3.24
  [ 58.0%] Step 43,200 | Loss: 1.1743 | PPL: 3.24
  [ 58.4%] Step 43,300 | Loss: 1.1700 | PPL: 3.22
  [ 58.7%] Step 43,400 | Loss: 1.1728 | PPL: 3.23
  [ 59.1%] Step 43,500 | Loss: 1.1727 | PPL: 3.23
  [ 59.4%] Step 43,600 | Loss: 1.1699 | PPL: 3.22
  [ 59.8%] Step 43,700 | Loss: 1.1767 | PPL: 3.24
  [ 60.2%] Step 43,800 | Loss: 1.1712 | PPL: 3.23
  [ 60.5%] Step 43,900 | Loss: 1.1740 | PPL: 3.23
  [ 60.9%] Step 44,000 | Loss: 1.1713 | PPL: 3.23
  [ 61.3%] Step 44,100 | Loss: 1.1722 | PPL: 3.23
  [ 61.6%] Step 44,200 | Loss: 1.1719 | PPL: 3.23
  [ 62.0%] Step 44,300 | Loss: 1.1713 | PPL: 3.23
  [ 62.4%] Step 44,400 | Loss: 1.1682 | PPL: 3.22
  [ 62.7%] Step 44,500 | Loss: 1.1705 | PPL: 3.22
  [ 63.1%] Step 44,600 | Loss: 1.1693 | PPL: 3.22
  [ 63.5%] Step 44,700 | Loss: 1.1676 | PPL: 3.21
  [ 63.8%] Step 44,800 | Loss: 1.1699 | PPL: 3.22
  [ 64.2%] Step 44,900 | Loss: 1.1672 | PPL: 3.21
  [ 64.6%] Step 45,000 | Loss: 1.1694 | PPL: 3.22
  [ 64.9%] Step 45,100 | Loss: 1.1699 | PPL: 3.22
  [ 65.3%] Step 45,200 | Loss: 1.1660 | PPL: 3.21
  [ 65.7%] Step 45,300 | Loss: 1.1694 | PPL: 3.22
  [ 66.0%] Step 45,400 | Loss: 1.1700 | PPL: 3.22
  [ 66.4%] Step 45,500 | Loss: 1.1656 | PPL: 3.21
  [ 66.8%] Step 45,600 | Loss: 1.1682 | PPL: 3.22
  [ 67.1%] Step 45,700 | Loss: 1.1666 | PPL: 3.21
  [ 67.5%] Step 45,800 | Loss: 1.1682 | PPL: 3.22
  [ 67.9%] Step 45,900 | Loss: 1.1670 | PPL: 3.21
  [ 68.2%] Step 46,000 | Loss: 1.1656 | PPL: 3.21
  [ 68.6%] Step 46,100 | Loss: 1.1665 | PPL: 3.21
  [ 69.0%] Step 46,200 | Loss: 1.1671 | PPL: 3.21
  [ 69.3%] Step 46,300 | Loss: 1.1674 | PPL: 3.21
  [ 69.7%] Step 46,400 | Loss: 1.1670 | PPL: 3.21
  [ 70.1%] Step 46,500 | Loss: 1.1647 | PPL: 3.21
  [ 70.4%] Step 46,600 | Loss: 1.1695 | PPL: 3.22
  [ 70.8%] Step 46,700 | Loss: 1.1674 | PPL: 3.21
  [ 71.2%] Step 46,800 | Loss: 1.1693 | PPL: 3.22
  [ 71.5%] Step 46,900 | Loss: 1.1682 | PPL: 3.22
  [ 71.9%] Step 47,000 | Loss: 1.1645 | PPL: 3.20
  [ 72.2%] Step 47,100 | Loss: 1.1619 | PPL: 3.20
  [ 72.6%] Step 47,200 | Loss: 1.1636 | PPL: 3.20
  [ 73.0%] Step 47,300 | Loss: 1.1672 | PPL: 3.21
  [ 73.3%] Step 47,400 | Loss: 1.1668 | PPL: 3.21
  [ 73.7%] Step 47,500 | Loss: 1.1636 | PPL: 3.20
  [ 74.1%] Step 47,600 | Loss: 1.1713 | PPL: 3.23
  [ 74.4%] Step 47,700 | Loss: 1.1658 | PPL: 3.21
  [ 74.8%] Step 47,800 | Loss: 1.1655 | PPL: 3.21
  [ 75.2%] Step 47,900 | Loss: 1.1659 | PPL: 3.21
  [ 75.5%] Step 48,000 | Loss: 1.1624 | PPL: 3.20
  [ 75.9%] Step 48,100 | Loss: 1.1642 | PPL: 3.20
  [ 76.3%] Step 48,200 | Loss: 1.1663 | PPL: 3.21
  [ 76.6%] Step 48,300 | Loss: 1.1621 | PPL: 3.20
  [ 77.0%] Step 48,400 | Loss: 1.1636 | PPL: 3.20
  [ 77.4%] Step 48,500 | Loss: 1.1615 | PPL: 3.19
  [ 77.7%] Step 48,600 | Loss: 1.1636 | PPL: 3.20
  [ 78.1%] Step 48,700 | Loss: 1.1608 | PPL: 3.19
  [ 78.5%] Step 48,800 | Loss: 1.1592 | PPL: 3.19
  [ 78.8%] Step 48,900 | Loss: 1.1574 | PPL: 3.18
  [ 79.2%] Step 49,000 | Loss: 1.1603 | PPL: 3.19
  [ 79.6%] Step 49,100 | Loss: 1.1569 | PPL: 3.18
  [ 79.9%] Step 49,200 | Loss: 1.1632 | PPL: 3.20
  [ 80.3%] Step 49,300 | Loss: 1.1616 | PPL: 3.20
  [ 80.7%] Step 49,400 | Loss: 1.1627 | PPL: 3.20
  [ 81.0%] Step 49,500 | Loss: 1.1607 | PPL: 3.19
  [ 81.4%] Step 49,600 | Loss: 1.1589 | PPL: 3.19
  [ 81.8%] Step 49,700 | Loss: 1.1590 | PPL: 3.19
  [ 82.1%] Step 49,800 | Loss: 1.1599 | PPL: 3.19
  [ 82.5%] Step 49,900 | Loss: 1.1568 | PPL: 3.18
  [ 82.9%] Step 50,000 | Loss: 1.1553 | PPL: 3.18
  [ 83.2%] Step 50,100 | Loss: 1.1572 | PPL: 3.18
  [ 83.6%] Step 50,200 | Loss: 1.1584 | PPL: 3.18
  [ 84.0%] Step 50,300 | Loss: 1.1614 | PPL: 3.19
  [ 84.3%] Step 50,400 | Loss: 1.1575 | PPL: 3.18
  [ 84.7%] Step 50,500 | Loss: 1.1608 | PPL: 3.19
  [ 85.0%] Step 50,600 | Loss: 1.1606 | PPL: 3.19
  [ 85.4%] Step 50,700 | Loss: 1.1592 | PPL: 3.19
  [ 85.8%] Step 50,800 | Loss: 1.1571 | PPL: 3.18
  [ 86.1%] Step 50,900 | Loss: 1.1557 | PPL: 3.18
  [ 86.5%] Step 51,000 | Loss: 1.1620 | PPL: 3.20
  [ 86.9%] Step 51,100 | Loss: 1.1549 | PPL: 3.17
  [ 87.2%] Step 51,200 | Loss: 1.1566 | PPL: 3.18
  [ 87.6%] Step 51,300 | Loss: 1.1574 | PPL: 3.18
  [ 88.0%] Step 51,400 | Loss: 1.1588 | PPL: 3.19
  [ 88.3%] Step 51,500 | Loss: 1.1561 | PPL: 3.18
  [ 88.7%] Step 51,600 | Loss: 1.1583 | PPL: 3.18
  [ 89.1%] Step 51,700 | Loss: 1.1551 | PPL: 3.17
  [ 89.4%] Step 51,800 | Loss: 1.1550 | PPL: 3.17
  [ 89.8%] Step 51,900 | Loss: 1.1545 | PPL: 3.17
  [ 90.2%] Step 52,000 | Loss: 1.1553 | PPL: 3.18
  [ 90.5%] Step 52,100 | Loss: 1.1520 | PPL: 3.16
  [ 90.9%] Step 52,200 | Loss: 1.1524 | PPL: 3.17
  [ 91.3%] Step 52,300 | Loss: 1.1562 | PPL: 3.18
  [ 91.6%] Step 52,400 | Loss: 1.1551 | PPL: 3.17
  [ 92.0%] Step 52,500 | Loss: 1.1530 | PPL: 3.17
  [ 92.4%] Step 52,600 | Loss: 1.1566 | PPL: 3.18
  [ 92.7%] Step 52,700 | Loss: 1.1536 | PPL: 3.17
  [ 93.1%] Step 52,800 | Loss: 1.1533 | PPL: 3.17
  [ 93.5%] Step 52,900 | Loss: 1.1536 | PPL: 3.17
  [ 93.8%] Step 53,000 | Loss: 1.1517 | PPL: 3.16
  [ 94.2%] Step 53,100 | Loss: 1.1503 | PPL: 3.16
  [ 94.6%] Step 53,200 | Loss: 1.1516 | PPL: 3.16
  [ 94.9%] Step 53,300 | Loss: 1.1510 | PPL: 3.16
  [ 95.3%] Step 53,400 | Loss: 1.1515 | PPL: 3.16
  [ 95.7%] Step 53,500 | Loss: 1.1526 | PPL: 3.17
  [ 96.0%] Step 53,600 | Loss: 1.1518 | PPL: 3.16
  [ 96.4%] Step 53,700 | Loss: 1.1544 | PPL: 3.17
  [ 96.8%] Step 53,800 | Loss: 1.1497 | PPL: 3.16
  [ 97.1%] Step 53,900 | Loss: 1.1520 | PPL: 3.16
  [ 97.5%] Step 54,000 | Loss: 1.1553 | PPL: 3.17
  [ 97.8%] Step 54,100 | Loss: 1.1529 | PPL: 3.17
  [ 98.2%] Step 54,200 | Loss: 1.1522 | PPL: 3.17
  [ 98.6%] Step 54,300 | Loss: 1.1535 | PPL: 3.17
  [ 98.9%] Step 54,400 | Loss: 1.1541 | PPL: 3.17
  [ 99.3%] Step 54,500 | Loss: 1.1487 | PPL: 3.15
  [ 99.7%] Step 54,600 | Loss: 1.1519 | PPL: 3.16
  [100.0%] Step 54,688 | Loss: 1.1543 | PPL: 3.17
[Epoch 2/3] Validating...
[Epoch 2/3] Loss: 1.1912 | PPL: 3.29
  -> Saved best model to checkpoints_v4\uz_best.pt
[Epoch 3/3] Starting...
  [  0.0%] Step 54,700 | Loss: 1.1485 | PPL: 3.15
  [  0.4%] Step 54,800 | Loss: 1.1522 | PPL: 3.17
  [  0.8%] Step 54,900 | Loss: 1.1502 | PPL: 3.16
  [  1.1%] Step 55,000 | Loss: 1.1524 | PPL: 3.17
  [  1.5%] Step 55,100 | Loss: 1.1468 | PPL: 3.15
  [  1.9%] Step 55,200 | Loss: 1.1504 | PPL: 3.16
  [  2.2%] Step 55,300 | Loss: 1.1507 | PPL: 3.16
  [  2.6%] Step 55,400 | Loss: 1.1487 | PPL: 3.15
  [  3.0%] Step 55,500 | Loss: 1.1473 | PPL: 3.15
  [  3.3%] Step 55,600 | Loss: 1.1504 | PPL: 3.16
  [  3.7%] Step 55,700 | Loss: 1.1493 | PPL: 3.16
  [  4.1%] Step 55,800 | Loss: 1.1458 | PPL: 3.15
  [  4.4%] Step 55,900 | Loss: 1.1479 | PPL: 3.15
  [  4.8%] Step 56,000 | Loss: 1.1473 | PPL: 3.15
  [  5.2%] Step 56,100 | Loss: 1.1451 | PPL: 3.14
  [  5.5%] Step 56,200 | Loss: 1.1500 | PPL: 3.16
  [  5.9%] Step 56,300 | Loss: 1.1448 | PPL: 3.14
  [  6.3%] Step 56,400 | Loss: 1.1479 | PPL: 3.15
  [  6.6%] Step 56,500 | Loss: 1.1480 | PPL: 3.15
  [  7.0%] Step 56,600 | Loss: 1.1477 | PPL: 3.15
  [  7.4%] Step 56,700 | Loss: 1.1474 | PPL: 3.15
  [  7.7%] Step 56,800 | Loss: 1.1495 | PPL: 3.16
  [  8.1%] Step 56,900 | Loss: 1.1495 | PPL: 3.16
  [  8.5%] Step 57,000 | Loss: 1.1467 | PPL: 3.15
  [  8.8%] Step 57,100 | Loss: 1.1435 | PPL: 3.14
  [  9.2%] Step 57,200 | Loss: 1.1473 | PPL: 3.15
  [  9.6%] Step 57,300 | Loss: 1.1479 | PPL: 3.15
  [  9.9%] Step 57,400 | Loss: 1.1493 | PPL: 3.16
  [ 10.3%] Step 57,500 | Loss: 1.1455 | PPL: 3.14
  [ 10.6%] Step 57,600 | Loss: 1.1475 | PPL: 3.15
  [ 11.0%] Step 57,700 | Loss: 1.1439 | PPL: 3.14
  [ 11.4%] Step 57,800 | Loss: 1.1435 | PPL: 3.14
  [ 11.7%] Step 57,900 | Loss: 1.1452 | PPL: 3.14
  [ 12.1%] Step 58,000 | Loss: 1.1477 | PPL: 3.15
  [ 12.5%] Step 58,100 | Loss: 1.1476 | PPL: 3.15
  [ 12.8%] Step 58,200 | Loss: 1.1473 | PPL: 3.15
  [ 13.2%] Step 58,300 | Loss: 1.1422 | PPL: 3.13
  [ 13.6%] Step 58,400 | Loss: 1.1427 | PPL: 3.14
  [ 13.9%] Step 58,500 | Loss: 1.1434 | PPL: 3.14
  [ 14.3%] Step 58,600 | Loss: 1.1459 | PPL: 3.15
  [ 14.7%] Step 58,700 | Loss: 1.1400 | PPL: 3.13
  [ 15.0%] Step 58,800 | Loss: 1.1465 | PPL: 3.15
  [ 15.4%] Step 58,900 | Loss: 1.1471 | PPL: 3.15
  [ 15.8%] Step 59,000 | Loss: 1.1458 | PPL: 3.14
  [ 16.1%] Step 59,100 | Loss: 1.1446 | PPL: 3.14
  [ 16.5%] Step 59,200 | Loss: 1.1408 | PPL: 3.13
  [ 16.9%] Step 59,300 | Loss: 1.1436 | PPL: 3.14
  [ 17.2%] Step 59,400 | Loss: 1.1472 | PPL: 3.15
  [ 17.6%] Step 59,500 | Loss: 1.1455 | PPL: 3.14
  [ 18.0%] Step 59,600 | Loss: 1.1406 | PPL: 3.13
  [ 18.3%] Step 59,700 | Loss: 1.1464 | PPL: 3.15
  [ 18.7%] Step 59,800 | Loss: 1.1451 | PPL: 3.14
  [ 19.1%] Step 59,900 | Loss: 1.1426 | PPL: 3.13
  [ 19.4%] Step 60,000 | Loss: 1.1422 | PPL: 3.13
  [ 19.8%] Step 60,100 | Loss: 1.1389 | PPL: 3.12
  [ 20.2%] Step 60,200 | Loss: 1.1413 | PPL: 3.13
  [ 20.5%] Step 60,300 | Loss: 1.1422 | PPL: 3.13
  [ 20.9%] Step 60,400 | Loss: 1.1418 | PPL: 3.13
  [ 21.3%] Step 60,500 | Loss: 1.1373 | PPL: 3.12
  [ 21.6%] Step 60,600 | Loss: 1.1373 | PPL: 3.12
  [ 22.0%] Step 60,700 | Loss: 1.1431 | PPL: 3.14
  [ 22.4%] Step 60,800 | Loss: 1.1435 | PPL: 3.14
  [ 22.7%] Step 60,900 | Loss: 1.1411 | PPL: 3.13
  [ 23.1%] Step 61,000 | Loss: 1.1386 | PPL: 3.12
  [ 23.4%] Step 61,100 | Loss: 1.1432 | PPL: 3.14
  [ 23.8%] Step 61,200 | Loss: 1.1415 | PPL: 3.13
  [ 24.2%] Step 61,300 | Loss: 1.1410 | PPL: 3.13
  [ 24.5%] Step 61,400 | Loss: 1.1403 | PPL: 3.13
  [ 24.9%] Step 61,500 | Loss: 1.1390 | PPL: 3.12
  [ 25.3%] Step 61,600 | Loss: 1.1412 | PPL: 3.13
  [ 25.6%] Step 61,700 | Loss: 1.1420 | PPL: 3.13
  [ 26.0%] Step 61,800 | Loss: 1.1422 | PPL: 3.13
  [ 26.4%] Step 61,900 | Loss: 1.1393 | PPL: 3.12
  [ 26.7%] Step 62,000 | Loss: 1.1408 | PPL: 3.13
  [ 27.1%] Step 62,100 | Loss: 1.1382 | PPL: 3.12
  [ 27.5%] Step 62,200 | Loss: 1.1378 | PPL: 3.12
  [ 27.8%] Step 62,300 | Loss: 1.1377 | PPL: 3.12
  [ 28.2%] Step 62,400 | Loss: 1.1397 | PPL: 3.13
  [ 28.6%] Step 62,500 | Loss: 1.1412 | PPL: 3.13
  [ 28.9%] Step 62,600 | Loss: 1.1396 | PPL: 3.13
  [ 29.3%] Step 62,700 | Loss: 1.1400 | PPL: 3.13
  [ 29.7%] Step 62,800 | Loss: 1.1378 | PPL: 3.12
  [ 30.0%] Step 62,900 | Loss: 1.1384 | PPL: 3.12
  [ 30.4%] Step 63,000 | Loss: 1.1387 | PPL: 3.12
  [ 30.8%] Step 63,100 | Loss: 1.1392 | PPL: 3.12
  [ 31.1%] Step 63,200 | Loss: 1.1395 | PPL: 3.13
  [ 31.5%] Step 63,300 | Loss: 1.1378 | PPL: 3.12
  [ 31.9%] Step 63,400 | Loss: 1.1408 | PPL: 3.13
  [ 32.2%] Step 63,500 | Loss: 1.1422 | PPL: 3.13
  [ 32.6%] Step 63,600 | Loss: 1.1413 | PPL: 3.13
  [ 33.0%] Step 63,700 | Loss: 1.1426 | PPL: 3.14
  [ 33.3%] Step 63,800 | Loss: 1.1401 | PPL: 3.13
  [ 33.7%] Step 63,900 | Loss: 1.1370 | PPL: 3.12
  [ 34.1%] Step 64,000 | Loss: 1.1384 | PPL: 3.12
  [ 34.4%] Step 64,100 | Loss: 1.1368 | PPL: 3.12
  [ 34.8%] Step 64,200 | Loss: 1.1386 | PPL: 3.12
  [ 35.2%] Step 64,300 | Loss: 1.1342 | PPL: 3.11
  [ 35.5%] Step 64,400 | Loss: 1.1340 | PPL: 3.11
  [ 35.9%] Step 64,500 | Loss: 1.1364 | PPL: 3.12
  [ 36.2%] Step 64,600 | Loss: 1.1382 | PPL: 3.12
  [ 36.6%] Step 64,700 | Loss: 1.1360 | PPL: 3.11
  [ 37.0%] Step 64,800 | Loss: 1.1382 | PPL: 3.12
  [ 37.3%] Step 64,900 | Loss: 1.1354 | PPL: 3.11
  [ 37.7%] Step 65,000 | Loss: 1.1339 | PPL: 3.11
  [ 38.1%] Step 65,100 | Loss: 1.1345 | PPL: 3.11
  [ 38.4%] Step 65,200 | Loss: 1.1344 | PPL: 3.11
  [ 38.8%] Step 65,300 | Loss: 1.1353 | PPL: 3.11
  [ 39.2%] Step 65,400 | Loss: 1.1374 | PPL: 3.12
  [ 39.5%] Step 65,500 | Loss: 1.1345 | PPL: 3.11
  [ 39.9%] Step 65,600 | Loss: 1.1353 | PPL: 3.11
  [ 40.3%] Step 65,700 | Loss: 1.1339 | PPL: 3.11
  [ 40.6%] Step 65,800 | Loss: 1.1333 | PPL: 3.11
  [ 41.0%] Step 65,900 | Loss: 1.1364 | PPL: 3.12
  [ 41.4%] Step 66,000 | Loss: 1.1378 | PPL: 3.12
  [ 41.7%] Step 66,100 | Loss: 1.1397 | PPL: 3.13
  [ 42.1%] Step 66,200 | Loss: 1.1338 | PPL: 3.11
  [ 42.5%] Step 66,300 | Loss: 1.1346 | PPL: 3.11
  [ 42.8%] Step 66,400 | Loss: 1.1375 | PPL: 3.12
  [ 43.2%] Step 66,500 | Loss: 1.1315 | PPL: 3.10
  [ 43.6%] Step 66,600 | Loss: 1.1373 | PPL: 3.12
  [ 43.9%] Step 66,700 | Loss: 1.1311 | PPL: 3.10
  [ 44.3%] Step 66,800 | Loss: 1.1326 | PPL: 3.10
  [ 44.7%] Step 66,900 | Loss: 1.1316 | PPL: 3.10
  [ 45.0%] Step 67,000 | Loss: 1.1363 | PPL: 3.12
  [ 45.4%] Step 67,100 | Loss: 1.1312 | PPL: 3.10
  [ 45.8%] Step 67,200 | Loss: 1.1332 | PPL: 3.11
  [ 46.1%] Step 67,300 | Loss: 1.1340 | PPL: 3.11
  [ 46.5%] Step 67,400 | Loss: 1.1313 | PPL: 3.10
  [ 46.9%] Step 67,500 | Loss: 1.1316 | PPL: 3.10
  [ 47.2%] Step 67,600 | Loss: 1.1365 | PPL: 3.12
  [ 47.6%] Step 67,700 | Loss: 1.1326 | PPL: 3.10
  [ 48.0%] Step 67,800 | Loss: 1.1326 | PPL: 3.10
  [ 48.3%] Step 67,900 | Loss: 1.1322 | PPL: 3.10
  [ 48.7%] Step 68,000 | Loss: 1.1310 | PPL: 3.10
  [ 49.0%] Step 68,100 | Loss: 1.1352 | PPL: 3.11
  [ 49.4%] Step 68,200 | Loss: 1.1291 | PPL: 3.09
  [ 49.8%] Step 68,300 | Loss: 1.1344 | PPL: 3.11
  [ 50.1%] Step 68,400 | Loss: 1.1295 | PPL: 3.09
  [ 50.5%] Step 68,500 | Loss: 1.1322 | PPL: 3.10
  [ 50.9%] Step 68,600 | Loss: 1.1318 | PPL: 3.10
  [ 51.2%] Step 68,700 | Loss: 1.1319 | PPL: 3.10
  [ 51.6%] Step 68,800 | Loss: 1.1306 | PPL: 3.10
  [ 52.0%] Step 68,900 | Loss: 1.1286 | PPL: 3.09
  [ 52.3%] Step 69,000 | Loss: 1.1337 | PPL: 3.11
  [ 52.7%] Step 69,100 | Loss: 1.1284 | PPL: 3.09
  [ 53.1%] Step 69,200 | Loss: 1.1298 | PPL: 3.09
  [ 53.4%] Step 69,300 | Loss: 1.1324 | PPL: 3.10
  [ 53.8%] Step 69,400 | Loss: 1.1325 | PPL: 3.10
  [ 54.2%] Step 69,500 | Loss: 1.1337 | PPL: 3.11
  [ 54.5%] Step 69,600 | Loss: 1.1289 | PPL: 3.09
  [ 54.9%] Step 69,700 | Loss: 1.1299 | PPL: 3.10
  [ 55.3%] Step 69,800 | Loss: 1.1291 | PPL: 3.09
  [ 55.6%] Step 69,900 | Loss: 1.1267 | PPL: 3.09
  [ 56.0%] Step 70,000 | Loss: 1.1299 | PPL: 3.10
  [ 56.4%] Step 70,100 | Loss: 1.1311 | PPL: 3.10
  [ 56.7%] Step 70,200 | Loss: 1.1307 | PPL: 3.10
  [ 57.1%] Step 70,300 | Loss: 1.1295 | PPL: 3.09
  [ 57.5%] Step 70,400 | Loss: 1.1291 | PPL: 3.09
  [ 57.8%] Step 70,500 | Loss: 1.1292 | PPL: 3.09
  [ 58.2%] Step 70,600 | Loss: 1.1275 | PPL: 3.09
  [ 58.6%] Step 70,700 | Loss: 1.1305 | PPL: 3.10
  [ 58.9%] Step 70,800 | Loss: 1.1320 | PPL: 3.10
  [ 59.3%] Step 70,900 | Loss: 1.1313 | PPL: 3.10
  [ 59.7%] Step 71,000 | Loss: 1.1268 | PPL: 3.09
  [ 60.0%] Step 71,100 | Loss: 1.1292 | PPL: 3.09
  [ 60.4%] Step 71,200 | Loss: 1.1262 | PPL: 3.08
  [ 60.8%] Step 71,300 | Loss: 1.1307 | PPL: 3.10
  [ 61.1%] Step 71,400 | Loss: 1.1286 | PPL: 3.09
  [ 61.5%] Step 71,500 | Loss: 1.1279 | PPL: 3.09
  [ 61.8%] Step 71,600 | Loss: 1.1326 | PPL: 3.10
  [ 62.2%] Step 71,700 | Loss: 1.1287 | PPL: 3.09
  [ 62.6%] Step 71,800 | Loss: 1.1290 | PPL: 3.09
  [ 62.9%] Step 71,900 | Loss: 1.1286 | PPL: 3.09
  [ 63.3%] Step 72,000 | Loss: 1.1258 | PPL: 3.08
  [ 63.7%] Step 72,100 | Loss: 1.1248 | PPL: 3.08
  [ 64.0%] Step 72,200 | Loss: 1.1296 | PPL: 3.09
  [ 64.4%] Step 72,300 | Loss: 1.1267 | PPL: 3.09
  [ 64.8%] Step 72,400 | Loss: 1.1275 | PPL: 3.09
  [ 65.1%] Step 72,500 | Loss: 1.1281 | PPL: 3.09
  [ 65.5%] Step 72,600 | Loss: 1.1279 | PPL: 3.09
  [ 65.9%] Step 72,700 | Loss: 1.1258 | PPL: 3.08
  [ 66.2%] Step 72,800 | Loss: 1.1276 | PPL: 3.09
  [ 66.6%] Step 72,900 | Loss: 1.1280 | PPL: 3.09
  [ 67.0%] Step 73,000 | Loss: 1.1292 | PPL: 3.09
  [ 67.3%] Step 73,100 | Loss: 1.1274 | PPL: 3.09
  [ 67.7%] Step 73,200 | Loss: 1.1230 | PPL: 3.07
  [ 68.1%] Step 73,300 | Loss: 1.1266 | PPL: 3.09
  [ 68.4%] Step 73,400 | Loss: 1.1288 | PPL: 3.09
  [ 68.8%] Step 73,500 | Loss: 1.1232 | PPL: 3.07
  [ 69.2%] Step 73,600 | Loss: 1.1273 | PPL: 3.09
  [ 69.5%] Step 73,700 | Loss: 1.1253 | PPL: 3.08
  [ 69.9%] Step 73,800 | Loss: 1.1265 | PPL: 3.08
  [ 70.3%] Step 73,900 | Loss: 1.1299 | PPL: 3.10
  [ 70.6%] Step 74,000 | Loss: 1.1275 | PPL: 3.09
  [ 71.0%] Step 74,100 | Loss: 1.1225 | PPL: 3.07
  [ 71.4%] Step 74,200 | Loss: 1.1233 | PPL: 3.08
  [ 71.7%] Step 74,300 | Loss: 1.1265 | PPL: 3.08
  [ 72.1%] Step 74,400 | Loss: 1.1256 | PPL: 3.08
  [ 72.5%] Step 74,500 | Loss: 1.1273 | PPL: 3.09
  [ 72.8%] Step 74,600 | Loss: 1.1236 | PPL: 3.08
  [ 73.2%] Step 74,700 | Loss: 1.1258 | PPL: 3.08
  [ 73.6%] Step 74,800 | Loss: 1.1235 | PPL: 3.08
  [ 73.9%] Step 74,900 | Loss: 1.1254 | PPL: 3.08
  [ 74.3%] Step 75,000 | Loss: 1.1234 | PPL: 3.08
  [ 74.6%] Step 75,100 | Loss: 1.1255 | PPL: 3.08
  [ 75.0%] Step 75,200 | Loss: 1.1273 | PPL: 3.09
  [ 75.4%] Step 75,300 | Loss: 1.1245 | PPL: 3.08
  [ 75.7%] Step 75,400 | Loss: 1.1235 | PPL: 3.08
  [ 76.1%] Step 75,500 | Loss: 1.1244 | PPL: 3.08
  [ 76.5%] Step 75,600 | Loss: 1.1284 | PPL: 3.09
  [ 76.8%] Step 75,700 | Loss: 1.1216 | PPL: 3.07
  [ 77.2%] Step 75,800 | Loss: 1.1229 | PPL: 3.07
  [ 77.6%] Step 75,900 | Loss: 1.1244 | PPL: 3.08
  [ 77.9%] Step 76,000 | Loss: 1.1202 | PPL: 3.07
  [ 78.3%] Step 76,100 | Loss: 1.1263 | PPL: 3.08
  [ 78.7%] Step 76,200 | Loss: 1.1253 | PPL: 3.08
  [ 79.0%] Step 76,300 | Loss: 1.1244 | PPL: 3.08
  [ 79.4%] Step 76,400 | Loss: 1.1241 | PPL: 3.08
  [ 79.8%] Step 76,500 | Loss: 1.1251 | PPL: 3.08
  [ 80.1%] Step 76,600 | Loss: 1.1257 | PPL: 3.08
  [ 80.5%] Step 76,700 | Loss: 1.1226 | PPL: 3.07
  [ 80.9%] Step 76,800 | Loss: 1.1222 | PPL: 3.07
  [ 81.2%] Step 76,900 | Loss: 1.1227 | PPL: 3.07
  [ 81.6%] Step 77,000 | Loss: 1.1258 | PPL: 3.08
  [ 82.0%] Step 77,100 | Loss: 1.1222 | PPL: 3.07
  [ 82.3%] Step 77,200 | Loss: 1.1210 | PPL: 3.07
  [ 82.7%] Step 77,300 | Loss: 1.1228 | PPL: 3.07
  [ 83.1%] Step 77,400 | Loss: 1.1237 | PPL: 3.08
  [ 83.4%] Step 77,500 | Loss: 1.1206 | PPL: 3.07
  [ 83.8%] Step 77,600 | Loss: 1.1216 | PPL: 3.07
  [ 84.2%] Step 77,700 | Loss: 1.1203 | PPL: 3.07
  [ 84.5%] Step 77,800 | Loss: 1.1239 | PPL: 3.08
  [ 84.9%] Step 77,900 | Loss: 1.1245 | PPL: 3.08
  [ 85.3%] Step 78,000 | Loss: 1.1249 | PPL: 3.08
  [ 85.6%] Step 78,100 | Loss: 1.1223 | PPL: 3.07
  [ 86.0%] Step 78,200 | Loss: 1.1191 | PPL: 3.06
  [ 86.4%] Step 78,300 | Loss: 1.1264 | PPL: 3.08
  [ 86.7%] Step 78,400 | Loss: 1.1224 | PPL: 3.07
  [ 87.1%] Step 78,500 | Loss: 1.1227 | PPL: 3.07
  [ 87.4%] Step 78,600 | Loss: 1.1219 | PPL: 3.07
  [ 87.8%] Step 78,700 | Loss: 1.1204 | PPL: 3.07
  [ 88.2%] Step 78,800 | Loss: 1.1188 | PPL: 3.06
  [ 88.5%] Step 78,900 | Loss: 1.1190 | PPL: 3.06
  [ 88.9%] Step 79,000 | Loss: 1.1167 | PPL: 3.05
  [ 89.3%] Step 79,100 | Loss: 1.1179 | PPL: 3.06
  [ 89.6%] Step 79,200 | Loss: 1.1205 | PPL: 3.07
  [ 90.0%] Step 79,300 | Loss: 1.1178 | PPL: 3.06
  [ 90.4%] Step 79,400 | Loss: 1.1213 | PPL: 3.07
  [ 90.7%] Step 79,500 | Loss: 1.1172 | PPL: 3.06
  [ 91.1%] Step 79,600 | Loss: 1.1194 | PPL: 3.06
  [ 91.5%] Step 79,700 | Loss: 1.1191 | PPL: 3.06
  [ 91.8%] Step 79,800 | Loss: 1.1226 | PPL: 3.07
  [ 92.2%] Step 79,900 | Loss: 1.1198 | PPL: 3.06
  [ 92.6%] Step 80,000 | Loss: 1.1237 | PPL: 3.08
  [ 92.9%] Step 80,100 | Loss: 1.1196 | PPL: 3.06
  [ 93.3%] Step 80,200 | Loss: 1.1211 | PPL: 3.07
  [ 93.7%] Step 80,300 | Loss: 1.1206 | PPL: 3.07
  [ 94.0%] Step 80,400 | Loss: 1.1176 | PPL: 3.06
  [ 94.4%] Step 80,500 | Loss: 1.1180 | PPL: 3.06
  [ 94.8%] Step 80,600 | Loss: 1.1181 | PPL: 3.06
  [ 95.1%] Step 80,700 | Loss: 1.1186 | PPL: 3.06
  [ 95.5%] Step 80,800 | Loss: 1.1178 | PPL: 3.06
  [ 95.9%] Step 80,900 | Loss: 1.1210 | PPL: 3.07
  [ 96.2%] Step 81,000 | Loss: 1.1214 | PPL: 3.07
  [ 96.6%] Step 81,100 | Loss: 1.1209 | PPL: 3.07
  [ 97.0%] Step 81,200 | Loss: 1.1172 | PPL: 3.06
  [ 97.3%] Step 81,300 | Loss: 1.1184 | PPL: 3.06
  [ 97.7%] Step 81,400 | Loss: 1.1165 | PPL: 3.05
  [ 98.1%] Step 81,500 | Loss: 1.1222 | PPL: 3.07
  [ 98.4%] Step 81,600 | Loss: 1.1190 | PPL: 3.06
  [ 98.8%] Step 81,700 | Loss: 1.1205 | PPL: 3.07
  [ 99.2%] Step 81,800 | Loss: 1.1186 | PPL: 3.06
  [ 99.5%] Step 81,900 | Loss: 1.1163 | PPL: 3.05
  [ 99.9%] Step 82,000 | Loss: 1.1152 | PPL: 3.05
  [100.0%] Step 82,032 | Loss: 1.1225 | PPL: 3.07
[Epoch 3/3] Validating...
[Epoch 3/3] Loss: 1.1755 | PPL: 3.24
  -> Saved best model to checkpoints_v4\uz_best.pt
============================================================
Training complete. Running final evaluation...
============================================================

Final Test Loss: 1.2296 | Test PPL: 3.42
Done!
Wrote checkpoints_v4\uz_best.pt.runrecord.json
[1;34mwandb[0m: 
[1;34mwandb[0m: You can sync this run to the cloud by running:
[1;34mwandb[0m: [1mwandb sync C:\Users\Test\PROJECTS\LSTM\wandb\offline-run-20260903_011514-txiodov1[0m
[1;34mwandb[0m: Find logs at: [1;35mwandb\offline-run-20260903_011514-txiodov1\logs[0m
--- v4/uz end rc=0 Thu Sep  3 02:16:44 PDT 2026 ---
--- v4/ug start Thu Sep  3 02:16:44 PDT 2026 ---
wandb: Tracking run with wandb version 0.23.1
wandb: W&B syncing is set to `offline` in this directory. Run `wandb online` or set WANDB_MODE=online to enable cloud syncing.
wandb: Run data is saved locally in C:\Users\Test\PROJECTS\LSTM\wandb\offline-run-20260903_021647-32b4lhun
Loading data from rebuild_2026-09\corpora_clean_v4\oscar_ug_ipa.txt...
  Loaded: 10,000,000 chars total
  Train: 7,000,000 chars
  Val: 1,500,000 chars
  Test: 1,500,000 chars
Building vocab from training text...
  Vocab size: 36
============================================================
Training config
============================================================
  Language: Uyghur (ug)
  Mode: Train from scratch
  Device: cuda
  Batch size: 256
  Workers: 0
  Pin memory: True
  Epochs: 3
  LR: 0.0001
  Seed: 1234
  Freeze embed: False
  Output: checkpoints_v4\ug_best.pt
Creating data loaders...
  Train batches: 27,344
  Val batches: 5,859

Model config
  Device: cuda
  Embed dim: 128
  Hidden dim: 256
  Layers: 2
  Parameters: 935,460
  Optimizer: Adam (lr=0.0001)
============================================================
Starting training: 3 epochs, 27344 batches/epoch
============================================================
[Epoch 1/3] Starting...
  [  0.4%] Step 100 | Loss: 3.2275 | PPL: 25.22
  [  0.7%] Step 200 | Loss: 2.8475 | PPL: 17.24
  [  1.1%] Step 300 | Loss: 2.5229 | PPL: 12.46
  [  1.5%] Step 400 | Loss: 2.3860 | PPL: 10.87
  [  1.8%] Step 500 | Loss: 2.3091 | PPL: 10.06
  [  2.2%] Step 600 | Loss: 2.2486 | PPL: 9.47
  [  2.6%] Step 700 | Loss: 2.2031 | PPL: 9.05
  [  2.9%] Step 800 | Loss: 2.1557 | PPL: 8.63
  [  3.3%] Step 900 | Loss: 2.1134 | PPL: 8.28
  [  3.7%] Step 1,000 | Loss: 2.0760 | PPL: 7.97
  [  4.0%] Step 1,100 | Loss: 2.0377 | PPL: 7.67
  [  4.4%] Step 1,200 | Loss: 2.0076 | PPL: 7.45
  [  4.8%] Step 1,300 | Loss: 1.9755 | PPL: 7.21
  [  5.1%] Step 1,400 | Loss: 1.9499 | PPL: 7.03
  [  5.5%] Step 1,500 | Loss: 1.9267 | PPL: 6.87
  [  5.9%] Step 1,600 | Loss: 1.9004 | PPL: 6.69
  [  6.2%] Step 1,700 | Loss: 1.8823 | PPL: 6.57
  [  6.6%] Step 1,800 | Loss: 1.8614 | PPL: 6.43
  [  6.9%] Step 1,900 | Loss: 1.8424 | PPL: 6.31
  [  7.3%] Step 2,000 | Loss: 1.8234 | PPL: 6.19
  [  7.7%] Step 2,100 | Loss: 1.8075 | PPL: 6.10
  [  8.0%] Step 2,200 | Loss: 1.7920 | PPL: 6.00
  [  8.4%] Step 2,300 | Loss: 1.7776 | PPL: 5.92
  [  8.8%] Step 2,400 | Loss: 1.7620 | PPL: 5.82
  [  9.1%] Step 2,500 | Loss: 1.7532 | PPL: 5.77
  [  9.5%] Step 2,600 | Loss: 1.7388 | PPL: 5.69
  [  9.9%] Step 2,700 | Loss: 1.7250 | PPL: 5.61
  [ 10.2%] Step 2,800 | Loss: 1.7117 | PPL: 5.54
  [ 10.6%] Step 2,900 | Loss: 1.7006 | PPL: 5.48
  [ 11.0%] Step 3,000 | Loss: 1.6915 | PPL: 5.43
  [ 11.3%] Step 3,100 | Loss: 1.6829 | PPL: 5.38
  [ 11.7%] Step 3,200 | Loss: 1.6710 | PPL: 5.32
  [ 12.1%] Step 3,300 | Loss: 1.6624 | PPL: 5.27
  [ 12.4%] Step 3,400 | Loss: 1.6558 | PPL: 5.24
  [ 12.8%] Step 3,500 | Loss: 1.6461 | PPL: 5.19
  [ 13.2%] Step 3,600 | Loss: 1.6382 | PPL: 5.15
  [ 13.5%] Step 3,700 | Loss: 1.6285 | PPL: 5.10
  [ 13.9%] Step 3,800 | Loss: 1.6230 | PPL: 5.07
  [ 14.3%] Step 3,900 | Loss: 1.6121 | PPL: 5.01
  [ 14.6%] Step 4,000 | Loss: 1.6055 | PPL: 4.98
  [ 15.0%] Step 4,100 | Loss: 1.5971 | PPL: 4.94
  [ 15.4%] Step 4,200 | Loss: 1.5916 | PPL: 4.91
  [ 15.7%] Step 4,300 | Loss: 1.5851 | PPL: 4.88
  [ 16.1%] Step 4,400 | Loss: 1.5808 | PPL: 4.86
  [ 16.5%] Step 4,500 | Loss: 1.5738 | PPL: 4.83
  [ 16.8%] Step 4,600 | Loss: 1.5642 | PPL: 4.78
  [ 17.2%] Step 4,700 | Loss: 1.5628 | PPL: 4.77
  [ 17.6%] Step 4,800 | Loss: 1.5557 | PPL: 4.74
  [ 17.9%] Step 4,900 | Loss: 1.5522 | PPL: 4.72
  [ 18.3%] Step 5,000 | Loss: 1.5435 | PPL: 4.68
  [ 18.7%] Step 5,100 | Loss: 1.5418 | PPL: 4.67
  [ 19.0%] Step 5,200 | Loss: 1.5328 | PPL: 4.63
  [ 19.4%] Step 5,300 | Loss: 1.5258 | PPL: 4.60
  [ 19.7%] Step 5,400 | Loss: 1.5221 | PPL: 4.58
  [ 20.1%] Step 5,500 | Loss: 1.5194 | PPL: 4.57
  [ 20.5%] Step 5,600 | Loss: 1.5138 | PPL: 4.54
  [ 20.8%] Step 5,700 | Loss: 1.5062 | PPL: 4.51
  [ 21.2%] Step 5,800 | Loss: 1.5013 | PPL: 4.49
  [ 21.6%] Step 5,900 | Loss: 1.5016 | PPL: 4.49
  [ 21.9%] Step 6,000 | Loss: 1.4928 | PPL: 4.45
  [ 22.3%] Step 6,100 | Loss: 1.4906 | PPL: 4.44
  [ 22.7%] Step 6,200 | Loss: 1.4856 | PPL: 4.42
  [ 23.0%] Step 6,300 | Loss: 1.4830 | PPL: 4.41
  [ 23.4%] Step 6,400 | Loss: 1.4765 | PPL: 4.38
  [ 23.8%] Step 6,500 | Loss: 1.4783 | PPL: 4.39
  [ 24.1%] Step 6,600 | Loss: 1.4684 | PPL: 4.34
  [ 24.5%] Step 6,700 | Loss: 1.4656 | PPL: 4.33
  [ 24.9%] Step 6,800 | Loss: 1.4617 | PPL: 4.31
  [ 25.2%] Step 6,900 | Loss: 1.4568 | PPL: 4.29
  [ 25.6%] Step 7,000 | Loss: 1.4541 | PPL: 4.28
  [ 26.0%] Step 7,100 | Loss: 1.4541 | PPL: 4.28
  [ 26.3%] Step 7,200 | Loss: 1.4494 | PPL: 4.26
  [ 26.7%] Step 7,300 | Loss: 1.4469 | PPL: 4.25
  [ 27.1%] Step 7,400 | Loss: 1.4408 | PPL: 4.22
  [ 27.4%] Step 7,500 | Loss: 1.4407 | PPL: 4.22
  [ 27.8%] Step 7,600 | Loss: 1.4384 | PPL: 4.21
  [ 28.2%] Step 7,700 | Loss: 1.4330 | PPL: 4.19
  [ 28.5%] Step 7,800 | Loss: 1.4328 | PPL: 4.19
  [ 28.9%] Step 7,900 | Loss: 1.4265 | PPL: 4.16
  [ 29.3%] Step 8,000 | Loss: 1.4247 | PPL: 4.16
  [ 29.6%] Step 8,100 | Loss: 1.4178 | PPL: 4.13
  [ 30.0%] Step 8,200 | Loss: 1.4209 | PPL: 4.14
  [ 30.4%] Step 8,300 | Loss: 1.4161 | PPL: 4.12
  [ 30.7%] Step 8,400 | Loss: 1.4125 | PPL: 4.11
  [ 31.1%] Step 8,500 | Loss: 1.4109 | PPL: 4.10
  [ 31.5%] Step 8,600 | Loss: 1.4074 | PPL: 4.09
  [ 31.8%] Step 8,700 | Loss: 1.4040 | PPL: 4.07
  [ 32.2%] Step 8,800 | Loss: 1.4013 | PPL: 4.06
  [ 32.5%] Step 8,900 | Loss: 1.3974 | PPL: 4.04
  [ 32.9%] Step 9,000 | Loss: 1.3976 | PPL: 4.05
  [ 33.3%] Step 9,100 | Loss: 1.3958 | PPL: 4.04
  [ 33.6%] Step 9,200 | Loss: 1.3954 | PPL: 4.04
  [ 34.0%] Step 9,300 | Loss: 1.3896 | PPL: 4.01
  [ 34.4%] Step 9,400 | Loss: 1.3916 | PPL: 4.02
  [ 34.7%] Step 9,500 | Loss: 1.3855 | PPL: 4.00
  [ 35.1%] Step 9,600 | Loss: 1.3864 | PPL: 4.00
  [ 35.5%] Step 9,700 | Loss: 1.3799 | PPL: 3.97
  [ 35.8%] Step 9,800 | Loss: 1.3764 | PPL: 3.96
  [ 36.2%] Step 9,900 | Loss: 1.3759 | PPL: 3.96
  [ 36.6%] Step 10,000 | Loss: 1.3796 | PPL: 3.97
  [ 36.9%] Step 10,100 | Loss: 1.3721 | PPL: 3.94
  [ 37.3%] Step 10,200 | Loss: 1.3672 | PPL: 3.92
  [ 37.7%] Step 10,300 | Loss: 1.3702 | PPL: 3.94
  [ 38.0%] Step 10,400 | Loss: 1.3659 | PPL: 3.92
  [ 38.4%] Step 10,500 | Loss: 1.3660 | PPL: 3.92
  [ 38.8%] Step 10,600 | Loss: 1.3609 | PPL: 3.90
  [ 39.1%] Step 10,700 | Loss: 1.3606 | PPL: 3.90
  [ 39.5%] Step 10,800 | Loss: 1.3597 | PPL: 3.90
  [ 39.9%] Step 10,900 | Loss: 1.3572 | PPL: 3.89
  [ 40.2%] Step 11,000 | Loss: 1.3517 | PPL: 3.86
  [ 40.6%] Step 11,100 | Loss: 1.3517 | PPL: 3.86
  [ 41.0%] Step 11,200 | Loss: 1.3531 | PPL: 3.87
  [ 41.3%] Step 11,300 | Loss: 1.3483 | PPL: 3.85
  [ 41.7%] Step 11,400 | Loss: 1.3466 | PPL: 3.84
  [ 42.1%] Step 11,500 | Loss: 1.3466 | PPL: 3.84
  [ 42.4%] Step 11,600 | Loss: 1.3467 | PPL: 3.84
  [ 42.8%] Step 11,700 | Loss: 1.3423 | PPL: 3.83
  [ 43.2%] Step 11,800 | Loss: 1.3385 | PPL: 3.81
  [ 43.5%] Step 11,900 | Loss: 1.3395 | PPL: 3.82
  [ 43.9%] Step 12,000 | Loss: 1.3377 | PPL: 3.81
  [ 44.3%] Step 12,100 | Loss: 1.3393 | PPL: 3.82
  [ 44.6%] Step 12,200 | Loss: 1.3349 | PPL: 3.80
  [ 45.0%] Step 12,300 | Loss: 1.3331 | PPL: 3.79
  [ 45.3%] Step 12,400 | Loss: 1.3275 | PPL: 3.77
  [ 45.7%] Step 12,500 | Loss: 1.3283 | PPL: 3.77
  [ 46.1%] Step 12,600 | Loss: 1.3277 | PPL: 3.77
  [ 46.4%] Step 12,700 | Loss: 1.3271 | PPL: 3.77
  [ 46.8%] Step 12,800 | Loss: 1.3266 | PPL: 3.77
  [ 47.2%] Step 12,900 | Loss: 1.3220 | PPL: 3.75
  [ 47.5%] Step 13,000 | Loss: 1.3236 | PPL: 3.76
  [ 47.9%] Step 13,100 | Loss: 1.3222 | PPL: 3.75
  [ 48.3%] Step 13,200 | Loss: 1.3233 | PPL: 3.76
  [ 48.6%] Step 13,300 | Loss: 1.3220 | PPL: 3.75
  [ 49.0%] Step 13,400 | Loss: 1.3145 | PPL: 3.72
  [ 49.4%] Step 13,500 | Loss: 1.3194 | PPL: 3.74
  [ 49.7%] Step 13,600 | Loss: 1.3153 | PPL: 3.73
  [ 50.1%] Step 13,700 | Loss: 1.3103 | PPL: 3.71
  [ 50.5%] Step 13,800 | Loss: 1.3142 | PPL: 3.72
  [ 50.8%] Step 13,900 | Loss: 1.3130 | PPL: 3.72
  [ 51.2%] Step 14,000 | Loss: 1.3108 | PPL: 3.71
  [ 51.6%] Step 14,100 | Loss: 1.3049 | PPL: 3.69
  [ 51.9%] Step 14,200 | Loss: 1.3056 | PPL: 3.69
  [ 52.3%] Step 14,300 | Loss: 1.3030 | PPL: 3.68
  [ 52.7%] Step 14,400 | Loss: 1.3060 | PPL: 3.69
  [ 53.0%] Step 14,500 | Loss: 1.3032 | PPL: 3.68
  [ 53.4%] Step 14,600 | Loss: 1.3009 | PPL: 3.67
  [ 53.8%] Step 14,700 | Loss: 1.2958 | PPL: 3.65
  [ 54.1%] Step 14,800 | Loss: 1.3005 | PPL: 3.67
  [ 54.5%] Step 14,900 | Loss: 1.2994 | PPL: 3.67
  [ 54.9%] Step 15,000 | Loss: 1.2983 | PPL: 3.66
  [ 55.2%] Step 15,100 | Loss: 1.2948 | PPL: 3.65
  [ 55.6%] Step 15,200 | Loss: 1.2931 | PPL: 3.64
  [ 56.0%] Step 15,300 | Loss: 1.2961 | PPL: 3.65
  [ 56.3%] Step 15,400 | Loss: 1.2915 | PPL: 3.64
  [ 56.7%] Step 15,500 | Loss: 1.2871 | PPL: 3.62
  [ 57.1%] Step 15,600 | Loss: 1.2873 | PPL: 3.62
  [ 57.4%] Step 15,700 | Loss: 1.2885 | PPL: 3.63
  [ 57.8%] Step 15,800 | Loss: 1.2926 | PPL: 3.64
  [ 58.1%] Step 15,900 | Loss: 1.2912 | PPL: 3.64
  [ 58.5%] Step 16,000 | Loss: 1.2934 | PPL: 3.65
  [ 58.9%] Step 16,100 | Loss: 1.2855 | PPL: 3.62
  [ 59.2%] Step 16,200 | Loss: 1.2828 | PPL: 3.61
  [ 59.6%] Step 16,300 | Loss: 1.2830 | PPL: 3.61
  [ 60.0%] Step 16,400 | Loss: 1.2804 | PPL: 3.60
  [ 60.3%] Step 16,500 | Loss: 1.2803 | PPL: 3.60
  [ 60.7%] Step 16,600 | Loss: 1.2757 | PPL: 3.58
  [ 61.1%] Step 16,700 | Loss: 1.2779 | PPL: 3.59
  [ 61.4%] Step 16,800 | Loss: 1.2777 | PPL: 3.59
  [ 61.8%] Step 16,900 | Loss: 1.2739 | PPL: 3.57
  [ 62.2%] Step 17,000 | Loss: 1.2755 | PPL: 3.58
  [ 62.5%] Step 17,100 | Loss: 1.2726 | PPL: 3.57
  [ 62.9%] Step 17,200 | Loss: 1.2720 | PPL: 3.57
  [ 63.3%] Step 17,300 | Loss: 1.2695 | PPL: 3.56
  [ 63.6%] Step 17,400 | Loss: 1.2755 | PPL: 3.58
  [ 64.0%] Step 17,500 | Loss: 1.2677 | PPL: 3.55
  [ 64.4%] Step 17,600 | Loss: 1.2693 | PPL: 3.56
  [ 64.7%] Step 17,700 | Loss: 1.2683 | PPL: 3.55
  [ 65.1%] Step 17,800 | Loss: 1.2615 | PPL: 3.53
  [ 65.5%] Step 17,900 | Loss: 1.2654 | PPL: 3.54
  [ 65.8%] Step 18,000 | Loss: 1.2661 | PPL: 3.55
  [ 66.2%] Step 18,100 | Loss: 1.2662 | PPL: 3.55
  [ 66.6%] Step 18,200 | Loss: 1.2617 | PPL: 3.53
  [ 66.9%] Step 18,300 | Loss: 1.2617 | PPL: 3.53
  [ 67.3%] Step 18,400 | Loss: 1.2587 | PPL: 3.52
  [ 67.7%] Step 18,500 | Loss: 1.2639 | PPL: 3.54
  [ 68.0%] Step 18,600 | Loss: 1.2601 | PPL: 3.53
  [ 68.4%] Step 18,700 | Loss: 1.2588 | PPL: 3.52
  [ 68.8%] Step 18,800 | Loss: 1.2578 | PPL: 3.52
  [ 69.1%] Step 18,900 | Loss: 1.2565 | PPL: 3.51
  [ 69.5%] Step 19,000 | Loss: 1.2497 | PPL: 3.49
  [ 69.9%] Step 19,100 | Loss: 1.2550 | PPL: 3.51
  [ 70.2%] Step 19,200 | Loss: 1.2520 | PPL: 3.50
  [ 70.6%] Step 19,300 | Loss: 1.2541 | PPL: 3.50
  [ 70.9%] Step 19,400 | Loss: 1.2534 | PPL: 3.50
  [ 71.3%] Step 19,500 | Loss: 1.2506 | PPL: 3.49
  [ 71.7%] Step 19,600 | Loss: 1.2519 | PPL: 3.50
  [ 72.0%] Step 19,700 | Loss: 1.2531 | PPL: 3.50
  [ 72.4%] Step 19,800 | Loss: 1.2509 | PPL: 3.49
  [ 72.8%] Step 19,900 | Loss: 1.2473 | PPL: 3.48
  [ 73.1%] Step 20,000 | Loss: 1.2507 | PPL: 3.49
  [ 73.5%] Step 20,100 | Loss: 1.2472 | PPL: 3.48
  [ 73.9%] Step 20,200 | Loss: 1.2464 | PPL: 3.48
  [ 74.2%] Step 20,300 | Loss: 1.2443 | PPL: 3.47
  [ 74.6%] Step 20,400 | Loss: 1.2432 | PPL: 3.47
  [ 75.0%] Step 20,500 | Loss: 1.2446 | PPL: 3.47
  [ 75.3%] Step 20,600 | Loss: 1.2420 | PPL: 3.46
  [ 75.7%] Step 20,700 | Loss: 1.2483 | PPL: 3.48
  [ 76.1%] Step 20,800 | Loss: 1.2420 | PPL: 3.46
  [ 76.4%] Step 20,900 | Loss: 1.2400 | PPL: 3.46
  [ 76.8%] Step 21,000 | Loss: 1.2405 | PPL: 3.46
  [ 77.2%] Step 21,100 | Loss: 1.2415 | PPL: 3.46
  [ 77.5%] Step 21,200 | Loss: 1.2417 | PPL: 3.46
  [ 77.9%] Step 21,300 | Loss: 1.2374 | PPL: 3.45
  [ 78.3%] Step 21,400 | Loss: 1.2404 | PPL: 3.46
  [ 78.6%] Step 21,500 | Loss: 1.2339 | PPL: 3.43
  [ 79.0%] Step 21,600 | Loss: 1.2353 | PPL: 3.44
  [ 79.4%] Step 21,700 | Loss: 1.2356 | PPL: 3.44
  [ 79.7%] Step 21,800 | Loss: 1.2378 | PPL: 3.45
  [ 80.1%] Step 21,900 | Loss: 1.2348 | PPL: 3.44
  [ 80.5%] Step 22,000 | Loss: 1.2328 | PPL: 3.43
  [ 80.8%] Step 22,100 | Loss: 1.2325 | PPL: 3.43
  [ 81.2%] Step 22,200 | Loss: 1.2385 | PPL: 3.45
  [ 81.6%] Step 22,300 | Loss: 1.2334 | PPL: 3.43
  [ 81.9%] Step 22,400 | Loss: 1.2310 | PPL: 3.42
  [ 82.3%] Step 22,500 | Loss: 1.2281 | PPL: 3.41
  [ 82.7%] Step 22,600 | Loss: 1.2371 | PPL: 3.45
  [ 83.0%] Step 22,700 | Loss: 1.2298 | PPL: 3.42
  [ 83.4%] Step 22,800 | Loss: 1.2287 | PPL: 3.42
  [ 83.7%] Step 22,900 | Loss: 1.2275 | PPL: 3.41
  [ 84.1%] Step 23,000 | Loss: 1.2287 | PPL: 3.42
  [ 84.5%] Step 23,100 | Loss: 1.2288 | PPL: 3.42
  [ 84.8%] Step 23,200 | Loss: 1.2226 | PPL: 3.40
  [ 85.2%] Step 23,300 | Loss: 1.2298 | PPL: 3.42
  [ 85.6%] Step 23,400 | Loss: 1.2220 | PPL: 3.39
  [ 85.9%] Step 23,500 | Loss: 1.2227 | PPL: 3.40
  [ 86.3%] Step 23,600 | Loss: 1.2215 | PPL: 3.39
  [ 86.7%] Step 23,700 | Loss: 1.2235 | PPL: 3.40
  [ 87.0%] Step 23,800 | Loss: 1.2176 | PPL: 3.38
  [ 87.4%] Step 23,900 | Loss: 1.2222 | PPL: 3.39
  [ 87.8%] Step 24,000 | Loss: 1.2215 | PPL: 3.39
  [ 88.1%] Step 24,100 | Loss: 1.2226 | PPL: 3.40
  [ 88.5%] Step 24,200 | Loss: 1.2224 | PPL: 3.40
  [ 88.9%] Step 24,300 | Loss: 1.2226 | PPL: 3.40
  [ 89.2%] Step 24,400 | Loss: 1.2168 | PPL: 3.38
  [ 89.6%] Step 24,500 | Loss: 1.2153 | PPL: 3.37
  [ 90.0%] Step 24,600 | Loss: 1.2178 | PPL: 3.38
  [ 90.3%] Step 24,700 | Loss: 1.2183 | PPL: 3.38
  [ 90.7%] Step 24,800 | Loss: 1.2167 | PPL: 3.38
  [ 91.1%] Step 24,900 | Loss: 1.2134 | PPL: 3.36
  [ 91.4%] Step 25,000 | Loss: 1.2188 | PPL: 3.38
  [ 91.8%] Step 25,100 | Loss: 1.2144 | PPL: 3.37
  [ 92.2%] Step 25,200 | Loss: 1.2124 | PPL: 3.36
  [ 92.5%] Step 25,300 | Loss: 1.2134 | PPL: 3.36
  [ 92.9%] Step 25,400 | Loss: 1.2140 | PPL: 3.37
  [ 93.3%] Step 25,500 | Loss: 1.2113 | PPL: 3.36
  [ 93.6%] Step 25,600 | Loss: 1.2137 | PPL: 3.37
  [ 94.0%] Step 25,700 | Loss: 1.2117 | PPL: 3.36
  [ 94.4%] Step 25,800 | Loss: 1.2120 | PPL: 3.36
  [ 94.7%] Step 25,900 | Loss: 1.2117 | PPL: 3.36
  [ 95.1%] Step 26,000 | Loss: 1.2106 | PPL: 3.36
  [ 95.5%] Step 26,100 | Loss: 1.2069 | PPL: 3.34
  [ 95.8%] Step 26,200 | Loss: 1.2080 | PPL: 3.35
  [ 96.2%] Step 26,300 | Loss: 1.2044 | PPL: 3.33
  [ 96.5%] Step 26,400 | Loss: 1.2066 | PPL: 3.34
  [ 96.9%] Step 26,500 | Loss: 1.2106 | PPL: 3.36
  [ 97.3%] Step 26,600 | Loss: 1.2100 | PPL: 3.35
  [ 97.6%] Step 26,700 | Loss: 1.2053 | PPL: 3.34
  [ 98.0%] Step 26,800 | Loss: 1.2058 | PPL: 3.34
  [ 98.4%] Step 26,900 | Loss: 1.2028 | PPL: 3.33
  [ 98.7%] Step 27,000 | Loss: 1.2039 | PPL: 3.33
  [ 99.1%] Step 27,100 | Loss: 1.2076 | PPL: 3.35
  [ 99.5%] Step 27,200 | Loss: 1.2043 | PPL: 3.33
  [ 99.8%] Step 27,300 | Loss: 1.2011 | PPL: 3.32
  [100.0%] Step 27,344 | Loss: 1.1983 | PPL: 3.31
[Epoch 1/3] Validating...
[Epoch 1/3] Loss: 1.1768 | PPL: 3.24
  -> Saved best model to checkpoints_v4\ug_best.pt
[Epoch 2/3] Starting...
  [  0.2%] Step 27,400 | Loss: 1.2002 | PPL: 3.32
  [  0.6%] Step 27,500 | Loss: 1.1967 | PPL: 3.31
  [  0.9%] Step 27,600 | Loss: 1.1990 | PPL: 3.32
  [  1.3%] Step 27,700 | Loss: 1.1994 | PPL: 3.32
  [  1.7%] Step 27,800 | Loss: 1.2002 | PPL: 3.32
  [  2.0%] Step 27,900 | Loss: 1.1962 | PPL: 3.31
  [  2.4%] Step 28,000 | Loss: 1.1984 | PPL: 3.31
  [  2.8%] Step 28,100 | Loss: 1.1979 | PPL: 3.31
  [  3.1%] Step 28,200 | Loss: 1.2008 | PPL: 3.32
  [  3.5%] Step 28,300 | Loss: 1.2007 | PPL: 3.32
  [  3.9%] Step 28,400 | Loss: 1.1940 | PPL: 3.30
  [  4.2%] Step 28,500 | Loss: 1.2006 | PPL: 3.32
  [  4.6%] Step 28,600 | Loss: 1.1979 | PPL: 3.31
  [  5.0%] Step 28,700 | Loss: 1.1971 | PPL: 3.31
  [  5.3%] Step 28,800 | Loss: 1.2001 | PPL: 3.32
  [  5.7%] Step 28,900 | Loss: 1.1984 | PPL: 3.31
  [  6.1%] Step 29,000 | Loss: 1.1923 | PPL: 3.29
  [  6.4%] Step 29,100 | Loss: 1.1945 | PPL: 3.30
  [  6.8%] Step 29,200 | Loss: 1.1937 | PPL: 3.30
  [  7.2%] Step 29,300 | Loss: 1.1963 | PPL: 3.31
  [  7.5%] Step 29,400 | Loss: 1.1982 | PPL: 3.31
  [  7.9%] Step 29,500 | Loss: 1.1919 | PPL: 3.29
  [  8.3%] Step 29,600 | Loss: 1.1943 | PPL: 3.30
  [  8.6%] Step 29,700 | Loss: 1.1903 | PPL: 3.29
  [  9.0%] Step 29,800 | Loss: 1.1894 | PPL: 3.29
  [  9.3%] Step 29,900 | Loss: 1.1947 | PPL: 3.30
  [  9.7%] Step 30,000 | Loss: 1.1893 | PPL: 3.28
  [ 10.1%] Step 30,100 | Loss: 1.1888 | PPL: 3.28
  [ 10.4%] Step 30,200 | Loss: 1.1921 | PPL: 3.29
  [ 10.8%] Step 30,300 | Loss: 1.1908 | PPL: 3.29
  [ 11.2%] Step 30,400 | Loss: 1.1864 | PPL: 3.28
  [ 11.5%] Step 30,500 | Loss: 1.1907 | PPL: 3.29
  [ 11.9%] Step 30,600 | Loss: 1.1866 | PPL: 3.28
  [ 12.3%] Step 30,700 | Loss: 1.1894 | PPL: 3.28
  [ 12.6%] Step 30,800 | Loss: 1.1843 | PPL: 3.27
  [ 13.0%] Step 30,900 | Loss: 1.1879 | PPL: 3.28
  [ 13.4%] Step 31,000 | Loss: 1.1890 | PPL: 3.28
  [ 13.7%] Step 31,100 | Loss: 1.1882 | PPL: 3.28
  [ 14.1%] Step 31,200 | Loss: 1.1844 | PPL: 3.27
  [ 14.5%] Step 31,300 | Loss: 1.1869 | PPL: 3.28
  [ 14.8%] Step 31,400 | Loss: 1.1794 | PPL: 3.25
  [ 15.2%] Step 31,500 | Loss: 1.1852 | PPL: 3.27
  [ 15.6%] Step 31,600 | Loss: 1.1811 | PPL: 3.26
  [ 15.9%] Step 31,700 | Loss: 1.1804 | PPL: 3.26
  [ 16.3%] Step 31,800 | Loss: 1.1836 | PPL: 3.27
  [ 16.7%] Step 31,900 | Loss: 1.1819 | PPL: 3.26
  [ 17.0%] Step 32,000 | Loss: 1.1815 | PPL: 3.26
  [ 17.4%] Step 32,100 | Loss: 1.1798 | PPL: 3.25
  [ 17.8%] Step 32,200 | Loss: 1.1789 | PPL: 3.25
  [ 18.1%] Step 32,300 | Loss: 1.1829 | PPL: 3.26
  [ 18.5%] Step 32,400 | Loss: 1.1805 | PPL: 3.26
  [ 18.9%] Step 32,500 | Loss: 1.1806 | PPL: 3.26
  [ 19.2%] Step 32,600 | Loss: 1.1803 | PPL: 3.26
  [ 19.6%] Step 32,700 | Loss: 1.1837 | PPL: 3.27
  [ 20.0%] Step 32,800 | Loss: 1.1791 | PPL: 3.25
  [ 20.3%] Step 32,900 | Loss: 1.1801 | PPL: 3.25
  [ 20.7%] Step 33,000 | Loss: 1.1760 | PPL: 3.24
  [ 21.1%] Step 33,100 | Loss: 1.1768 | PPL: 3.24
  [ 21.4%] Step 33,200 | Loss: 1.1785 | PPL: 3.25
  [ 21.8%] Step 33,300 | Loss: 1.1789 | PPL: 3.25
  [ 22.1%] Step 33,400 | Loss: 1.1754 | PPL: 3.24
  [ 22.5%] Step 33,500 | Loss: 1.1794 | PPL: 3.25
  [ 22.9%] Step 33,600 | Loss: 1.1718 | PPL: 3.23
  [ 23.2%] Step 33,700 | Loss: 1.1771 | PPL: 3.24
  [ 23.6%] Step 33,800 | Loss: 1.1712 | PPL: 3.23
  [ 24.0%] Step 33,900 | Loss: 1.1805 | PPL: 3.26
  [ 24.3%] Step 34,000 | Loss: 1.1720 | PPL: 3.23
  [ 24.7%] Step 34,100 | Loss: 1.1741 | PPL: 3.24
  [ 25.1%] Step 34,200 | Loss: 1.1706 | PPL: 3.22
  [ 25.4%] Step 34,300 | Loss: 1.1743 | PPL: 3.24
  [ 25.8%] Step 34,400 | Loss: 1.1707 | PPL: 3.22
  [ 26.2%] Step 34,500 | Loss: 1.1759 | PPL: 3.24
  [ 26.5%] Step 34,600 | Loss: 1.1722 | PPL: 3.23
  [ 26.9%] Step 34,700 | Loss: 1.1713 | PPL: 3.23
  [ 27.3%] Step 34,800 | Loss: 1.1758 | PPL: 3.24
  [ 27.6%] Step 34,900 | Loss: 1.1736 | PPL: 3.23
  [ 28.0%] Step 35,000 | Loss: 1.1696 | PPL: 3.22
  [ 28.4%] Step 35,100 | Loss: 1.1700 | PPL: 3.22
  [ 28.7%] Step 35,200 | Loss: 1.1657 | PPL: 3.21
  [ 29.1%] Step 35,300 | Loss: 1.1646 | PPL: 3.20
  [ 29.5%] Step 35,400 | Loss: 1.1678 | PPL: 3.21
  [ 29.8%] Step 35,500 | Loss: 1.1689 | PPL: 3.22
  [ 30.2%] Step 35,600 | Loss: 1.1678 | PPL: 3.21
  [ 30.6%] Step 35,700 | Loss: 1.1725 | PPL: 3.23
  [ 30.9%] Step 35,800 | Loss: 1.1664 | PPL: 3.21
  [ 31.3%] Step 35,900 | Loss: 1.1681 | PPL: 3.22
  [ 31.7%] Step 36,000 | Loss: 1.1722 | PPL: 3.23
  [ 32.0%] Step 36,100 | Loss: 1.1692 | PPL: 3.22
  [ 32.4%] Step 36,200 | Loss: 1.1688 | PPL: 3.22
  [ 32.8%] Step 36,300 | Loss: 1.1659 | PPL: 3.21
  [ 33.1%] Step 36,400 | Loss: 1.1655 | PPL: 3.21
  [ 33.5%] Step 36,500 | Loss: 1.1662 | PPL: 3.21
  [ 33.9%] Step 36,600 | Loss: 1.1636 | PPL: 3.20
  [ 34.2%] Step 36,700 | Loss: 1.1647 | PPL: 3.20
  [ 34.6%] Step 36,800 | Loss: 1.1628 | PPL: 3.20
  [ 34.9%] Step 36,900 | Loss: 1.1626 | PPL: 3.20
  [ 35.3%] Step 37,000 | Loss: 1.1647 | PPL: 3.21
  [ 35.7%] Step 37,100 | Loss: 1.1638 | PPL: 3.20
  [ 36.0%] Step 37,200 | Loss: 1.1642 | PPL: 3.20
  [ 36.4%] Step 37,300 | Loss: 1.1597 | PPL: 3.19
  [ 36.8%] Step 37,400 | Loss: 1.1631 | PPL: 3.20
  [ 37.1%] Step 37,500 | Loss: 1.1638 | PPL: 3.20
  [ 37.5%] Step 37,600 | Loss: 1.1647 | PPL: 3.21
  [ 37.9%] Step 37,700 | Loss: 1.1598 | PPL: 3.19
  [ 38.2%] Step 37,800 | Loss: 1.1595 | PPL: 3.19
  [ 38.6%] Step 37,900 | Loss: 1.1665 | PPL: 3.21
  [ 39.0%] Step 38,000 | Loss: 1.1593 | PPL: 3.19
  [ 39.3%] Step 38,100 | Loss: 1.1553 | PPL: 3.17
  [ 39.7%] Step 38,200 | Loss: 1.1593 | PPL: 3.19
  [ 40.1%] Step 38,300 | Loss: 1.1598 | PPL: 3.19
  [ 40.4%] Step 38,400 | Loss: 1.1611 | PPL: 3.19
  [ 40.8%] Step 38,500 | Loss: 1.1562 | PPL: 3.18
  [ 41.2%] Step 38,600 | Loss: 1.1600 | PPL: 3.19
  [ 41.5%] Step 38,700 | Loss: 1.1606 | PPL: 3.19
  [ 41.9%] Step 38,800 | Loss: 1.1624 | PPL: 3.20
  [ 42.3%] Step 38,900 | Loss: 1.1575 | PPL: 3.18
  [ 42.6%] Step 39,000 | Loss: 1.1536 | PPL: 3.17
  [ 43.0%] Step 39,100 | Loss: 1.1564 | PPL: 3.18
  [ 43.4%] Step 39,200 | Loss: 1.1556 | PPL: 3.18
  [ 43.7%] Step 39,300 | Loss: 1.1637 | PPL: 3.20
  [ 44.1%] Step 39,400 | Loss: 1.1530 | PPL: 3.17
  [ 44.5%] Step 39,500 | Loss: 1.1575 | PPL: 3.18
  [ 44.8%] Step 39,600 | Loss: 1.1550 | PPL: 3.17
  [ 45.2%] Step 39,700 | Loss: 1.1584 | PPL: 3.18
  [ 45.6%] Step 39,800 | Loss: 1.1518 | PPL: 3.16
  [ 45.9%] Step 39,900 | Loss: 1.1556 | PPL: 3.18
  [ 46.3%] Step 40,000 | Loss: 1.1544 | PPL: 3.17
  [ 46.7%] Step 40,100 | Loss: 1.1554 | PPL: 3.18
  [ 47.0%] Step 40,200 | Loss: 1.1536 | PPL: 3.17
  [ 47.4%] Step 40,300 | Loss: 1.1598 | PPL: 3.19
  [ 47.7%] Step 40,400 | Loss: 1.1530 | PPL: 3.17
  [ 48.1%] Step 40,500 | Loss: 1.1532 | PPL: 3.17
  [ 48.5%] Step 40,600 | Loss: 1.1498 | PPL: 3.16
  [ 48.8%] Step 40,700 | Loss: 1.1517 | PPL: 3.16
  [ 49.2%] Step 40,800 | Loss: 1.1517 | PPL: 3.16
  [ 49.6%] Step 40,900 | Loss: 1.1532 | PPL: 3.17
  [ 49.9%] Step 41,000 | Loss: 1.1534 | PPL: 3.17
  [ 50.3%] Step 41,100 | Loss: 1.1539 | PPL: 3.17
  [ 50.7%] Step 41,200 | Loss: 1.1543 | PPL: 3.17
  [ 51.0%] Step 41,300 | Loss: 1.1521 | PPL: 3.16
  [ 51.4%] Step 41,400 | Loss: 1.1508 | PPL: 3.16
  [ 51.8%] Step 41,500 | Loss: 1.1499 | PPL: 3.16
  [ 52.1%] Step 41,600 | Loss: 1.1521 | PPL: 3.16
  [ 52.5%] Step 41,700 | Loss: 1.1496 | PPL: 3.16
  [ 52.9%] Step 41,800 | Loss: 1.1473 | PPL: 3.15
  [ 53.2%] Step 41,900 | Loss: 1.1513 | PPL: 3.16
  [ 53.6%] Step 42,000 | Loss: 1.1475 | PPL: 3.15
  [ 54.0%] Step 42,100 | Loss: 1.1515 | PPL: 3.16
  [ 54.3%] Step 42,200 | Loss: 1.1467 | PPL: 3.15
  [ 54.7%] Step 42,300 | Loss: 1.1476 | PPL: 3.15
  [ 55.1%] Step 42,400 | Loss: 1.1486 | PPL: 3.15
  [ 55.4%] Step 42,500 | Loss: 1.1476 | PPL: 3.15
  [ 55.8%] Step 42,600 | Loss: 1.1446 | PPL: 3.14
  [ 56.2%] Step 42,700 | Loss: 1.1492 | PPL: 3.16
  [ 56.5%] Step 42,800 | Loss: 1.1447 | PPL: 3.14
  [ 56.9%] Step 42,900 | Loss: 1.1469 | PPL: 3.15
  [ 57.3%] Step 43,000 | Loss: 1.1479 | PPL: 3.15
  [ 57.6%] Step 43,100 | Loss: 1.1478 | PPL: 3.15
  [ 58.0%] Step 43,200 | Loss: 1.1480 | PPL: 3.15
  [ 58.4%] Step 43,300 | Loss: 1.1500 | PPL: 3.16
  [ 58.7%] Step 43,400 | Loss: 1.1425 | PPL: 3.13
  [ 59.1%] Step 43,500 | Loss: 1.1464 | PPL: 3.15
  [ 59.4%] Step 43,600 | Loss: 1.1422 | PPL: 3.13
  [ 59.8%] Step 43,700 | Loss: 1.1448 | PPL: 3.14
  [ 60.2%] Step 43,800 | Loss: 1.1443 | PPL: 3.14
  [ 60.5%] Step 43,900 | Loss: 1.1411 | PPL: 3.13
  [ 60.9%] Step 44,000 | Loss: 1.1437 | PPL: 3.14
  [ 61.3%] Step 44,100 | Loss: 1.1429 | PPL: 3.14
  [ 61.6%] Step 44,200 | Loss: 1.1482 | PPL: 3.15
  [ 62.0%] Step 44,300 | Loss: 1.1412 | PPL: 3.13
  [ 62.4%] Step 44,400 | Loss: 1.1448 | PPL: 3.14
  [ 62.7%] Step 44,500 | Loss: 1.1422 | PPL: 3.13
  [ 63.1%] Step 44,600 | Loss: 1.1411 | PPL: 3.13
  [ 63.5%] Step 44,700 | Loss: 1.1379 | PPL: 3.12
  [ 63.8%] Step 44,800 | Loss: 1.1462 | PPL: 3.15
  [ 64.2%] Step 44,900 | Loss: 1.1420 | PPL: 3.13
  [ 64.6%] Step 45,000 | Loss: 1.1447 | PPL: 3.14
  [ 64.9%] Step 45,100 | Loss: 1.1402 | PPL: 3.13
  [ 65.3%] Step 45,200 | Loss: 1.1384 | PPL: 3.12
  [ 65.7%] Step 45,300 | Loss: 1.1426 | PPL: 3.13
  [ 66.0%] Step 45,400 | Loss: 1.1405 | PPL: 3.13
  [ 66.4%] Step 45,500 | Loss: 1.1405 | PPL: 3.13
  [ 66.8%] Step 45,600 | Loss: 1.1430 | PPL: 3.14
  [ 67.1%] Step 45,700 | Loss: 1.1385 | PPL: 3.12
  [ 67.5%] Step 45,800 | Loss: 1.1392 | PPL: 3.12
  [ 67.9%] Step 45,900 | Loss: 1.1432 | PPL: 3.14
  [ 68.2%] Step 46,000 | Loss: 1.1417 | PPL: 3.13
  [ 68.6%] Step 46,100 | Loss: 1.1372 | PPL: 3.12
  [ 69.0%] Step 46,200 | Loss: 1.1406 | PPL: 3.13
  [ 69.3%] Step 46,300 | Loss: 1.1393 | PPL: 3.12
  [ 69.7%] Step 46,400 | Loss: 1.1415 | PPL: 3.13
  [ 70.1%] Step 46,500 | Loss: 1.1376 | PPL: 3.12
  [ 70.4%] Step 46,600 | Loss: 1.1413 | PPL: 3.13
  [ 70.8%] Step 46,700 | Loss: 1.1406 | PPL: 3.13
  [ 71.2%] Step 46,800 | Loss: 1.1384 | PPL: 3.12
  [ 71.5%] Step 46,900 | Loss: 1.1383 | PPL: 3.12
  [ 71.9%] Step 47,000 | Loss: 1.1371 | PPL: 3.12
  [ 72.2%] Step 47,100 | Loss: 1.1374 | PPL: 3.12
  [ 72.6%] Step 47,200 | Loss: 1.1352 | PPL: 3.11
  [ 73.0%] Step 47,300 | Loss: 1.1318 | PPL: 3.10
  [ 73.3%] Step 47,400 | Loss: 1.1309 | PPL: 3.10
  [ 73.7%] Step 47,500 | Loss: 1.1375 | PPL: 3.12
  [ 74.1%] Step 47,600 | Loss: 1.1373 | PPL: 3.12
  [ 74.4%] Step 47,700 | Loss: 1.1329 | PPL: 3.10
  [ 74.8%] Step 47,800 | Loss: 1.1377 | PPL: 3.12
  [ 75.2%] Step 47,900 | Loss: 1.1338 | PPL: 3.11
  [ 75.5%] Step 48,000 | Loss: 1.1351 | PPL: 3.11
  [ 75.9%] Step 48,100 | Loss: 1.1349 | PPL: 3.11
  [ 76.3%] Step 48,200 | Loss: 1.1334 | PPL: 3.11
  [ 76.6%] Step 48,300 | Loss: 1.1364 | PPL: 3.12
  [ 77.0%] Step 48,400 | Loss: 1.1335 | PPL: 3.11
  [ 77.4%] Step 48,500 | Loss: 1.1350 | PPL: 3.11
  [ 77.7%] Step 48,600 | Loss: 1.1328 | PPL: 3.10
  [ 78.1%] Step 48,700 | Loss: 1.1327 | PPL: 3.10
  [ 78.5%] Step 48,800 | Loss: 1.1321 | PPL: 3.10
  [ 78.8%] Step 48,900 | Loss: 1.1323 | PPL: 3.10
  [ 79.2%] Step 49,000 | Loss: 1.1307 | PPL: 3.10
  [ 79.6%] Step 49,100 | Loss: 1.1354 | PPL: 3.11
  [ 79.9%] Step 49,200 | Loss: 1.1288 | PPL: 3.09
  [ 80.3%] Step 49,300 | Loss: 1.1342 | PPL: 3.11
  [ 80.7%] Step 49,400 | Loss: 1.1331 | PPL: 3.11
  [ 81.0%] Step 49,500 | Loss: 1.1330 | PPL: 3.11
  [ 81.4%] Step 49,600 | Loss: 1.1317 | PPL: 3.10
  [ 81.8%] Step 49,700 | Loss: 1.1282 | PPL: 3.09
  [ 82.1%] Step 49,800 | Loss: 1.1315 | PPL: 3.10
  [ 82.5%] Step 49,900 | Loss: 1.1317 | PPL: 3.10
  [ 82.9%] Step 50,000 | Loss: 1.1255 | PPL: 3.08
  [ 83.2%] Step 50,100 | Loss: 1.1308 | PPL: 3.10
  [ 83.6%] Step 50,200 | Loss: 1.1281 | PPL: 3.09
  [ 84.0%] Step 50,300 | Loss: 1.1297 | PPL: 3.09
  [ 84.3%] Step 50,400 | Loss: 1.1304 | PPL: 3.10
  [ 84.7%] Step 50,500 | Loss: 1.1319 | PPL: 3.10
  [ 85.0%] Step 50,600 | Loss: 1.1277 | PPL: 3.09
  [ 85.4%] Step 50,700 | Loss: 1.1279 | PPL: 3.09
  [ 85.8%] Step 50,800 | Loss: 1.1271 | PPL: 3.09
  [ 86.1%] Step 50,900 | Loss: 1.1286 | PPL: 3.09
  [ 86.5%] Step 51,000 | Loss: 1.1254 | PPL: 3.08
  [ 86.9%] Step 51,100 | Loss: 1.1269 | PPL: 3.09
  [ 87.2%] Step 51,200 | Loss: 1.1273 | PPL: 3.09
  [ 87.6%] Step 51,300 | Loss: 1.1269 | PPL: 3.09
  [ 88.0%] Step 51,400 | Loss: 1.1237 | PPL: 3.08
  [ 88.3%] Step 51,500 | Loss: 1.1237 | PPL: 3.08
  [ 88.7%] Step 51,600 | Loss: 1.1248 | PPL: 3.08
  [ 89.1%] Step 51,700 | Loss: 1.1313 | PPL: 3.10
  [ 89.4%] Step 51,800 | Loss: 1.1253 | PPL: 3.08
  [ 89.8%] Step 51,900 | Loss: 1.1240 | PPL: 3.08
  [ 90.2%] Step 52,000 | Loss: 1.1288 | PPL: 3.09
  [ 90.5%] Step 52,100 | Loss: 1.1267 | PPL: 3.09
  [ 90.9%] Step 52,200 | Loss: 1.1260 | PPL: 3.08
  [ 91.3%] Step 52,300 | Loss: 1.1234 | PPL: 3.08
  [ 91.6%] Step 52,400 | Loss: 1.1255 | PPL: 3.08
  [ 92.0%] Step 52,500 | Loss: 1.1307 | PPL: 3.10
  [ 92.4%] Step 52,600 | Loss: 1.1283 | PPL: 3.09
  [ 92.7%] Step 52,700 | Loss: 1.1261 | PPL: 3.08
  [ 93.1%] Step 52,800 | Loss: 1.1285 | PPL: 3.09
  [ 93.5%] Step 52,900 | Loss: 1.1255 | PPL: 3.08
  [ 93.8%] Step 53,000 | Loss: 1.1219 | PPL: 3.07
  [ 94.2%] Step 53,100 | Loss: 1.1242 | PPL: 3.08
  [ 94.6%] Step 53,200 | Loss: 1.1273 | PPL: 3.09
  [ 94.9%] Step 53,300 | Loss: 1.1257 | PPL: 3.08
  [ 95.3%] Step 53,400 | Loss: 1.1242 | PPL: 3.08
  [ 95.7%] Step 53,500 | Loss: 1.1232 | PPL: 3.07
  [ 96.0%] Step 53,600 | Loss: 1.1239 | PPL: 3.08
  [ 96.4%] Step 53,700 | Loss: 1.1243 | PPL: 3.08
  [ 96.8%] Step 53,800 | Loss: 1.1235 | PPL: 3.08
  [ 97.1%] Step 53,900 | Loss: 1.1182 | PPL: 3.06
  [ 97.5%] Step 54,000 | Loss: 1.1242 | PPL: 3.08
  [ 97.8%] Step 54,100 | Loss: 1.1267 | PPL: 3.09
  [ 98.2%] Step 54,200 | Loss: 1.1193 | PPL: 3.06
  [ 98.6%] Step 54,300 | Loss: 1.1243 | PPL: 3.08
  [ 98.9%] Step 54,400 | Loss: 1.1194 | PPL: 3.06
  [ 99.3%] Step 54,500 | Loss: 1.1216 | PPL: 3.07
  [ 99.7%] Step 54,600 | Loss: 1.1170 | PPL: 3.06
  [100.0%] Step 54,688 | Loss: 1.1200 | PPL: 3.06
[Epoch 2/3] Validating...
[Epoch 2/3] Loss: 1.1166 | PPL: 3.05
  -> Saved best model to checkpoints_v4\ug_best.pt
[Epoch 3/3] Starting...
  [  0.0%] Step 54,700 | Loss: 1.1220 | PPL: 3.07
  [  0.4%] Step 54,800 | Loss: 1.1190 | PPL: 3.06
  [  0.8%] Step 54,900 | Loss: 1.1187 | PPL: 3.06
  [  1.1%] Step 55,000 | Loss: 1.1165 | PPL: 3.05
  [  1.5%] Step 55,100 | Loss: 1.1200 | PPL: 3.06
  [  1.9%] Step 55,200 | Loss: 1.1180 | PPL: 3.06
  [  2.2%] Step 55,300 | Loss: 1.1179 | PPL: 3.06
  [  2.6%] Step 55,400 | Loss: 1.1205 | PPL: 3.07
  [  3.0%] Step 55,500 | Loss: 1.1236 | PPL: 3.08
  [  3.3%] Step 55,600 | Loss: 1.1172 | PPL: 3.06
  [  3.7%] Step 55,700 | Loss: 1.1188 | PPL: 3.06
  [  4.1%] Step 55,800 | Loss: 1.1211 | PPL: 3.07
  [  4.4%] Step 55,900 | Loss: 1.1216 | PPL: 3.07
  [  4.8%] Step 56,000 | Loss: 1.1154 | PPL: 3.05
  [  5.2%] Step 56,100 | Loss: 1.1230 | PPL: 3.07
  [  5.5%] Step 56,200 | Loss: 1.1181 | PPL: 3.06
  [  5.9%] Step 56,300 | Loss: 1.1169 | PPL: 3.06
  [  6.3%] Step 56,400 | Loss: 1.1141 | PPL: 3.05
  [  6.6%] Step 56,500 | Loss: 1.1154 | PPL: 3.05
  [  7.0%] Step 56,600 | Loss: 1.1170 | PPL: 3.06
  [  7.4%] Step 56,700 | Loss: 1.1135 | PPL: 3.05
  [  7.7%] Step 56,800 | Loss: 1.1151 | PPL: 3.05
  [  8.1%] Step 56,900 | Loss: 1.1173 | PPL: 3.06
  [  8.5%] Step 57,000 | Loss: 1.1184 | PPL: 3.06
  [  8.8%] Step 57,100 | Loss: 1.1141 | PPL: 3.05
  [  9.2%] Step 57,200 | Loss: 1.1200 | PPL: 3.06
  [  9.6%] Step 57,300 | Loss: 1.1131 | PPL: 3.04
  [  9.9%] Step 57,400 | Loss: 1.1168 | PPL: 3.06
  [ 10.3%] Step 57,500 | Loss: 1.1118 | PPL: 3.04
  [ 10.6%] Step 57,600 | Loss: 1.1178 | PPL: 3.06
  [ 11.0%] Step 57,700 | Loss: 1.1190 | PPL: 3.06
  [ 11.4%] Step 57,800 | Loss: 1.1191 | PPL: 3.06
  [ 11.7%] Step 57,900 | Loss: 1.1152 | PPL: 3.05
  [ 12.1%] Step 58,000 | Loss: 1.1100 | PPL: 3.03
  [ 12.5%] Step 58,100 | Loss: 1.1160 | PPL: 3.05
  [ 12.8%] Step 58,200 | Loss: 1.1202 | PPL: 3.07
  [ 13.2%] Step 58,300 | Loss: 1.1165 | PPL: 3.05
  [ 13.6%] Step 58,400 | Loss: 1.1140 | PPL: 3.05
  [ 13.9%] Step 58,500 | Loss: 1.1131 | PPL: 3.04
  [ 14.3%] Step 58,600 | Loss: 1.1160 | PPL: 3.05
  [ 14.7%] Step 58,700 | Loss: 1.1108 | PPL: 3.04
  [ 15.0%] Step 58,800 | Loss: 1.1158 | PPL: 3.05
  [ 15.4%] Step 58,900 | Loss: 1.1102 | PPL: 3.04
  [ 15.8%] Step 59,000 | Loss: 1.1178 | PPL: 3.06
  [ 16.1%] Step 59,100 | Loss: 1.1123 | PPL: 3.04
  [ 16.5%] Step 59,200 | Loss: 1.1136 | PPL: 3.05
  [ 16.9%] Step 59,300 | Loss: 1.1099 | PPL: 3.03
  [ 17.2%] Step 59,400 | Loss: 1.1171 | PPL: 3.06
  [ 17.6%] Step 59,500 | Loss: 1.1122 | PPL: 3.04
  [ 18.0%] Step 59,600 | Loss: 1.1109 | PPL: 3.04
  [ 18.3%] Step 59,700 | Loss: 1.1115 | PPL: 3.04
  [ 18.7%] Step 59,800 | Loss: 1.1126 | PPL: 3.04
  [ 19.1%] Step 59,900 | Loss: 1.1114 | PPL: 3.04
  [ 19.4%] Step 60,000 | Loss: 1.1117 | PPL: 3.04
  [ 19.8%] Step 60,100 | Loss: 1.1145 | PPL: 3.05
  [ 20.2%] Step 60,200 | Loss: 1.1104 | PPL: 3.04
  [ 20.5%] Step 60,300 | Loss: 1.1123 | PPL: 3.04
  [ 20.9%] Step 60,400 | Loss: 1.1142 | PPL: 3.05
  [ 21.3%] Step 60,500 | Loss: 1.1104 | PPL: 3.04
  [ 21.6%] Step 60,600 | Loss: 1.1136 | PPL: 3.05
  [ 22.0%] Step 60,700 | Loss: 1.1153 | PPL: 3.05
  [ 22.4%] Step 60,800 | Loss: 1.1127 | PPL: 3.04
  [ 22.7%] Step 60,900 | Loss: 1.1109 | PPL: 3.04
  [ 23.1%] Step 61,000 | Loss: 1.1105 | PPL: 3.04
  [ 23.4%] Step 61,100 | Loss: 1.1112 | PPL: 3.04
  [ 23.8%] Step 61,200 | Loss: 1.1126 | PPL: 3.04
  [ 24.2%] Step 61,300 | Loss: 1.1104 | PPL: 3.04
  [ 24.5%] Step 61,400 | Loss: 1.1124 | PPL: 3.04
  [ 24.9%] Step 61,500 | Loss: 1.1130 | PPL: 3.04
  [ 25.3%] Step 61,600 | Loss: 1.1100 | PPL: 3.03
  [ 25.6%] Step 61,700 | Loss: 1.1083 | PPL: 3.03
  [ 26.0%] Step 61,800 | Loss: 1.1077 | PPL: 3.03
  [ 26.4%] Step 61,900 | Loss: 1.1161 | PPL: 3.05
  [ 26.7%] Step 62,000 | Loss: 1.1121 | PPL: 3.04
  [ 27.1%] Step 62,100 | Loss: 1.1127 | PPL: 3.04
  [ 27.5%] Step 62,200 | Loss: 1.1060 | PPL: 3.02
  [ 27.8%] Step 62,300 | Loss: 1.1083 | PPL: 3.03
  [ 28.2%] Step 62,400 | Loss: 1.1088 | PPL: 3.03
  [ 28.6%] Step 62,500 | Loss: 1.1090 | PPL: 3.03
  [ 28.9%] Step 62,600 | Loss: 1.1072 | PPL: 3.03
  [ 29.3%] Step 62,700 | Loss: 1.1078 | PPL: 3.03
  [ 29.7%] Step 62,800 | Loss: 1.1081 | PPL: 3.03
  [ 30.0%] Step 62,900 | Loss: 1.1091 | PPL: 3.03
  [ 30.4%] Step 63,000 | Loss: 1.1091 | PPL: 3.03
  [ 30.8%] Step 63,100 | Loss: 1.1066 | PPL: 3.02
  [ 31.1%] Step 63,200 | Loss: 1.1075 | PPL: 3.03
  [ 31.5%] Step 63,300 | Loss: 1.1070 | PPL: 3.03
  [ 31.9%] Step 63,400 | Loss: 1.1053 | PPL: 3.02
  [ 32.2%] Step 63,500 | Loss: 1.1094 | PPL: 3.03
  [ 32.6%] Step 63,600 | Loss: 1.1043 | PPL: 3.02
  [ 33.0%] Step 63,700 | Loss: 1.1092 | PPL: 3.03
  [ 33.3%] Step 63,800 | Loss: 1.1059 | PPL: 3.02
  [ 33.7%] Step 63,900 | Loss: 1.1073 | PPL: 3.03
  [ 34.1%] Step 64,000 | Loss: 1.1083 | PPL: 3.03
  [ 34.4%] Step 64,100 | Loss: 1.1059 | PPL: 3.02
  [ 34.8%] Step 64,200 | Loss: 1.1057 | PPL: 3.02
  [ 35.2%] Step 64,300 | Loss: 1.1100 | PPL: 3.03
  [ 35.5%] Step 64,400 | Loss: 1.1055 | PPL: 3.02
  [ 35.9%] Step 64,500 | Loss: 1.1047 | PPL: 3.02
  [ 36.2%] Step 64,600 | Loss: 1.1047 | PPL: 3.02
  [ 36.6%] Step 64,700 | Loss: 1.1051 | PPL: 3.02
  [ 37.0%] Step 64,800 | Loss: 1.1082 | PPL: 3.03
  [ 37.3%] Step 64,900 | Loss: 1.1037 | PPL: 3.02
  [ 37.7%] Step 65,000 | Loss: 1.1024 | PPL: 3.01
  [ 38.1%] Step 65,100 | Loss: 1.1033 | PPL: 3.01
  [ 38.4%] Step 65,200 | Loss: 1.1045 | PPL: 3.02
  [ 38.8%] Step 65,300 | Loss: 1.1067 | PPL: 3.02
  [ 39.2%] Step 65,400 | Loss: 1.1063 | PPL: 3.02
  [ 39.5%] Step 65,500 | Loss: 1.0971 | PPL: 3.00
  [ 39.9%] Step 65,600 | Loss: 1.1088 | PPL: 3.03
  [ 40.3%] Step 65,700 | Loss: 1.1038 | PPL: 3.02
  [ 40.6%] Step 65,800 | Loss: 1.1020 | PPL: 3.01
  [ 41.0%] Step 65,900 | Loss: 1.1061 | PPL: 3.02
  [ 41.4%] Step 66,000 | Loss: 1.1032 | PPL: 3.01
  [ 41.7%] Step 66,100 | Loss: 1.1013 | PPL: 3.01
  [ 42.1%] Step 66,200 | Loss: 1.1031 | PPL: 3.01
  [ 42.5%] Step 66,300 | Loss: 1.1002 | PPL: 3.00
  [ 42.8%] Step 66,400 | Loss: 1.0992 | PPL: 3.00
  [ 43.2%] Step 66,500 | Loss: 1.1020 | PPL: 3.01
  [ 43.6%] Step 66,600 | Loss: 1.1041 | PPL: 3.02
  [ 43.9%] Step 66,700 | Loss: 1.1001 | PPL: 3.00
  [ 44.3%] Step 66,800 | Loss: 1.1045 | PPL: 3.02
  [ 44.7%] Step 66,900 | Loss: 1.1000 | PPL: 3.00
  [ 45.0%] Step 67,000 | Loss: 1.1034 | PPL: 3.01
  [ 45.4%] Step 67,100 | Loss: 1.1036 | PPL: 3.01
  [ 45.8%] Step 67,200 | Loss: 1.1015 | PPL: 3.01
  [ 46.1%] Step 67,300 | Loss: 1.1008 | PPL: 3.01
  [ 46.5%] Step 67,400 | Loss: 1.1044 | PPL: 3.02
  [ 46.9%] Step 67,500 | Loss: 1.1041 | PPL: 3.02
  [ 47.2%] Step 67,600 | Loss: 1.1015 | PPL: 3.01
  [ 47.6%] Step 67,700 | Loss: 1.0972 | PPL: 3.00
  [ 48.0%] Step 67,800 | Loss: 1.0990 | PPL: 3.00
  [ 48.3%] Step 67,900 | Loss: 1.1036 | PPL: 3.02
  [ 48.7%] Step 68,000 | Loss: 1.1024 | PPL: 3.01
  [ 49.0%] Step 68,100 | Loss: 1.0999 | PPL: 3.00
  [ 49.4%] Step 68,200 | Loss: 1.1022 | PPL: 3.01
  [ 49.8%] Step 68,300 | Loss: 1.1012 | PPL: 3.01
  [ 50.1%] Step 68,400 | Loss: 1.0996 | PPL: 3.00
  [ 50.5%] Step 68,500 | Loss: 1.1000 | PPL: 3.00
  [ 50.9%] Step 68,600 | Loss: 1.0975 | PPL: 3.00
  [ 51.2%] Step 68,700 | Loss: 1.1051 | PPL: 3.02
  [ 51.6%] Step 68,800 | Loss: 1.0951 | PPL: 2.99
  [ 52.0%] Step 68,900 | Loss: 1.1000 | PPL: 3.00
  [ 52.3%] Step 69,000 | Loss: 1.1059 | PPL: 3.02
  [ 52.7%] Step 69,100 | Loss: 1.0979 | PPL: 3.00
  [ 53.1%] Step 69,200 | Loss: 1.1023 | PPL: 3.01
  [ 53.4%] Step 69,300 | Loss: 1.0973 | PPL: 3.00
  [ 53.8%] Step 69,400 | Loss: 1.1003 | PPL: 3.00
  [ 54.2%] Step 69,500 | Loss: 1.0999 | PPL: 3.00
  [ 54.5%] Step 69,600 | Loss: 1.0970 | PPL: 3.00
  [ 54.9%] Step 69,700 | Loss: 1.0986 | PPL: 3.00
  [ 55.3%] Step 69,800 | Loss: 1.1025 | PPL: 3.01
  [ 55.6%] Step 69,900 | Loss: 1.0950 | PPL: 2.99
  [ 56.0%] Step 70,000 | Loss: 1.1027 | PPL: 3.01
  [ 56.4%] Step 70,100 | Loss: 1.0999 | PPL: 3.00
  [ 56.7%] Step 70,200 | Loss: 1.0990 | PPL: 3.00
  [ 57.1%] Step 70,300 | Loss: 1.0977 | PPL: 3.00
  [ 57.5%] Step 70,400 | Loss: 1.0952 | PPL: 2.99
  [ 57.8%] Step 70,500 | Loss: 1.0969 | PPL: 2.99
  [ 58.2%] Step 70,600 | Loss: 1.0943 | PPL: 2.99
  [ 58.6%] Step 70,700 | Loss: 1.0988 | PPL: 3.00
  [ 58.9%] Step 70,800 | Loss: 1.0985 | PPL: 3.00
  [ 59.3%] Step 70,900 | Loss: 1.0968 | PPL: 2.99
  [ 59.7%] Step 71,000 | Loss: 1.0977 | PPL: 3.00
  [ 60.0%] Step 71,100 | Loss: 1.0935 | PPL: 2.98
  [ 60.4%] Step 71,200 | Loss: 1.0955 | PPL: 2.99
  [ 60.8%] Step 71,300 | Loss: 1.0956 | PPL: 2.99
  [ 61.1%] Step 71,400 | Loss: 1.0918 | PPL: 2.98
  [ 61.5%] Step 71,500 | Loss: 1.0969 | PPL: 2.99
  [ 61.8%] Step 71,600 | Loss: 1.0977 | PPL: 3.00
  [ 62.2%] Step 71,700 | Loss: 1.0989 | PPL: 3.00
  [ 62.6%] Step 71,800 | Loss: 1.0971 | PPL: 3.00
  [ 62.9%] Step 71,900 | Loss: 1.0965 | PPL: 2.99
  [ 63.3%] Step 72,000 | Loss: 1.0965 | PPL: 2.99
  [ 63.7%] Step 72,100 | Loss: 1.0926 | PPL: 2.98
  [ 64.0%] Step 72,200 | Loss: 1.0904 | PPL: 2.98
  [ 64.4%] Step 72,300 | Loss: 1.0970 | PPL: 3.00
  [ 64.8%] Step 72,400 | Loss: 1.0910 | PPL: 2.98
  [ 65.1%] Step 72,500 | Loss: 1.0934 | PPL: 2.98
  [ 65.5%] Step 72,600 | Loss: 1.0924 | PPL: 2.98
  [ 65.9%] Step 72,700 | Loss: 1.0926 | PPL: 2.98
  [ 66.2%] Step 72,800 | Loss: 1.0899 | PPL: 2.97
  [ 66.6%] Step 72,900 | Loss: 1.0958 | PPL: 2.99
  [ 67.0%] Step 73,000 | Loss: 1.0923 | PPL: 2.98
  [ 67.3%] Step 73,100 | Loss: 1.0931 | PPL: 2.98
  [ 67.7%] Step 73,200 | Loss: 1.0950 | PPL: 2.99
  [ 68.1%] Step 73,300 | Loss: 1.0959 | PPL: 2.99
  [ 68.4%] Step 73,400 | Loss: 1.0933 | PPL: 2.98
  [ 68.8%] Step 73,500 | Loss: 1.0905 | PPL: 2.98
  [ 69.2%] Step 73,600 | Loss: 1.0958 | PPL: 2.99
  [ 69.5%] Step 73,700 | Loss: 1.0956 | PPL: 2.99
  [ 69.9%] Step 73,800 | Loss: 1.0919 | PPL: 2.98
  [ 70.3%] Step 73,900 | Loss: 1.0884 | PPL: 2.97
  [ 70.6%] Step 74,000 | Loss: 1.0947 | PPL: 2.99
  [ 71.0%] Step 74,100 | Loss: 1.0932 | PPL: 2.98
  [ 71.4%] Step 74,200 | Loss: 1.0911 | PPL: 2.98
  [ 71.7%] Step 74,300 | Loss: 1.0914 | PPL: 2.98
  [ 72.1%] Step 74,400 | Loss: 1.0916 | PPL: 2.98
  [ 72.5%] Step 74,500 | Loss: 1.0916 | PPL: 2.98
  [ 72.8%] Step 74,600 | Loss: 1.0909 | PPL: 2.98
  [ 73.2%] Step 74,700 | Loss: 1.0966 | PPL: 2.99
  [ 73.6%] Step 74,800 | Loss: 1.0959 | PPL: 2.99
  [ 73.9%] Step 74,900 | Loss: 1.0904 | PPL: 2.98
  [ 74.3%] Step 75,000 | Loss: 1.0885 | PPL: 2.97
  [ 74.6%] Step 75,100 | Loss: 1.0934 | PPL: 2.98
  [ 75.0%] Step 75,200 | Loss: 1.0948 | PPL: 2.99
  [ 75.4%] Step 75,300 | Loss: 1.0930 | PPL: 2.98
  [ 75.7%] Step 75,400 | Loss: 1.0901 | PPL: 2.97
  [ 76.1%] Step 75,500 | Loss: 1.0935 | PPL: 2.98
  [ 76.5%] Step 75,600 | Loss: 1.0909 | PPL: 2.98
  [ 76.8%] Step 75,700 | Loss: 1.0881 | PPL: 2.97
  [ 77.2%] Step 75,800 | Loss: 1.0921 | PPL: 2.98
  [ 77.6%] Step 75,900 | Loss: 1.0926 | PPL: 2.98
  [ 77.9%] Step 76,000 | Loss: 1.0911 | PPL: 2.98
  [ 78.3%] Step 76,100 | Loss: 1.0878 | PPL: 2.97
  [ 78.7%] Step 76,200 | Loss: 1.0902 | PPL: 2.97
  [ 79.0%] Step 76,300 | Loss: 1.0891 | PPL: 2.97
  [ 79.4%] Step 76,400 | Loss: 1.0870 | PPL: 2.97
  [ 79.8%] Step 76,500 | Loss: 1.0923 | PPL: 2.98
  [ 80.1%] Step 76,600 | Loss: 1.0874 | PPL: 2.97
  [ 80.5%] Step 76,700 | Loss: 1.0889 | PPL: 2.97
  [ 80.9%] Step 76,800 | Loss: 1.0902 | PPL: 2.97
  [ 81.2%] Step 76,900 | Loss: 1.0856 | PPL: 2.96
  [ 81.6%] Step 77,000 | Loss: 1.0906 | PPL: 2.98
  [ 82.0%] Step 77,100 | Loss: 1.0947 | PPL: 2.99
  [ 82.3%] Step 77,200 | Loss: 1.0909 | PPL: 2.98
  [ 82.7%] Step 77,300 | Loss: 1.0905 | PPL: 2.98
  [ 83.1%] Step 77,400 | Loss: 1.0854 | PPL: 2.96
  [ 83.4%] Step 77,500 | Loss: 1.0921 | PPL: 2.98
  [ 83.8%] Step 77,600 | Loss: 1.0865 | PPL: 2.96
  [ 84.2%] Step 77,700 | Loss: 1.0890 | PPL: 2.97
  [ 84.5%] Step 77,800 | Loss: 1.0939 | PPL: 2.99
  [ 84.9%] Step 77,900 | Loss: 1.0914 | PPL: 2.98
  [ 85.3%] Step 78,000 | Loss: 1.0883 | PPL: 2.97
  [ 85.6%] Step 78,100 | Loss: 1.0888 | PPL: 2.97
  [ 86.0%] Step 78,200 | Loss: 1.0874 | PPL: 2.97
  [ 86.4%] Step 78,300 | Loss: 1.0893 | PPL: 2.97
  [ 86.7%] Step 78,400 | Loss: 1.0904 | PPL: 2.98
  [ 87.1%] Step 78,500 | Loss: 1.0825 | PPL: 2.95
  [ 87.4%] Step 78,600 | Loss: 1.0905 | PPL: 2.98
  [ 87.8%] Step 78,700 | Loss: 1.0899 | PPL: 2.97
  [ 88.2%] Step 78,800 | Loss: 1.0840 | PPL: 2.96
  [ 88.5%] Step 78,900 | Loss: 1.0872 | PPL: 2.97
  [ 88.9%] Step 79,000 | Loss: 1.0847 | PPL: 2.96
  [ 89.3%] Step 79,100 | Loss: 1.0927 | PPL: 2.98
  [ 89.6%] Step 79,200 | Loss: 1.0867 | PPL: 2.96
  [ 90.0%] Step 79,300 | Loss: 1.0843 | PPL: 2.96
  [ 90.4%] Step 79,400 | Loss: 1.0902 | PPL: 2.97
  [ 90.7%] Step 79,500 | Loss: 1.0870 | PPL: 2.97
  [ 91.1%] Step 79,600 | Loss: 1.0851 | PPL: 2.96
  [ 91.5%] Step 79,700 | Loss: 1.0828 | PPL: 2.95
  [ 91.8%] Step 79,800 | Loss: 1.0882 | PPL: 2.97
  [ 92.2%] Step 79,900 | Loss: 1.0849 | PPL: 2.96
  [ 92.6%] Step 80,000 | Loss: 1.0887 | PPL: 2.97
  [ 92.9%] Step 80,100 | Loss: 1.0822 | PPL: 2.95
  [ 93.3%] Step 80,200 | Loss: 1.0877 | PPL: 2.97
  [ 93.7%] Step 80,300 | Loss: 1.0848 | PPL: 2.96
  [ 94.0%] Step 80,400 | Loss: 1.0852 | PPL: 2.96
  [ 94.4%] Step 80,500 | Loss: 1.0834 | PPL: 2.95
  [ 94.8%] Step 80,600 | Loss: 1.0874 | PPL: 2.97
  [ 95.1%] Step 80,700 | Loss: 1.0888 | PPL: 2.97
  [ 95.5%] Step 80,800 | Loss: 1.0833 | PPL: 2.95
  [ 95.9%] Step 80,900 | Loss: 1.0850 | PPL: 2.96
  [ 96.2%] Step 81,000 | Loss: 1.0832 | PPL: 2.95
  [ 96.6%] Step 81,100 | Loss: 1.0866 | PPL: 2.96
  [ 97.0%] Step 81,200 | Loss: 1.0850 | PPL: 2.96
  [ 97.3%] Step 81,300 | Loss: 1.0845 | PPL: 2.96
  [ 97.7%] Step 81,400 | Loss: 1.0861 | PPL: 2.96
  [ 98.1%] Step 81,500 | Loss: 1.0872 | PPL: 2.97
  [ 98.4%] Step 81,600 | Loss: 1.0857 | PPL: 2.96
  [ 98.8%] Step 81,700 | Loss: 1.0849 | PPL: 2.96
  [ 99.2%] Step 81,800 | Loss: 1.0806 | PPL: 2.95
  [ 99.5%] Step 81,900 | Loss: 1.0872 | PPL: 2.97
  [ 99.9%] Step 82,000 | Loss: 1.0836 | PPL: 2.96
  [100.0%] Step 82,032 | Loss: 1.0895 | PPL: 2.97
[Epoch 3/3] Validating...
[Epoch 3/3] Loss: 1.0934 | PPL: 2.98
  -> Saved best model to checkpoints_v4\ug_best.pt
============================================================
Training complete. Running final evaluation...
============================================================

Final Test Loss: 1.1465 | Test PPL: 3.15
Done!
Wrote checkpoints_v4\ug_best.pt.runrecord.json
[1;34mwandb[0m: 
[1;34mwandb[0m: You can sync this run to the cloud by running:
[1;34mwandb[0m: [1mwandb sync C:\Users\Test\PROJECTS\LSTM\wandb\offline-run-20260903_021647-32b4lhun[0m
[1;34mwandb[0m: Find logs at: [1;35mwandb\offline-run-20260903_021647-32b4lhun\logs[0m
--- v4/ug end rc=0 Thu Sep  3 03:03:33 PDT 2026 ---
--- v4/fi start Thu Sep  3 03:03:33 PDT 2026 ---
wandb: Tracking run with wandb version 0.23.1
wandb: W&B syncing is set to `offline` in this directory. Run `wandb online` or set WANDB_MODE=online to enable cloud syncing.
wandb: Run data is saved locally in C:\Users\Test\PROJECTS\LSTM\wandb\offline-run-20260903_030335-2edjwjiz
Loading data from rebuild_2026-09\corpora_clean_v4\oscar_fi_ipa.txt...
  Loaded: 10,000,000 chars total
  Train: 7,000,000 chars
  Val: 1,500,000 chars
  Test: 1,500,000 chars
Building vocab from training text...
  Vocab size: 31
============================================================
Training config
============================================================
  Language: Finnish (fi)
  Mode: Train from scratch
  Device: cuda
  Batch size: 256
  Workers: 0
  Pin memory: True
  Epochs: 3
  LR: 0.0001
  Seed: 1234
  Freeze embed: False
  Output: checkpoints_v4\fi_best.pt
Creating data loaders...
  Train batches: 27,344
  Val batches: 5,859

Model config
  Device: cuda
  Embed dim: 128
  Hidden dim: 256
  Layers: 2
  Parameters: 933,535
  Optimizer: Adam (lr=0.0001)
============================================================
Starting training: 3 epochs, 27344 batches/epoch
============================================================
[Epoch 1/3] Starting...
  [  0.4%] Step 100 | Loss: 3.0764 | PPL: 21.68
  [  0.7%] Step 200 | Loss: 2.7395 | PPL: 15.48
  [  1.1%] Step 300 | Loss: 2.4733 | PPL: 11.86
  [  1.5%] Step 400 | Loss: 2.3446 | PPL: 10.43
  [  1.8%] Step 500 | Loss: 2.2814 | PPL: 9.79
  [  2.2%] Step 600 | Loss: 2.2299 | PPL: 9.30
  [  2.6%] Step 700 | Loss: 2.1881 | PPL: 8.92
  [  2.9%] Step 800 | Loss: 2.1524 | PPL: 8.61
  [  3.3%] Step 900 | Loss: 2.1175 | PPL: 8.31
  [  3.7%] Step 1,000 | Loss: 2.0876 | PPL: 8.07
  [  4.0%] Step 1,100 | Loss: 2.0564 | PPL: 7.82
  [  4.4%] Step 1,200 | Loss: 2.0291 | PPL: 7.61
  [  4.8%] Step 1,300 | Loss: 2.0038 | PPL: 7.42
  [  5.1%] Step 1,400 | Loss: 1.9831 | PPL: 7.27
  [  5.5%] Step 1,500 | Loss: 1.9593 | PPL: 7.09
  [  5.9%] Step 1,600 | Loss: 1.9375 | PPL: 6.94
  [  6.2%] Step 1,700 | Loss: 1.9218 | PPL: 6.83
  [  6.6%] Step 1,800 | Loss: 1.9042 | PPL: 6.71
  [  6.9%] Step 1,900 | Loss: 1.8898 | PPL: 6.62
  [  7.3%] Step 2,000 | Loss: 1.8701 | PPL: 6.49
  [  7.7%] Step 2,100 | Loss: 1.8554 | PPL: 6.39
  [  8.0%] Step 2,200 | Loss: 1.8408 | PPL: 6.30
  [  8.4%] Step 2,300 | Loss: 1.8278 | PPL: 6.22
  [  8.8%] Step 2,400 | Loss: 1.8165 | PPL: 6.15
  [  9.1%] Step 2,500 | Loss: 1.8044 | PPL: 6.08
  [  9.5%] Step 2,600 | Loss: 1.7935 | PPL: 6.01
  [  9.9%] Step 2,700 | Loss: 1.7816 | PPL: 5.94
  [ 10.2%] Step 2,800 | Loss: 1.7724 | PPL: 5.88
  [ 10.6%] Step 2,900 | Loss: 1.7592 | PPL: 5.81
  [ 11.0%] Step 3,000 | Loss: 1.7532 | PPL: 5.77
  [ 11.3%] Step 3,100 | Loss: 1.7453 | PPL: 5.73
  [ 11.7%] Step 3,200 | Loss: 1.7311 | PPL: 5.65
  [ 12.1%] Step 3,300 | Loss: 1.7294 | PPL: 5.64
  [ 12.4%] Step 3,400 | Loss: 1.7216 | PPL: 5.59
  [ 12.8%] Step 3,500 | Loss: 1.7124 | PPL: 5.54
  [ 13.2%] Step 3,600 | Loss: 1.7086 | PPL: 5.52
  [ 13.5%] Step 3,700 | Loss: 1.6962 | PPL: 5.45
  [ 13.9%] Step 3,800 | Loss: 1.6897 | PPL: 5.42
  [ 14.3%] Step 3,900 | Loss: 1.6839 | PPL: 5.39
  [ 14.6%] Step 4,000 | Loss: 1.6775 | PPL: 5.35
  [ 15.0%] Step 4,100 | Loss: 1.6674 | PPL: 5.30
  [ 15.4%] Step 4,200 | Loss: 1.6666 | PPL: 5.29
  [ 15.7%] Step 4,300 | Loss: 1.6626 | PPL: 5.27
  [ 16.1%] Step 4,400 | Loss: 1.6545 | PPL: 5.23
  [ 16.5%] Step 4,500 | Loss: 1.6522 | PPL: 5.22
  [ 16.8%] Step 4,600 | Loss: 1.6478 | PPL: 5.20
  [ 17.2%] Step 4,700 | Loss: 1.6393 | PPL: 5.15
  [ 17.6%] Step 4,800 | Loss: 1.6358 | PPL: 5.13
  [ 17.9%] Step 4,900 | Loss: 1.6316 | PPL: 5.11
  [ 18.3%] Step 5,000 | Loss: 1.6262 | PPL: 5.08
  [ 18.7%] Step 5,100 | Loss: 1.6213 | PPL: 5.06
  [ 19.0%] Step 5,200 | Loss: 1.6213 | PPL: 5.06
  [ 19.4%] Step 5,300 | Loss: 1.6132 | PPL: 5.02
  [ 19.7%] Step 5,400 | Loss: 1.6109 | PPL: 5.01
  [ 20.1%] Step 5,500 | Loss: 1.6089 | PPL: 5.00
  [ 20.5%] Step 5,600 | Loss: 1.6019 | PPL: 4.96
  [ 20.8%] Step 5,700 | Loss: 1.5978 | PPL: 4.94
  [ 21.2%] Step 5,800 | Loss: 1.5979 | PPL: 4.94
  [ 21.6%] Step 5,900 | Loss: 1.5935 | PPL: 4.92
  [ 21.9%] Step 6,000 | Loss: 1.5903 | PPL: 4.90
  [ 22.3%] Step 6,100 | Loss: 1.5822 | PPL: 4.87
  [ 22.7%] Step 6,200 | Loss: 1.5849 | PPL: 4.88
  [ 23.0%] Step 6,300 | Loss: 1.5771 | PPL: 4.84
  [ 23.4%] Step 6,400 | Loss: 1.5760 | PPL: 4.84
  [ 23.8%] Step 6,500 | Loss: 1.5717 | PPL: 4.81
  [ 24.1%] Step 6,600 | Loss: 1.5682 | PPL: 4.80
  [ 24.5%] Step 6,700 | Loss: 1.5624 | PPL: 4.77
  [ 24.9%] Step 6,800 | Loss: 1.5641 | PPL: 4.78
  [ 25.2%] Step 6,900 | Loss: 1.5619 | PPL: 4.77
  [ 25.6%] Step 7,000 | Loss: 1.5549 | PPL: 4.73
  [ 26.0%] Step 7,100 | Loss: 1.5508 | PPL: 4.72
  [ 26.3%] Step 7,200 | Loss: 1.5501 | PPL: 4.71
  [ 26.7%] Step 7,300 | Loss: 1.5484 | PPL: 4.70
  [ 27.1%] Step 7,400 | Loss: 1.5483 | PPL: 4.70
  [ 27.4%] Step 7,500 | Loss: 1.5435 | PPL: 4.68
  [ 27.8%] Step 7,600 | Loss: 1.5417 | PPL: 4.67
  [ 28.2%] Step 7,700 | Loss: 1.5402 | PPL: 4.67
  [ 28.5%] Step 7,800 | Loss: 1.5357 | PPL: 4.64
  [ 28.9%] Step 7,900 | Loss: 1.5324 | PPL: 4.63
  [ 29.3%] Step 8,000 | Loss: 1.5296 | PPL: 4.62
  [ 29.6%] Step 8,100 | Loss: 1.5299 | PPL: 4.62
  [ 30.0%] Step 8,200 | Loss: 1.5262 | PPL: 4.60
  [ 30.4%] Step 8,300 | Loss: 1.5234 | PPL: 4.59
  [ 30.7%] Step 8,400 | Loss: 1.5224 | PPL: 4.58
  [ 31.1%] Step 8,500 | Loss: 1.5203 | PPL: 4.57
  [ 31.5%] Step 8,600 | Loss: 1.5181 | PPL: 4.56
  [ 31.8%] Step 8,700 | Loss: 1.5123 | PPL: 4.54
  [ 32.2%] Step 8,800 | Loss: 1.5125 | PPL: 4.54
  [ 32.5%] Step 8,900 | Loss: 1.5094 | PPL: 4.52
  [ 32.9%] Step 9,000 | Loss: 1.5100 | PPL: 4.53
  [ 33.3%] Step 9,100 | Loss: 1.5083 | PPL: 4.52
  [ 33.6%] Step 9,200 | Loss: 1.5062 | PPL: 4.51
  [ 34.0%] Step 9,300 | Loss: 1.5056 | PPL: 4.51
  [ 34.4%] Step 9,400 | Loss: 1.5020 | PPL: 4.49
  [ 34.7%] Step 9,500 | Loss: 1.4983 | PPL: 4.47
  [ 35.1%] Step 9,600 | Loss: 1.4964 | PPL: 4.47
  [ 35.5%] Step 9,700 | Loss: 1.5005 | PPL: 4.48
  [ 35.8%] Step 9,800 | Loss: 1.4921 | PPL: 4.45
  [ 36.2%] Step 9,900 | Loss: 1.4948 | PPL: 4.46
  [ 36.6%] Step 10,000 | Loss: 1.4896 | PPL: 4.44
  [ 36.9%] Step 10,100 | Loss: 1.4877 | PPL: 4.43
  [ 37.3%] Step 10,200 | Loss: 1.4862 | PPL: 4.42
  [ 37.7%] Step 10,300 | Loss: 1.4849 | PPL: 4.41
  [ 38.0%] Step 10,400 | Loss: 1.4822 | PPL: 4.40
  [ 38.4%] Step 10,500 | Loss: 1.4826 | PPL: 4.40
  [ 38.8%] Step 10,600 | Loss: 1.4819 | PPL: 4.40
  [ 39.1%] Step 10,700 | Loss: 1.4769 | PPL: 4.38
  [ 39.5%] Step 10,800 | Loss: 1.4782 | PPL: 4.39
  [ 39.9%] Step 10,900 | Loss: 1.4783 | PPL: 4.39
  [ 40.2%] Step 11,000 | Loss: 1.4704 | PPL: 4.35
  [ 40.6%] Step 11,100 | Loss: 1.4727 | PPL: 4.36
  [ 41.0%] Step 11,200 | Loss: 1.4715 | PPL: 4.36
  [ 41.3%] Step 11,300 | Loss: 1.4672 | PPL: 4.34
  [ 41.7%] Step 11,400 | Loss: 1.4694 | PPL: 4.35
  [ 42.1%] Step 11,500 | Loss: 1.4687 | PPL: 4.34
  [ 42.4%] Step 11,600 | Loss: 1.4656 | PPL: 4.33
  [ 42.8%] Step 11,700 | Loss: 1.4636 | PPL: 4.32
  [ 43.2%] Step 11,800 | Loss: 1.4596 | PPL: 4.30
  [ 43.5%] Step 11,900 | Loss: 1.4638 | PPL: 4.32
  [ 43.9%] Step 12,000 | Loss: 1.4591 | PPL: 4.30
  [ 44.3%] Step 12,100 | Loss: 1.4585 | PPL: 4.30
  [ 44.6%] Step 12,200 | Loss: 1.4615 | PPL: 4.31
  [ 45.0%] Step 12,300 | Loss: 1.4572 | PPL: 4.29
  [ 45.3%] Step 12,400 | Loss: 1.4549 | PPL: 4.28
  [ 45.7%] Step 12,500 | Loss: 1.4520 | PPL: 4.27
  [ 46.1%] Step 12,600 | Loss: 1.4520 | PPL: 4.27
  [ 46.4%] Step 12,700 | Loss: 1.4529 | PPL: 4.28
  [ 46.8%] Step 12,800 | Loss: 1.4469 | PPL: 4.25
  [ 47.2%] Step 12,900 | Loss: 1.4480 | PPL: 4.25
  [ 47.5%] Step 13,000 | Loss: 1.4455 | PPL: 4.24
  [ 47.9%] Step 13,100 | Loss: 1.4448 | PPL: 4.24
  [ 48.3%] Step 13,200 | Loss: 1.4474 | PPL: 4.25
  [ 48.6%] Step 13,300 | Loss: 1.4424 | PPL: 4.23
  [ 49.0%] Step 13,400 | Loss: 1.4428 | PPL: 4.23
  [ 49.4%] Step 13,500 | Loss: 1.4407 | PPL: 4.22
  [ 49.7%] Step 13,600 | Loss: 1.4389 | PPL: 4.22
  [ 50.1%] Step 13,700 | Loss: 1.4386 | PPL: 4.21
  [ 50.5%] Step 13,800 | Loss: 1.4352 | PPL: 4.20
  [ 50.8%] Step 13,900 | Loss: 1.4375 | PPL: 4.21
  [ 51.2%] Step 14,000 | Loss: 1.4343 | PPL: 4.20
  [ 51.6%] Step 14,100 | Loss: 1.4326 | PPL: 4.19
  [ 51.9%] Step 14,200 | Loss: 1.4347 | PPL: 4.20
  [ 52.3%] Step 14,300 | Loss: 1.4343 | PPL: 4.20
  [ 52.7%] Step 14,400 | Loss: 1.4287 | PPL: 4.17
  [ 53.0%] Step 14,500 | Loss: 1.4267 | PPL: 4.16
  [ 53.4%] Step 14,600 | Loss: 1.4312 | PPL: 4.18
  [ 53.8%] Step 14,700 | Loss: 1.4300 | PPL: 4.18
  [ 54.1%] Step 14,800 | Loss: 1.4273 | PPL: 4.17
  [ 54.5%] Step 14,900 | Loss: 1.4246 | PPL: 4.16
  [ 54.9%] Step 15,000 | Loss: 1.4258 | PPL: 4.16
  [ 55.2%] Step 15,100 | Loss: 1.4266 | PPL: 4.16
  [ 55.6%] Step 15,200 | Loss: 1.4236 | PPL: 4.15
  [ 56.0%] Step 15,300 | Loss: 1.4238 | PPL: 4.15
  [ 56.3%] Step 15,400 | Loss: 1.4228 | PPL: 4.15
  [ 56.7%] Step 15,500 | Loss: 1.4197 | PPL: 4.14
  [ 57.1%] Step 15,600 | Loss: 1.4206 | PPL: 4.14
  [ 57.4%] Step 15,700 | Loss: 1.4200 | PPL: 4.14
  [ 57.8%] Step 15,800 | Loss: 1.4166 | PPL: 4.12
  [ 58.1%] Step 15,900 | Loss: 1.4179 | PPL: 4.13
  [ 58.5%] Step 16,000 | Loss: 1.4144 | PPL: 4.11
  [ 58.9%] Step 16,100 | Loss: 1.4145 | PPL: 4.11
  [ 59.2%] Step 16,200 | Loss: 1.4137 | PPL: 4.11
  [ 59.6%] Step 16,300 | Loss: 1.4109 | PPL: 4.10
  [ 60.0%] Step 16,400 | Loss: 1.4120 | PPL: 4.10
  [ 60.3%] Step 16,500 | Loss: 1.4153 | PPL: 4.12
  [ 60.7%] Step 16,600 | Loss: 1.4156 | PPL: 4.12
  [ 61.1%] Step 16,700 | Loss: 1.4069 | PPL: 4.08
  [ 61.4%] Step 16,800 | Loss: 1.4122 | PPL: 4.10
  [ 61.8%] Step 16,900 | Loss: 1.4089 | PPL: 4.09
  [ 62.2%] Step 17,000 | Loss: 1.4086 | PPL: 4.09
  [ 62.5%] Step 17,100 | Loss: 1.4078 | PPL: 4.09
  [ 62.9%] Step 17,200 | Loss: 1.4063 | PPL: 4.08
  [ 63.3%] Step 17,300 | Loss: 1.4111 | PPL: 4.10
  [ 63.6%] Step 17,400 | Loss: 1.4082 | PPL: 4.09
  [ 64.0%] Step 17,500 | Loss: 1.4096 | PPL: 4.09
  [ 64.4%] Step 17,600 | Loss: 1.4029 | PPL: 4.07
  [ 64.7%] Step 17,700 | Loss: 1.4001 | PPL: 4.06
  [ 65.1%] Step 17,800 | Loss: 1.4015 | PPL: 4.06
  [ 65.5%] Step 17,900 | Loss: 1.4057 | PPL: 4.08
  [ 65.8%] Step 18,000 | Loss: 1.4016 | PPL: 4.06
  [ 66.2%] Step 18,100 | Loss: 1.3991 | PPL: 4.05
  [ 66.6%] Step 18,200 | Loss: 1.3980 | PPL: 4.05
  [ 66.9%] Step 18,300 | Loss: 1.4007 | PPL: 4.06
  [ 67.3%] Step 18,400 | Loss: 1.3958 | PPL: 4.04
  [ 67.7%] Step 18,500 | Loss: 1.3984 | PPL: 4.05
  [ 68.0%] Step 18,600 | Loss: 1.3966 | PPL: 4.04
  [ 68.4%] Step 18,700 | Loss: 1.3982 | PPL: 4.05
  [ 68.8%] Step 18,800 | Loss: 1.3928 | PPL: 4.03
  [ 69.1%] Step 18,900 | Loss: 1.3920 | PPL: 4.02
  [ 69.5%] Step 19,000 | Loss: 1.3926 | PPL: 4.03
  [ 69.9%] Step 19,100 | Loss: 1.3927 | PPL: 4.03
  [ 70.2%] Step 19,200 | Loss: 1.3901 | PPL: 4.02
  [ 70.6%] Step 19,300 | Loss: 1.3950 | PPL: 4.03
  [ 70.9%] Step 19,400 | Loss: 1.3897 | PPL: 4.01
  [ 71.3%] Step 19,500 | Loss: 1.3899 | PPL: 4.01
  [ 71.7%] Step 19,600 | Loss: 1.3894 | PPL: 4.01
  [ 72.0%] Step 19,700 | Loss: 1.3889 | PPL: 4.01
  [ 72.4%] Step 19,800 | Loss: 1.3869 | PPL: 4.00
  [ 72.8%] Step 19,900 | Loss: 1.3853 | PPL: 4.00
  [ 73.1%] Step 20,000 | Loss: 1.3876 | PPL: 4.01
  [ 73.5%] Step 20,100 | Loss: 1.3852 | PPL: 4.00
  [ 73.9%] Step 20,200 | Loss: 1.3866 | PPL: 4.00
  [ 74.2%] Step 20,300 | Loss: 1.3881 | PPL: 4.01
  [ 74.6%] Step 20,400 | Loss: 1.3865 | PPL: 4.00
  [ 75.0%] Step 20,500 | Loss: 1.3808 | PPL: 3.98
  [ 75.3%] Step 20,600 | Loss: 1.3838 | PPL: 3.99
  [ 75.7%] Step 20,700 | Loss: 1.3836 | PPL: 3.99
  [ 76.1%] Step 20,800 | Loss: 1.3835 | PPL: 3.99
  [ 76.4%] Step 20,900 | Loss: 1.3783 | PPL: 3.97
  [ 76.8%] Step 21,000 | Loss: 1.3779 | PPL: 3.97
  [ 77.2%] Step 21,100 | Loss: 1.3777 | PPL: 3.97
  [ 77.5%] Step 21,200 | Loss: 1.3783 | PPL: 3.97
  [ 77.9%] Step 21,300 | Loss: 1.3790 | PPL: 3.97
  [ 78.3%] Step 21,400 | Loss: 1.3738 | PPL: 3.95
  [ 78.6%] Step 21,500 | Loss: 1.3800 | PPL: 3.98
  [ 79.0%] Step 21,600 | Loss: 1.3755 | PPL: 3.96
  [ 79.4%] Step 21,700 | Loss: 1.3769 | PPL: 3.96
  [ 79.7%] Step 21,800 | Loss: 1.3751 | PPL: 3.96
  [ 80.1%] Step 21,900 | Loss: 1.3732 | PPL: 3.95
  [ 80.5%] Step 22,000 | Loss: 1.3743 | PPL: 3.95
  [ 80.8%] Step 22,100 | Loss: 1.3717 | PPL: 3.94
  [ 81.2%] Step 22,200 | Loss: 1.3684 | PPL: 3.93
  [ 81.6%] Step 22,300 | Loss: 1.3713 | PPL: 3.94
  [ 81.9%] Step 22,400 | Loss: 1.3708 | PPL: 3.94
  [ 82.3%] Step 22,500 | Loss: 1.3724 | PPL: 3.94
  [ 82.7%] Step 22,600 | Loss: 1.3733 | PPL: 3.95
  [ 83.0%] Step 22,700 | Loss: 1.3703 | PPL: 3.94
  [ 83.4%] Step 22,800 | Loss: 1.3694 | PPL: 3.93
  [ 83.7%] Step 22,900 | Loss: 1.3671 | PPL: 3.92
  [ 84.1%] Step 23,000 | Loss: 1.3690 | PPL: 3.93
  [ 84.5%] Step 23,100 | Loss: 1.3649 | PPL: 3.92
  [ 84.8%] Step 23,200 | Loss: 1.3699 | PPL: 3.93
  [ 85.2%] Step 23,300 | Loss: 1.3680 | PPL: 3.93
  [ 85.6%] Step 23,400 | Loss: 1.3680 | PPL: 3.93
  [ 85.9%] Step 23,500 | Loss: 1.3662 | PPL: 3.92
  [ 86.3%] Step 23,600 | Loss: 1.3680 | PPL: 3.93
  [ 86.7%] Step 23,700 | Loss: 1.3611 | PPL: 3.90
  [ 87.0%] Step 23,800 | Loss: 1.3647 | PPL: 3.91
  [ 87.4%] Step 23,900 | Loss: 1.3616 | PPL: 3.90
  [ 87.8%] Step 24,000 | Loss: 1.3650 | PPL: 3.92
  [ 88.1%] Step 24,100 | Loss: 1.3633 | PPL: 3.91
  [ 88.5%] Step 24,200 | Loss: 1.3627 | PPL: 3.91
  [ 88.9%] Step 24,300 | Loss: 1.3606 | PPL: 3.90
  [ 89.2%] Step 24,400 | Loss: 1.3620 | PPL: 3.90
  [ 89.6%] Step 24,500 | Loss: 1.3639 | PPL: 3.91
  [ 90.0%] Step 24,600 | Loss: 1.3578 | PPL: 3.89
  [ 90.3%] Step 24,700 | Loss: 1.3590 | PPL: 3.89
  [ 90.7%] Step 24,800 | Loss: 1.3589 | PPL: 3.89
  [ 91.1%] Step 24,900 | Loss: 1.3592 | PPL: 3.89
  [ 91.4%] Step 25,000 | Loss: 1.3602 | PPL: 3.90
  [ 91.8%] Step 25,100 | Loss: 1.3565 | PPL: 3.88
  [ 92.2%] Step 25,200 | Loss: 1.3561 | PPL: 3.88
  [ 92.5%] Step 25,300 | Loss: 1.3573 | PPL: 3.89
  [ 92.9%] Step 25,400 | Loss: 1.3567 | PPL: 3.88
  [ 93.3%] Step 25,500 | Loss: 1.3546 | PPL: 3.88
  [ 93.6%] Step 25,600 | Loss: 1.3560 | PPL: 3.88
  [ 94.0%] Step 25,700 | Loss: 1.3550 | PPL: 3.88
  [ 94.4%] Step 25,800 | Loss: 1.3539 | PPL: 3.87
  [ 94.7%] Step 25,900 | Loss: 1.3545 | PPL: 3.87
  [ 95.1%] Step 26,000 | Loss: 1.3533 | PPL: 3.87
  [ 95.5%] Step 26,100 | Loss: 1.3502 | PPL: 3.86
  [ 95.8%] Step 26,200 | Loss: 1.3508 | PPL: 3.86
  [ 96.2%] Step 26,300 | Loss: 1.3529 | PPL: 3.87
  [ 96.5%] Step 26,400 | Loss: 1.3534 | PPL: 3.87
  [ 96.9%] Step 26,500 | Loss: 1.3496 | PPL: 3.86
  [ 97.3%] Step 26,600 | Loss: 1.3509 | PPL: 3.86
  [ 97.6%] Step 26,700 | Loss: 1.3514 | PPL: 3.86
  [ 98.0%] Step 26,800 | Loss: 1.3461 | PPL: 3.84
  [ 98.4%] Step 26,900 | Loss: 1.3505 | PPL: 3.86
  [ 98.7%] Step 27,000 | Loss: 1.3529 | PPL: 3.87
  [ 99.1%] Step 27,100 | Loss: 1.3489 | PPL: 3.85
  [ 99.5%] Step 27,200 | Loss: 1.3508 | PPL: 3.86
  [ 99.8%] Step 27,300 | Loss: 1.3427 | PPL: 3.83
  [100.0%] Step 27,344 | Loss: 1.3440 | PPL: 3.83
[Epoch 1/3] Validating...
[Epoch 1/3] Loss: 1.4226 | PPL: 4.15
  -> Saved best model to checkpoints_v4\fi_best.pt
[Epoch 2/3] Starting...
  [  0.2%] Step 27,400 | Loss: 1.3473 | PPL: 3.85
  [  0.6%] Step 27,500 | Loss: 1.3458 | PPL: 3.84
  [  0.9%] Step 27,600 | Loss: 1.3449 | PPL: 3.84
  [  1.3%] Step 27,700 | Loss: 1.3496 | PPL: 3.86
  [  1.7%] Step 27,800 | Loss: 1.3448 | PPL: 3.84
  [  2.0%] Step 27,900 | Loss: 1.3416 | PPL: 3.83
  [  2.4%] Step 28,000 | Loss: 1.3437 | PPL: 3.83
  [  2.8%] Step 28,100 | Loss: 1.3450 | PPL: 3.84
  [  3.1%] Step 28,200 | Loss: 1.3455 | PPL: 3.84
  [  3.5%] Step 28,300 | Loss: 1.3447 | PPL: 3.84
  [  3.9%] Step 28,400 | Loss: 1.3425 | PPL: 3.83
  [  4.2%] Step 28,500 | Loss: 1.3460 | PPL: 3.84
  [  4.6%] Step 28,600 | Loss: 1.3394 | PPL: 3.82
  [  5.0%] Step 28,700 | Loss: 1.3431 | PPL: 3.83
  [  5.3%] Step 28,800 | Loss: 1.3396 | PPL: 3.82
  [  5.7%] Step 28,900 | Loss: 1.3399 | PPL: 3.82
  [  6.1%] Step 29,000 | Loss: 1.3387 | PPL: 3.81
  [  6.4%] Step 29,100 | Loss: 1.3399 | PPL: 3.82
  [  6.8%] Step 29,200 | Loss: 1.3410 | PPL: 3.82
  [  7.2%] Step 29,300 | Loss: 1.3393 | PPL: 3.82
  [  7.5%] Step 29,400 | Loss: 1.3406 | PPL: 3.82
  [  7.9%] Step 29,500 | Loss: 1.3355 | PPL: 3.80
  [  8.3%] Step 29,600 | Loss: 1.3368 | PPL: 3.81
  [  8.6%] Step 29,700 | Loss: 1.3378 | PPL: 3.81
  [  9.0%] Step 29,800 | Loss: 1.3376 | PPL: 3.81
  [  9.3%] Step 29,900 | Loss: 1.3376 | PPL: 3.81
  [  9.7%] Step 30,000 | Loss: 1.3351 | PPL: 3.80
  [ 10.1%] Step 30,100 | Loss: 1.3359 | PPL: 3.80
  [ 10.4%] Step 30,200 | Loss: 1.3376 | PPL: 3.81
  [ 10.8%] Step 30,300 | Loss: 1.3351 | PPL: 3.80
  [ 11.2%] Step 30,400 | Loss: 1.3356 | PPL: 3.80
  [ 11.5%] Step 30,500 | Loss: 1.3322 | PPL: 3.79
  [ 11.9%] Step 30,600 | Loss: 1.3350 | PPL: 3.80
  [ 12.3%] Step 30,700 | Loss: 1.3326 | PPL: 3.79
  [ 12.6%] Step 30,800 | Loss: 1.3353 | PPL: 3.80
  [ 13.0%] Step 30,900 | Loss: 1.3342 | PPL: 3.80
  [ 13.4%] Step 31,000 | Loss: 1.3305 | PPL: 3.78
  [ 13.7%] Step 31,100 | Loss: 1.3283 | PPL: 3.77
  [ 14.1%] Step 31,200 | Loss: 1.3326 | PPL: 3.79
  [ 14.5%] Step 31,300 | Loss: 1.3282 | PPL: 3.77
  [ 14.8%] Step 31,400 | Loss: 1.3277 | PPL: 3.77
  [ 15.2%] Step 31,500 | Loss: 1.3314 | PPL: 3.79
  [ 15.6%] Step 31,600 | Loss: 1.3303 | PPL: 3.78
  [ 15.9%] Step 31,700 | Loss: 1.3317 | PPL: 3.79
  [ 16.3%] Step 31,800 | Loss: 1.3316 | PPL: 3.79
  [ 16.7%] Step 31,900 | Loss: 1.3301 | PPL: 3.78
  [ 17.0%] Step 32,000 | Loss: 1.3296 | PPL: 3.78
  [ 17.4%] Step 32,100 | Loss: 1.3264 | PPL: 3.77
  [ 17.8%] Step 32,200 | Loss: 1.3295 | PPL: 3.78
  [ 18.1%] Step 32,300 | Loss: 1.3320 | PPL: 3.79
  [ 18.5%] Step 32,400 | Loss: 1.3272 | PPL: 3.77
  [ 18.9%] Step 32,500 | Loss: 1.3239 | PPL: 3.76
  [ 19.2%] Step 32,600 | Loss: 1.3257 | PPL: 3.76
  [ 19.6%] Step 32,700 | Loss: 1.3268 | PPL: 3.77
  [ 20.0%] Step 32,800 | Loss: 1.3252 | PPL: 3.76
  [ 20.3%] Step 32,900 | Loss: 1.3214 | PPL: 3.75
  [ 20.7%] Step 33,000 | Loss: 1.3219 | PPL: 3.75
  [ 21.1%] Step 33,100 | Loss: 1.3212 | PPL: 3.75
  [ 21.4%] Step 33,200 | Loss: 1.3229 | PPL: 3.75
  [ 21.8%] Step 33,300 | Loss: 1.3269 | PPL: 3.77
  [ 22.1%] Step 33,400 | Loss: 1.3212 | PPL: 3.75
  [ 22.5%] Step 33,500 | Loss: 1.3273 | PPL: 3.77
  [ 22.9%] Step 33,600 | Loss: 1.3209 | PPL: 3.75
  [ 23.2%] Step 33,700 | Loss: 1.3214 | PPL: 3.75
  [ 23.6%] Step 33,800 | Loss: 1.3255 | PPL: 3.76
  [ 24.0%] Step 33,900 | Loss: 1.3231 | PPL: 3.76
  [ 24.3%] Step 34,000 | Loss: 1.3224 | PPL: 3.75
  [ 24.7%] Step 34,100 | Loss: 1.3210 | PPL: 3.75
  [ 25.1%] Step 34,200 | Loss: 1.3235 | PPL: 3.76
  [ 25.4%] Step 34,300 | Loss: 1.3222 | PPL: 3.75
  [ 25.8%] Step 34,400 | Loss: 1.3204 | PPL: 3.74
  [ 26.2%] Step 34,500 | Loss: 1.3202 | PPL: 3.74
  [ 26.5%] Step 34,600 | Loss: 1.3200 | PPL: 3.74
  [ 26.9%] Step 34,700 | Loss: 1.3207 | PPL: 3.75
  [ 27.3%] Step 34,800 | Loss: 1.3189 | PPL: 3.74
  [ 27.6%] Step 34,900 | Loss: 1.3201 | PPL: 3.74
  [ 28.0%] Step 35,000 | Loss: 1.3164 | PPL: 3.73
  [ 28.4%] Step 35,100 | Loss: 1.3217 | PPL: 3.75
  [ 28.7%] Step 35,200 | Loss: 1.3166 | PPL: 3.73
  [ 29.1%] Step 35,300 | Loss: 1.3168 | PPL: 3.73
  [ 29.5%] Step 35,400 | Loss: 1.3120 | PPL: 3.71
  [ 29.8%] Step 35,500 | Loss: 1.3160 | PPL: 3.73
  [ 30.2%] Step 35,600 | Loss: 1.3156 | PPL: 3.73
  [ 30.6%] Step 35,700 | Loss: 1.3205 | PPL: 3.75
  [ 30.9%] Step 35,800 | Loss: 1.3143 | PPL: 3.72
  [ 31.3%] Step 35,900 | Loss: 1.3167 | PPL: 3.73
  [ 31.7%] Step 36,000 | Loss: 1.3166 | PPL: 3.73
  [ 32.0%] Step 36,100 | Loss: 1.3127 | PPL: 3.72
  [ 32.4%] Step 36,200 | Loss: 1.3114 | PPL: 3.71
  [ 32.8%] Step 36,300 | Loss: 1.3106 | PPL: 3.71
  [ 33.1%] Step 36,400 | Loss: 1.3140 | PPL: 3.72
  [ 33.5%] Step 36,500 | Loss: 1.3159 | PPL: 3.73
  [ 33.9%] Step 36,600 | Loss: 1.3165 | PPL: 3.73
  [ 34.2%] Step 36,700 | Loss: 1.3151 | PPL: 3.72
  [ 34.6%] Step 36,800 | Loss: 1.3093 | PPL: 3.70
  [ 34.9%] Step 36,900 | Loss: 1.3105 | PPL: 3.71
  [ 35.3%] Step 37,000 | Loss: 1.3138 | PPL: 3.72
  [ 35.7%] Step 37,100 | Loss: 1.3122 | PPL: 3.71
  [ 36.0%] Step 37,200 | Loss: 1.3117 | PPL: 3.71
  [ 36.4%] Step 37,300 | Loss: 1.3132 | PPL: 3.72
  [ 36.8%] Step 37,400 | Loss: 1.3120 | PPL: 3.71
  [ 37.1%] Step 37,500 | Loss: 1.3121 | PPL: 3.71
  [ 37.5%] Step 37,600 | Loss: 1.3073 | PPL: 3.70
  [ 37.9%] Step 37,700 | Loss: 1.3089 | PPL: 3.70
  [ 38.2%] Step 37,800 | Loss: 1.3106 | PPL: 3.71
  [ 38.6%] Step 37,900 | Loss: 1.3068 | PPL: 3.69
  [ 39.0%] Step 38,000 | Loss: 1.3081 | PPL: 3.70
  [ 39.3%] Step 38,100 | Loss: 1.3079 | PPL: 3.70
  [ 39.7%] Step 38,200 | Loss: 1.3103 | PPL: 3.71
  [ 40.1%] Step 38,300 | Loss: 1.3107 | PPL: 3.71
  [ 40.4%] Step 38,400 | Loss: 1.3099 | PPL: 3.71
  [ 40.8%] Step 38,500 | Loss: 1.3096 | PPL: 3.70
  [ 41.2%] Step 38,600 | Loss: 1.3066 | PPL: 3.69
  [ 41.5%] Step 38,700 | Loss: 1.3089 | PPL: 3.70
  [ 41.9%] Step 38,800 | Loss: 1.3092 | PPL: 3.70
  [ 42.3%] Step 38,900 | Loss: 1.3085 | PPL: 3.70
  [ 42.6%] Step 39,000 | Loss: 1.3056 | PPL: 3.69
  [ 43.0%] Step 39,100 | Loss: 1.3070 | PPL: 3.70
  [ 43.4%] Step 39,200 | Loss: 1.3052 | PPL: 3.69
  [ 43.7%] Step 39,300 | Loss: 1.3041 | PPL: 3.68
  [ 44.1%] Step 39,400 | Loss: 1.3066 | PPL: 3.69
  [ 44.5%] Step 39,500 | Loss: 1.3019 | PPL: 3.68
  [ 44.8%] Step 39,600 | Loss: 1.3043 | PPL: 3.69
  [ 45.2%] Step 39,700 | Loss: 1.3065 | PPL: 3.69
  [ 45.6%] Step 39,800 | Loss: 1.3016 | PPL: 3.68
  [ 45.9%] Step 39,900 | Loss: 1.3036 | PPL: 3.68
  [ 46.3%] Step 40,000 | Loss: 1.3088 | PPL: 3.70
  [ 46.7%] Step 40,100 | Loss: 1.3034 | PPL: 3.68
  [ 47.0%] Step 40,200 | Loss: 1.3043 | PPL: 3.69
  [ 47.4%] Step 40,300 | Loss: 1.3047 | PPL: 3.69
  [ 47.7%] Step 40,400 | Loss: 1.3024 | PPL: 3.68
  [ 48.1%] Step 40,500 | Loss: 1.3051 | PPL: 3.69
  [ 48.5%] Step 40,600 | Loss: 1.3038 | PPL: 3.68
  [ 48.8%] Step 40,700 | Loss: 1.3023 | PPL: 3.68
  [ 49.2%] Step 40,800 | Loss: 1.3033 | PPL: 3.68
  [ 49.6%] Step 40,900 | Loss: 1.3033 | PPL: 3.68
  [ 49.9%] Step 41,000 | Loss: 1.3002 | PPL: 3.67
  [ 50.3%] Step 41,100 | Loss: 1.3006 | PPL: 3.67
  [ 50.7%] Step 41,200 | Loss: 1.3028 | PPL: 3.68
  [ 51.0%] Step 41,300 | Loss: 1.2983 | PPL: 3.66
  [ 51.4%] Step 41,400 | Loss: 1.3002 | PPL: 3.67
  [ 51.8%] Step 41,500 | Loss: 1.3011 | PPL: 3.67
  [ 52.1%] Step 41,600 | Loss: 1.2984 | PPL: 3.66
  [ 52.5%] Step 41,700 | Loss: 1.2991 | PPL: 3.67
  [ 52.9%] Step 41,800 | Loss: 1.3000 | PPL: 3.67
  [ 53.2%] Step 41,900 | Loss: 1.3009 | PPL: 3.67
  [ 53.6%] Step 42,000 | Loss: 1.3000 | PPL: 3.67
  [ 54.0%] Step 42,100 | Loss: 1.2992 | PPL: 3.67
  [ 54.3%] Step 42,200 | Loss: 1.2978 | PPL: 3.66
  [ 54.7%] Step 42,300 | Loss: 1.2981 | PPL: 3.66
  [ 55.1%] Step 42,400 | Loss: 1.2973 | PPL: 3.66
  [ 55.4%] Step 42,500 | Loss: 1.2992 | PPL: 3.67
  [ 55.8%] Step 42,600 | Loss: 1.2958 | PPL: 3.65
  [ 56.2%] Step 42,700 | Loss: 1.2968 | PPL: 3.66
  [ 56.5%] Step 42,800 | Loss: 1.2945 | PPL: 3.65
  [ 56.9%] Step 42,900 | Loss: 1.2959 | PPL: 3.65
  [ 57.3%] Step 43,000 | Loss: 1.3001 | PPL: 3.67
  [ 57.6%] Step 43,100 | Loss: 1.2959 | PPL: 3.65
  [ 58.0%] Step 43,200 | Loss: 1.2952 | PPL: 3.65
  [ 58.4%] Step 43,300 | Loss: 1.2974 | PPL: 3.66
  [ 58.7%] Step 43,400 | Loss: 1.2952 | PPL: 3.65
  [ 59.1%] Step 43,500 | Loss: 1.2925 | PPL: 3.64
  [ 59.4%] Step 43,600 | Loss: 1.2950 | PPL: 3.65
  [ 59.8%] Step 43,700 | Loss: 1.2950 | PPL: 3.65
  [ 60.2%] Step 43,800 | Loss: 1.2954 | PPL: 3.65
  [ 60.5%] Step 43,900 | Loss: 1.2938 | PPL: 3.65
  [ 60.9%] Step 44,000 | Loss: 1.2948 | PPL: 3.65
  [ 61.3%] Step 44,100 | Loss: 1.2927 | PPL: 3.64
  [ 61.6%] Step 44,200 | Loss: 1.2927 | PPL: 3.64
  [ 62.0%] Step 44,300 | Loss: 1.2905 | PPL: 3.63
  [ 62.4%] Step 44,400 | Loss: 1.2919 | PPL: 3.64
  [ 62.7%] Step 44,500 | Loss: 1.2941 | PPL: 3.65
  [ 63.1%] Step 44,600 | Loss: 1.2959 | PPL: 3.65
  [ 63.5%] Step 44,700 | Loss: 1.2924 | PPL: 3.64
  [ 63.8%] Step 44,800 | Loss: 1.2912 | PPL: 3.64
  [ 64.2%] Step 44,900 | Loss: 1.2916 | PPL: 3.64
  [ 64.6%] Step 45,000 | Loss: 1.2910 | PPL: 3.64
  [ 64.9%] Step 45,100 | Loss: 1.2889 | PPL: 3.63
  [ 65.3%] Step 45,200 | Loss: 1.2941 | PPL: 3.65
  [ 65.7%] Step 45,300 | Loss: 1.2945 | PPL: 3.65
  [ 66.0%] Step 45,400 | Loss: 1.2930 | PPL: 3.64
  [ 66.4%] Step 45,500 | Loss: 1.2943 | PPL: 3.65
  [ 66.8%] Step 45,600 | Loss: 1.2904 | PPL: 3.63
  [ 67.1%] Step 45,700 | Loss: 1.2904 | PPL: 3.63
  [ 67.5%] Step 45,800 | Loss: 1.2873 | PPL: 3.62
  [ 67.9%] Step 45,900 | Loss: 1.2916 | PPL: 3.64
  [ 68.2%] Step 46,000 | Loss: 1.2905 | PPL: 3.63
  [ 68.6%] Step 46,100 | Loss: 1.2904 | PPL: 3.63
  [ 69.0%] Step 46,200 | Loss: 1.2898 | PPL: 3.63
  [ 69.3%] Step 46,300 | Loss: 1.2867 | PPL: 3.62
  [ 69.7%] Step 46,400 | Loss: 1.2893 | PPL: 3.63
  [ 70.1%] Step 46,500 | Loss: 1.2859 | PPL: 3.62
  [ 70.4%] Step 46,600 | Loss: 1.2880 | PPL: 3.63
  [ 70.8%] Step 46,700 | Loss: 1.2913 | PPL: 3.64
  [ 71.2%] Step 46,800 | Loss: 1.2865 | PPL: 3.62
  [ 71.5%] Step 46,900 | Loss: 1.2833 | PPL: 3.61
  [ 71.9%] Step 47,000 | Loss: 1.2875 | PPL: 3.62
  [ 72.2%] Step 47,100 | Loss: 1.2869 | PPL: 3.62
  [ 72.6%] Step 47,200 | Loss: 1.2877 | PPL: 3.62
  [ 73.0%] Step 47,300 | Loss: 1.2879 | PPL: 3.63
  [ 73.3%] Step 47,400 | Loss: 1.2869 | PPL: 3.62
  [ 73.7%] Step 47,500 | Loss: 1.2859 | PPL: 3.62
  [ 74.1%] Step 47,600 | Loss: 1.2844 | PPL: 3.61
  [ 74.4%] Step 47,700 | Loss: 1.2852 | PPL: 3.62
  [ 74.8%] Step 47,800 | Loss: 1.2861 | PPL: 3.62
  [ 75.2%] Step 47,900 | Loss: 1.2884 | PPL: 3.63
  [ 75.5%] Step 48,000 | Loss: 1.2878 | PPL: 3.62
  [ 75.9%] Step 48,100 | Loss: 1.2877 | PPL: 3.62
  [ 76.3%] Step 48,200 | Loss: 1.2859 | PPL: 3.62
  [ 76.6%] Step 48,300 | Loss: 1.2840 | PPL: 3.61
  [ 77.0%] Step 48,400 | Loss: 1.2859 | PPL: 3.62
  [ 77.4%] Step 48,500 | Loss: 1.2832 | PPL: 3.61
  [ 77.7%] Step 48,600 | Loss: 1.2831 | PPL: 3.61
  [ 78.1%] Step 48,700 | Loss: 1.2840 | PPL: 3.61
  [ 78.5%] Step 48,800 | Loss: 1.2835 | PPL: 3.61
  [ 78.8%] Step 48,900 | Loss: 1.2803 | PPL: 3.60
  [ 79.2%] Step 49,000 | Loss: 1.2827 | PPL: 3.61
  [ 79.6%] Step 49,100 | Loss: 1.2841 | PPL: 3.61
  [ 79.9%] Step 49,200 | Loss: 1.2875 | PPL: 3.62
  [ 80.3%] Step 49,300 | Loss: 1.2823 | PPL: 3.60
  [ 80.7%] Step 49,400 | Loss: 1.2809 | PPL: 3.60
  [ 81.0%] Step 49,500 | Loss: 1.2850 | PPL: 3.61
  [ 81.4%] Step 49,600 | Loss: 1.2830 | PPL: 3.61
  [ 81.8%] Step 49,700 | Loss: 1.2831 | PPL: 3.61
  [ 82.1%] Step 49,800 | Loss: 1.2798 | PPL: 3.60
  [ 82.5%] Step 49,900 | Loss: 1.2805 | PPL: 3.60
  [ 82.9%] Step 50,000 | Loss: 1.2806 | PPL: 3.60
  [ 83.2%] Step 50,100 | Loss: 1.2837 | PPL: 3.61
  [ 83.6%] Step 50,200 | Loss: 1.2780 | PPL: 3.59
  [ 84.0%] Step 50,300 | Loss: 1.2836 | PPL: 3.61
  [ 84.3%] Step 50,400 | Loss: 1.2810 | PPL: 3.60
  [ 84.7%] Step 50,500 | Loss: 1.2818 | PPL: 3.60
  [ 85.0%] Step 50,600 | Loss: 1.2785 | PPL: 3.59
  [ 85.4%] Step 50,700 | Loss: 1.2810 | PPL: 3.60
  [ 85.8%] Step 50,800 | Loss: 1.2827 | PPL: 3.61
  [ 86.1%] Step 50,900 | Loss: 1.2797 | PPL: 3.60
  [ 86.5%] Step 51,000 | Loss: 1.2822 | PPL: 3.60
  [ 86.9%] Step 51,100 | Loss: 1.2764 | PPL: 3.58
  [ 87.2%] Step 51,200 | Loss: 1.2757 | PPL: 3.58
  [ 87.6%] Step 51,300 | Loss: 1.2789 | PPL: 3.59
  [ 88.0%] Step 51,400 | Loss: 1.2812 | PPL: 3.60
  [ 88.3%] Step 51,500 | Loss: 1.2738 | PPL: 3.57
  [ 88.7%] Step 51,600 | Loss: 1.2811 | PPL: 3.60
  [ 89.1%] Step 51,700 | Loss: 1.2773 | PPL: 3.59
  [ 89.4%] Step 51,800 | Loss: 1.2765 | PPL: 3.58
  [ 89.8%] Step 51,900 | Loss: 1.2776 | PPL: 3.59
  [ 90.2%] Step 52,000 | Loss: 1.2789 | PPL: 3.59
  [ 90.5%] Step 52,100 | Loss: 1.2773 | PPL: 3.59
  [ 90.9%] Step 52,200 | Loss: 1.2753 | PPL: 3.58
  [ 91.3%] Step 52,300 | Loss: 1.2731 | PPL: 3.57
  [ 91.6%] Step 52,400 | Loss: 1.2771 | PPL: 3.59
  [ 92.0%] Step 52,500 | Loss: 1.2768 | PPL: 3.59
  [ 92.4%] Step 52,600 | Loss: 1.2767 | PPL: 3.58
  [ 92.7%] Step 52,700 | Loss: 1.2734 | PPL: 3.57
  [ 93.1%] Step 52,800 | Loss: 1.2776 | PPL: 3.59
  [ 93.5%] Step 52,900 | Loss: 1.2740 | PPL: 3.58
  [ 93.8%] Step 53,000 | Loss: 1.2762 | PPL: 3.58
  [ 94.2%] Step 53,100 | Loss: 1.2763 | PPL: 3.58
  [ 94.6%] Step 53,200 | Loss: 1.2778 | PPL: 3.59
  [ 94.9%] Step 53,300 | Loss: 1.2748 | PPL: 3.58
  [ 95.3%] Step 53,400 | Loss: 1.2727 | PPL: 3.57
  [ 95.7%] Step 53,500 | Loss: 1.2729 | PPL: 3.57
  [ 96.0%] Step 53,600 | Loss: 1.2734 | PPL: 3.57
  [ 96.4%] Step 53,700 | Loss: 1.2734 | PPL: 3.57
  [ 96.8%] Step 53,800 | Loss: 1.2717 | PPL: 3.57
  [ 97.1%] Step 53,900 | Loss: 1.2784 | PPL: 3.59
  [ 97.5%] Step 54,000 | Loss: 1.2736 | PPL: 3.57
  [ 97.8%] Step 54,100 | Loss: 1.2750 | PPL: 3.58
  [ 98.2%] Step 54,200 | Loss: 1.2766 | PPL: 3.58
  [ 98.6%] Step 54,300 | Loss: 1.2762 | PPL: 3.58
  [ 98.9%] Step 54,400 | Loss: 1.2746 | PPL: 3.58
  [ 99.3%] Step 54,500 | Loss: 1.2729 | PPL: 3.57
  [ 99.7%] Step 54,600 | Loss: 1.2723 | PPL: 3.57
  [100.0%] Step 54,688 | Loss: 1.2698 | PPL: 3.56
[Epoch 2/3] Validating...
[Epoch 2/3] Loss: 1.3780 | PPL: 3.97
  -> Saved best model to checkpoints_v4\fi_best.pt
[Epoch 3/3] Starting...
  [  0.0%] Step 54,700 | Loss: 1.2784 | PPL: 3.59
  [  0.4%] Step 54,800 | Loss: 1.2750 | PPL: 3.58
  [  0.8%] Step 54,900 | Loss: 1.2715 | PPL: 3.57
  [  1.1%] Step 55,000 | Loss: 1.2709 | PPL: 3.56
  [  1.5%] Step 55,100 | Loss: 1.2684 | PPL: 3.56
  [  1.9%] Step 55,200 | Loss: 1.2724 | PPL: 3.57
  [  2.2%] Step 55,300 | Loss: 1.2711 | PPL: 3.56
  [  2.6%] Step 55,400 | Loss: 1.2738 | PPL: 3.57
  [  3.0%] Step 55,500 | Loss: 1.2723 | PPL: 3.57
  [  3.3%] Step 55,600 | Loss: 1.2723 | PPL: 3.57
  [  3.7%] Step 55,700 | Loss: 1.2679 | PPL: 3.55
  [  4.1%] Step 55,800 | Loss: 1.2735 | PPL: 3.57
  [  4.4%] Step 55,900 | Loss: 1.2656 | PPL: 3.55
  [  4.8%] Step 56,000 | Loss: 1.2722 | PPL: 3.57
  [  5.2%] Step 56,100 | Loss: 1.2671 | PPL: 3.55
  [  5.5%] Step 56,200 | Loss: 1.2709 | PPL: 3.56
  [  5.9%] Step 56,300 | Loss: 1.2698 | PPL: 3.56
  [  6.3%] Step 56,400 | Loss: 1.2689 | PPL: 3.56
  [  6.6%] Step 56,500 | Loss: 1.2727 | PPL: 3.57
  [  7.0%] Step 56,600 | Loss: 1.2658 | PPL: 3.55
  [  7.4%] Step 56,700 | Loss: 1.2696 | PPL: 3.56
  [  7.7%] Step 56,800 | Loss: 1.2727 | PPL: 3.57
  [  8.1%] Step 56,900 | Loss: 1.2687 | PPL: 3.56
  [  8.5%] Step 57,000 | Loss: 1.2673 | PPL: 3.55
  [  8.8%] Step 57,100 | Loss: 1.2677 | PPL: 3.55
  [  9.2%] Step 57,200 | Loss: 1.2689 | PPL: 3.56
  [  9.6%] Step 57,300 | Loss: 1.2691 | PPL: 3.56
  [  9.9%] Step 57,400 | Loss: 1.2672 | PPL: 3.55
  [ 10.3%] Step 57,500 | Loss: 1.2686 | PPL: 3.56
  [ 10.6%] Step 57,600 | Loss: 1.2660 | PPL: 3.55
  [ 11.0%] Step 57,700 | Loss: 1.2661 | PPL: 3.55
  [ 11.4%] Step 57,800 | Loss: 1.2673 | PPL: 3.55
  [ 11.7%] Step 57,900 | Loss: 1.2684 | PPL: 3.56
  [ 12.1%] Step 58,000 | Loss: 1.2645 | PPL: 3.54
  [ 12.5%] Step 58,100 | Loss: 1.2666 | PPL: 3.55
  [ 12.8%] Step 58,200 | Loss: 1.2691 | PPL: 3.56
  [ 13.2%] Step 58,300 | Loss: 1.2646 | PPL: 3.54
  [ 13.6%] Step 58,400 | Loss: 1.2672 | PPL: 3.55
  [ 13.9%] Step 58,500 | Loss: 1.2632 | PPL: 3.54
  [ 14.3%] Step 58,600 | Loss: 1.2670 | PPL: 3.55
  [ 14.7%] Step 58,700 | Loss: 1.2634 | PPL: 3.54
  [ 15.0%] Step 58,800 | Loss: 1.2669 | PPL: 3.55
  [ 15.4%] Step 58,900 | Loss: 1.2636 | PPL: 3.54
  [ 15.8%] Step 59,000 | Loss: 1.2670 | PPL: 3.55
  [ 16.1%] Step 59,100 | Loss: 1.2639 | PPL: 3.54
  [ 16.5%] Step 59,200 | Loss: 1.2669 | PPL: 3.55
  [ 16.9%] Step 59,300 | Loss: 1.2656 | PPL: 3.55
  [ 17.2%] Step 59,400 | Loss: 1.2672 | PPL: 3.55
  [ 17.6%] Step 59,500 | Loss: 1.2644 | PPL: 3.54
  [ 18.0%] Step 59,600 | Loss: 1.2639 | PPL: 3.54
  [ 18.3%] Step 59,700 | Loss: 1.2667 | PPL: 3.55
  [ 18.7%] Step 59,800 | Loss: 1.2652 | PPL: 3.54
  [ 19.1%] Step 59,900 | Loss: 1.2650 | PPL: 3.54
  [ 19.4%] Step 60,000 | Loss: 1.2663 | PPL: 3.55
  [ 19.8%] Step 60,100 | Loss: 1.2626 | PPL: 3.53
  [ 20.2%] Step 60,200 | Loss: 1.2631 | PPL: 3.54
  [ 20.5%] Step 60,300 | Loss: 1.2622 | PPL: 3.53
  [ 20.9%] Step 60,400 | Loss: 1.2638 | PPL: 3.54
  [ 21.3%] Step 60,500 | Loss: 1.2637 | PPL: 3.54
  [ 21.6%] Step 60,600 | Loss: 1.2640 | PPL: 3.54
  [ 22.0%] Step 60,700 | Loss: 1.2624 | PPL: 3.53
  [ 22.4%] Step 60,800 | Loss: 1.2641 | PPL: 3.54
  [ 22.7%] Step 60,900 | Loss: 1.2611 | PPL: 3.53
  [ 23.1%] Step 61,000 | Loss: 1.2606 | PPL: 3.53
  [ 23.4%] Step 61,100 | Loss: 1.2599 | PPL: 3.53
  [ 23.8%] Step 61,200 | Loss: 1.2619 | PPL: 3.53
  [ 24.2%] Step 61,300 | Loss: 1.2595 | PPL: 3.52
  [ 24.5%] Step 61,400 | Loss: 1.2598 | PPL: 3.52
  [ 24.9%] Step 61,500 | Loss: 1.2585 | PPL: 3.52
  [ 25.3%] Step 61,600 | Loss: 1.2618 | PPL: 3.53
  [ 25.6%] Step 61,700 | Loss: 1.2607 | PPL: 3.53
  [ 26.0%] Step 61,800 | Loss: 1.2612 | PPL: 3.53
  [ 26.4%] Step 61,900 | Loss: 1.2598 | PPL: 3.52
  [ 26.7%] Step 62,000 | Loss: 1.2622 | PPL: 3.53
  [ 27.1%] Step 62,100 | Loss: 1.2607 | PPL: 3.53
  [ 27.5%] Step 62,200 | Loss: 1.2589 | PPL: 3.52
  [ 27.8%] Step 62,300 | Loss: 1.2589 | PPL: 3.52
  [ 28.2%] Step 62,400 | Loss: 1.2640 | PPL: 3.54
  [ 28.6%] Step 62,500 | Loss: 1.2614 | PPL: 3.53
  [ 28.9%] Step 62,600 | Loss: 1.2623 | PPL: 3.53
  [ 29.3%] Step 62,700 | Loss: 1.2566 | PPL: 3.51
  [ 29.7%] Step 62,800 | Loss: 1.2618 | PPL: 3.53
  [ 30.0%] Step 62,900 | Loss: 1.2593 | PPL: 3.52
  [ 30.4%] Step 63,000 | Loss: 1.2615 | PPL: 3.53
  [ 30.8%] Step 63,100 | Loss: 1.2579 | PPL: 3.52
  [ 31.1%] Step 63,200 | Loss: 1.2600 | PPL: 3.53
  [ 31.5%] Step 63,300 | Loss: 1.2611 | PPL: 3.53
  [ 31.9%] Step 63,400 | Loss: 1.2586 | PPL: 3.52
  [ 32.2%] Step 63,500 | Loss: 1.2616 | PPL: 3.53
  [ 32.6%] Step 63,600 | Loss: 1.2594 | PPL: 3.52
  [ 33.0%] Step 63,700 | Loss: 1.2586 | PPL: 3.52
  [ 33.3%] Step 63,800 | Loss: 1.2588 | PPL: 3.52
  [ 33.7%] Step 63,900 | Loss: 1.2610 | PPL: 3.53
  [ 34.1%] Step 64,000 | Loss: 1.2598 | PPL: 3.52
  [ 34.4%] Step 64,100 | Loss: 1.2586 | PPL: 3.52
  [ 34.8%] Step 64,200 | Loss: 1.2587 | PPL: 3.52
  [ 35.2%] Step 64,300 | Loss: 1.2583 | PPL: 3.52
  [ 35.5%] Step 64,400 | Loss: 1.2574 | PPL: 3.52
  [ 35.9%] Step 64,500 | Loss: 1.2593 | PPL: 3.52
  [ 36.2%] Step 64,600 | Loss: 1.2573 | PPL: 3.52
  [ 36.6%] Step 64,700 | Loss: 1.2576 | PPL: 3.52
  [ 37.0%] Step 64,800 | Loss: 1.2579 | PPL: 3.52
  [ 37.3%] Step 64,900 | Loss: 1.2543 | PPL: 3.51
  [ 37.7%] Step 65,000 | Loss: 1.2558 | PPL: 3.51
  [ 38.1%] Step 65,100 | Loss: 1.2572 | PPL: 3.52
  [ 38.4%] Step 65,200 | Loss: 1.2548 | PPL: 3.51
  [ 38.8%] Step 65,300 | Loss: 1.2531 | PPL: 3.50
  [ 39.2%] Step 65,400 | Loss: 1.2538 | PPL: 3.50
  [ 39.5%] Step 65,500 | Loss: 1.2552 | PPL: 3.51
  [ 39.9%] Step 65,600 | Loss: 1.2554 | PPL: 3.51
  [ 40.3%] Step 65,700 | Loss: 1.2526 | PPL: 3.50
  [ 40.6%] Step 65,800 | Loss: 1.2570 | PPL: 3.51
  [ 41.0%] Step 65,900 | Loss: 1.2539 | PPL: 3.50
  [ 41.4%] Step 66,000 | Loss: 1.2548 | PPL: 3.51
  [ 41.7%] Step 66,100 | Loss: 1.2553 | PPL: 3.51
  [ 42.1%] Step 66,200 | Loss: 1.2568 | PPL: 3.51
  [ 42.5%] Step 66,300 | Loss: 1.2527 | PPL: 3.50
  [ 42.8%] Step 66,400 | Loss: 1.2547 | PPL: 3.51
  [ 43.2%] Step 66,500 | Loss: 1.2586 | PPL: 3.52
  [ 43.6%] Step 66,600 | Loss: 1.2529 | PPL: 3.50
  [ 43.9%] Step 66,700 | Loss: 1.2540 | PPL: 3.50
  [ 44.3%] Step 66,800 | Loss: 1.2541 | PPL: 3.50
  [ 44.7%] Step 66,900 | Loss: 1.2576 | PPL: 3.52
  [ 45.0%] Step 67,000 | Loss: 1.2547 | PPL: 3.51
  [ 45.4%] Step 67,100 | Loss: 1.2558 | PPL: 3.51
  [ 45.8%] Step 67,200 | Loss: 1.2543 | PPL: 3.51
  [ 46.1%] Step 67,300 | Loss: 1.2563 | PPL: 3.51
  [ 46.5%] Step 67,400 | Loss: 1.2534 | PPL: 3.50
  [ 46.9%] Step 67,500 | Loss: 1.2526 | PPL: 3.50
  [ 47.2%] Step 67,600 | Loss: 1.2540 | PPL: 3.50
  [ 47.6%] Step 67,700 | Loss: 1.2545 | PPL: 3.51
  [ 48.0%] Step 67,800 | Loss: 1.2557 | PPL: 3.51
  [ 48.3%] Step 67,900 | Loss: 1.2539 | PPL: 3.50
  [ 48.7%] Step 68,000 | Loss: 1.2527 | PPL: 3.50
  [ 49.0%] Step 68,100 | Loss: 1.2520 | PPL: 3.50
  [ 49.4%] Step 68,200 | Loss: 1.2548 | PPL: 3.51
  [ 49.8%] Step 68,300 | Loss: 1.2530 | PPL: 3.50
  [ 50.1%] Step 68,400 | Loss: 1.2525 | PPL: 3.50
  [ 50.5%] Step 68,500 | Loss: 1.2558 | PPL: 3.51
  [ 50.9%] Step 68,600 | Loss: 1.2542 | PPL: 3.50
  [ 51.2%] Step 68,700 | Loss: 1.2508 | PPL: 3.49
  [ 51.6%] Step 68,800 | Loss: 1.2525 | PPL: 3.50
  [ 52.0%] Step 68,900 | Loss: 1.2516 | PPL: 3.50
  [ 52.3%] Step 69,000 | Loss: 1.2500 | PPL: 3.49
  [ 52.7%] Step 69,100 | Loss: 1.2505 | PPL: 3.49
  [ 53.1%] Step 69,200 | Loss: 1.2500 | PPL: 3.49
  [ 53.4%] Step 69,300 | Loss: 1.2519 | PPL: 3.50
  [ 53.8%] Step 69,400 | Loss: 1.2542 | PPL: 3.51
  [ 54.2%] Step 69,500 | Loss: 1.2496 | PPL: 3.49
  [ 54.5%] Step 69,600 | Loss: 1.2490 | PPL: 3.49
  [ 54.9%] Step 69,700 | Loss: 1.2492 | PPL: 3.49
  [ 55.3%] Step 69,800 | Loss: 1.2512 | PPL: 3.49
  [ 55.6%] Step 69,900 | Loss: 1.2515 | PPL: 3.50
  [ 56.0%] Step 70,000 | Loss: 1.2488 | PPL: 3.49
  [ 56.4%] Step 70,100 | Loss: 1.2470 | PPL: 3.48
  [ 56.7%] Step 70,200 | Loss: 1.2502 | PPL: 3.49
  [ 57.1%] Step 70,300 | Loss: 1.2498 | PPL: 3.49
  [ 57.5%] Step 70,400 | Loss: 1.2513 | PPL: 3.49
  [ 57.8%] Step 70,500 | Loss: 1.2529 | PPL: 3.50
  [ 58.2%] Step 70,600 | Loss: 1.2479 | PPL: 3.48
  [ 58.6%] Step 70,700 | Loss: 1.2540 | PPL: 3.50
  [ 58.9%] Step 70,800 | Loss: 1.2519 | PPL: 3.50
  [ 59.3%] Step 70,900 | Loss: 1.2492 | PPL: 3.49
  [ 59.7%] Step 71,000 | Loss: 1.2476 | PPL: 3.48
  [ 60.0%] Step 71,100 | Loss: 1.2493 | PPL: 3.49
  [ 60.4%] Step 71,200 | Loss: 1.2510 | PPL: 3.49
  [ 60.8%] Step 71,300 | Loss: 1.2463 | PPL: 3.48
  [ 61.1%] Step 71,400 | Loss: 1.2516 | PPL: 3.50
  [ 61.5%] Step 71,500 | Loss: 1.2495 | PPL: 3.49
  [ 61.8%] Step 71,600 | Loss: 1.2462 | PPL: 3.48
  [ 62.2%] Step 71,700 | Loss: 1.2512 | PPL: 3.49
  [ 62.6%] Step 71,800 | Loss: 1.2473 | PPL: 3.48
  [ 62.9%] Step 71,900 | Loss: 1.2459 | PPL: 3.48
  [ 63.3%] Step 72,000 | Loss: 1.2476 | PPL: 3.48
  [ 63.7%] Step 72,100 | Loss: 1.2475 | PPL: 3.48
  [ 64.0%] Step 72,200 | Loss: 1.2490 | PPL: 3.49
  [ 64.4%] Step 72,300 | Loss: 1.2454 | PPL: 3.47
  [ 64.8%] Step 72,400 | Loss: 1.2470 | PPL: 3.48
  [ 65.1%] Step 72,500 | Loss: 1.2457 | PPL: 3.48
  [ 65.5%] Step 72,600 | Loss: 1.2476 | PPL: 3.48
  [ 65.9%] Step 72,700 | Loss: 1.2492 | PPL: 3.49
  [ 66.2%] Step 72,800 | Loss: 1.2467 | PPL: 3.48
  [ 66.6%] Step 72,900 | Loss: 1.2489 | PPL: 3.49
  [ 67.0%] Step 73,000 | Loss: 1.2456 | PPL: 3.48
  [ 67.3%] Step 73,100 | Loss: 1.2465 | PPL: 3.48
  [ 67.7%] Step 73,200 | Loss: 1.2477 | PPL: 3.48
  [ 68.1%] Step 73,300 | Loss: 1.2478 | PPL: 3.48
  [ 68.4%] Step 73,400 | Loss: 1.2448 | PPL: 3.47
  [ 68.8%] Step 73,500 | Loss: 1.2475 | PPL: 3.48
  [ 69.2%] Step 73,600 | Loss: 1.2447 | PPL: 3.47
  [ 69.5%] Step 73,700 | Loss: 1.2464 | PPL: 3.48
  [ 69.9%] Step 73,800 | Loss: 1.2467 | PPL: 3.48
  [ 70.3%] Step 73,900 | Loss: 1.2452 | PPL: 3.47
  [ 70.6%] Step 74,000 | Loss: 1.2479 | PPL: 3.48
  [ 71.0%] Step 74,100 | Loss: 1.2463 | PPL: 3.48
  [ 71.4%] Step 74,200 | Loss: 1.2471 | PPL: 3.48
  [ 71.7%] Step 74,300 | Loss: 1.2462 | PPL: 3.48
  [ 72.1%] Step 74,400 | Loss: 1.2466 | PPL: 3.48
  [ 72.5%] Step 74,500 | Loss: 1.2443 | PPL: 3.47
  [ 72.8%] Step 74,600 | Loss: 1.2445 | PPL: 3.47
  [ 73.2%] Step 74,700 | Loss: 1.2457 | PPL: 3.48
  [ 73.6%] Step 74,800 | Loss: 1.2426 | PPL: 3.46
  [ 73.9%] Step 74,900 | Loss: 1.2459 | PPL: 3.48
  [ 74.3%] Step 75,000 | Loss: 1.2404 | PPL: 3.46
  [ 74.6%] Step 75,100 | Loss: 1.2469 | PPL: 3.48
  [ 75.0%] Step 75,200 | Loss: 1.2440 | PPL: 3.47
  [ 75.4%] Step 75,300 | Loss: 1.2458 | PPL: 3.48
  [ 75.7%] Step 75,400 | Loss: 1.2469 | PPL: 3.48
  [ 76.1%] Step 75,500 | Loss: 1.2425 | PPL: 3.46
  [ 76.5%] Step 75,600 | Loss: 1.2402 | PPL: 3.46
  [ 76.8%] Step 75,700 | Loss: 1.2462 | PPL: 3.48
  [ 77.2%] Step 75,800 | Loss: 1.2403 | PPL: 3.46
  [ 77.6%] Step 75,900 | Loss: 1.2424 | PPL: 3.46
  [ 77.9%] Step 76,000 | Loss: 1.2418 | PPL: 3.46
  [ 78.3%] Step 76,100 | Loss: 1.2452 | PPL: 3.47
  [ 78.7%] Step 76,200 | Loss: 1.2428 | PPL: 3.47
  [ 79.0%] Step 76,300 | Loss: 1.2419 | PPL: 3.46
  [ 79.4%] Step 76,400 | Loss: 1.2465 | PPL: 3.48
  [ 79.8%] Step 76,500 | Loss: 1.2436 | PPL: 3.47
  [ 80.1%] Step 76,600 | Loss: 1.2411 | PPL: 3.46
  [ 80.5%] Step 76,700 | Loss: 1.2449 | PPL: 3.47
  [ 80.9%] Step 76,800 | Loss: 1.2445 | PPL: 3.47
  [ 81.2%] Step 76,900 | Loss: 1.2420 | PPL: 3.46
  [ 81.6%] Step 77,000 | Loss: 1.2458 | PPL: 3.48
  [ 82.0%] Step 77,100 | Loss: 1.2429 | PPL: 3.47
  [ 82.3%] Step 77,200 | Loss: 1.2427 | PPL: 3.47
  [ 82.7%] Step 77,300 | Loss: 1.2380 | PPL: 3.45
  [ 83.1%] Step 77,400 | Loss: 1.2418 | PPL: 3.46
  [ 83.4%] Step 77,500 | Loss: 1.2406 | PPL: 3.46
  [ 83.8%] Step 77,600 | Loss: 1.2436 | PPL: 3.47
  [ 84.2%] Step 77,700 | Loss: 1.2443 | PPL: 3.47
  [ 84.5%] Step 77,800 | Loss: 1.2427 | PPL: 3.46
  [ 84.9%] Step 77,900 | Loss: 1.2421 | PPL: 3.46
  [ 85.3%] Step 78,000 | Loss: 1.2414 | PPL: 3.46
  [ 85.6%] Step 78,100 | Loss: 1.2404 | PPL: 3.46
  [ 86.0%] Step 78,200 | Loss: 1.2398 | PPL: 3.45
  [ 86.4%] Step 78,300 | Loss: 1.2363 | PPL: 3.44
  [ 86.7%] Step 78,400 | Loss: 1.2362 | PPL: 3.44
  [ 87.1%] Step 78,500 | Loss: 1.2393 | PPL: 3.45
  [ 87.4%] Step 78,600 | Loss: 1.2403 | PPL: 3.46
  [ 87.8%] Step 78,700 | Loss: 1.2415 | PPL: 3.46
  [ 88.2%] Step 78,800 | Loss: 1.2421 | PPL: 3.46
  [ 88.5%] Step 78,900 | Loss: 1.2416 | PPL: 3.46
  [ 88.9%] Step 79,000 | Loss: 1.2431 | PPL: 3.47
  [ 89.3%] Step 79,100 | Loss: 1.2420 | PPL: 3.46
  [ 89.6%] Step 79,200 | Loss: 1.2412 | PPL: 3.46
  [ 90.0%] Step 79,300 | Loss: 1.2389 | PPL: 3.45
  [ 90.4%] Step 79,400 | Loss: 1.2436 | PPL: 3.47
  [ 90.7%] Step 79,500 | Loss: 1.2379 | PPL: 3.45
  [ 91.1%] Step 79,600 | Loss: 1.2394 | PPL: 3.45
  [ 91.5%] Step 79,700 | Loss: 1.2417 | PPL: 3.46
  [ 91.8%] Step 79,800 | Loss: 1.2412 | PPL: 3.46
  [ 92.2%] Step 79,900 | Loss: 1.2372 | PPL: 3.45
  [ 92.6%] Step 80,000 | Loss: 1.2366 | PPL: 3.44
  [ 92.9%] Step 80,100 | Loss: 1.2397 | PPL: 3.45
  [ 93.3%] Step 80,200 | Loss: 1.2376 | PPL: 3.45
  [ 93.7%] Step 80,300 | Loss: 1.2381 | PPL: 3.45
  [ 94.0%] Step 80,400 | Loss: 1.2382 | PPL: 3.45
  [ 94.4%] Step 80,500 | Loss: 1.2352 | PPL: 3.44
  [ 94.8%] Step 80,600 | Loss: 1.2367 | PPL: 3.44
  [ 95.1%] Step 80,700 | Loss: 1.2365 | PPL: 3.44
  [ 95.5%] Step 80,800 | Loss: 1.2370 | PPL: 3.45
  [ 95.9%] Step 80,900 | Loss: 1.2395 | PPL: 3.45
  [ 96.2%] Step 81,000 | Loss: 1.2392 | PPL: 3.45
  [ 96.6%] Step 81,100 | Loss: 1.2371 | PPL: 3.45
  [ 97.0%] Step 81,200 | Loss: 1.2400 | PPL: 3.46
  [ 97.3%] Step 81,300 | Loss: 1.2340 | PPL: 3.43
  [ 97.7%] Step 81,400 | Loss: 1.2392 | PPL: 3.45
  [ 98.1%] Step 81,500 | Loss: 1.2376 | PPL: 3.45
  [ 98.4%] Step 81,600 | Loss: 1.2376 | PPL: 3.45
  [ 98.8%] Step 81,700 | Loss: 1.2376 | PPL: 3.45
  [ 99.2%] Step 81,800 | Loss: 1.2357 | PPL: 3.44
  [ 99.5%] Step 81,900 | Loss: 1.2370 | PPL: 3.45
  [ 99.9%] Step 82,000 | Loss: 1.2345 | PPL: 3.44
  [100.0%] Step 82,032 | Loss: 1.2375 | PPL: 3.45
[Epoch 3/3] Validating...
[Epoch 3/3] Loss: 1.3631 | PPL: 3.91
  -> Saved best model to checkpoints_v4\fi_best.pt
============================================================
Training complete. Running final evaluation...
============================================================

Final Test Loss: 1.4190 | Test PPL: 4.13
Done!
Wrote checkpoints_v4\fi_best.pt.runrecord.json
[1;34mwandb[0m: 
[1;34mwandb[0m: You can sync this run to the cloud by running:
[1;34mwandb[0m: [1mwandb sync C:\Users\Test\PROJECTS\LSTM\wandb\offline-run-20260903_030335-2edjwjiz[0m
[1;34mwandb[0m: Find logs at: [1;35mwandb\offline-run-20260903_030335-2edjwjiz\logs[0m
--- v4/fi end rc=0 Thu Sep  3 03:47:43 PDT 2026 ---
=== v4 lane end Thu Sep  3 03:47:43 PDT 2026 ===
