poetry run python -m char_lstm.train --lang tr
Loading data from corpora_clean/oscar_tr_ipa.txt...
  Loaded: 10,000,000 chars total
  Train: 7,000,000 chars
  Val: 1,500,000 chars
  Test: 1,500,000 chars
Building vocab from training text...
  Vocab size: 70
============================================================
Training config
============================================================
  Language: Turkish (tr)
  Mode: Train from scratch
  Device: cuda
  Batch size: 256
  Workers: 0
  Pin memory: True
  Epochs: 3
  LR: 0.0001
  Seed: 1234
  Freeze embed: False
  Output: checkpoints\tr_best.pt
Creating data loaders...
  Train batches: 27,344
  Val batches: 5,859

Model config
  Device: cuda
  Embed dim: 128
  Hidden dim: 256
  Layers: 2
  Parameters: 948,550
  Optimizer: Adam (lr=0.0001)
============================================================
Starting training: 3 epochs, 27344 batches/epoch
============================================================
[Epoch 1/3] Starting...
  [  0.4%] Step 100 | Loss: 3.6030 | PPL: 36.71
  [  0.7%] Step 200 | Loss: 3.1449 | PPL: 23.22
  [  1.1%] Step 300 | Loss: 2.8669 | PPL: 17.58
  [  1.5%] Step 400 | Loss: 2.6133 | PPL: 13.64
  [  1.8%] Step 500 | Loss: 2.4777 | PPL: 11.91
  [  2.2%] Step 600 | Loss: 2.3853 | PPL: 10.86
  [  2.6%] Step 700 | Loss: 2.3196 | PPL: 10.17
  [  2.9%] Step 800 | Loss: 2.2652 | PPL: 9.63
  [  3.3%] Step 900 | Loss: 2.2188 | PPL: 9.20
  [  3.7%] Step 1,000 | Loss: 2.1744 | PPL: 8.80
  [  4.0%] Step 1,100 | Loss: 2.1388 | PPL: 8.49
  [  4.4%] Step 1,200 | Loss: 2.1061 | PPL: 8.22
  [  4.8%] Step 1,300 | Loss: 2.0762 | PPL: 7.97
  [  5.1%] Step 1,400 | Loss: 2.0528 | PPL: 7.79
  [  5.5%] Step 1,500 | Loss: 2.0269 | PPL: 7.59
  [  5.9%] Step 1,600 | Loss: 2.0070 | PPL: 7.44
  [  6.2%] Step 1,700 | Loss: 1.9808 | PPL: 7.25
  [  6.6%] Step 1,800 | Loss: 1.9570 | PPL: 7.08
  [  6.9%] Step 1,900 | Loss: 1.9382 | PPL: 6.95
  [  7.3%] Step 2,000 | Loss: 1.9288 | PPL: 6.88
  [  7.7%] Step 2,100 | Loss: 1.9119 | PPL: 6.77
  [  8.0%] Step 2,200 | Loss: 1.8982 | PPL: 6.67
  [  8.4%] Step 2,300 | Loss: 1.8831 | PPL: 6.57
  [  8.8%] Step 2,400 | Loss: 1.8688 | PPL: 6.48
  [  9.1%] Step 2,500 | Loss: 1.8500 | PPL: 6.36
  [  9.5%] Step 2,600 | Loss: 1.8422 | PPL: 6.31
  [  9.9%] Step 2,700 | Loss: 1.8315 | PPL: 6.24
  [ 10.2%] Step 2,800 | Loss: 1.8174 | PPL: 6.16
  [ 10.6%] Step 2,900 | Loss: 1.8122 | PPL: 6.12
  [ 11.0%] Step 3,000 | Loss: 1.7966 | PPL: 6.03
  [ 11.3%] Step 3,100 | Loss: 1.7907 | PPL: 5.99
  [ 11.7%] Step 3,200 | Loss: 1.7767 | PPL: 5.91
  [ 12.1%] Step 3,300 | Loss: 1.7683 | PPL: 5.86
  [ 12.4%] Step 3,400 | Loss: 1.7662 | PPL: 5.85
  [ 12.8%] Step 3,500 | Loss: 1.7565 | PPL: 5.79
  [ 13.2%] Step 3,600 | Loss: 1.7474 | PPL: 5.74
  [ 13.5%] Step 3,700 | Loss: 1.7411 | PPL: 5.70
  [ 13.9%] Step 3,800 | Loss: 1.7330 | PPL: 5.66
  [ 14.3%] Step 3,900 | Loss: 1.7233 | PPL: 5.60
  [ 14.6%] Step 4,000 | Loss: 1.7155 | PPL: 5.56
  [ 15.0%] Step 4,100 | Loss: 1.7099 | PPL: 5.53
  [ 15.4%] Step 4,200 | Loss: 1.7038 | PPL: 5.49
  [ 15.7%] Step 4,300 | Loss: 1.7024 | PPL: 5.49
  [ 16.1%] Step 4,400 | Loss: 1.6893 | PPL: 5.42
  [ 16.5%] Step 4,500 | Loss: 1.6865 | PPL: 5.40
  [ 16.8%] Step 4,600 | Loss: 1.6799 | PPL: 5.36
  [ 17.2%] Step 4,700 | Loss: 1.6722 | PPL: 5.32
  [ 17.6%] Step 4,800 | Loss: 1.6685 | PPL: 5.30
  [ 17.9%] Step 4,900 | Loss: 1.6684 | PPL: 5.30
  [ 18.3%] Step 5,000 | Loss: 1.6601 | PPL: 5.26
  [ 18.7%] Step 5,100 | Loss: 1.6592 | PPL: 5.26
  [ 19.0%] Step 5,200 | Loss: 1.6463 | PPL: 5.19
  [ 19.4%] Step 5,300 | Loss: 1.6486 | PPL: 5.20
  [ 19.7%] Step 5,400 | Loss: 1.6414 | PPL: 5.16
  [ 20.1%] Step 5,500 | Loss: 1.6302 | PPL: 5.10
  [ 20.5%] Step 5,600 | Loss: 1.6382 | PPL: 5.15
  [ 20.8%] Step 5,700 | Loss: 1.6275 | PPL: 5.09
  [ 21.2%] Step 5,800 | Loss: 1.6180 | PPL: 5.04
  [ 21.6%] Step 5,900 | Loss: 1.6211 | PPL: 5.06
  [ 21.9%] Step 6,000 | Loss: 1.6121 | PPL: 5.01
  [ 22.3%] Step 6,100 | Loss: 1.6098 | PPL: 5.00
  [ 22.7%] Step 6,200 | Loss: 1.6028 | PPL: 4.97
  [ 23.0%] Step 6,300 | Loss: 1.6056 | PPL: 4.98
  [ 23.4%] Step 6,400 | Loss: 1.6036 | PPL: 4.97
  [ 23.8%] Step 6,500 | Loss: 1.5992 | PPL: 4.95
  [ 24.1%] Step 6,600 | Loss: 1.5943 | PPL: 4.92
  [ 24.5%] Step 6,700 | Loss: 1.5962 | PPL: 4.93
  [ 24.9%] Step 6,800 | Loss: 1.5905 | PPL: 4.91
  [ 25.2%] Step 6,900 | Loss: 1.5834 | PPL: 4.87
  [ 25.6%] Step 7,000 | Loss: 1.5817 | PPL: 4.86
  [ 26.0%] Step 7,100 | Loss: 1.5815 | PPL: 4.86
  [ 26.3%] Step 7,200 | Loss: 1.5787 | PPL: 4.85
  [ 26.7%] Step 7,300 | Loss: 1.5711 | PPL: 4.81
  [ 27.1%] Step 7,400 | Loss: 1.5749 | PPL: 4.83
  [ 27.4%] Step 7,500 | Loss: 1.5669 | PPL: 4.79
  [ 27.8%] Step 7,600 | Loss: 1.5658 | PPL: 4.79
  [ 28.2%] Step 7,700 | Loss: 1.5637 | PPL: 4.78
  [ 28.5%] Step 7,800 | Loss: 1.5598 | PPL: 4.76
  [ 28.9%] Step 7,900 | Loss: 1.5615 | PPL: 4.77
  [ 29.3%] Step 8,000 | Loss: 1.5586 | PPL: 4.75
  [ 29.6%] Step 8,100 | Loss: 1.5498 | PPL: 4.71
  [ 30.0%] Step 8,200 | Loss: 1.5492 | PPL: 4.71
  [ 30.4%] Step 8,300 | Loss: 1.5465 | PPL: 4.70
  [ 30.7%] Step 8,400 | Loss: 1.5433 | PPL: 4.68
  [ 31.1%] Step 8,500 | Loss: 1.5471 | PPL: 4.70
  [ 31.5%] Step 8,600 | Loss: 1.5407 | PPL: 4.67
  [ 31.8%] Step 8,700 | Loss: 1.5382 | PPL: 4.66
  [ 32.2%] Step 8,800 | Loss: 1.5354 | PPL: 4.64
  [ 32.5%] Step 8,900 | Loss: 1.5330 | PPL: 4.63
  [ 32.9%] Step 9,000 | Loss: 1.5296 | PPL: 4.62
  [ 33.3%] Step 9,100 | Loss: 1.5329 | PPL: 4.63
  [ 33.6%] Step 9,200 | Loss: 1.5277 | PPL: 4.61
  [ 34.0%] Step 9,300 | Loss: 1.5302 | PPL: 4.62
  [ 34.4%] Step 9,400 | Loss: 1.5247 | PPL: 4.59
  [ 34.7%] Step 9,500 | Loss: 1.5211 | PPL: 4.58
  [ 35.1%] Step 9,600 | Loss: 1.5151 | PPL: 4.55
  [ 35.5%] Step 9,700 | Loss: 1.5139 | PPL: 4.54
  [ 35.8%] Step 9,800 | Loss: 1.5186 | PPL: 4.57
  [ 36.2%] Step 9,900 | Loss: 1.5100 | PPL: 4.53
  [ 36.6%] Step 10,000 | Loss: 1.5106 | PPL: 4.53
  [ 36.9%] Step 10,100 | Loss: 1.5084 | PPL: 4.52
  [ 37.3%] Step 10,200 | Loss: 1.5091 | PPL: 4.52
  [ 37.7%] Step 10,300 | Loss: 1.5071 | PPL: 4.51
  [ 38.0%] Step 10,400 | Loss: 1.5039 | PPL: 4.50
  [ 38.4%] Step 10,500 | Loss: 1.5035 | PPL: 4.50
  [ 38.8%] Step 10,600 | Loss: 1.5019 | PPL: 4.49
  [ 39.1%] Step 10,700 | Loss: 1.5040 | PPL: 4.50
  [ 39.5%] Step 10,800 | Loss: 1.4996 | PPL: 4.48
  [ 39.9%] Step 10,900 | Loss: 1.4984 | PPL: 4.47
  [ 40.2%] Step 11,000 | Loss: 1.4916 | PPL: 4.44
  [ 40.6%] Step 11,100 | Loss: 1.4871 | PPL: 4.42
  [ 41.0%] Step 11,200 | Loss: 1.4894 | PPL: 4.43
  [ 41.3%] Step 11,300 | Loss: 1.4857 | PPL: 4.42
  [ 41.7%] Step 11,400 | Loss: 1.4852 | PPL: 4.42
  [ 42.1%] Step 11,500 | Loss: 1.4829 | PPL: 4.41
  [ 42.4%] Step 11,600 | Loss: 1.4861 | PPL: 4.42
  [ 42.8%] Step 11,700 | Loss: 1.4822 | PPL: 4.40
  [ 43.2%] Step 11,800 | Loss: 1.4817 | PPL: 4.40
  [ 43.5%] Step 11,900 | Loss: 1.4828 | PPL: 4.41
  [ 43.9%] Step 12,000 | Loss: 1.4802 | PPL: 4.39
  [ 44.3%] Step 12,100 | Loss: 1.4775 | PPL: 4.38
  [ 44.6%] Step 12,200 | Loss: 1.4740 | PPL: 4.37
  [ 45.0%] Step 12,300 | Loss: 1.4674 | PPL: 4.34
  [ 45.3%] Step 12,400 | Loss: 1.4699 | PPL: 4.35
  [ 45.7%] Step 12,500 | Loss: 1.4684 | PPL: 4.34
  [ 46.1%] Step 12,600 | Loss: 1.4688 | PPL: 4.34
  [ 46.4%] Step 12,700 | Loss: 1.4685 | PPL: 4.34
  [ 46.8%] Step 12,800 | Loss: 1.4674 | PPL: 4.34
  [ 47.2%] Step 12,900 | Loss: 1.4648 | PPL: 4.33
  [ 47.5%] Step 13,000 | Loss: 1.4672 | PPL: 4.34
  [ 47.9%] Step 13,100 | Loss: 1.4659 | PPL: 4.33
  [ 48.3%] Step 13,200 | Loss: 1.4601 | PPL: 4.31
  [ 48.6%] Step 13,300 | Loss: 1.4635 | PPL: 4.32
  [ 49.0%] Step 13,400 | Loss: 1.4600 | PPL: 4.31
  [ 49.4%] Step 13,500 | Loss: 1.4563 | PPL: 4.29
  [ 49.7%] Step 13,600 | Loss: 1.4592 | PPL: 4.30
  [ 50.1%] Step 13,700 | Loss: 1.4510 | PPL: 4.27
  [ 50.5%] Step 13,800 | Loss: 1.4529 | PPL: 4.28
  [ 50.8%] Step 13,900 | Loss: 1.4502 | PPL: 4.26
  [ 51.2%] Step 14,000 | Loss: 1.4531 | PPL: 4.28
  [ 51.6%] Step 14,100 | Loss: 1.4534 | PPL: 4.28
  [ 51.9%] Step 14,200 | Loss: 1.4484 | PPL: 4.26
  [ 52.3%] Step 14,300 | Loss: 1.4502 | PPL: 4.26
  [ 52.7%] Step 14,400 | Loss: 1.4484 | PPL: 4.26
  [ 53.0%] Step 14,500 | Loss: 1.4498 | PPL: 4.26
  [ 53.4%] Step 14,600 | Loss: 1.4436 | PPL: 4.24
  [ 53.8%] Step 14,700 | Loss: 1.4417 | PPL: 4.23
  [ 54.1%] Step 14,800 | Loss: 1.4439 | PPL: 4.24
  [ 54.5%] Step 14,900 | Loss: 1.4445 | PPL: 4.24
  [ 54.9%] Step 15,000 | Loss: 1.4385 | PPL: 4.21
  [ 55.2%] Step 15,100 | Loss: 1.4399 | PPL: 4.22
  [ 55.6%] Step 15,200 | Loss: 1.4405 | PPL: 4.22
  [ 56.0%] Step 15,300 | Loss: 1.4358 | PPL: 4.20
  [ 56.3%] Step 15,400 | Loss: 1.4397 | PPL: 4.22
  [ 56.7%] Step 15,500 | Loss: 1.4299 | PPL: 4.18
  [ 57.1%] Step 15,600 | Loss: 1.4353 | PPL: 4.20
  [ 57.4%] Step 15,700 | Loss: 1.4294 | PPL: 4.18
  [ 57.8%] Step 15,800 | Loss: 1.4285 | PPL: 4.17
  [ 58.1%] Step 15,900 | Loss: 1.4306 | PPL: 4.18
  [ 58.5%] Step 16,000 | Loss: 1.4325 | PPL: 4.19
  [ 58.9%] Step 16,100 | Loss: 1.4297 | PPL: 4.18
  [ 59.2%] Step 16,200 | Loss: 1.4294 | PPL: 4.18
  [ 59.6%] Step 16,300 | Loss: 1.4222 | PPL: 4.15
  [ 60.0%] Step 16,400 | Loss: 1.4210 | PPL: 4.14
  [ 60.3%] Step 16,500 | Loss: 1.4260 | PPL: 4.16
  [ 60.7%] Step 16,600 | Loss: 1.4195 | PPL: 4.13
  [ 61.1%] Step 16,700 | Loss: 1.4235 | PPL: 4.15
  [ 61.4%] Step 16,800 | Loss: 1.4224 | PPL: 4.15
  [ 61.8%] Step 16,900 | Loss: 1.4171 | PPL: 4.13
  [ 62.2%] Step 17,000 | Loss: 1.4229 | PPL: 4.15
  [ 62.5%] Step 17,100 | Loss: 1.4208 | PPL: 4.14
  [ 62.9%] Step 17,200 | Loss: 1.4196 | PPL: 4.14
  [ 63.3%] Step 17,300 | Loss: 1.4179 | PPL: 4.13
  [ 63.6%] Step 17,400 | Loss: 1.4212 | PPL: 4.14
  [ 64.0%] Step 17,500 | Loss: 1.4115 | PPL: 4.10
  [ 64.4%] Step 17,600 | Loss: 1.4122 | PPL: 4.11
  [ 64.7%] Step 17,700 | Loss: 1.4168 | PPL: 4.12
  [ 65.1%] Step 17,800 | Loss: 1.4150 | PPL: 4.12
  [ 65.5%] Step 17,900 | Loss: 1.4134 | PPL: 4.11
  [ 65.8%] Step 18,000 | Loss: 1.4059 | PPL: 4.08
  [ 66.2%] Step 18,100 | Loss: 1.4167 | PPL: 4.12
  [ 66.6%] Step 18,200 | Loss: 1.4130 | PPL: 4.11
  [ 66.9%] Step 18,300 | Loss: 1.4093 | PPL: 4.09
  [ 67.3%] Step 18,400 | Loss: 1.4069 | PPL: 4.08
  [ 67.7%] Step 18,500 | Loss: 1.4069 | PPL: 4.08
  [ 68.0%] Step 18,600 | Loss: 1.4084 | PPL: 4.09
  [ 68.4%] Step 18,700 | Loss: 1.4093 | PPL: 4.09
  [ 68.8%] Step 18,800 | Loss: 1.4048 | PPL: 4.07
  [ 69.1%] Step 18,900 | Loss: 1.4036 | PPL: 4.07
  [ 69.5%] Step 19,000 | Loss: 1.4031 | PPL: 4.07
  [ 69.9%] Step 19,100 | Loss: 1.3996 | PPL: 4.05
  [ 70.2%] Step 19,200 | Loss: 1.4027 | PPL: 4.07
  [ 70.6%] Step 19,300 | Loss: 1.4028 | PPL: 4.07
  [ 70.9%] Step 19,400 | Loss: 1.4028 | PPL: 4.07
  [ 71.3%] Step 19,500 | Loss: 1.3995 | PPL: 4.05
  [ 71.7%] Step 19,600 | Loss: 1.3982 | PPL: 4.05
  [ 72.0%] Step 19,700 | Loss: 1.4041 | PPL: 4.07
  [ 72.4%] Step 19,800 | Loss: 1.3991 | PPL: 4.05
  [ 72.8%] Step 19,900 | Loss: 1.3948 | PPL: 4.03
  [ 73.1%] Step 20,000 | Loss: 1.3999 | PPL: 4.05
  [ 73.5%] Step 20,100 | Loss: 1.3961 | PPL: 4.04
  [ 73.9%] Step 20,200 | Loss: 1.3916 | PPL: 4.02
  [ 74.2%] Step 20,300 | Loss: 1.3936 | PPL: 4.03
  [ 74.6%] Step 20,400 | Loss: 1.3942 | PPL: 4.03
  [ 75.0%] Step 20,500 | Loss: 1.3915 | PPL: 4.02
  [ 75.3%] Step 20,600 | Loss: 1.3885 | PPL: 4.01
  [ 75.7%] Step 20,700 | Loss: 1.3973 | PPL: 4.04
  [ 76.1%] Step 20,800 | Loss: 1.3915 | PPL: 4.02
  [ 76.4%] Step 20,900 | Loss: 1.3934 | PPL: 4.03
  [ 76.8%] Step 21,000 | Loss: 1.3925 | PPL: 4.02
  [ 77.2%] Step 21,100 | Loss: 1.3955 | PPL: 4.04
  [ 77.5%] Step 21,200 | Loss: 1.3903 | PPL: 4.02
  [ 77.9%] Step 21,300 | Loss: 1.3888 | PPL: 4.01
  [ 78.3%] Step 21,400 | Loss: 1.3875 | PPL: 4.00
  [ 78.6%] Step 21,500 | Loss: 1.3876 | PPL: 4.01
  [ 79.0%] Step 21,600 | Loss: 1.3811 | PPL: 3.98
  [ 79.4%] Step 21,700 | Loss: 1.3880 | PPL: 4.01
  [ 79.7%] Step 21,800 | Loss: 1.3832 | PPL: 3.99
  [ 80.1%] Step 21,900 | Loss: 1.3825 | PPL: 3.98
  [ 80.5%] Step 22,000 | Loss: 1.3819 | PPL: 3.98
  [ 80.8%] Step 22,100 | Loss: 1.3817 | PPL: 3.98
  [ 81.2%] Step 22,200 | Loss: 1.3778 | PPL: 3.97
  [ 81.6%] Step 22,300 | Loss: 1.3847 | PPL: 3.99
  [ 81.9%] Step 22,400 | Loss: 1.3797 | PPL: 3.97
  [ 82.3%] Step 22,500 | Loss: 1.3820 | PPL: 3.98
  [ 82.7%] Step 22,600 | Loss: 1.3792 | PPL: 3.97
  [ 83.0%] Step 22,700 | Loss: 1.3737 | PPL: 3.95
  [ 83.4%] Step 22,800 | Loss: 1.3743 | PPL: 3.95
  [ 83.7%] Step 22,900 | Loss: 1.3794 | PPL: 3.97
  [ 84.1%] Step 23,000 | Loss: 1.3767 | PPL: 3.96
  [ 84.5%] Step 23,100 | Loss: 1.3736 | PPL: 3.95
  [ 84.8%] Step 23,200 | Loss: 1.3762 | PPL: 3.96
  [ 85.2%] Step 23,300 | Loss: 1.3756 | PPL: 3.96
  [ 85.6%] Step 23,400 | Loss: 1.3730 | PPL: 3.95
  [ 85.9%] Step 23,500 | Loss: 1.3711 | PPL: 3.94
  [ 86.3%] Step 23,600 | Loss: 1.3712 | PPL: 3.94
  [ 86.7%] Step 23,700 | Loss: 1.3711 | PPL: 3.94
  [ 87.0%] Step 23,800 | Loss: 1.3703 | PPL: 3.94
  [ 87.4%] Step 23,900 | Loss: 1.3725 | PPL: 3.95
  [ 87.8%] Step 24,000 | Loss: 1.3701 | PPL: 3.94
  [ 88.1%] Step 24,100 | Loss: 1.3686 | PPL: 3.93
  [ 88.5%] Step 24,200 | Loss: 1.3668 | PPL: 3.92
  [ 88.9%] Step 24,300 | Loss: 1.3710 | PPL: 3.94
  [ 89.2%] Step 24,400 | Loss: 1.3658 | PPL: 3.92
  [ 89.6%] Step 24,500 | Loss: 1.3715 | PPL: 3.94
  [ 90.0%] Step 24,600 | Loss: 1.3720 | PPL: 3.94
  [ 90.3%] Step 24,700 | Loss: 1.3662 | PPL: 3.92
  [ 90.7%] Step 24,800 | Loss: 1.3654 | PPL: 3.92
  [ 91.1%] Step 24,900 | Loss: 1.3679 | PPL: 3.93
  [ 91.4%] Step 25,000 | Loss: 1.3673 | PPL: 3.92
  [ 91.8%] Step 25,100 | Loss: 1.3648 | PPL: 3.92
  [ 92.2%] Step 25,200 | Loss: 1.3645 | PPL: 3.91
  [ 92.5%] Step 25,300 | Loss: 1.3636 | PPL: 3.91
  [ 92.9%] Step 25,400 | Loss: 1.3623 | PPL: 3.91
  [ 93.3%] Step 25,500 | Loss: 1.3616 | PPL: 3.90
  [ 93.6%] Step 25,600 | Loss: 1.3610 | PPL: 3.90
  [ 94.0%] Step 25,700 | Loss: 1.3587 | PPL: 3.89
  [ 94.4%] Step 25,800 | Loss: 1.3614 | PPL: 3.90
  [ 94.7%] Step 25,900 | Loss: 1.3656 | PPL: 3.92
  [ 95.1%] Step 26,000 | Loss: 1.3581 | PPL: 3.89
  [ 95.5%] Step 26,100 | Loss: 1.3562 | PPL: 3.88
  [ 95.8%] Step 26,200 | Loss: 1.3611 | PPL: 3.90
  [ 96.2%] Step 26,300 | Loss: 1.3580 | PPL: 3.89
  [ 96.5%] Step 26,400 | Loss: 1.3553 | PPL: 3.88
  [ 96.9%] Step 26,500 | Loss: 1.3607 | PPL: 3.90
  [ 97.3%] Step 26,600 | Loss: 1.3547 | PPL: 3.88
  [ 97.6%] Step 26,700 | Loss: 1.3536 | PPL: 3.87
  [ 98.0%] Step 26,800 | Loss: 1.3585 | PPL: 3.89
  [ 98.4%] Step 26,900 | Loss: 1.3554 | PPL: 3.88
  [ 98.7%] Step 27,000 | Loss: 1.3562 | PPL: 3.88
  [ 99.1%] Step 27,100 | Loss: 1.3585 | PPL: 3.89
  [ 99.5%] Step 27,200 | Loss: 1.3535 | PPL: 3.87
  [ 99.8%] Step 27,300 | Loss: 1.3594 | PPL: 3.89
  [100.0%] Step 27,344 | Loss: 1.3526 | PPL: 3.87
[Epoch 1/3] Validating...
[Epoch 1/3] Loss: 1.5004 | PPL: 4.48
  -> Saved best model to checkpoints\tr_best.pt
[Epoch 2/3] Starting...
  [  0.2%] Step 27,400 | Loss: 1.3524 | PPL: 3.87
  [  0.6%] Step 27,500 | Loss: 1.3555 | PPL: 3.88
  [  0.9%] Step 27,600 | Loss: 1.3533 | PPL: 3.87
  [  1.3%] Step 27,700 | Loss: 1.3556 | PPL: 3.88
  [  1.7%] Step 27,800 | Loss: 1.3497 | PPL: 3.86
  [  2.0%] Step 27,900 | Loss: 1.3507 | PPL: 3.86
  [  2.4%] Step 28,000 | Loss: 1.3513 | PPL: 3.86
  [  2.8%] Step 28,100 | Loss: 1.3518 | PPL: 3.86
  [  3.1%] Step 28,200 | Loss: 1.3504 | PPL: 3.86
  [  3.5%] Step 28,300 | Loss: 1.3498 | PPL: 3.86
  [  3.9%] Step 28,400 | Loss: 1.3464 | PPL: 3.84
  [  4.2%] Step 28,500 | Loss: 1.3487 | PPL: 3.85
  [  4.6%] Step 28,600 | Loss: 1.3455 | PPL: 3.84
  [  5.0%] Step 28,700 | Loss: 1.3488 | PPL: 3.85
  [  5.3%] Step 28,800 | Loss: 1.3460 | PPL: 3.84
  [  5.7%] Step 28,900 | Loss: 1.3477 | PPL: 3.85
  [  6.1%] Step 29,000 | Loss: 1.3490 | PPL: 3.85
  [  6.4%] Step 29,100 | Loss: 1.3493 | PPL: 3.85
  [  6.8%] Step 29,200 | Loss: 1.3457 | PPL: 3.84
  [  7.2%] Step 29,300 | Loss: 1.3437 | PPL: 3.83
  [  7.5%] Step 29,400 | Loss: 1.3449 | PPL: 3.84
  [  7.9%] Step 29,500 | Loss: 1.3421 | PPL: 3.83
  [  8.3%] Step 29,600 | Loss: 1.3383 | PPL: 3.81
  [  8.6%] Step 29,700 | Loss: 1.3420 | PPL: 3.83
  [  9.0%] Step 29,800 | Loss: 1.3428 | PPL: 3.83
  [  9.3%] Step 29,900 | Loss: 1.3414 | PPL: 3.82
  [  9.7%] Step 30,000 | Loss: 1.3443 | PPL: 3.84
  [ 10.1%] Step 30,100 | Loss: 1.3396 | PPL: 3.82
  [ 10.4%] Step 30,200 | Loss: 1.3419 | PPL: 3.83
  [ 10.8%] Step 30,300 | Loss: 1.3404 | PPL: 3.82
  [ 11.2%] Step 30,400 | Loss: 1.3443 | PPL: 3.84
  [ 11.5%] Step 30,500 | Loss: 1.3405 | PPL: 3.82
  [ 11.9%] Step 30,600 | Loss: 1.3407 | PPL: 3.82
  [ 12.3%] Step 30,700 | Loss: 1.3363 | PPL: 3.80
  [ 12.6%] Step 30,800 | Loss: 1.3365 | PPL: 3.81
  [ 13.0%] Step 30,900 | Loss: 1.3394 | PPL: 3.82
  [ 13.4%] Step 31,000 | Loss: 1.3373 | PPL: 3.81
  [ 13.7%] Step 31,100 | Loss: 1.3340 | PPL: 3.80
  [ 14.1%] Step 31,200 | Loss: 1.3378 | PPL: 3.81
  [ 14.5%] Step 31,300 | Loss: 1.3381 | PPL: 3.81
  [ 14.8%] Step 31,400 | Loss: 1.3317 | PPL: 3.79
  [ 15.2%] Step 31,500 | Loss: 1.3354 | PPL: 3.80
  [ 15.6%] Step 31,600 | Loss: 1.3320 | PPL: 3.79
  [ 15.9%] Step 31,700 | Loss: 1.3324 | PPL: 3.79
  [ 16.3%] Step 31,800 | Loss: 1.3363 | PPL: 3.81
  [ 16.7%] Step 31,900 | Loss: 1.3319 | PPL: 3.79
  [ 17.0%] Step 32,000 | Loss: 1.3361 | PPL: 3.80
  [ 17.4%] Step 32,100 | Loss: 1.3326 | PPL: 3.79
  [ 17.8%] Step 32,200 | Loss: 1.3324 | PPL: 3.79
  [ 18.1%] Step 32,300 | Loss: 1.3361 | PPL: 3.80
  [ 18.5%] Step 32,400 | Loss: 1.3303 | PPL: 3.78
  [ 18.9%] Step 32,500 | Loss: 1.3318 | PPL: 3.79
  [ 19.2%] Step 32,600 | Loss: 1.3296 | PPL: 3.78
  [ 19.6%] Step 32,700 | Loss: 1.3289 | PPL: 3.78
  [ 20.0%] Step 32,800 | Loss: 1.3326 | PPL: 3.79
  [ 20.3%] Step 32,900 | Loss: 1.3326 | PPL: 3.79
  [ 20.7%] Step 33,000 | Loss: 1.3328 | PPL: 3.79
  [ 21.1%] Step 33,100 | Loss: 1.3292 | PPL: 3.78
  [ 21.4%] Step 33,200 | Loss: 1.3284 | PPL: 3.77
  [ 21.8%] Step 33,300 | Loss: 1.3300 | PPL: 3.78
  [ 22.1%] Step 33,400 | Loss: 1.3305 | PPL: 3.78
  [ 22.5%] Step 33,500 | Loss: 1.3316 | PPL: 3.79
  [ 22.9%] Step 33,600 | Loss: 1.3248 | PPL: 3.76
  [ 23.2%] Step 33,700 | Loss: 1.3259 | PPL: 3.77
  [ 23.6%] Step 33,800 | Loss: 1.3257 | PPL: 3.76
  [ 24.0%] Step 33,900 | Loss: 1.3244 | PPL: 3.76
  [ 24.3%] Step 34,000 | Loss: 1.3253 | PPL: 3.76
  [ 24.7%] Step 34,100 | Loss: 1.3286 | PPL: 3.78
  [ 25.1%] Step 34,200 | Loss: 1.3234 | PPL: 3.76
  [ 25.4%] Step 34,300 | Loss: 1.3246 | PPL: 3.76
  [ 25.8%] Step 34,400 | Loss: 1.3253 | PPL: 3.76
  [ 26.2%] Step 34,500 | Loss: 1.3251 | PPL: 3.76
  [ 26.5%] Step 34,600 | Loss: 1.3206 | PPL: 3.75
  [ 26.9%] Step 34,700 | Loss: 1.3256 | PPL: 3.76
  [ 27.3%] Step 34,800 | Loss: 1.3249 | PPL: 3.76
  [ 27.6%] Step 34,900 | Loss: 1.3228 | PPL: 3.75
  [ 28.0%] Step 35,000 | Loss: 1.3183 | PPL: 3.74
  [ 28.4%] Step 35,100 | Loss: 1.3219 | PPL: 3.75
  [ 28.7%] Step 35,200 | Loss: 1.3218 | PPL: 3.75
  [ 29.1%] Step 35,300 | Loss: 1.3233 | PPL: 3.76
  [ 29.5%] Step 35,400 | Loss: 1.3203 | PPL: 3.74
  [ 29.8%] Step 35,500 | Loss: 1.3221 | PPL: 3.75
  [ 30.2%] Step 35,600 | Loss: 1.3237 | PPL: 3.76
  [ 30.6%] Step 35,700 | Loss: 1.3199 | PPL: 3.74
  [ 30.9%] Step 35,800 | Loss: 1.3205 | PPL: 3.75
  [ 31.3%] Step 35,900 | Loss: 1.3205 | PPL: 3.75
  [ 31.7%] Step 36,000 | Loss: 1.3230 | PPL: 3.75
  [ 32.0%] Step 36,100 | Loss: 1.3195 | PPL: 3.74
  [ 32.4%] Step 36,200 | Loss: 1.3212 | PPL: 3.75
  [ 32.8%] Step 36,300 | Loss: 1.3223 | PPL: 3.75
  [ 33.1%] Step 36,400 | Loss: 1.3199 | PPL: 3.74
  [ 33.5%] Step 36,500 | Loss: 1.3232 | PPL: 3.76
  [ 33.9%] Step 36,600 | Loss: 1.3204 | PPL: 3.75
  [ 34.2%] Step 36,700 | Loss: 1.3149 | PPL: 3.72
  [ 34.6%] Step 36,800 | Loss: 1.3172 | PPL: 3.73
  [ 34.9%] Step 36,900 | Loss: 1.3135 | PPL: 3.72
  [ 35.3%] Step 37,000 | Loss: 1.3164 | PPL: 3.73
  [ 35.7%] Step 37,100 | Loss: 1.3202 | PPL: 3.74
  [ 36.0%] Step 37,200 | Loss: 1.3176 | PPL: 3.73
  [ 36.4%] Step 37,300 | Loss: 1.3167 | PPL: 3.73
  [ 36.8%] Step 37,400 | Loss: 1.3162 | PPL: 3.73
  [ 37.1%] Step 37,500 | Loss: 1.3183 | PPL: 3.74
  [ 37.5%] Step 37,600 | Loss: 1.3146 | PPL: 3.72
  [ 37.9%] Step 37,700 | Loss: 1.3168 | PPL: 3.73
  [ 38.2%] Step 37,800 | Loss: 1.3179 | PPL: 3.74
  [ 38.6%] Step 37,900 | Loss: 1.3147 | PPL: 3.72
  [ 39.0%] Step 38,000 | Loss: 1.3132 | PPL: 3.72
  [ 39.3%] Step 38,100 | Loss: 1.3129 | PPL: 3.72
  [ 39.7%] Step 38,200 | Loss: 1.3145 | PPL: 3.72
  [ 40.1%] Step 38,300 | Loss: 1.3166 | PPL: 3.73
  [ 40.4%] Step 38,400 | Loss: 1.3145 | PPL: 3.72
  [ 40.8%] Step 38,500 | Loss: 1.3103 | PPL: 3.71
  [ 41.2%] Step 38,600 | Loss: 1.3156 | PPL: 3.73
  [ 41.5%] Step 38,700 | Loss: 1.3183 | PPL: 3.74
  [ 41.9%] Step 38,800 | Loss: 1.3112 | PPL: 3.71
  [ 42.3%] Step 38,900 | Loss: 1.3070 | PPL: 3.70
  [ 42.6%] Step 39,000 | Loss: 1.3098 | PPL: 3.71
  [ 43.0%] Step 39,100 | Loss: 1.3150 | PPL: 3.72
  [ 43.4%] Step 39,200 | Loss: 1.3098 | PPL: 3.71
  [ 43.7%] Step 39,300 | Loss: 1.3061 | PPL: 3.69
  [ 44.1%] Step 39,400 | Loss: 1.3144 | PPL: 3.72
  [ 44.5%] Step 39,500 | Loss: 1.3124 | PPL: 3.72
  [ 44.8%] Step 39,600 | Loss: 1.3078 | PPL: 3.70
  [ 45.2%] Step 39,700 | Loss: 1.3054 | PPL: 3.69
  [ 45.6%] Step 39,800 | Loss: 1.3052 | PPL: 3.69
  [ 45.9%] Step 39,900 | Loss: 1.3078 | PPL: 3.70
  [ 46.3%] Step 40,000 | Loss: 1.3110 | PPL: 3.71
  [ 46.7%] Step 40,100 | Loss: 1.3017 | PPL: 3.68
  [ 47.0%] Step 40,200 | Loss: 1.3066 | PPL: 3.69
  [ 47.4%] Step 40,300 | Loss: 1.3057 | PPL: 3.69
  [ 47.7%] Step 40,400 | Loss: 1.3104 | PPL: 3.71
  [ 48.1%] Step 40,500 | Loss: 1.3069 | PPL: 3.69
  [ 48.5%] Step 40,600 | Loss: 1.3071 | PPL: 3.70
  [ 48.8%] Step 40,700 | Loss: 1.3059 | PPL: 3.69
  [ 49.2%] Step 40,800 | Loss: 1.3097 | PPL: 3.71
  [ 49.6%] Step 40,900 | Loss: 1.3031 | PPL: 3.68
  [ 49.9%] Step 41,000 | Loss: 1.2975 | PPL: 3.66
  [ 50.3%] Step 41,100 | Loss: 1.3084 | PPL: 3.70
  [ 50.7%] Step 41,200 | Loss: 1.3074 | PPL: 3.70
  [ 51.0%] Step 41,300 | Loss: 1.3085 | PPL: 3.70
  [ 51.4%] Step 41,400 | Loss: 1.3009 | PPL: 3.67
  [ 51.8%] Step 41,500 | Loss: 1.3034 | PPL: 3.68
  [ 52.1%] Step 41,600 | Loss: 1.3028 | PPL: 3.68
  [ 52.5%] Step 41,700 | Loss: 1.3070 | PPL: 3.69
  [ 52.9%] Step 41,800 | Loss: 1.3045 | PPL: 3.69
  [ 53.2%] Step 41,900 | Loss: 1.3031 | PPL: 3.68
  [ 53.6%] Step 42,000 | Loss: 1.3024 | PPL: 3.68
  [ 54.0%] Step 42,100 | Loss: 1.2984 | PPL: 3.66
  [ 54.3%] Step 42,200 | Loss: 1.3013 | PPL: 3.67
  [ 54.7%] Step 42,300 | Loss: 1.3013 | PPL: 3.67
  [ 55.1%] Step 42,400 | Loss: 1.3024 | PPL: 3.68
  [ 55.4%] Step 42,500 | Loss: 1.3040 | PPL: 3.68
  [ 55.8%] Step 42,600 | Loss: 1.3084 | PPL: 3.70
  [ 56.2%] Step 42,700 | Loss: 1.3016 | PPL: 3.68
  [ 56.5%] Step 42,800 | Loss: 1.3023 | PPL: 3.68
  [ 56.9%] Step 42,900 | Loss: 1.3045 | PPL: 3.69
  [ 57.3%] Step 43,000 | Loss: 1.2991 | PPL: 3.67
  [ 57.6%] Step 43,100 | Loss: 1.2973 | PPL: 3.66
  [ 58.0%] Step 43,200 | Loss: 1.3027 | PPL: 3.68
  [ 58.4%] Step 43,300 | Loss: 1.2993 | PPL: 3.67
  [ 58.7%] Step 43,400 | Loss: 1.3002 | PPL: 3.67
  [ 59.1%] Step 43,500 | Loss: 1.2958 | PPL: 3.65
  [ 59.4%] Step 43,600 | Loss: 1.2946 | PPL: 3.65
  [ 59.8%] Step 43,700 | Loss: 1.2957 | PPL: 3.65
  [ 60.2%] Step 43,800 | Loss: 1.2949 | PPL: 3.65
  [ 60.5%] Step 43,900 | Loss: 1.2973 | PPL: 3.66
  [ 60.9%] Step 44,000 | Loss: 1.2972 | PPL: 3.66
  [ 61.3%] Step 44,100 | Loss: 1.2965 | PPL: 3.66
  [ 61.6%] Step 44,200 | Loss: 1.2979 | PPL: 3.66
  [ 62.0%] Step 44,300 | Loss: 1.2910 | PPL: 3.64
  [ 62.4%] Step 44,400 | Loss: 1.2997 | PPL: 3.67
  [ 62.7%] Step 44,500 | Loss: 1.2965 | PPL: 3.66
  [ 63.1%] Step 44,600 | Loss: 1.3009 | PPL: 3.67
  [ 63.5%] Step 44,700 | Loss: 1.2943 | PPL: 3.65
  [ 63.8%] Step 44,800 | Loss: 1.2956 | PPL: 3.65
  [ 64.2%] Step 44,900 | Loss: 1.3014 | PPL: 3.67
  [ 64.6%] Step 45,000 | Loss: 1.2931 | PPL: 3.64
  [ 64.9%] Step 45,100 | Loss: 1.2955 | PPL: 3.65
  [ 65.3%] Step 45,200 | Loss: 1.2916 | PPL: 3.64
  [ 65.7%] Step 45,300 | Loss: 1.2977 | PPL: 3.66
  [ 66.0%] Step 45,400 | Loss: 1.2917 | PPL: 3.64
  [ 66.4%] Step 45,500 | Loss: 1.2974 | PPL: 3.66
  [ 66.8%] Step 45,600 | Loss: 1.2940 | PPL: 3.65
  [ 67.1%] Step 45,700 | Loss: 1.2949 | PPL: 3.65
  [ 67.5%] Step 45,800 | Loss: 1.2961 | PPL: 3.66
  [ 67.9%] Step 45,900 | Loss: 1.2939 | PPL: 3.65
  [ 68.2%] Step 46,000 | Loss: 1.2996 | PPL: 3.67
  [ 68.6%] Step 46,100 | Loss: 1.2957 | PPL: 3.65
  [ 69.0%] Step 46,200 | Loss: 1.2901 | PPL: 3.63
  [ 69.3%] Step 46,300 | Loss: 1.2928 | PPL: 3.64
  [ 69.7%] Step 46,400 | Loss: 1.2911 | PPL: 3.64
  [ 70.1%] Step 46,500 | Loss: 1.2917 | PPL: 3.64
  [ 70.4%] Step 46,600 | Loss: 1.2865 | PPL: 3.62
  [ 70.8%] Step 46,700 | Loss: 1.2909 | PPL: 3.64
  [ 71.2%] Step 46,800 | Loss: 1.2894 | PPL: 3.63
  [ 71.5%] Step 46,900 | Loss: 1.2901 | PPL: 3.63
  [ 71.9%] Step 47,000 | Loss: 1.2901 | PPL: 3.63
  [ 72.2%] Step 47,100 | Loss: 1.2901 | PPL: 3.63
  [ 72.6%] Step 47,200 | Loss: 1.2850 | PPL: 3.61
  [ 73.0%] Step 47,300 | Loss: 1.2941 | PPL: 3.65
  [ 73.3%] Step 47,400 | Loss: 1.2880 | PPL: 3.63
  [ 73.7%] Step 47,500 | Loss: 1.2855 | PPL: 3.62
  [ 74.1%] Step 47,600 | Loss: 1.2895 | PPL: 3.63
  [ 74.4%] Step 47,700 | Loss: 1.2863 | PPL: 3.62
  [ 74.8%] Step 47,800 | Loss: 1.2863 | PPL: 3.62
  [ 75.2%] Step 47,900 | Loss: 1.2918 | PPL: 3.64
  [ 75.5%] Step 48,000 | Loss: 1.2892 | PPL: 3.63
  [ 75.9%] Step 48,100 | Loss: 1.2886 | PPL: 3.63
  [ 76.3%] Step 48,200 | Loss: 1.2821 | PPL: 3.60
  [ 76.6%] Step 48,300 | Loss: 1.2830 | PPL: 3.61
  [ 77.0%] Step 48,400 | Loss: 1.2852 | PPL: 3.62
  [ 77.4%] Step 48,500 | Loss: 1.2869 | PPL: 3.62
  [ 77.7%] Step 48,600 | Loss: 1.2864 | PPL: 3.62
  [ 78.1%] Step 48,700 | Loss: 1.2871 | PPL: 3.62
  [ 78.5%] Step 48,800 | Loss: 1.2857 | PPL: 3.62
  [ 78.8%] Step 48,900 | Loss: 1.2884 | PPL: 3.63
  [ 79.2%] Step 49,000 | Loss: 1.2807 | PPL: 3.60
  [ 79.6%] Step 49,100 | Loss: 1.2879 | PPL: 3.63
  [ 79.9%] Step 49,200 | Loss: 1.2826 | PPL: 3.61
  [ 80.3%] Step 49,300 | Loss: 1.2848 | PPL: 3.61
  [ 80.7%] Step 49,400 | Loss: 1.2814 | PPL: 3.60
  [ 81.0%] Step 49,500 | Loss: 1.2832 | PPL: 3.61
  [ 81.4%] Step 49,600 | Loss: 1.2848 | PPL: 3.61
  [ 81.8%] Step 49,700 | Loss: 1.2859 | PPL: 3.62
  [ 82.1%] Step 49,800 | Loss: 1.2837 | PPL: 3.61
  [ 82.5%] Step 49,900 | Loss: 1.2787 | PPL: 3.59
  [ 82.9%] Step 50,000 | Loss: 1.2852 | PPL: 3.62
  [ 83.2%] Step 50,100 | Loss: 1.2842 | PPL: 3.61
  [ 83.6%] Step 50,200 | Loss: 1.2843 | PPL: 3.61
  [ 84.0%] Step 50,300 | Loss: 1.2830 | PPL: 3.61
  [ 84.3%] Step 50,400 | Loss: 1.2830 | PPL: 3.61
  [ 84.7%] Step 50,500 | Loss: 1.2831 | PPL: 3.61
  [ 85.0%] Step 50,600 | Loss: 1.2834 | PPL: 3.61
  [ 85.4%] Step 50,700 | Loss: 1.2835 | PPL: 3.61
  [ 85.8%] Step 50,800 | Loss: 1.2855 | PPL: 3.62
  [ 86.1%] Step 50,900 | Loss: 1.2819 | PPL: 3.60
  [ 86.5%] Step 51,000 | Loss: 1.2794 | PPL: 3.59
  [ 86.9%] Step 51,100 | Loss: 1.2862 | PPL: 3.62
  [ 87.2%] Step 51,200 | Loss: 1.2791 | PPL: 3.59
  [ 87.6%] Step 51,300 | Loss: 1.2795 | PPL: 3.59
  [ 88.0%] Step 51,400 | Loss: 1.2841 | PPL: 3.61
  [ 88.3%] Step 51,500 | Loss: 1.2791 | PPL: 3.59
  [ 88.7%] Step 51,600 | Loss: 1.2825 | PPL: 3.61
  [ 89.1%] Step 51,700 | Loss: 1.2772 | PPL: 3.59
  [ 89.4%] Step 51,800 | Loss: 1.2824 | PPL: 3.61
  [ 89.8%] Step 51,900 | Loss: 1.2800 | PPL: 3.60
  [ 90.2%] Step 52,000 | Loss: 1.2808 | PPL: 3.60
  [ 90.5%] Step 52,100 | Loss: 1.2815 | PPL: 3.60
  [ 90.9%] Step 52,200 | Loss: 1.2841 | PPL: 3.61
  [ 91.3%] Step 52,300 | Loss: 1.2888 | PPL: 3.63
  [ 91.6%] Step 52,400 | Loss: 1.2813 | PPL: 3.60
  [ 92.0%] Step 52,500 | Loss: 1.2787 | PPL: 3.59
  [ 92.4%] Step 52,600 | Loss: 1.2798 | PPL: 3.60
  [ 92.7%] Step 52,700 | Loss: 1.2810 | PPL: 3.60
  [ 93.1%] Step 52,800 | Loss: 1.2793 | PPL: 3.59
  [ 93.5%] Step 52,900 | Loss: 1.2811 | PPL: 3.60
  [ 93.8%] Step 53,000 | Loss: 1.2780 | PPL: 3.59
  [ 94.2%] Step 53,100 | Loss: 1.2789 | PPL: 3.59
  [ 94.6%] Step 53,200 | Loss: 1.2814 | PPL: 3.60
  [ 94.9%] Step 53,300 | Loss: 1.2751 | PPL: 3.58
  [ 95.3%] Step 53,400 | Loss: 1.2769 | PPL: 3.59
  [ 95.7%] Step 53,500 | Loss: 1.2778 | PPL: 3.59
  [ 96.0%] Step 53,600 | Loss: 1.2780 | PPL: 3.59
  [ 96.4%] Step 53,700 | Loss: 1.2797 | PPL: 3.60
  [ 96.8%] Step 53,800 | Loss: 1.2740 | PPL: 3.57
  [ 97.1%] Step 53,900 | Loss: 1.2815 | PPL: 3.60
  [ 97.5%] Step 54,000 | Loss: 1.2800 | PPL: 3.60
  [ 97.8%] Step 54,100 | Loss: 1.2766 | PPL: 3.58
  [ 98.2%] Step 54,200 | Loss: 1.2765 | PPL: 3.58
  [ 98.6%] Step 54,300 | Loss: 1.2748 | PPL: 3.58
  [ 98.9%] Step 54,400 | Loss: 1.2685 | PPL: 3.56
  [ 99.3%] Step 54,500 | Loss: 1.2731 | PPL: 3.57
  [ 99.7%] Step 54,600 | Loss: 1.2721 | PPL: 3.57
  [100.0%] Step 54,688 | Loss: 1.2755 | PPL: 3.58
[Epoch 2/3] Validating...
[Epoch 2/3] Loss: 1.4630 | PPL: 4.32
  -> Saved best model to checkpoints\tr_best.pt
[Epoch 3/3] Starting...
  [  0.0%] Step 54,700 | Loss: 1.2809 | PPL: 3.60
  [  0.4%] Step 54,800 | Loss: 1.2765 | PPL: 3.58
  [  0.8%] Step 54,900 | Loss: 1.2724 | PPL: 3.57
  [  1.1%] Step 55,000 | Loss: 1.2744 | PPL: 3.58
  [  1.5%] Step 55,100 | Loss: 1.2750 | PPL: 3.58
  [  1.9%] Step 55,200 | Loss: 1.2679 | PPL: 3.55
  [  2.2%] Step 55,300 | Loss: 1.2735 | PPL: 3.57
  [  2.6%] Step 55,400 | Loss: 1.2734 | PPL: 3.57
  [  3.0%] Step 55,500 | Loss: 1.2734 | PPL: 3.57
  [  3.3%] Step 55,600 | Loss: 1.2705 | PPL: 3.56
  [  3.7%] Step 55,700 | Loss: 1.2731 | PPL: 3.57
  [  4.1%] Step 55,800 | Loss: 1.2728 | PPL: 3.57
  [  4.4%] Step 55,900 | Loss: 1.2749 | PPL: 3.58
  [  4.8%] Step 56,000 | Loss: 1.2742 | PPL: 3.58
  [  5.2%] Step 56,100 | Loss: 1.2741 | PPL: 3.58
  [  5.5%] Step 56,200 | Loss: 1.2778 | PPL: 3.59
  [  5.9%] Step 56,300 | Loss: 1.2701 | PPL: 3.56
  [  6.3%] Step 56,400 | Loss: 1.2672 | PPL: 3.55
  [  6.6%] Step 56,500 | Loss: 1.2701 | PPL: 3.56
  [  7.0%] Step 56,600 | Loss: 1.2752 | PPL: 3.58
  [  7.4%] Step 56,700 | Loss: 1.2742 | PPL: 3.58
  [  7.7%] Step 56,800 | Loss: 1.2736 | PPL: 3.57
  [  8.1%] Step 56,900 | Loss: 1.2720 | PPL: 3.57
  [  8.5%] Step 57,000 | Loss: 1.2763 | PPL: 3.58
  [  8.8%] Step 57,100 | Loss: 1.2701 | PPL: 3.56
  [  9.2%] Step 57,200 | Loss: 1.2715 | PPL: 3.57
  [  9.6%] Step 57,300 | Loss: 1.2674 | PPL: 3.55
  [  9.9%] Step 57,400 | Loss: 1.2668 | PPL: 3.55
  [ 10.3%] Step 57,500 | Loss: 1.2696 | PPL: 3.56
  [ 10.6%] Step 57,600 | Loss: 1.2730 | PPL: 3.57
  [ 11.0%] Step 57,700 | Loss: 1.2689 | PPL: 3.56
  [ 11.4%] Step 57,800 | Loss: 1.2676 | PPL: 3.55
  [ 11.7%] Step 57,900 | Loss: 1.2714 | PPL: 3.57
  [ 12.1%] Step 58,000 | Loss: 1.2679 | PPL: 3.55
  [ 12.5%] Step 58,100 | Loss: 1.2694 | PPL: 3.56
  [ 12.8%] Step 58,200 | Loss: 1.2733 | PPL: 3.57
  [ 13.2%] Step 58,300 | Loss: 1.2668 | PPL: 3.55
  [ 13.6%] Step 58,400 | Loss: 1.2688 | PPL: 3.56
  [ 13.9%] Step 58,500 | Loss: 1.2661 | PPL: 3.55
  [ 14.3%] Step 58,600 | Loss: 1.2680 | PPL: 3.55
  [ 14.7%] Step 58,700 | Loss: 1.2674 | PPL: 3.55
  [ 15.0%] Step 58,800 | Loss: 1.2663 | PPL: 3.55
  [ 15.4%] Step 58,900 | Loss: 1.2707 | PPL: 3.56
  [ 15.8%] Step 59,000 | Loss: 1.2652 | PPL: 3.54
  [ 16.1%] Step 59,100 | Loss: 1.2695 | PPL: 3.56
  [ 16.5%] Step 59,200 | Loss: 1.2632 | PPL: 3.54
  [ 16.9%] Step 59,300 | Loss: 1.2674 | PPL: 3.55
  [ 17.2%] Step 59,400 | Loss: 1.2631 | PPL: 3.54
  [ 17.6%] Step 59,500 | Loss: 1.2653 | PPL: 3.54
  [ 18.0%] Step 59,600 | Loss: 1.2610 | PPL: 3.53
  [ 18.3%] Step 59,700 | Loss: 1.2656 | PPL: 3.55
  [ 18.7%] Step 59,800 | Loss: 1.2634 | PPL: 3.54
  [ 19.1%] Step 59,900 | Loss: 1.2651 | PPL: 3.54
  [ 19.4%] Step 60,000 | Loss: 1.2652 | PPL: 3.54
  [ 19.8%] Step 60,100 | Loss: 1.2670 | PPL: 3.55
  [ 20.2%] Step 60,200 | Loss: 1.2684 | PPL: 3.56
  [ 20.5%] Step 60,300 | Loss: 1.2668 | PPL: 3.55
  [ 20.9%] Step 60,400 | Loss: 1.2660 | PPL: 3.55
  [ 21.3%] Step 60,500 | Loss: 1.2627 | PPL: 3.53
  [ 21.6%] Step 60,600 | Loss: 1.2680 | PPL: 3.55
  [ 22.0%] Step 60,700 | Loss: 1.2674 | PPL: 3.55
  [ 22.4%] Step 60,800 | Loss: 1.2634 | PPL: 3.54
  [ 22.7%] Step 60,900 | Loss: 1.2625 | PPL: 3.53
  [ 23.1%] Step 61,000 | Loss: 1.2658 | PPL: 3.55
  [ 23.4%] Step 61,100 | Loss: 1.2619 | PPL: 3.53
  [ 23.8%] Step 61,200 | Loss: 1.2630 | PPL: 3.54
  [ 24.2%] Step 61,300 | Loss: 1.2668 | PPL: 3.55
  [ 24.5%] Step 61,400 | Loss: 1.2608 | PPL: 3.53
  [ 24.9%] Step 61,500 | Loss: 1.2642 | PPL: 3.54
  [ 25.3%] Step 61,600 | Loss: 1.2641 | PPL: 3.54
  [ 25.6%] Step 61,700 | Loss: 1.2605 | PPL: 3.53
  [ 26.0%] Step 61,800 | Loss: 1.2589 | PPL: 3.52
  [ 26.4%] Step 61,900 | Loss: 1.2618 | PPL: 3.53
  [ 26.7%] Step 62,000 | Loss: 1.2632 | PPL: 3.54
  [ 27.1%] Step 62,100 | Loss: 1.2625 | PPL: 3.53
  [ 27.5%] Step 62,200 | Loss: 1.2595 | PPL: 3.52
  [ 27.8%] Step 62,300 | Loss: 1.2614 | PPL: 3.53
  [ 28.2%] Step 62,400 | Loss: 1.2617 | PPL: 3.53
  [ 28.6%] Step 62,500 | Loss: 1.2629 | PPL: 3.54
  [ 28.9%] Step 62,600 | Loss: 1.2594 | PPL: 3.52
  [ 29.3%] Step 62,700 | Loss: 1.2627 | PPL: 3.54
  [ 29.7%] Step 62,800 | Loss: 1.2623 | PPL: 3.53
  [ 30.0%] Step 62,900 | Loss: 1.2605 | PPL: 3.53
  [ 30.4%] Step 63,000 | Loss: 1.2597 | PPL: 3.52
  [ 30.8%] Step 63,100 | Loss: 1.2627 | PPL: 3.54
  [ 31.1%] Step 63,200 | Loss: 1.2607 | PPL: 3.53
  [ 31.5%] Step 63,300 | Loss: 1.2641 | PPL: 3.54
  [ 31.9%] Step 63,400 | Loss: 1.2600 | PPL: 3.53
  [ 32.2%] Step 63,500 | Loss: 1.2568 | PPL: 3.51
  [ 32.6%] Step 63,600 | Loss: 1.2552 | PPL: 3.51
  [ 33.0%] Step 63,700 | Loss: 1.2582 | PPL: 3.52
  [ 33.3%] Step 63,800 | Loss: 1.2593 | PPL: 3.52
  [ 33.7%] Step 63,900 | Loss: 1.2594 | PPL: 3.52
  [ 34.1%] Step 64,000 | Loss: 1.2573 | PPL: 3.52
  [ 34.4%] Step 64,100 | Loss: 1.2604 | PPL: 3.53
  [ 34.8%] Step 64,200 | Loss: 1.2593 | PPL: 3.52
  [ 35.2%] Step 64,300 | Loss: 1.2607 | PPL: 3.53
  [ 35.5%] Step 64,400 | Loss: 1.2569 | PPL: 3.51
  [ 35.9%] Step 64,500 | Loss: 1.2583 | PPL: 3.52
  [ 36.2%] Step 64,600 | Loss: 1.2616 | PPL: 3.53
  [ 36.6%] Step 64,700 | Loss: 1.2603 | PPL: 3.53
  [ 37.0%] Step 64,800 | Loss: 1.2602 | PPL: 3.53
  [ 37.3%] Step 64,900 | Loss: 1.2571 | PPL: 3.52
  [ 37.7%] Step 65,000 | Loss: 1.2564 | PPL: 3.51
  [ 38.1%] Step 65,100 | Loss: 1.2576 | PPL: 3.52
  [ 38.4%] Step 65,200 | Loss: 1.2564 | PPL: 3.51
  [ 38.8%] Step 65,300 | Loss: 1.2568 | PPL: 3.51
  [ 39.2%] Step 65,400 | Loss: 1.2549 | PPL: 3.51
  [ 39.5%] Step 65,500 | Loss: 1.2596 | PPL: 3.52
  [ 39.9%] Step 65,600 | Loss: 1.2539 | PPL: 3.50
  [ 40.3%] Step 65,700 | Loss: 1.2530 | PPL: 3.50
  [ 40.6%] Step 65,800 | Loss: 1.2556 | PPL: 3.51
  [ 41.0%] Step 65,900 | Loss: 1.2579 | PPL: 3.52
  [ 41.4%] Step 66,000 | Loss: 1.2601 | PPL: 3.53
  [ 41.7%] Step 66,100 | Loss: 1.2569 | PPL: 3.51
  [ 42.1%] Step 66,200 | Loss: 1.2492 | PPL: 3.49
  [ 42.5%] Step 66,300 | Loss: 1.2461 | PPL: 3.48
  [ 42.8%] Step 66,400 | Loss: 1.2572 | PPL: 3.52
  [ 43.2%] Step 66,500 | Loss: 1.2567 | PPL: 3.51
  [ 43.6%] Step 66,600 | Loss: 1.2541 | PPL: 3.50
  [ 43.9%] Step 66,700 | Loss: 1.2559 | PPL: 3.51
  [ 44.3%] Step 66,800 | Loss: 1.2551 | PPL: 3.51
  [ 44.7%] Step 66,900 | Loss: 1.2569 | PPL: 3.51
  [ 45.0%] Step 67,000 | Loss: 1.2530 | PPL: 3.50
  [ 45.4%] Step 67,100 | Loss: 1.2564 | PPL: 3.51
  [ 45.8%] Step 67,200 | Loss: 1.2557 | PPL: 3.51
  [ 46.1%] Step 67,300 | Loss: 1.2565 | PPL: 3.51
  [ 46.5%] Step 67,400 | Loss: 1.2515 | PPL: 3.50
  [ 46.9%] Step 67,500 | Loss: 1.2551 | PPL: 3.51
  [ 47.2%] Step 67,600 | Loss: 1.2542 | PPL: 3.51
  [ 47.6%] Step 67,700 | Loss: 1.2539 | PPL: 3.50
  [ 48.0%] Step 67,800 | Loss: 1.2526 | PPL: 3.50
  [ 48.3%] Step 67,900 | Loss: 1.2574 | PPL: 3.52
  [ 48.7%] Step 68,000 | Loss: 1.2502 | PPL: 3.49
  [ 49.0%] Step 68,100 | Loss: 1.2496 | PPL: 3.49
  [ 49.4%] Step 68,200 | Loss: 1.2499 | PPL: 3.49
  [ 49.8%] Step 68,300 | Loss: 1.2509 | PPL: 3.49
  [ 50.1%] Step 68,400 | Loss: 1.2550 | PPL: 3.51
  [ 50.5%] Step 68,500 | Loss: 1.2528 | PPL: 3.50
  [ 50.9%] Step 68,600 | Loss: 1.2541 | PPL: 3.50
  [ 51.2%] Step 68,700 | Loss: 1.2533 | PPL: 3.50
  [ 51.6%] Step 68,800 | Loss: 1.2543 | PPL: 3.51
  [ 52.0%] Step 68,900 | Loss: 1.2518 | PPL: 3.50
  [ 52.3%] Step 69,000 | Loss: 1.2506 | PPL: 3.49
  [ 52.7%] Step 69,100 | Loss: 1.2542 | PPL: 3.51
  [ 53.1%] Step 69,200 | Loss: 1.2520 | PPL: 3.50
  [ 53.4%] Step 69,300 | Loss: 1.2510 | PPL: 3.49
  [ 53.8%] Step 69,400 | Loss: 1.2534 | PPL: 3.50
  [ 54.2%] Step 69,500 | Loss: 1.2510 | PPL: 3.49
  [ 54.5%] Step 69,600 | Loss: 1.2479 | PPL: 3.48
  [ 54.9%] Step 69,700 | Loss: 1.2540 | PPL: 3.50
  [ 55.3%] Step 69,800 | Loss: 1.2483 | PPL: 3.48
  [ 55.6%] Step 69,900 | Loss: 1.2494 | PPL: 3.49
  [ 56.0%] Step 70,000 | Loss: 1.2499 | PPL: 3.49
  [ 56.4%] Step 70,100 | Loss: 1.2544 | PPL: 3.51
  [ 56.7%] Step 70,200 | Loss: 1.2536 | PPL: 3.50
  [ 57.1%] Step 70,300 | Loss: 1.2486 | PPL: 3.49
  [ 57.5%] Step 70,400 | Loss: 1.2537 | PPL: 3.50
  [ 57.8%] Step 70,500 | Loss: 1.2482 | PPL: 3.48
  [ 58.2%] Step 70,600 | Loss: 1.2473 | PPL: 3.48
  [ 58.6%] Step 70,700 | Loss: 1.2531 | PPL: 3.50
  [ 58.9%] Step 70,800 | Loss: 1.2484 | PPL: 3.48
  [ 59.3%] Step 70,900 | Loss: 1.2492 | PPL: 3.49
  [ 59.7%] Step 71,000 | Loss: 1.2456 | PPL: 3.48
  [ 60.0%] Step 71,100 | Loss: 1.2463 | PPL: 3.48
  [ 60.4%] Step 71,200 | Loss: 1.2521 | PPL: 3.50
  [ 60.8%] Step 71,300 | Loss: 1.2481 | PPL: 3.48
  [ 61.1%] Step 71,400 | Loss: 1.2514 | PPL: 3.50
  [ 61.5%] Step 71,500 | Loss: 1.2489 | PPL: 3.49
  [ 61.8%] Step 71,600 | Loss: 1.2491 | PPL: 3.49
  [ 62.2%] Step 71,700 | Loss: 1.2433 | PPL: 3.47
  [ 62.6%] Step 71,800 | Loss: 1.2504 | PPL: 3.49
  [ 62.9%] Step 71,900 | Loss: 1.2521 | PPL: 3.50
  [ 63.3%] Step 72,000 | Loss: 1.2490 | PPL: 3.49
  [ 63.7%] Step 72,100 | Loss: 1.2481 | PPL: 3.48
  [ 64.0%] Step 72,200 | Loss: 1.2455 | PPL: 3.47
  [ 64.4%] Step 72,300 | Loss: 1.2533 | PPL: 3.50
  [ 64.8%] Step 72,400 | Loss: 1.2517 | PPL: 3.50
  [ 65.1%] Step 72,500 | Loss: 1.2493 | PPL: 3.49
  [ 65.5%] Step 72,600 | Loss: 1.2470 | PPL: 3.48
  [ 65.9%] Step 72,700 | Loss: 1.2495 | PPL: 3.49
  [ 66.2%] Step 72,800 | Loss: 1.2488 | PPL: 3.49
  [ 66.6%] Step 72,900 | Loss: 1.2473 | PPL: 3.48
  [ 67.0%] Step 73,000 | Loss: 1.2464 | PPL: 3.48
=== detached training start Thu Aug 13 00:19:28 PDT 2026 ===
poetry run python -m char_lstm.train --lang tr
Loading data from corpora_clean/oscar_tr_ipa.txt...
  Loaded: 10,000,000 chars total
  Train: 7,000,000 chars
  Val: 1,500,000 chars
  Test: 1,500,000 chars
Building vocab from training text...
  Vocab size: 70
============================================================
Training config
============================================================
  Language: Turkish (tr)
  Mode: Train from scratch
  Device: cuda
  Batch size: 256
  Workers: 0
  Pin memory: True
  Epochs: 3
  LR: 0.0001
  Seed: 1234
  Freeze embed: False
  Output: checkpoints\tr_best.pt
Creating data loaders...
  Train batches: 27,344
  Val batches: 5,859

Model config
  Device: cuda
  Embed dim: 128
  Hidden dim: 256
  Layers: 2
  Parameters: 948,550
  Optimizer: Adam (lr=0.0001)
============================================================
Starting training: 3 epochs, 27344 batches/epoch
============================================================
[Epoch 1/3] Starting...
  [  0.4%] Step 100 | Loss: 3.6030 | PPL: 36.71
  [  0.7%] Step 200 | Loss: 3.1449 | PPL: 23.22
  [  1.1%] Step 300 | Loss: 2.8669 | PPL: 17.58
  [  1.5%] Step 400 | Loss: 2.6133 | PPL: 13.64
  [  1.8%] Step 500 | Loss: 2.4777 | PPL: 11.91
  [  2.2%] Step 600 | Loss: 2.3853 | PPL: 10.86
  [  2.6%] Step 700 | Loss: 2.3196 | PPL: 10.17
  [  2.9%] Step 800 | Loss: 2.2652 | PPL: 9.63
  [  3.3%] Step 900 | Loss: 2.2188 | PPL: 9.20
  [  3.7%] Step 1,000 | Loss: 2.1744 | PPL: 8.80
  [  4.0%] Step 1,100 | Loss: 2.1388 | PPL: 8.49
  [  4.4%] Step 1,200 | Loss: 2.1061 | PPL: 8.22
  [  4.8%] Step 1,300 | Loss: 2.0762 | PPL: 7.97
  [  5.1%] Step 1,400 | Loss: 2.0528 | PPL: 7.79
  [  5.5%] Step 1,500 | Loss: 2.0269 | PPL: 7.59
  [  5.9%] Step 1,600 | Loss: 2.0070 | PPL: 7.44
  [  6.2%] Step 1,700 | Loss: 1.9808 | PPL: 7.25
  [  6.6%] Step 1,800 | Loss: 1.9570 | PPL: 7.08
  [  6.9%] Step 1,900 | Loss: 1.9382 | PPL: 6.95
  [  7.3%] Step 2,000 | Loss: 1.9288 | PPL: 6.88
  [  7.7%] Step 2,100 | Loss: 1.9119 | PPL: 6.77
  [  8.0%] Step 2,200 | Loss: 1.8982 | PPL: 6.67
  [  8.4%] Step 2,300 | Loss: 1.8831 | PPL: 6.57
  [  8.8%] Step 2,400 | Loss: 1.8688 | PPL: 6.48
  [  9.1%] Step 2,500 | Loss: 1.8500 | PPL: 6.36
  [  9.5%] Step 2,600 | Loss: 1.8422 | PPL: 6.31
  [  9.9%] Step 2,700 | Loss: 1.8315 | PPL: 6.24
  [ 10.2%] Step 2,800 | Loss: 1.8174 | PPL: 6.16
  [ 10.6%] Step 2,900 | Loss: 1.8122 | PPL: 6.12
  [ 11.0%] Step 3,000 | Loss: 1.7966 | PPL: 6.03
  [ 11.3%] Step 3,100 | Loss: 1.7907 | PPL: 5.99
  [ 11.7%] Step 3,200 | Loss: 1.7767 | PPL: 5.91
  [ 12.1%] Step 3,300 | Loss: 1.7683 | PPL: 5.86
  [ 12.4%] Step 3,400 | Loss: 1.7662 | PPL: 5.85
  [ 12.8%] Step 3,500 | Loss: 1.7565 | PPL: 5.79
  [ 13.2%] Step 3,600 | Loss: 1.7474 | PPL: 5.74
  [ 13.5%] Step 3,700 | Loss: 1.7411 | PPL: 5.70
  [ 13.9%] Step 3,800 | Loss: 1.7330 | PPL: 5.66
  [ 14.3%] Step 3,900 | Loss: 1.7233 | PPL: 5.60
  [ 14.6%] Step 4,000 | Loss: 1.7155 | PPL: 5.56
  [ 15.0%] Step 4,100 | Loss: 1.7099 | PPL: 5.53
  [ 15.4%] Step 4,200 | Loss: 1.7038 | PPL: 5.49
  [ 15.7%] Step 4,300 | Loss: 1.7024 | PPL: 5.49
  [ 16.1%] Step 4,400 | Loss: 1.6893 | PPL: 5.42
  [ 16.5%] Step 4,500 | Loss: 1.6865 | PPL: 5.40
  [ 16.8%] Step 4,600 | Loss: 1.6799 | PPL: 5.36
  [ 17.2%] Step 4,700 | Loss: 1.6722 | PPL: 5.32
  [ 17.6%] Step 4,800 | Loss: 1.6685 | PPL: 5.30
  [ 17.9%] Step 4,900 | Loss: 1.6684 | PPL: 5.30
  [ 18.3%] Step 5,000 | Loss: 1.6601 | PPL: 5.26
  [ 18.7%] Step 5,100 | Loss: 1.6592 | PPL: 5.26
  [ 19.0%] Step 5,200 | Loss: 1.6463 | PPL: 5.19
  [ 19.4%] Step 5,300 | Loss: 1.6486 | PPL: 5.20
  [ 19.7%] Step 5,400 | Loss: 1.6414 | PPL: 5.16
  [ 20.1%] Step 5,500 | Loss: 1.6302 | PPL: 5.10
  [ 20.5%] Step 5,600 | Loss: 1.6382 | PPL: 5.15
  [ 20.8%] Step 5,700 | Loss: 1.6275 | PPL: 5.09
  [ 21.2%] Step 5,800 | Loss: 1.6180 | PPL: 5.04
  [ 21.6%] Step 5,900 | Loss: 1.6211 | PPL: 5.06
  [ 21.9%] Step 6,000 | Loss: 1.6121 | PPL: 5.01
  [ 22.3%] Step 6,100 | Loss: 1.6098 | PPL: 5.00
  [ 22.7%] Step 6,200 | Loss: 1.6028 | PPL: 4.97
  [ 23.0%] Step 6,300 | Loss: 1.6056 | PPL: 4.98
  [ 23.4%] Step 6,400 | Loss: 1.6036 | PPL: 4.97
  [ 23.8%] Step 6,500 | Loss: 1.5992 | PPL: 4.95
  [ 24.1%] Step 6,600 | Loss: 1.5943 | PPL: 4.92
  [ 24.5%] Step 6,700 | Loss: 1.5962 | PPL: 4.93
  [ 24.9%] Step 6,800 | Loss: 1.5905 | PPL: 4.91
  [ 25.2%] Step 6,900 | Loss: 1.5834 | PPL: 4.87
  [ 25.6%] Step 7,000 | Loss: 1.5817 | PPL: 4.86
  [ 26.0%] Step 7,100 | Loss: 1.5815 | PPL: 4.86
  [ 26.3%] Step 7,200 | Loss: 1.5787 | PPL: 4.85
  [ 26.7%] Step 7,300 | Loss: 1.5711 | PPL: 4.81
  [ 27.1%] Step 7,400 | Loss: 1.5749 | PPL: 4.83
  [ 27.4%] Step 7,500 | Loss: 1.5669 | PPL: 4.79
  [ 27.8%] Step 7,600 | Loss: 1.5658 | PPL: 4.79
  [ 28.2%] Step 7,700 | Loss: 1.5637 | PPL: 4.78
  [ 28.5%] Step 7,800 | Loss: 1.5598 | PPL: 4.76
  [ 28.9%] Step 7,900 | Loss: 1.5615 | PPL: 4.77
  [ 29.3%] Step 8,000 | Loss: 1.5586 | PPL: 4.75
  [ 29.6%] Step 8,100 | Loss: 1.5498 | PPL: 4.71
  [ 30.0%] Step 8,200 | Loss: 1.5492 | PPL: 4.71
  [ 30.4%] Step 8,300 | Loss: 1.5465 | PPL: 4.70
  [ 30.7%] Step 8,400 | Loss: 1.5433 | PPL: 4.68
  [ 31.1%] Step 8,500 | Loss: 1.5471 | PPL: 4.70
  [ 31.5%] Step 8,600 | Loss: 1.5407 | PPL: 4.67
  [ 31.8%] Step 8,700 | Loss: 1.5382 | PPL: 4.66
  [ 32.2%] Step 8,800 | Loss: 1.5354 | PPL: 4.64
  [ 32.5%] Step 8,900 | Loss: 1.5330 | PPL: 4.63
  [ 32.9%] Step 9,000 | Loss: 1.5296 | PPL: 4.62
  [ 33.3%] Step 9,100 | Loss: 1.5329 | PPL: 4.63
  [ 33.6%] Step 9,200 | Loss: 1.5277 | PPL: 4.61
  [ 34.0%] Step 9,300 | Loss: 1.5302 | PPL: 4.62
  [ 34.4%] Step 9,400 | Loss: 1.5247 | PPL: 4.59
  [ 34.7%] Step 9,500 | Loss: 1.5211 | PPL: 4.58
  [ 35.1%] Step 9,600 | Loss: 1.5151 | PPL: 4.55
  [ 35.5%] Step 9,700 | Loss: 1.5139 | PPL: 4.54
  [ 35.8%] Step 9,800 | Loss: 1.5186 | PPL: 4.57
  [ 36.2%] Step 9,900 | Loss: 1.5100 | PPL: 4.53
  [ 36.6%] Step 10,000 | Loss: 1.5106 | PPL: 4.53
  [ 36.9%] Step 10,100 | Loss: 1.5084 | PPL: 4.52
  [ 37.3%] Step 10,200 | Loss: 1.5091 | PPL: 4.52
  [ 37.7%] Step 10,300 | Loss: 1.5071 | PPL: 4.51
  [ 38.0%] Step 10,400 | Loss: 1.5039 | PPL: 4.50
  [ 38.4%] Step 10,500 | Loss: 1.5035 | PPL: 4.50
  [ 38.8%] Step 10,600 | Loss: 1.5019 | PPL: 4.49
  [ 39.1%] Step 10,700 | Loss: 1.5040 | PPL: 4.50
  [ 39.5%] Step 10,800 | Loss: 1.4996 | PPL: 4.48
  [ 39.9%] Step 10,900 | Loss: 1.4984 | PPL: 4.47
  [ 40.2%] Step 11,000 | Loss: 1.4916 | PPL: 4.44
  [ 40.6%] Step 11,100 | Loss: 1.4871 | PPL: 4.42
  [ 41.0%] Step 11,200 | Loss: 1.4894 | PPL: 4.43
  [ 41.3%] Step 11,300 | Loss: 1.4857 | PPL: 4.42
  [ 41.7%] Step 11,400 | Loss: 1.4852 | PPL: 4.42
  [ 42.1%] Step 11,500 | Loss: 1.4829 | PPL: 4.41
  [ 42.4%] Step 11,600 | Loss: 1.4861 | PPL: 4.42
  [ 42.8%] Step 11,700 | Loss: 1.4822 | PPL: 4.40
  [ 43.2%] Step 11,800 | Loss: 1.4817 | PPL: 4.40
  [ 43.5%] Step 11,900 | Loss: 1.4828 | PPL: 4.41
  [ 43.9%] Step 12,000 | Loss: 1.4802 | PPL: 4.39
  [ 44.3%] Step 12,100 | Loss: 1.4775 | PPL: 4.38
  [ 44.6%] Step 12,200 | Loss: 1.4740 | PPL: 4.37
  [ 45.0%] Step 12,300 | Loss: 1.4674 | PPL: 4.34
  [ 45.3%] Step 12,400 | Loss: 1.4699 | PPL: 4.35
  [ 45.7%] Step 12,500 | Loss: 1.4684 | PPL: 4.34
  [ 46.1%] Step 12,600 | Loss: 1.4688 | PPL: 4.34
  [ 46.4%] Step 12,700 | Loss: 1.4685 | PPL: 4.34
  [ 46.8%] Step 12,800 | Loss: 1.4674 | PPL: 4.34
  [ 47.2%] Step 12,900 | Loss: 1.4648 | PPL: 4.33
  [ 47.5%] Step 13,000 | Loss: 1.4672 | PPL: 4.34
  [ 47.9%] Step 13,100 | Loss: 1.4659 | PPL: 4.33
  [ 48.3%] Step 13,200 | Loss: 1.4601 | PPL: 4.31
  [ 48.6%] Step 13,300 | Loss: 1.4635 | PPL: 4.32
  [ 49.0%] Step 13,400 | Loss: 1.4600 | PPL: 4.31
  [ 49.4%] Step 13,500 | Loss: 1.4563 | PPL: 4.29
  [ 49.7%] Step 13,600 | Loss: 1.4592 | PPL: 4.30
  [ 50.1%] Step 13,700 | Loss: 1.4510 | PPL: 4.27
  [ 50.5%] Step 13,800 | Loss: 1.4529 | PPL: 4.28
  [ 50.8%] Step 13,900 | Loss: 1.4502 | PPL: 4.26
  [ 51.2%] Step 14,000 | Loss: 1.4531 | PPL: 4.28
  [ 51.6%] Step 14,100 | Loss: 1.4534 | PPL: 4.28
  [ 51.9%] Step 14,200 | Loss: 1.4484 | PPL: 4.26
  [ 52.3%] Step 14,300 | Loss: 1.4502 | PPL: 4.26
  [ 52.7%] Step 14,400 | Loss: 1.4484 | PPL: 4.26
  [ 53.0%] Step 14,500 | Loss: 1.4498 | PPL: 4.26
  [ 53.4%] Step 14,600 | Loss: 1.4436 | PPL: 4.24
  [ 53.8%] Step 14,700 | Loss: 1.4417 | PPL: 4.23
  [ 54.1%] Step 14,800 | Loss: 1.4439 | PPL: 4.24
  [ 54.5%] Step 14,900 | Loss: 1.4445 | PPL: 4.24
  [ 54.9%] Step 15,000 | Loss: 1.4385 | PPL: 4.21
  [ 55.2%] Step 15,100 | Loss: 1.4399 | PPL: 4.22
  [ 55.6%] Step 15,200 | Loss: 1.4405 | PPL: 4.22
  [ 56.0%] Step 15,300 | Loss: 1.4358 | PPL: 4.20
  [ 56.3%] Step 15,400 | Loss: 1.4397 | PPL: 4.22
  [ 56.7%] Step 15,500 | Loss: 1.4299 | PPL: 4.18
  [ 57.1%] Step 15,600 | Loss: 1.4353 | PPL: 4.20
  [ 57.4%] Step 15,700 | Loss: 1.4294 | PPL: 4.18
  [ 57.8%] Step 15,800 | Loss: 1.4285 | PPL: 4.17
  [ 58.1%] Step 15,900 | Loss: 1.4306 | PPL: 4.18
  [ 58.5%] Step 16,000 | Loss: 1.4325 | PPL: 4.19
  [ 58.9%] Step 16,100 | Loss: 1.4297 | PPL: 4.18
  [ 59.2%] Step 16,200 | Loss: 1.4294 | PPL: 4.18
  [ 59.6%] Step 16,300 | Loss: 1.4222 | PPL: 4.15
  [ 60.0%] Step 16,400 | Loss: 1.4210 | PPL: 4.14
  [ 60.3%] Step 16,500 | Loss: 1.4260 | PPL: 4.16
  [ 60.7%] Step 16,600 | Loss: 1.4195 | PPL: 4.13
  [ 61.1%] Step 16,700 | Loss: 1.4235 | PPL: 4.15
  [ 61.4%] Step 16,800 | Loss: 1.4224 | PPL: 4.15
  [ 61.8%] Step 16,900 | Loss: 1.4171 | PPL: 4.13
  [ 62.2%] Step 17,000 | Loss: 1.4229 | PPL: 4.15
  [ 62.5%] Step 17,100 | Loss: 1.4208 | PPL: 4.14
  [ 62.9%] Step 17,200 | Loss: 1.4196 | PPL: 4.14
  [ 63.3%] Step 17,300 | Loss: 1.4179 | PPL: 4.13
  [ 63.6%] Step 17,400 | Loss: 1.4212 | PPL: 4.14
  [ 64.0%] Step 17,500 | Loss: 1.4115 | PPL: 4.10
  [ 64.4%] Step 17,600 | Loss: 1.4122 | PPL: 4.11
  [ 64.7%] Step 17,700 | Loss: 1.4168 | PPL: 4.12
  [ 65.1%] Step 17,800 | Loss: 1.4150 | PPL: 4.12
  [ 65.5%] Step 17,900 | Loss: 1.4134 | PPL: 4.11
  [ 65.8%] Step 18,000 | Loss: 1.4059 | PPL: 4.08
  [ 66.2%] Step 18,100 | Loss: 1.4167 | PPL: 4.12
  [ 66.6%] Step 18,200 | Loss: 1.4130 | PPL: 4.11
  [ 66.9%] Step 18,300 | Loss: 1.4093 | PPL: 4.09
  [ 67.3%] Step 18,400 | Loss: 1.4069 | PPL: 4.08
  [ 67.7%] Step 18,500 | Loss: 1.4069 | PPL: 4.08
  [ 68.0%] Step 18,600 | Loss: 1.4084 | PPL: 4.09
  [ 68.4%] Step 18,700 | Loss: 1.4093 | PPL: 4.09
  [ 68.8%] Step 18,800 | Loss: 1.4048 | PPL: 4.07
  [ 69.1%] Step 18,900 | Loss: 1.4036 | PPL: 4.07
  [ 69.5%] Step 19,000 | Loss: 1.4031 | PPL: 4.07
  [ 69.9%] Step 19,100 | Loss: 1.3996 | PPL: 4.05
  [ 70.2%] Step 19,200 | Loss: 1.4027 | PPL: 4.07
  [ 70.6%] Step 19,300 | Loss: 1.4028 | PPL: 4.07
  [ 70.9%] Step 19,400 | Loss: 1.4028 | PPL: 4.07
  [ 71.3%] Step 19,500 | Loss: 1.3995 | PPL: 4.05
  [ 71.7%] Step 19,600 | Loss: 1.3982 | PPL: 4.05
  [ 72.0%] Step 19,700 | Loss: 1.4041 | PPL: 4.07
  [ 72.4%] Step 19,800 | Loss: 1.3991 | PPL: 4.05
  [ 72.8%] Step 19,900 | Loss: 1.3948 | PPL: 4.03
  [ 73.1%] Step 20,000 | Loss: 1.3999 | PPL: 4.05
  [ 73.5%] Step 20,100 | Loss: 1.3961 | PPL: 4.04
  [ 73.9%] Step 20,200 | Loss: 1.3916 | PPL: 4.02
  [ 74.2%] Step 20,300 | Loss: 1.3936 | PPL: 4.03
  [ 74.6%] Step 20,400 | Loss: 1.3942 | PPL: 4.03
  [ 75.0%] Step 20,500 | Loss: 1.3915 | PPL: 4.02
  [ 75.3%] Step 20,600 | Loss: 1.3885 | PPL: 4.01
  [ 75.7%] Step 20,700 | Loss: 1.3973 | PPL: 4.04
  [ 76.1%] Step 20,800 | Loss: 1.3915 | PPL: 4.02
  [ 76.4%] Step 20,900 | Loss: 1.3934 | PPL: 4.03
  [ 76.8%] Step 21,000 | Loss: 1.3925 | PPL: 4.02
  [ 77.2%] Step 21,100 | Loss: 1.3955 | PPL: 4.04
  [ 77.5%] Step 21,200 | Loss: 1.3903 | PPL: 4.02
  [ 77.9%] Step 21,300 | Loss: 1.3888 | PPL: 4.01
  [ 78.3%] Step 21,400 | Loss: 1.3875 | PPL: 4.00
  [ 78.6%] Step 21,500 | Loss: 1.3876 | PPL: 4.01
  [ 79.0%] Step 21,600 | Loss: 1.3811 | PPL: 3.98
  [ 79.4%] Step 21,700 | Loss: 1.3880 | PPL: 4.01
  [ 79.7%] Step 21,800 | Loss: 1.3832 | PPL: 3.99
  [ 80.1%] Step 21,900 | Loss: 1.3825 | PPL: 3.98
  [ 80.5%] Step 22,000 | Loss: 1.3819 | PPL: 3.98
  [ 80.8%] Step 22,100 | Loss: 1.3817 | PPL: 3.98
  [ 81.2%] Step 22,200 | Loss: 1.3778 | PPL: 3.97
  [ 81.6%] Step 22,300 | Loss: 1.3847 | PPL: 3.99
  [ 81.9%] Step 22,400 | Loss: 1.3797 | PPL: 3.97
  [ 82.3%] Step 22,500 | Loss: 1.3820 | PPL: 3.98
  [ 82.7%] Step 22,600 | Loss: 1.3792 | PPL: 3.97
  [ 83.0%] Step 22,700 | Loss: 1.3737 | PPL: 3.95
  [ 83.4%] Step 22,800 | Loss: 1.3743 | PPL: 3.95
  [ 83.7%] Step 22,900 | Loss: 1.3794 | PPL: 3.97
  [ 84.1%] Step 23,000 | Loss: 1.3767 | PPL: 3.96
  [ 84.5%] Step 23,100 | Loss: 1.3736 | PPL: 3.95
  [ 84.8%] Step 23,200 | Loss: 1.3762 | PPL: 3.96
  [ 85.2%] Step 23,300 | Loss: 1.3756 | PPL: 3.96
  [ 85.6%] Step 23,400 | Loss: 1.3730 | PPL: 3.95
  [ 85.9%] Step 23,500 | Loss: 1.3711 | PPL: 3.94
  [ 86.3%] Step 23,600 | Loss: 1.3712 | PPL: 3.94
  [ 86.7%] Step 23,700 | Loss: 1.3711 | PPL: 3.94
  [ 87.0%] Step 23,800 | Loss: 1.3703 | PPL: 3.94
  [ 87.4%] Step 23,900 | Loss: 1.3725 | PPL: 3.95
  [ 87.8%] Step 24,000 | Loss: 1.3701 | PPL: 3.94
  [ 88.1%] Step 24,100 | Loss: 1.3686 | PPL: 3.93
  [ 88.5%] Step 24,200 | Loss: 1.3668 | PPL: 3.92
  [ 88.9%] Step 24,300 | Loss: 1.3710 | PPL: 3.94
  [ 89.2%] Step 24,400 | Loss: 1.3658 | PPL: 3.92
  [ 89.6%] Step 24,500 | Loss: 1.3715 | PPL: 3.94
  [ 90.0%] Step 24,600 | Loss: 1.3720 | PPL: 3.94
  [ 90.3%] Step 24,700 | Loss: 1.3662 | PPL: 3.92
  [ 90.7%] Step 24,800 | Loss: 1.3654 | PPL: 3.92
  [ 91.1%] Step 24,900 | Loss: 1.3679 | PPL: 3.93
  [ 91.4%] Step 25,000 | Loss: 1.3673 | PPL: 3.92
  [ 91.8%] Step 25,100 | Loss: 1.3648 | PPL: 3.92
  [ 92.2%] Step 25,200 | Loss: 1.3645 | PPL: 3.91
  [ 92.5%] Step 25,300 | Loss: 1.3636 | PPL: 3.91
  [ 92.9%] Step 25,400 | Loss: 1.3623 | PPL: 3.91
  [ 93.3%] Step 25,500 | Loss: 1.3616 | PPL: 3.90
  [ 93.6%] Step 25,600 | Loss: 1.3610 | PPL: 3.90
  [ 94.0%] Step 25,700 | Loss: 1.3587 | PPL: 3.89
  [ 94.4%] Step 25,800 | Loss: 1.3614 | PPL: 3.90
  [ 94.7%] Step 25,900 | Loss: 1.3656 | PPL: 3.92
  [ 95.1%] Step 26,000 | Loss: 1.3581 | PPL: 3.89
  [ 95.5%] Step 26,100 | Loss: 1.3562 | PPL: 3.88
  [ 95.8%] Step 26,200 | Loss: 1.3611 | PPL: 3.90
  [ 96.2%] Step 26,300 | Loss: 1.3580 | PPL: 3.89
  [ 96.5%] Step 26,400 | Loss: 1.3553 | PPL: 3.88
  [ 96.9%] Step 26,500 | Loss: 1.3607 | PPL: 3.90
  [ 97.3%] Step 26,600 | Loss: 1.3547 | PPL: 3.88
  [ 97.6%] Step 26,700 | Loss: 1.3536 | PPL: 3.87
  [ 98.0%] Step 26,800 | Loss: 1.3585 | PPL: 3.89
  [ 98.4%] Step 26,900 | Loss: 1.3554 | PPL: 3.88
  [ 98.7%] Step 27,000 | Loss: 1.3562 | PPL: 3.88
  [ 99.1%] Step 27,100 | Loss: 1.3585 | PPL: 3.89
  [ 99.5%] Step 27,200 | Loss: 1.3535 | PPL: 3.87
  [ 99.8%] Step 27,300 | Loss: 1.3594 | PPL: 3.89
  [100.0%] Step 27,344 | Loss: 1.3526 | PPL: 3.87
[Epoch 1/3] Validating...
[Epoch 1/3] Loss: 1.5004 | PPL: 4.48
  -> Saved best model to checkpoints\tr_best.pt
[Epoch 2/3] Starting...
  [  0.2%] Step 27,400 | Loss: 1.3524 | PPL: 3.87
  [  0.6%] Step 27,500 | Loss: 1.3555 | PPL: 3.88
  [  0.9%] Step 27,600 | Loss: 1.3533 | PPL: 3.87
  [  1.3%] Step 27,700 | Loss: 1.3556 | PPL: 3.88
  [  1.7%] Step 27,800 | Loss: 1.3497 | PPL: 3.86
  [  2.0%] Step 27,900 | Loss: 1.3507 | PPL: 3.86
  [  2.4%] Step 28,000 | Loss: 1.3513 | PPL: 3.86
  [  2.8%] Step 28,100 | Loss: 1.3518 | PPL: 3.86
  [  3.1%] Step 28,200 | Loss: 1.3504 | PPL: 3.86
  [  3.5%] Step 28,300 | Loss: 1.3498 | PPL: 3.86
  [  3.9%] Step 28,400 | Loss: 1.3464 | PPL: 3.84
  [  4.2%] Step 28,500 | Loss: 1.3487 | PPL: 3.85
  [  4.6%] Step 28,600 | Loss: 1.3455 | PPL: 3.84
  [  5.0%] Step 28,700 | Loss: 1.3488 | PPL: 3.85
  [  5.3%] Step 28,800 | Loss: 1.3460 | PPL: 3.84
  [  5.7%] Step 28,900 | Loss: 1.3477 | PPL: 3.85
  [  6.1%] Step 29,000 | Loss: 1.3490 | PPL: 3.85
  [  6.4%] Step 29,100 | Loss: 1.3493 | PPL: 3.85
  [  6.8%] Step 29,200 | Loss: 1.3457 | PPL: 3.84
  [  7.2%] Step 29,300 | Loss: 1.3437 | PPL: 3.83
  [  7.5%] Step 29,400 | Loss: 1.3449 | PPL: 3.84
  [  7.9%] Step 29,500 | Loss: 1.3421 | PPL: 3.83
  [  8.3%] Step 29,600 | Loss: 1.3383 | PPL: 3.81
  [  8.6%] Step 29,700 | Loss: 1.3420 | PPL: 3.83
  [  9.0%] Step 29,800 | Loss: 1.3428 | PPL: 3.83
  [  9.3%] Step 29,900 | Loss: 1.3414 | PPL: 3.82
  [  9.7%] Step 30,000 | Loss: 1.3443 | PPL: 3.84
  [ 10.1%] Step 30,100 | Loss: 1.3396 | PPL: 3.82
  [ 10.4%] Step 30,200 | Loss: 1.3419 | PPL: 3.83
  [ 10.8%] Step 30,300 | Loss: 1.3404 | PPL: 3.82
  [ 11.2%] Step 30,400 | Loss: 1.3443 | PPL: 3.84
  [ 11.5%] Step 30,500 | Loss: 1.3405 | PPL: 3.82
  [ 11.9%] Step 30,600 | Loss: 1.3407 | PPL: 3.82
  [ 12.3%] Step 30,700 | Loss: 1.3363 | PPL: 3.80
  [ 12.6%] Step 30,800 | Loss: 1.3365 | PPL: 3.81
  [ 13.0%] Step 30,900 | Loss: 1.3394 | PPL: 3.82
  [ 13.4%] Step 31,000 | Loss: 1.3373 | PPL: 3.81
  [ 13.7%] Step 31,100 | Loss: 1.3340 | PPL: 3.80
  [ 14.1%] Step 31,200 | Loss: 1.3378 | PPL: 3.81
  [ 14.5%] Step 31,300 | Loss: 1.3381 | PPL: 3.81
  [ 14.8%] Step 31,400 | Loss: 1.3317 | PPL: 3.79
  [ 15.2%] Step 31,500 | Loss: 1.3354 | PPL: 3.80
  [ 15.6%] Step 31,600 | Loss: 1.3320 | PPL: 3.79
  [ 15.9%] Step 31,700 | Loss: 1.3324 | PPL: 3.79
  [ 16.3%] Step 31,800 | Loss: 1.3363 | PPL: 3.81
  [ 16.7%] Step 31,900 | Loss: 1.3319 | PPL: 3.79
  [ 17.0%] Step 32,000 | Loss: 1.3361 | PPL: 3.80
  [ 17.4%] Step 32,100 | Loss: 1.3326 | PPL: 3.79
  [ 17.8%] Step 32,200 | Loss: 1.3324 | PPL: 3.79
  [ 18.1%] Step 32,300 | Loss: 1.3361 | PPL: 3.80
  [ 18.5%] Step 32,400 | Loss: 1.3303 | PPL: 3.78
  [ 18.9%] Step 32,500 | Loss: 1.3318 | PPL: 3.79
  [ 19.2%] Step 32,600 | Loss: 1.3296 | PPL: 3.78
  [ 19.6%] Step 32,700 | Loss: 1.3289 | PPL: 3.78
  [ 20.0%] Step 32,800 | Loss: 1.3326 | PPL: 3.79
  [ 20.3%] Step 32,900 | Loss: 1.3326 | PPL: 3.79
  [ 20.7%] Step 33,000 | Loss: 1.3328 | PPL: 3.79
  [ 21.1%] Step 33,100 | Loss: 1.3292 | PPL: 3.78
  [ 21.4%] Step 33,200 | Loss: 1.3284 | PPL: 3.77
  [ 21.8%] Step 33,300 | Loss: 1.3300 | PPL: 3.78
  [ 22.1%] Step 33,400 | Loss: 1.3305 | PPL: 3.78
  [ 22.5%] Step 33,500 | Loss: 1.3316 | PPL: 3.79
  [ 22.9%] Step 33,600 | Loss: 1.3248 | PPL: 3.76
  [ 23.2%] Step 33,700 | Loss: 1.3259 | PPL: 3.77
  [ 23.6%] Step 33,800 | Loss: 1.3257 | PPL: 3.76
  [ 24.0%] Step 33,900 | Loss: 1.3244 | PPL: 3.76
  [ 24.3%] Step 34,000 | Loss: 1.3253 | PPL: 3.76
  [ 24.7%] Step 34,100 | Loss: 1.3286 | PPL: 3.78
  [ 25.1%] Step 34,200 | Loss: 1.3234 | PPL: 3.76
  [ 25.4%] Step 34,300 | Loss: 1.3246 | PPL: 3.76
  [ 25.8%] Step 34,400 | Loss: 1.3253 | PPL: 3.76
  [ 26.2%] Step 34,500 | Loss: 1.3251 | PPL: 3.76
  [ 26.5%] Step 34,600 | Loss: 1.3206 | PPL: 3.75
  [ 26.9%] Step 34,700 | Loss: 1.3256 | PPL: 3.76
  [ 27.3%] Step 34,800 | Loss: 1.3249 | PPL: 3.76
  [ 27.6%] Step 34,900 | Loss: 1.3228 | PPL: 3.75
  [ 28.0%] Step 35,000 | Loss: 1.3183 | PPL: 3.74
  [ 28.4%] Step 35,100 | Loss: 1.3219 | PPL: 3.75
  [ 28.7%] Step 35,200 | Loss: 1.3218 | PPL: 3.75
  [ 29.1%] Step 35,300 | Loss: 1.3233 | PPL: 3.76
  [ 29.5%] Step 35,400 | Loss: 1.3203 | PPL: 3.74
  [ 29.8%] Step 35,500 | Loss: 1.3221 | PPL: 3.75
  [ 30.2%] Step 35,600 | Loss: 1.3237 | PPL: 3.76
  [ 30.6%] Step 35,700 | Loss: 1.3199 | PPL: 3.74
  [ 30.9%] Step 35,800 | Loss: 1.3205 | PPL: 3.75
  [ 31.3%] Step 35,900 | Loss: 1.3205 | PPL: 3.75
  [ 31.7%] Step 36,000 | Loss: 1.3230 | PPL: 3.75
  [ 32.0%] Step 36,100 | Loss: 1.3195 | PPL: 3.74
  [ 32.4%] Step 36,200 | Loss: 1.3212 | PPL: 3.75
  [ 32.8%] Step 36,300 | Loss: 1.3223 | PPL: 3.75
  [ 33.1%] Step 36,400 | Loss: 1.3199 | PPL: 3.74
  [ 33.5%] Step 36,500 | Loss: 1.3232 | PPL: 3.76
  [ 33.9%] Step 36,600 | Loss: 1.3204 | PPL: 3.75
  [ 34.2%] Step 36,700 | Loss: 1.3149 | PPL: 3.72
  [ 34.6%] Step 36,800 | Loss: 1.3172 | PPL: 3.73
  [ 34.9%] Step 36,900 | Loss: 1.3135 | PPL: 3.72
  [ 35.3%] Step 37,000 | Loss: 1.3164 | PPL: 3.73
  [ 35.7%] Step 37,100 | Loss: 1.3202 | PPL: 3.74
  [ 36.0%] Step 37,200 | Loss: 1.3176 | PPL: 3.73
  [ 36.4%] Step 37,300 | Loss: 1.3167 | PPL: 3.73
  [ 36.8%] Step 37,400 | Loss: 1.3162 | PPL: 3.73
  [ 37.1%] Step 37,500 | Loss: 1.3183 | PPL: 3.74
  [ 37.5%] Step 37,600 | Loss: 1.3146 | PPL: 3.72
  [ 37.9%] Step 37,700 | Loss: 1.3168 | PPL: 3.73
  [ 38.2%] Step 37,800 | Loss: 1.3179 | PPL: 3.74
  [ 38.6%] Step 37,900 | Loss: 1.3147 | PPL: 3.72
  [ 39.0%] Step 38,000 | Loss: 1.3132 | PPL: 3.72
  [ 39.3%] Step 38,100 | Loss: 1.3129 | PPL: 3.72
  [ 39.7%] Step 38,200 | Loss: 1.3145 | PPL: 3.72
  [ 40.1%] Step 38,300 | Loss: 1.3166 | PPL: 3.73
  [ 40.4%] Step 38,400 | Loss: 1.3145 | PPL: 3.72
  [ 40.8%] Step 38,500 | Loss: 1.3103 | PPL: 3.71
  [ 41.2%] Step 38,600 | Loss: 1.3156 | PPL: 3.73
  [ 41.5%] Step 38,700 | Loss: 1.3183 | PPL: 3.74
  [ 41.9%] Step 38,800 | Loss: 1.3112 | PPL: 3.71
  [ 42.3%] Step 38,900 | Loss: 1.3070 | PPL: 3.70
  [ 42.6%] Step 39,000 | Loss: 1.3098 | PPL: 3.71
  [ 43.0%] Step 39,100 | Loss: 1.3150 | PPL: 3.72
  [ 43.4%] Step 39,200 | Loss: 1.3098 | PPL: 3.71
  [ 43.7%] Step 39,300 | Loss: 1.3061 | PPL: 3.69
  [ 44.1%] Step 39,400 | Loss: 1.3144 | PPL: 3.72
  [ 44.5%] Step 39,500 | Loss: 1.3124 | PPL: 3.72
  [ 44.8%] Step 39,600 | Loss: 1.3078 | PPL: 3.70
  [ 45.2%] Step 39,700 | Loss: 1.3054 | PPL: 3.69
  [ 45.6%] Step 39,800 | Loss: 1.3052 | PPL: 3.69
  [ 45.9%] Step 39,900 | Loss: 1.3078 | PPL: 3.70
  [ 46.3%] Step 40,000 | Loss: 1.3110 | PPL: 3.71
  [ 46.7%] Step 40,100 | Loss: 1.3017 | PPL: 3.68
  [ 47.0%] Step 40,200 | Loss: 1.3066 | PPL: 3.69
  [ 47.4%] Step 40,300 | Loss: 1.3057 | PPL: 3.69
  [ 47.7%] Step 40,400 | Loss: 1.3104 | PPL: 3.71
  [ 48.1%] Step 40,500 | Loss: 1.3069 | PPL: 3.69
  [ 48.5%] Step 40,600 | Loss: 1.3071 | PPL: 3.70
  [ 48.8%] Step 40,700 | Loss: 1.3059 | PPL: 3.69
  [ 49.2%] Step 40,800 | Loss: 1.3097 | PPL: 3.71
  [ 49.6%] Step 40,900 | Loss: 1.3031 | PPL: 3.68
  [ 49.9%] Step 41,000 | Loss: 1.2975 | PPL: 3.66
  [ 50.3%] Step 41,100 | Loss: 1.3084 | PPL: 3.70
  [ 50.7%] Step 41,200 | Loss: 1.3074 | PPL: 3.70
  [ 51.0%] Step 41,300 | Loss: 1.3085 | PPL: 3.70
  [ 51.4%] Step 41,400 | Loss: 1.3009 | PPL: 3.67
  [ 51.8%] Step 41,500 | Loss: 1.3034 | PPL: 3.68
  [ 52.1%] Step 41,600 | Loss: 1.3028 | PPL: 3.68
  [ 52.5%] Step 41,700 | Loss: 1.3070 | PPL: 3.69
  [ 52.9%] Step 41,800 | Loss: 1.3045 | PPL: 3.69
  [ 53.2%] Step 41,900 | Loss: 1.3031 | PPL: 3.68
  [ 53.6%] Step 42,000 | Loss: 1.3024 | PPL: 3.68
  [ 54.0%] Step 42,100 | Loss: 1.2984 | PPL: 3.66
  [ 54.3%] Step 42,200 | Loss: 1.3013 | PPL: 3.67
  [ 54.7%] Step 42,300 | Loss: 1.3013 | PPL: 3.67
  [ 55.1%] Step 42,400 | Loss: 1.3024 | PPL: 3.68
  [ 55.4%] Step 42,500 | Loss: 1.3040 | PPL: 3.68
  [ 55.8%] Step 42,600 | Loss: 1.3084 | PPL: 3.70
  [ 56.2%] Step 42,700 | Loss: 1.3016 | PPL: 3.68
  [ 56.5%] Step 42,800 | Loss: 1.3023 | PPL: 3.68
  [ 56.9%] Step 42,900 | Loss: 1.3045 | PPL: 3.69
  [ 57.3%] Step 43,000 | Loss: 1.2991 | PPL: 3.67
  [ 57.6%] Step 43,100 | Loss: 1.2973 | PPL: 3.66
  [ 58.0%] Step 43,200 | Loss: 1.3027 | PPL: 3.68
  [ 58.4%] Step 43,300 | Loss: 1.2993 | PPL: 3.67
  [ 58.7%] Step 43,400 | Loss: 1.3002 | PPL: 3.67
  [ 59.1%] Step 43,500 | Loss: 1.2958 | PPL: 3.65
  [ 59.4%] Step 43,600 | Loss: 1.2946 | PPL: 3.65
  [ 59.8%] Step 43,700 | Loss: 1.2957 | PPL: 3.65
  [ 60.2%] Step 43,800 | Loss: 1.2949 | PPL: 3.65
  [ 60.5%] Step 43,900 | Loss: 1.2973 | PPL: 3.66
  [ 60.9%] Step 44,000 | Loss: 1.2972 | PPL: 3.66
  [ 61.3%] Step 44,100 | Loss: 1.2965 | PPL: 3.66
  [ 61.6%] Step 44,200 | Loss: 1.2979 | PPL: 3.66
  [ 62.0%] Step 44,300 | Loss: 1.2910 | PPL: 3.64
  [ 62.4%] Step 44,400 | Loss: 1.2997 | PPL: 3.67
  [ 62.7%] Step 44,500 | Loss: 1.2965 | PPL: 3.66
  [ 63.1%] Step 44,600 | Loss: 1.3009 | PPL: 3.67
  [ 63.5%] Step 44,700 | Loss: 1.2943 | PPL: 3.65
  [ 63.8%] Step 44,800 | Loss: 1.2956 | PPL: 3.65
  [ 64.2%] Step 44,900 | Loss: 1.3014 | PPL: 3.67
  [ 64.6%] Step 45,000 | Loss: 1.2931 | PPL: 3.64
  [ 64.9%] Step 45,100 | Loss: 1.2955 | PPL: 3.65
  [ 65.3%] Step 45,200 | Loss: 1.2916 | PPL: 3.64
  [ 65.7%] Step 45,300 | Loss: 1.2977 | PPL: 3.66
  [ 66.0%] Step 45,400 | Loss: 1.2917 | PPL: 3.64
  [ 66.4%] Step 45,500 | Loss: 1.2974 | PPL: 3.66
  [ 66.8%] Step 45,600 | Loss: 1.2940 | PPL: 3.65
  [ 67.1%] Step 45,700 | Loss: 1.2949 | PPL: 3.65
  [ 67.5%] Step 45,800 | Loss: 1.2961 | PPL: 3.66
  [ 67.9%] Step 45,900 | Loss: 1.2939 | PPL: 3.65
  [ 68.2%] Step 46,000 | Loss: 1.2996 | PPL: 3.67
  [ 68.6%] Step 46,100 | Loss: 1.2957 | PPL: 3.65
  [ 69.0%] Step 46,200 | Loss: 1.2901 | PPL: 3.63
  [ 69.3%] Step 46,300 | Loss: 1.2928 | PPL: 3.64
  [ 69.7%] Step 46,400 | Loss: 1.2911 | PPL: 3.64
  [ 70.1%] Step 46,500 | Loss: 1.2917 | PPL: 3.64
  [ 70.4%] Step 46,600 | Loss: 1.2865 | PPL: 3.62
  [ 70.8%] Step 46,700 | Loss: 1.2909 | PPL: 3.64
  [ 71.2%] Step 46,800 | Loss: 1.2894 | PPL: 3.63
  [ 71.5%] Step 46,900 | Loss: 1.2901 | PPL: 3.63
  [ 71.9%] Step 47,000 | Loss: 1.2901 | PPL: 3.63
  [ 72.2%] Step 47,100 | Loss: 1.2901 | PPL: 3.63
  [ 72.6%] Step 47,200 | Loss: 1.2850 | PPL: 3.61
  [ 73.0%] Step 47,300 | Loss: 1.2941 | PPL: 3.65
  [ 73.3%] Step 47,400 | Loss: 1.2880 | PPL: 3.63
  [ 73.7%] Step 47,500 | Loss: 1.2855 | PPL: 3.62
  [ 74.1%] Step 47,600 | Loss: 1.2895 | PPL: 3.63
  [ 74.4%] Step 47,700 | Loss: 1.2863 | PPL: 3.62
  [ 74.8%] Step 47,800 | Loss: 1.2863 | PPL: 3.62
  [ 75.2%] Step 47,900 | Loss: 1.2918 | PPL: 3.64
  [ 75.5%] Step 48,000 | Loss: 1.2892 | PPL: 3.63
  [ 75.9%] Step 48,100 | Loss: 1.2886 | PPL: 3.63
  [ 76.3%] Step 48,200 | Loss: 1.2821 | PPL: 3.60
  [ 76.6%] Step 48,300 | Loss: 1.2830 | PPL: 3.61
  [ 77.0%] Step 48,400 | Loss: 1.2852 | PPL: 3.62
  [ 77.4%] Step 48,500 | Loss: 1.2869 | PPL: 3.62
  [ 77.7%] Step 48,600 | Loss: 1.2864 | PPL: 3.62
  [ 78.1%] Step 48,700 | Loss: 1.2871 | PPL: 3.62
  [ 78.5%] Step 48,800 | Loss: 1.2857 | PPL: 3.62
  [ 78.8%] Step 48,900 | Loss: 1.2884 | PPL: 3.63
  [ 79.2%] Step 49,000 | Loss: 1.2807 | PPL: 3.60
  [ 79.6%] Step 49,100 | Loss: 1.2879 | PPL: 3.63
  [ 79.9%] Step 49,200 | Loss: 1.2826 | PPL: 3.61
  [ 80.3%] Step 49,300 | Loss: 1.2848 | PPL: 3.61
  [ 80.7%] Step 49,400 | Loss: 1.2814 | PPL: 3.60
  [ 81.0%] Step 49,500 | Loss: 1.2832 | PPL: 3.61
  [ 81.4%] Step 49,600 | Loss: 1.2848 | PPL: 3.61
  [ 81.8%] Step 49,700 | Loss: 1.2859 | PPL: 3.62
  [ 82.1%] Step 49,800 | Loss: 1.2837 | PPL: 3.61
  [ 82.5%] Step 49,900 | Loss: 1.2787 | PPL: 3.59
  [ 82.9%] Step 50,000 | Loss: 1.2852 | PPL: 3.62
  [ 83.2%] Step 50,100 | Loss: 1.2842 | PPL: 3.61
  [ 83.6%] Step 50,200 | Loss: 1.2843 | PPL: 3.61
  [ 84.0%] Step 50,300 | Loss: 1.2830 | PPL: 3.61
  [ 84.3%] Step 50,400 | Loss: 1.2830 | PPL: 3.61
  [ 84.7%] Step 50,500 | Loss: 1.2831 | PPL: 3.61
  [ 85.0%] Step 50,600 | Loss: 1.2834 | PPL: 3.61
  [ 85.4%] Step 50,700 | Loss: 1.2835 | PPL: 3.61
  [ 85.8%] Step 50,800 | Loss: 1.2855 | PPL: 3.62
  [ 86.1%] Step 50,900 | Loss: 1.2819 | PPL: 3.60
  [ 86.5%] Step 51,000 | Loss: 1.2794 | PPL: 3.59
  [ 86.9%] Step 51,100 | Loss: 1.2862 | PPL: 3.62
  [ 87.2%] Step 51,200 | Loss: 1.2791 | PPL: 3.59
  [ 87.6%] Step 51,300 | Loss: 1.2795 | PPL: 3.59
  [ 88.0%] Step 51,400 | Loss: 1.2841 | PPL: 3.61
  [ 88.3%] Step 51,500 | Loss: 1.2791 | PPL: 3.59
  [ 88.7%] Step 51,600 | Loss: 1.2825 | PPL: 3.61
  [ 89.1%] Step 51,700 | Loss: 1.2772 | PPL: 3.59
  [ 89.4%] Step 51,800 | Loss: 1.2824 | PPL: 3.61
  [ 89.8%] Step 51,900 | Loss: 1.2800 | PPL: 3.60
  [ 90.2%] Step 52,000 | Loss: 1.2808 | PPL: 3.60
  [ 90.5%] Step 52,100 | Loss: 1.2815 | PPL: 3.60
  [ 90.9%] Step 52,200 | Loss: 1.2841 | PPL: 3.61
  [ 91.3%] Step 52,300 | Loss: 1.2888 | PPL: 3.63
  [ 91.6%] Step 52,400 | Loss: 1.2813 | PPL: 3.60
  [ 92.0%] Step 52,500 | Loss: 1.2787 | PPL: 3.59
  [ 92.4%] Step 52,600 | Loss: 1.2798 | PPL: 3.60
  [ 92.7%] Step 52,700 | Loss: 1.2810 | PPL: 3.60
  [ 93.1%] Step 52,800 | Loss: 1.2793 | PPL: 3.59
  [ 93.5%] Step 52,900 | Loss: 1.2811 | PPL: 3.60
  [ 93.8%] Step 53,000 | Loss: 1.2780 | PPL: 3.59
  [ 94.2%] Step 53,100 | Loss: 1.2789 | PPL: 3.59
  [ 94.6%] Step 53,200 | Loss: 1.2814 | PPL: 3.60
  [ 94.9%] Step 53,300 | Loss: 1.2751 | PPL: 3.58
  [ 95.3%] Step 53,400 | Loss: 1.2769 | PPL: 3.59
  [ 95.7%] Step 53,500 | Loss: 1.2778 | PPL: 3.59
  [ 96.0%] Step 53,600 | Loss: 1.2780 | PPL: 3.59
  [ 96.4%] Step 53,700 | Loss: 1.2797 | PPL: 3.60
  [ 96.8%] Step 53,800 | Loss: 1.2740 | PPL: 3.57
  [ 97.1%] Step 53,900 | Loss: 1.2815 | PPL: 3.60
  [ 97.5%] Step 54,000 | Loss: 1.2800 | PPL: 3.60
  [ 97.8%] Step 54,100 | Loss: 1.2766 | PPL: 3.58
  [ 98.2%] Step 54,200 | Loss: 1.2765 | PPL: 3.58
  [ 98.6%] Step 54,300 | Loss: 1.2748 | PPL: 3.58
  [ 98.9%] Step 54,400 | Loss: 1.2685 | PPL: 3.56
  [ 99.3%] Step 54,500 | Loss: 1.2731 | PPL: 3.57
  [ 99.7%] Step 54,600 | Loss: 1.2721 | PPL: 3.57
  [100.0%] Step 54,688 | Loss: 1.2755 | PPL: 3.58
[Epoch 2/3] Validating...
[Epoch 2/3] Loss: 1.4630 | PPL: 4.32
  -> Saved best model to checkpoints\tr_best.pt
[Epoch 3/3] Starting...
  [  0.0%] Step 54,700 | Loss: 1.2809 | PPL: 3.60
  [  0.4%] Step 54,800 | Loss: 1.2765 | PPL: 3.58
  [  0.8%] Step 54,900 | Loss: 1.2724 | PPL: 3.57
  [  1.1%] Step 55,000 | Loss: 1.2744 | PPL: 3.58
  [  1.5%] Step 55,100 | Loss: 1.2750 | PPL: 3.58
  [  1.9%] Step 55,200 | Loss: 1.2679 | PPL: 3.55
  [  2.2%] Step 55,300 | Loss: 1.2735 | PPL: 3.57
  [  2.6%] Step 55,400 | Loss: 1.2734 | PPL: 3.57
  [  3.0%] Step 55,500 | Loss: 1.2734 | PPL: 3.57
  [  3.3%] Step 55,600 | Loss: 1.2705 | PPL: 3.56
  [  3.7%] Step 55,700 | Loss: 1.2731 | PPL: 3.57
  [  4.1%] Step 55,800 | Loss: 1.2728 | PPL: 3.57
  [  4.4%] Step 55,900 | Loss: 1.2749 | PPL: 3.58
  [  4.8%] Step 56,000 | Loss: 1.2742 | PPL: 3.58
  [  5.2%] Step 56,100 | Loss: 1.2741 | PPL: 3.58
  [  5.5%] Step 56,200 | Loss: 1.2778 | PPL: 3.59
  [  5.9%] Step 56,300 | Loss: 1.2701 | PPL: 3.56
  [  6.3%] Step 56,400 | Loss: 1.2672 | PPL: 3.55
  [  6.6%] Step 56,500 | Loss: 1.2701 | PPL: 3.56
  [  7.0%] Step 56,600 | Loss: 1.2752 | PPL: 3.58
  [  7.4%] Step 56,700 | Loss: 1.2742 | PPL: 3.58
  [  7.7%] Step 56,800 | Loss: 1.2736 | PPL: 3.57
  [  8.1%] Step 56,900 | Loss: 1.2720 | PPL: 3.57
  [  8.5%] Step 57,000 | Loss: 1.2763 | PPL: 3.58
  [  8.8%] Step 57,100 | Loss: 1.2701 | PPL: 3.56
  [  9.2%] Step 57,200 | Loss: 1.2715 | PPL: 3.57
  [  9.6%] Step 57,300 | Loss: 1.2674 | PPL: 3.55
  [  9.9%] Step 57,400 | Loss: 1.2668 | PPL: 3.55
  [ 10.3%] Step 57,500 | Loss: 1.2696 | PPL: 3.56
  [ 10.6%] Step 57,600 | Loss: 1.2730 | PPL: 3.57
  [ 11.0%] Step 57,700 | Loss: 1.2689 | PPL: 3.56
  [ 11.4%] Step 57,800 | Loss: 1.2676 | PPL: 3.55
  [ 11.7%] Step 57,900 | Loss: 1.2714 | PPL: 3.57
  [ 12.1%] Step 58,000 | Loss: 1.2679 | PPL: 3.55
  [ 12.5%] Step 58,100 | Loss: 1.2694 | PPL: 3.56
  [ 12.8%] Step 58,200 | Loss: 1.2733 | PPL: 3.57
  [ 13.2%] Step 58,300 | Loss: 1.2668 | PPL: 3.55
  [ 13.6%] Step 58,400 | Loss: 1.2688 | PPL: 3.56
  [ 13.9%] Step 58,500 | Loss: 1.2661 | PPL: 3.55
  [ 14.3%] Step 58,600 | Loss: 1.2680 | PPL: 3.55
  [ 14.7%] Step 58,700 | Loss: 1.2674 | PPL: 3.55
  [ 15.0%] Step 58,800 | Loss: 1.2663 | PPL: 3.55
  [ 15.4%] Step 58,900 | Loss: 1.2707 | PPL: 3.56
  [ 15.8%] Step 59,000 | Loss: 1.2652 | PPL: 3.54
  [ 16.1%] Step 59,100 | Loss: 1.2695 | PPL: 3.56
  [ 16.5%] Step 59,200 | Loss: 1.2632 | PPL: 3.54
  [ 16.9%] Step 59,300 | Loss: 1.2674 | PPL: 3.55
  [ 17.2%] Step 59,400 | Loss: 1.2631 | PPL: 3.54
  [ 17.6%] Step 59,500 | Loss: 1.2653 | PPL: 3.54
  [ 18.0%] Step 59,600 | Loss: 1.2610 | PPL: 3.53
  [ 18.3%] Step 59,700 | Loss: 1.2656 | PPL: 3.55
  [ 18.7%] Step 59,800 | Loss: 1.2634 | PPL: 3.54
  [ 19.1%] Step 59,900 | Loss: 1.2651 | PPL: 3.54
  [ 19.4%] Step 60,000 | Loss: 1.2652 | PPL: 3.54
  [ 19.8%] Step 60,100 | Loss: 1.2670 | PPL: 3.55
  [ 20.2%] Step 60,200 | Loss: 1.2684 | PPL: 3.56
  [ 20.5%] Step 60,300 | Loss: 1.2668 | PPL: 3.55
  [ 20.9%] Step 60,400 | Loss: 1.2660 | PPL: 3.55
  [ 21.3%] Step 60,500 | Loss: 1.2627 | PPL: 3.53
  [ 21.6%] Step 60,600 | Loss: 1.2680 | PPL: 3.55
  [ 22.0%] Step 60,700 | Loss: 1.2674 | PPL: 3.55
  [ 22.4%] Step 60,800 | Loss: 1.2634 | PPL: 3.54
  [ 22.7%] Step 60,900 | Loss: 1.2625 | PPL: 3.53
  [ 23.1%] Step 61,000 | Loss: 1.2658 | PPL: 3.55
  [ 23.4%] Step 61,100 | Loss: 1.2619 | PPL: 3.53
  [ 23.8%] Step 61,200 | Loss: 1.2630 | PPL: 3.54
  [ 24.2%] Step 61,300 | Loss: 1.2668 | PPL: 3.55
  [ 24.5%] Step 61,400 | Loss: 1.2608 | PPL: 3.53
  [ 24.9%] Step 61,500 | Loss: 1.2642 | PPL: 3.54
  [ 25.3%] Step 61,600 | Loss: 1.2641 | PPL: 3.54
  [ 25.6%] Step 61,700 | Loss: 1.2605 | PPL: 3.53
  [ 26.0%] Step 61,800 | Loss: 1.2589 | PPL: 3.52
  [ 26.4%] Step 61,900 | Loss: 1.2618 | PPL: 3.53
  [ 26.7%] Step 62,000 | Loss: 1.2632 | PPL: 3.54
  [ 27.1%] Step 62,100 | Loss: 1.2625 | PPL: 3.53
  [ 27.5%] Step 62,200 | Loss: 1.2595 | PPL: 3.52
  [ 27.8%] Step 62,300 | Loss: 1.2614 | PPL: 3.53
  [ 28.2%] Step 62,400 | Loss: 1.2617 | PPL: 3.53
  [ 28.6%] Step 62,500 | Loss: 1.2629 | PPL: 3.54
  [ 28.9%] Step 62,600 | Loss: 1.2594 | PPL: 3.52
  [ 29.3%] Step 62,700 | Loss: 1.2627 | PPL: 3.54
  [ 29.7%] Step 62,800 | Loss: 1.2623 | PPL: 3.53
  [ 30.0%] Step 62,900 | Loss: 1.2605 | PPL: 3.53
  [ 30.4%] Step 63,000 | Loss: 1.2597 | PPL: 3.52
  [ 30.8%] Step 63,100 | Loss: 1.2627 | PPL: 3.54
  [ 31.1%] Step 63,200 | Loss: 1.2607 | PPL: 3.53
  [ 31.5%] Step 63,300 | Loss: 1.2641 | PPL: 3.54
  [ 31.9%] Step 63,400 | Loss: 1.2600 | PPL: 3.53
  [ 32.2%] Step 63,500 | Loss: 1.2568 | PPL: 3.51
  [ 32.6%] Step 63,600 | Loss: 1.2552 | PPL: 3.51
  [ 33.0%] Step 63,700 | Loss: 1.2582 | PPL: 3.52
  [ 33.3%] Step 63,800 | Loss: 1.2593 | PPL: 3.52
  [ 33.7%] Step 63,900 | Loss: 1.2594 | PPL: 3.52
  [ 34.1%] Step 64,000 | Loss: 1.2573 | PPL: 3.52
  [ 34.4%] Step 64,100 | Loss: 1.2604 | PPL: 3.53
  [ 34.8%] Step 64,200 | Loss: 1.2593 | PPL: 3.52
  [ 35.2%] Step 64,300 | Loss: 1.2607 | PPL: 3.53
  [ 35.5%] Step 64,400 | Loss: 1.2569 | PPL: 3.51
  [ 35.9%] Step 64,500 | Loss: 1.2583 | PPL: 3.52
  [ 36.2%] Step 64,600 | Loss: 1.2616 | PPL: 3.53
  [ 36.6%] Step 64,700 | Loss: 1.2603 | PPL: 3.53
  [ 37.0%] Step 64,800 | Loss: 1.2602 | PPL: 3.53
  [ 37.3%] Step 64,900 | Loss: 1.2571 | PPL: 3.52
  [ 37.7%] Step 65,000 | Loss: 1.2564 | PPL: 3.51
  [ 38.1%] Step 65,100 | Loss: 1.2576 | PPL: 3.52
  [ 38.4%] Step 65,200 | Loss: 1.2564 | PPL: 3.51
  [ 38.8%] Step 65,300 | Loss: 1.2568 | PPL: 3.51
  [ 39.2%] Step 65,400 | Loss: 1.2549 | PPL: 3.51
  [ 39.5%] Step 65,500 | Loss: 1.2596 | PPL: 3.52
  [ 39.9%] Step 65,600 | Loss: 1.2539 | PPL: 3.50
  [ 40.3%] Step 65,700 | Loss: 1.2530 | PPL: 3.50
  [ 40.6%] Step 65,800 | Loss: 1.2556 | PPL: 3.51
  [ 41.0%] Step 65,900 | Loss: 1.2579 | PPL: 3.52
  [ 41.4%] Step 66,000 | Loss: 1.2601 | PPL: 3.53
  [ 41.7%] Step 66,100 | Loss: 1.2569 | PPL: 3.51
  [ 42.1%] Step 66,200 | Loss: 1.2492 | PPL: 3.49
  [ 42.5%] Step 66,300 | Loss: 1.2461 | PPL: 3.48
  [ 42.8%] Step 66,400 | Loss: 1.2572 | PPL: 3.52
  [ 43.2%] Step 66,500 | Loss: 1.2567 | PPL: 3.51
  [ 43.6%] Step 66,600 | Loss: 1.2541 | PPL: 3.50
  [ 43.9%] Step 66,700 | Loss: 1.2559 | PPL: 3.51
  [ 44.3%] Step 66,800 | Loss: 1.2551 | PPL: 3.51
  [ 44.7%] Step 66,900 | Loss: 1.2569 | PPL: 3.51
  [ 45.0%] Step 67,000 | Loss: 1.2530 | PPL: 3.50
  [ 45.4%] Step 67,100 | Loss: 1.2564 | PPL: 3.51
  [ 45.8%] Step 67,200 | Loss: 1.2557 | PPL: 3.51
  [ 46.1%] Step 67,300 | Loss: 1.2565 | PPL: 3.51
  [ 46.5%] Step 67,400 | Loss: 1.2515 | PPL: 3.50
  [ 46.9%] Step 67,500 | Loss: 1.2551 | PPL: 3.51
  [ 47.2%] Step 67,600 | Loss: 1.2542 | PPL: 3.51
  [ 47.6%] Step 67,700 | Loss: 1.2539 | PPL: 3.50
  [ 48.0%] Step 67,800 | Loss: 1.2526 | PPL: 3.50
  [ 48.3%] Step 67,900 | Loss: 1.2574 | PPL: 3.52
  [ 48.7%] Step 68,000 | Loss: 1.2502 | PPL: 3.49
  [ 49.0%] Step 68,100 | Loss: 1.2496 | PPL: 3.49
  [ 49.4%] Step 68,200 | Loss: 1.2499 | PPL: 3.49
  [ 49.8%] Step 68,300 | Loss: 1.2509 | PPL: 3.49
  [ 50.1%] Step 68,400 | Loss: 1.2550 | PPL: 3.51
  [ 50.5%] Step 68,500 | Loss: 1.2528 | PPL: 3.50
  [ 50.9%] Step 68,600 | Loss: 1.2541 | PPL: 3.50
  [ 51.2%] Step 68,700 | Loss: 1.2533 | PPL: 3.50
  [ 51.6%] Step 68,800 | Loss: 1.2543 | PPL: 3.51
  [ 52.0%] Step 68,900 | Loss: 1.2518 | PPL: 3.50
  [ 52.3%] Step 69,000 | Loss: 1.2506 | PPL: 3.49
  [ 52.7%] Step 69,100 | Loss: 1.2542 | PPL: 3.51
  [ 53.1%] Step 69,200 | Loss: 1.2520 | PPL: 3.50
  [ 53.4%] Step 69,300 | Loss: 1.2510 | PPL: 3.49
  [ 53.8%] Step 69,400 | Loss: 1.2534 | PPL: 3.50
  [ 54.2%] Step 69,500 | Loss: 1.2510 | PPL: 3.49
  [ 54.5%] Step 69,600 | Loss: 1.2479 | PPL: 3.48
  [ 54.9%] Step 69,700 | Loss: 1.2540 | PPL: 3.50
  [ 55.3%] Step 69,800 | Loss: 1.2483 | PPL: 3.48
  [ 55.6%] Step 69,900 | Loss: 1.2494 | PPL: 3.49
  [ 56.0%] Step 70,000 | Loss: 1.2499 | PPL: 3.49
  [ 56.4%] Step 70,100 | Loss: 1.2544 | PPL: 3.51
  [ 56.7%] Step 70,200 | Loss: 1.2536 | PPL: 3.50
  [ 57.1%] Step 70,300 | Loss: 1.2486 | PPL: 3.49
  [ 57.5%] Step 70,400 | Loss: 1.2537 | PPL: 3.50
  [ 57.8%] Step 70,500 | Loss: 1.2482 | PPL: 3.48
  [ 58.2%] Step 70,600 | Loss: 1.2473 | PPL: 3.48
  [ 58.6%] Step 70,700 | Loss: 1.2531 | PPL: 3.50
  [ 58.9%] Step 70,800 | Loss: 1.2484 | PPL: 3.48
  [ 59.3%] Step 70,900 | Loss: 1.2492 | PPL: 3.49
  [ 59.7%] Step 71,000 | Loss: 1.2456 | PPL: 3.48
  [ 60.0%] Step 71,100 | Loss: 1.2463 | PPL: 3.48
  [ 60.4%] Step 71,200 | Loss: 1.2521 | PPL: 3.50
  [ 60.8%] Step 71,300 | Loss: 1.2481 | PPL: 3.48
  [ 61.1%] Step 71,400 | Loss: 1.2514 | PPL: 3.50
  [ 61.5%] Step 71,500 | Loss: 1.2489 | PPL: 3.49
  [ 61.8%] Step 71,600 | Loss: 1.2491 | PPL: 3.49
  [ 62.2%] Step 71,700 | Loss: 1.2433 | PPL: 3.47
  [ 62.6%] Step 71,800 | Loss: 1.2504 | PPL: 3.49
  [ 62.9%] Step 71,900 | Loss: 1.2521 | PPL: 3.50
  [ 63.3%] Step 72,000 | Loss: 1.2490 | PPL: 3.49
  [ 63.7%] Step 72,100 | Loss: 1.2481 | PPL: 3.48
  [ 64.0%] Step 72,200 | Loss: 1.2455 | PPL: 3.47
  [ 64.4%] Step 72,300 | Loss: 1.2533 | PPL: 3.50
  [ 64.8%] Step 72,400 | Loss: 1.2517 | PPL: 3.50
  [ 65.1%] Step 72,500 | Loss: 1.2493 | PPL: 3.49
  [ 65.5%] Step 72,600 | Loss: 1.2470 | PPL: 3.48
  [ 65.9%] Step 72,700 | Loss: 1.2495 | PPL: 3.49
  [ 66.2%] Step 72,800 | Loss: 1.2488 | PPL: 3.49
  [ 66.6%] Step 72,900 | Loss: 1.2473 | PPL: 3.48
  [ 67.0%] Step 73,000 | Loss: 1.2464 | PPL: 3.48
  [ 67.3%] Step 73,100 | Loss: 1.2471 | PPL: 3.48
  [ 67.7%] Step 73,200 | Loss: 1.2425 | PPL: 3.46
  [ 68.1%] Step 73,300 | Loss: 1.2436 | PPL: 3.47
  [ 68.4%] Step 73,400 | Loss: 1.2453 | PPL: 3.47
  [ 68.8%] Step 73,500 | Loss: 1.2457 | PPL: 3.48
  [ 69.2%] Step 73,600 | Loss: 1.2477 | PPL: 3.48
  [ 69.5%] Step 73,700 | Loss: 1.2494 | PPL: 3.49
  [ 69.9%] Step 73,800 | Loss: 1.2483 | PPL: 3.48
  [ 70.3%] Step 73,900 | Loss: 1.2442 | PPL: 3.47
  [ 70.6%] Step 74,000 | Loss: 1.2441 | PPL: 3.47
  [ 71.0%] Step 74,100 | Loss: 1.2463 | PPL: 3.48
  [ 71.4%] Step 74,200 | Loss: 1.2409 | PPL: 3.46
  [ 71.7%] Step 74,300 | Loss: 1.2457 | PPL: 3.48
  [ 72.1%] Step 74,400 | Loss: 1.2483 | PPL: 3.48
  [ 72.5%] Step 74,500 | Loss: 1.2470 | PPL: 3.48
  [ 72.8%] Step 74,600 | Loss: 1.2455 | PPL: 3.47
  [ 73.2%] Step 74,700 | Loss: 1.2423 | PPL: 3.46
  [ 73.6%] Step 74,800 | Loss: 1.2416 | PPL: 3.46
  [ 73.9%] Step 74,900 | Loss: 1.2478 | PPL: 3.48
  [ 74.3%] Step 75,000 | Loss: 1.2459 | PPL: 3.48
  [ 74.6%] Step 75,100 | Loss: 1.2439 | PPL: 3.47
  [ 75.0%] Step 75,200 | Loss: 1.2391 | PPL: 3.45
  [ 75.4%] Step 75,300 | Loss: 1.2472 | PPL: 3.48
  [ 75.7%] Step 75,400 | Loss: 1.2474 | PPL: 3.48
  [ 76.1%] Step 75,500 | Loss: 1.2464 | PPL: 3.48
  [ 76.5%] Step 75,600 | Loss: 1.2477 | PPL: 3.48
  [ 76.8%] Step 75,700 | Loss: 1.2409 | PPL: 3.46
  [ 77.2%] Step 75,800 | Loss: 1.2454 | PPL: 3.47
  [ 77.6%] Step 75,900 | Loss: 1.2426 | PPL: 3.46
  [ 77.9%] Step 76,000 | Loss: 1.2506 | PPL: 3.49
  [ 78.3%] Step 76,100 | Loss: 1.2454 | PPL: 3.47
  [ 78.7%] Step 76,200 | Loss: 1.2418 | PPL: 3.46
  [ 79.0%] Step 76,300 | Loss: 1.2424 | PPL: 3.46
  [ 79.4%] Step 76,400 | Loss: 1.2458 | PPL: 3.48
  [ 79.8%] Step 76,500 | Loss: 1.2452 | PPL: 3.47
  [ 80.1%] Step 76,600 | Loss: 1.2436 | PPL: 3.47
  [ 80.5%] Step 76,700 | Loss: 1.2434 | PPL: 3.47
  [ 80.9%] Step 76,800 | Loss: 1.2450 | PPL: 3.47
  [ 81.2%] Step 76,900 | Loss: 1.2411 | PPL: 3.46
  [ 81.6%] Step 77,000 | Loss: 1.2393 | PPL: 3.45
  [ 82.0%] Step 77,100 | Loss: 1.2452 | PPL: 3.47
  [ 82.3%] Step 77,200 | Loss: 1.2451 | PPL: 3.47
  [ 82.7%] Step 77,300 | Loss: 1.2402 | PPL: 3.46
  [ 83.1%] Step 77,400 | Loss: 1.2412 | PPL: 3.46
  [ 83.4%] Step 77,500 | Loss: 1.2410 | PPL: 3.46
  [ 83.8%] Step 77,600 | Loss: 1.2405 | PPL: 3.46
  [ 84.2%] Step 77,700 | Loss: 1.2421 | PPL: 3.46
  [ 84.5%] Step 77,800 | Loss: 1.2424 | PPL: 3.46
  [ 84.9%] Step 77,900 | Loss: 1.2440 | PPL: 3.47
  [ 85.3%] Step 78,000 | Loss: 1.2434 | PPL: 3.47
  [ 85.6%] Step 78,100 | Loss: 1.2427 | PPL: 3.46
  [ 86.0%] Step 78,200 | Loss: 1.2411 | PPL: 3.46
  [ 86.4%] Step 78,300 | Loss: 1.2409 | PPL: 3.46
  [ 86.7%] Step 78,400 | Loss: 1.2388 | PPL: 3.45
  [ 87.1%] Step 78,500 | Loss: 1.2410 | PPL: 3.46
  [ 87.4%] Step 78,600 | Loss: 1.2441 | PPL: 3.47
  [ 87.8%] Step 78,700 | Loss: 1.2348 | PPL: 3.44
  [ 88.2%] Step 78,800 | Loss: 1.2421 | PPL: 3.46
  [ 88.5%] Step 78,900 | Loss: 1.2369 | PPL: 3.44
  [ 88.9%] Step 79,000 | Loss: 1.2409 | PPL: 3.46
  [ 89.3%] Step 79,100 | Loss: 1.2391 | PPL: 3.45
  [ 89.6%] Step 79,200 | Loss: 1.2379 | PPL: 3.45
  [ 90.0%] Step 79,300 | Loss: 1.2442 | PPL: 3.47
  [ 90.4%] Step 79,400 | Loss: 1.2391 | PPL: 3.45
  [ 90.7%] Step 79,500 | Loss: 1.2390 | PPL: 3.45
  [ 91.1%] Step 79,600 | Loss: 1.2434 | PPL: 3.47
  [ 91.5%] Step 79,700 | Loss: 1.2404 | PPL: 3.46
  [ 91.8%] Step 79,800 | Loss: 1.2321 | PPL: 3.43
  [ 92.2%] Step 79,900 | Loss: 1.2424 | PPL: 3.46
  [ 92.6%] Step 80,000 | Loss: 1.2390 | PPL: 3.45
  [ 92.9%] Step 80,100 | Loss: 1.2407 | PPL: 3.46
  [ 93.3%] Step 80,200 | Loss: 1.2359 | PPL: 3.44
  [ 93.7%] Step 80,300 | Loss: 1.2409 | PPL: 3.46
  [ 94.0%] Step 80,400 | Loss: 1.2361 | PPL: 3.44
  [ 94.4%] Step 80,500 | Loss: 1.2412 | PPL: 3.46
  [ 94.8%] Step 80,600 | Loss: 1.2356 | PPL: 3.44
  [ 95.1%] Step 80,700 | Loss: 1.2371 | PPL: 3.45
  [ 95.5%] Step 80,800 | Loss: 1.2418 | PPL: 3.46
  [ 95.9%] Step 80,900 | Loss: 1.2381 | PPL: 3.45
  [ 96.2%] Step 81,000 | Loss: 1.2367 | PPL: 3.44
  [ 96.6%] Step 81,100 | Loss: 1.2429 | PPL: 3.47
  [ 97.0%] Step 81,200 | Loss: 1.2418 | PPL: 3.46
  [ 97.3%] Step 81,300 | Loss: 1.2414 | PPL: 3.46
  [ 97.7%] Step 81,400 | Loss: 1.2370 | PPL: 3.45
  [ 98.1%] Step 81,500 | Loss: 1.2390 | PPL: 3.45
  [ 98.4%] Step 81,600 | Loss: 1.2392 | PPL: 3.45
  [ 98.8%] Step 81,700 | Loss: 1.2369 | PPL: 3.45
  [ 99.2%] Step 81,800 | Loss: 1.2384 | PPL: 3.45
  [ 99.5%] Step 81,900 | Loss: 1.2386 | PPL: 3.45
  [ 99.9%] Step 82,000 | Loss: 1.2353 | PPL: 3.44
  [100.0%] Step 82,032 | Loss: 1.2380 | PPL: 3.45
[Epoch 3/3] Validating...
[Epoch 3/3] Loss: 1.4533 | PPL: 4.28
  -> Saved best model to checkpoints\tr_best.pt
============================================================
Training complete. Running final evaluation...
============================================================

Final Test Loss: 1.4094 | Test PPL: 4.09
Done!
poetry run python -m char_lstm.train --lang az
Loading data from corpora_clean/oscar_az_ipa.txt...
  Loaded: 10,000,000 chars total
  Train: 7,000,000 chars
  Val: 1,500,000 chars
  Test: 1,500,000 chars
Building vocab from training text...
  Vocab size: 74
============================================================
Training config
============================================================
  Language: Azerbaijani (az)
  Mode: Train from scratch
  Device: cuda
  Batch size: 256
  Workers: 0
  Pin memory: True
  Epochs: 3
  LR: 0.0001
  Seed: 1234
  Freeze embed: False
  Output: checkpoints\az_best.pt
Creating data loaders...
  Train batches: 27,344
  Val batches: 5,859

Model config
  Device: cuda
  Embed dim: 128
  Hidden dim: 256
  Layers: 2
  Parameters: 950,090
  Optimizer: Adam (lr=0.0001)
============================================================
Starting training: 3 epochs, 27344 batches/epoch
============================================================
[Epoch 1/3] Starting...
  [  0.4%] Step 100 | Loss: 3.7021 | PPL: 40.53
  [  0.7%] Step 200 | Loss: 3.2385 | PPL: 25.50
  [  1.1%] Step 300 | Loss: 2.9858 | PPL: 19.80
  [  1.5%] Step 400 | Loss: 2.7248 | PPL: 15.25
  [  1.8%] Step 500 | Loss: 2.5863 | PPL: 13.28
  [  2.2%] Step 600 | Loss: 2.4927 | PPL: 12.09
  [  2.6%] Step 700 | Loss: 2.4195 | PPL: 11.24
  [  2.9%] Step 800 | Loss: 2.3603 | PPL: 10.59
  [  3.3%] Step 900 | Loss: 2.3055 | PPL: 10.03
  [  3.7%] Step 1,000 | Loss: 2.2546 | PPL: 9.53
  [  4.0%] Step 1,100 | Loss: 2.2087 | PPL: 9.10
  [  4.4%] Step 1,200 | Loss: 2.1694 | PPL: 8.75
  [  4.8%] Step 1,300 | Loss: 2.1329 | PPL: 8.44
  [  5.1%] Step 1,400 | Loss: 2.1015 | PPL: 8.18
  [  5.5%] Step 1,500 | Loss: 2.0679 | PPL: 7.91
  [  5.9%] Step 1,600 | Loss: 2.0384 | PPL: 7.68
  [  6.2%] Step 1,700 | Loss: 2.0111 | PPL: 7.47
  [  6.6%] Step 1,800 | Loss: 1.9850 | PPL: 7.28
  [  6.9%] Step 1,900 | Loss: 1.9618 | PPL: 7.11
  [  7.3%] Step 2,000 | Loss: 1.9404 | PPL: 6.96
  [  7.7%] Step 2,100 | Loss: 1.9181 | PPL: 6.81
  [  8.0%] Step 2,200 | Loss: 1.8992 | PPL: 6.68
  [  8.4%] Step 2,300 | Loss: 1.8801 | PPL: 6.55
  [  8.8%] Step 2,400 | Loss: 1.8631 | PPL: 6.44
  [  9.1%] Step 2,500 | Loss: 1.8440 | PPL: 6.32
  [  9.5%] Step 2,600 | Loss: 1.8295 | PPL: 6.23
  [  9.9%] Step 2,700 | Loss: 1.8158 | PPL: 6.15
  [ 10.2%] Step 2,800 | Loss: 1.8035 | PPL: 6.07
  [ 10.6%] Step 2,900 | Loss: 1.7854 | PPL: 5.96
  [ 11.0%] Step 3,000 | Loss: 1.7778 | PPL: 5.92
  [ 11.3%] Step 3,100 | Loss: 1.7605 | PPL: 5.82
  [ 11.7%] Step 3,200 | Loss: 1.7543 | PPL: 5.78
  [ 12.1%] Step 3,300 | Loss: 1.7374 | PPL: 5.68
  [ 12.4%] Step 3,400 | Loss: 1.7277 | PPL: 5.63
  [ 12.8%] Step 3,500 | Loss: 1.7189 | PPL: 5.58
  [ 13.2%] Step 3,600 | Loss: 1.7071 | PPL: 5.51
  [ 13.5%] Step 3,700 | Loss: 1.6995 | PPL: 5.47
  [ 13.9%] Step 3,800 | Loss: 1.6908 | PPL: 5.42
  [ 14.3%] Step 3,900 | Loss: 1.6825 | PPL: 5.38
  [ 14.6%] Step 4,000 | Loss: 1.6737 | PPL: 5.33
  [ 15.0%] Step 4,100 | Loss: 1.6651 | PPL: 5.29
  [ 15.4%] Step 4,200 | Loss: 1.6567 | PPL: 5.24
  [ 15.7%] Step 4,300 | Loss: 1.6558 | PPL: 5.24
  [ 16.1%] Step 4,400 | Loss: 1.6468 | PPL: 5.19
  [ 16.5%] Step 4,500 | Loss: 1.6301 | PPL: 5.10
  [ 16.8%] Step 4,600 | Loss: 1.6283 | PPL: 5.10
  [ 17.2%] Step 4,700 | Loss: 1.6298 | PPL: 5.10
  [ 17.6%] Step 4,800 | Loss: 1.6200 | PPL: 5.05
  [ 17.9%] Step 4,900 | Loss: 1.6082 | PPL: 4.99
  [ 18.3%] Step 5,000 | Loss: 1.6016 | PPL: 4.96
  [ 18.7%] Step 5,100 | Loss: 1.5961 | PPL: 4.93
  [ 19.0%] Step 5,200 | Loss: 1.5923 | PPL: 4.92
  [ 19.4%] Step 5,300 | Loss: 1.5835 | PPL: 4.87
  [ 19.7%] Step 5,400 | Loss: 1.5815 | PPL: 4.86
  [ 20.1%] Step 5,500 | Loss: 1.5759 | PPL: 4.84
  [ 20.5%] Step 5,600 | Loss: 1.5756 | PPL: 4.83
  [ 20.8%] Step 5,700 | Loss: 1.5705 | PPL: 4.81
  [ 21.2%] Step 5,800 | Loss: 1.5645 | PPL: 4.78
  [ 21.6%] Step 5,900 | Loss: 1.5569 | PPL: 4.74
  [ 21.9%] Step 6,000 | Loss: 1.5563 | PPL: 4.74
  [ 22.3%] Step 6,100 | Loss: 1.5492 | PPL: 4.71
  [ 22.7%] Step 6,200 | Loss: 1.5449 | PPL: 4.69
  [ 23.0%] Step 6,300 | Loss: 1.5408 | PPL: 4.67
  [ 23.4%] Step 6,400 | Loss: 1.5348 | PPL: 4.64
  [ 23.8%] Step 6,500 | Loss: 1.5257 | PPL: 4.60
  [ 24.1%] Step 6,600 | Loss: 1.5321 | PPL: 4.63
  [ 24.5%] Step 6,700 | Loss: 1.5289 | PPL: 4.61
  [ 24.9%] Step 6,800 | Loss: 1.5170 | PPL: 4.56
  [ 25.2%] Step 6,900 | Loss: 1.5187 | PPL: 4.57
  [ 25.6%] Step 7,000 | Loss: 1.5132 | PPL: 4.54
  [ 26.0%] Step 7,100 | Loss: 1.5057 | PPL: 4.51
  [ 26.3%] Step 7,200 | Loss: 1.5070 | PPL: 4.51
  [ 26.7%] Step 7,300 | Loss: 1.5013 | PPL: 4.49
  [ 27.1%] Step 7,400 | Loss: 1.4968 | PPL: 4.47
  [ 27.4%] Step 7,500 | Loss: 1.4940 | PPL: 4.46
  [ 27.8%] Step 7,600 | Loss: 1.4932 | PPL: 4.45
  [ 28.2%] Step 7,700 | Loss: 1.4901 | PPL: 4.44
  [ 28.5%] Step 7,800 | Loss: 1.4851 | PPL: 4.42
  [ 28.9%] Step 7,900 | Loss: 1.4808 | PPL: 4.40
  [ 29.3%] Step 8,000 | Loss: 1.4765 | PPL: 4.38
  [ 29.6%] Step 8,100 | Loss: 1.4793 | PPL: 4.39
  [ 30.0%] Step 8,200 | Loss: 1.4758 | PPL: 4.37
  [ 30.4%] Step 8,300 | Loss: 1.4706 | PPL: 4.35
  [ 30.7%] Step 8,400 | Loss: 1.4726 | PPL: 4.36
  [ 31.1%] Step 8,500 | Loss: 1.4648 | PPL: 4.33
  [ 31.5%] Step 8,600 | Loss: 1.4663 | PPL: 4.33
  [ 31.8%] Step 8,700 | Loss: 1.4625 | PPL: 4.32
  [ 32.2%] Step 8,800 | Loss: 1.4543 | PPL: 4.28
  [ 32.5%] Step 8,900 | Loss: 1.4551 | PPL: 4.28
  [ 32.9%] Step 9,000 | Loss: 1.4528 | PPL: 4.28
  [ 33.3%] Step 9,100 | Loss: 1.4505 | PPL: 4.27
  [ 33.6%] Step 9,200 | Loss: 1.4459 | PPL: 4.25
  [ 34.0%] Step 9,300 | Loss: 1.4475 | PPL: 4.25
  [ 34.4%] Step 9,400 | Loss: 1.4413 | PPL: 4.23
  [ 34.7%] Step 9,500 | Loss: 1.4457 | PPL: 4.24
  [ 35.1%] Step 9,600 | Loss: 1.4372 | PPL: 4.21
  [ 35.5%] Step 9,700 | Loss: 1.4384 | PPL: 4.21
  [ 35.8%] Step 9,800 | Loss: 1.4311 | PPL: 4.18
  [ 36.2%] Step 9,900 | Loss: 1.4318 | PPL: 4.19
  [ 36.6%] Step 10,000 | Loss: 1.4291 | PPL: 4.17
  [ 36.9%] Step 10,100 | Loss: 1.4282 | PPL: 4.17
  [ 37.3%] Step 10,200 | Loss: 1.4266 | PPL: 4.16
  [ 37.7%] Step 10,300 | Loss: 1.4232 | PPL: 4.15
  [ 38.0%] Step 10,400 | Loss: 1.4211 | PPL: 4.14
  [ 38.4%] Step 10,500 | Loss: 1.4132 | PPL: 4.11
  [ 38.8%] Step 10,600 | Loss: 1.4196 | PPL: 4.14
  [ 39.1%] Step 10,700 | Loss: 1.4138 | PPL: 4.11
  [ 39.5%] Step 10,800 | Loss: 1.4150 | PPL: 4.12
  [ 39.9%] Step 10,900 | Loss: 1.4101 | PPL: 4.10
  [ 40.2%] Step 11,000 | Loss: 1.4101 | PPL: 4.10
  [ 40.6%] Step 11,100 | Loss: 1.4056 | PPL: 4.08
  [ 41.0%] Step 11,200 | Loss: 1.4032 | PPL: 4.07
  [ 41.3%] Step 11,300 | Loss: 1.4022 | PPL: 4.06
  [ 41.7%] Step 11,400 | Loss: 1.4015 | PPL: 4.06
  [ 42.1%] Step 11,500 | Loss: 1.3977 | PPL: 4.05
  [ 42.4%] Step 11,600 | Loss: 1.3985 | PPL: 4.05
  [ 42.8%] Step 11,700 | Loss: 1.4006 | PPL: 4.06
  [ 43.2%] Step 11,800 | Loss: 1.3914 | PPL: 4.02
  [ 43.5%] Step 11,900 | Loss: 1.3936 | PPL: 4.03
  [ 43.9%] Step 12,000 | Loss: 1.3907 | PPL: 4.02
  [ 44.3%] Step 12,100 | Loss: 1.3883 | PPL: 4.01
  [ 44.6%] Step 12,200 | Loss: 1.3877 | PPL: 4.01
  [ 45.0%] Step 12,300 | Loss: 1.3868 | PPL: 4.00
  [ 45.3%] Step 12,400 | Loss: 1.3837 | PPL: 3.99
  [ 45.7%] Step 12,500 | Loss: 1.3795 | PPL: 3.97
  [ 46.1%] Step 12,600 | Loss: 1.3795 | PPL: 3.97
  [ 46.4%] Step 12,700 | Loss: 1.3748 | PPL: 3.95
  [ 46.8%] Step 12,800 | Loss: 1.3802 | PPL: 3.98
  [ 47.2%] Step 12,900 | Loss: 1.3758 | PPL: 3.96
  [ 47.5%] Step 13,000 | Loss: 1.3698 | PPL: 3.93
  [ 47.9%] Step 13,100 | Loss: 1.3686 | PPL: 3.93
  [ 48.3%] Step 13,200 | Loss: 1.3713 | PPL: 3.94
  [ 48.6%] Step 13,300 | Loss: 1.3650 | PPL: 3.92
  [ 49.0%] Step 13,400 | Loss: 1.3725 | PPL: 3.95
  [ 49.4%] Step 13,500 | Loss: 1.3670 | PPL: 3.92
  [ 49.7%] Step 13,600 | Loss: 1.3635 | PPL: 3.91
  [ 50.1%] Step 13,700 | Loss: 1.3632 | PPL: 3.91
  [ 50.5%] Step 13,800 | Loss: 1.3644 | PPL: 3.91
  [ 50.8%] Step 13,900 | Loss: 1.3609 | PPL: 3.90
  [ 51.2%] Step 14,000 | Loss: 1.3592 | PPL: 3.89
  [ 51.6%] Step 14,100 | Loss: 1.3568 | PPL: 3.88
  [ 51.9%] Step 14,200 | Loss: 1.3602 | PPL: 3.90
  [ 52.3%] Step 14,300 | Loss: 1.3517 | PPL: 3.86
  [ 52.7%] Step 14,400 | Loss: 1.3583 | PPL: 3.89
  [ 53.0%] Step 14,500 | Loss: 1.3457 | PPL: 3.84
  [ 53.4%] Step 14,600 | Loss: 1.3487 | PPL: 3.85
  [ 53.8%] Step 14,700 | Loss: 1.3481 | PPL: 3.85
  [ 54.1%] Step 14,800 | Loss: 1.3465 | PPL: 3.84
  [ 54.5%] Step 14,900 | Loss: 1.3442 | PPL: 3.84
  [ 54.9%] Step 15,000 | Loss: 1.3454 | PPL: 3.84
  [ 55.2%] Step 15,100 | Loss: 1.3445 | PPL: 3.84
  [ 55.6%] Step 15,200 | Loss: 1.3411 | PPL: 3.82
  [ 56.0%] Step 15,300 | Loss: 1.3428 | PPL: 3.83
  [ 56.3%] Step 15,400 | Loss: 1.3384 | PPL: 3.81
  [ 56.7%] Step 15,500 | Loss: 1.3394 | PPL: 3.82
  [ 57.1%] Step 15,600 | Loss: 1.3394 | PPL: 3.82
  [ 57.4%] Step 15,700 | Loss: 1.3398 | PPL: 3.82
  [ 57.8%] Step 15,800 | Loss: 1.3397 | PPL: 3.82
  [ 58.1%] Step 15,900 | Loss: 1.3312 | PPL: 3.79
  [ 58.5%] Step 16,000 | Loss: 1.3320 | PPL: 3.79
  [ 58.9%] Step 16,100 | Loss: 1.3324 | PPL: 3.79
  [ 59.2%] Step 16,200 | Loss: 1.3242 | PPL: 3.76
  [ 59.6%] Step 16,300 | Loss: 1.3273 | PPL: 3.77
  [ 60.0%] Step 16,400 | Loss: 1.3293 | PPL: 3.78
  [ 60.3%] Step 16,500 | Loss: 1.3278 | PPL: 3.77
  [ 60.7%] Step 16,600 | Loss: 1.3272 | PPL: 3.77
  [ 61.1%] Step 16,700 | Loss: 1.3302 | PPL: 3.78
  [ 61.4%] Step 16,800 | Loss: 1.3247 | PPL: 3.76
  [ 61.8%] Step 16,900 | Loss: 1.3248 | PPL: 3.76
  [ 62.2%] Step 17,000 | Loss: 1.3212 | PPL: 3.75
  [ 62.5%] Step 17,100 | Loss: 1.3189 | PPL: 3.74
  [ 62.9%] Step 17,200 | Loss: 1.3196 | PPL: 3.74
  [ 63.3%] Step 17,300 | Loss: 1.3188 | PPL: 3.74
  [ 63.6%] Step 17,400 | Loss: 1.3156 | PPL: 3.73
  [ 64.0%] Step 17,500 | Loss: 1.3209 | PPL: 3.75
  [ 64.4%] Step 17,600 | Loss: 1.3213 | PPL: 3.75
  [ 64.7%] Step 17,700 | Loss: 1.3139 | PPL: 3.72
  [ 65.1%] Step 17,800 | Loss: 1.3153 | PPL: 3.73
  [ 65.5%] Step 17,900 | Loss: 1.3181 | PPL: 3.74
  [ 65.8%] Step 18,000 | Loss: 1.3147 | PPL: 3.72
  [ 66.2%] Step 18,100 | Loss: 1.3160 | PPL: 3.73
  [ 66.6%] Step 18,200 | Loss: 1.3118 | PPL: 3.71
  [ 66.9%] Step 18,300 | Loss: 1.3092 | PPL: 3.70
  [ 67.3%] Step 18,400 | Loss: 1.3128 | PPL: 3.72
  [ 67.7%] Step 18,500 | Loss: 1.3092 | PPL: 3.70
  [ 68.0%] Step 18,600 | Loss: 1.3056 | PPL: 3.69
  [ 68.4%] Step 18,700 | Loss: 1.3061 | PPL: 3.69
  [ 68.8%] Step 18,800 | Loss: 1.3076 | PPL: 3.70
  [ 69.1%] Step 18,900 | Loss: 1.3075 | PPL: 3.70
  [ 69.5%] Step 19,000 | Loss: 1.2983 | PPL: 3.66
  [ 69.9%] Step 19,100 | Loss: 1.3025 | PPL: 3.68
  [ 70.2%] Step 19,200 | Loss: 1.2999 | PPL: 3.67
  [ 70.6%] Step 19,300 | Loss: 1.2992 | PPL: 3.67
  [ 70.9%] Step 19,400 | Loss: 1.2996 | PPL: 3.67
  [ 71.3%] Step 19,500 | Loss: 1.3013 | PPL: 3.67
  [ 71.7%] Step 19,600 | Loss: 1.2981 | PPL: 3.66
  [ 72.0%] Step 19,700 | Loss: 1.2930 | PPL: 3.64
  [ 72.4%] Step 19,800 | Loss: 1.2905 | PPL: 3.63
  [ 72.8%] Step 19,900 | Loss: 1.2996 | PPL: 3.67
  [ 73.1%] Step 20,000 | Loss: 1.2903 | PPL: 3.63
  [ 73.5%] Step 20,100 | Loss: 1.2923 | PPL: 3.64
  [ 73.9%] Step 20,200 | Loss: 1.2951 | PPL: 3.65
  [ 74.2%] Step 20,300 | Loss: 1.2923 | PPL: 3.64
  [ 74.6%] Step 20,400 | Loss: 1.2907 | PPL: 3.64
  [ 75.0%] Step 20,500 | Loss: 1.2884 | PPL: 3.63
  [ 75.3%] Step 20,600 | Loss: 1.2889 | PPL: 3.63
  [ 75.7%] Step 20,700 | Loss: 1.2902 | PPL: 3.63
  [ 76.1%] Step 20,800 | Loss: 1.2870 | PPL: 3.62
  [ 76.4%] Step 20,900 | Loss: 1.2817 | PPL: 3.60
  [ 76.8%] Step 21,000 | Loss: 1.2893 | PPL: 3.63
  [ 77.2%] Step 21,100 | Loss: 1.2799 | PPL: 3.60
  [ 77.5%] Step 21,200 | Loss: 1.2854 | PPL: 3.62
  [ 77.9%] Step 21,300 | Loss: 1.2857 | PPL: 3.62
  [ 78.3%] Step 21,400 | Loss: 1.2862 | PPL: 3.62
  [ 78.6%] Step 21,500 | Loss: 1.2796 | PPL: 3.60
  [ 79.0%] Step 21,600 | Loss: 1.2792 | PPL: 3.59
  [ 79.4%] Step 21,700 | Loss: 1.2808 | PPL: 3.60
  [ 79.7%] Step 21,800 | Loss: 1.2786 | PPL: 3.59
  [ 80.1%] Step 21,900 | Loss: 1.2806 | PPL: 3.60
  [ 80.5%] Step 22,000 | Loss: 1.2802 | PPL: 3.60
  [ 80.8%] Step 22,100 | Loss: 1.2785 | PPL: 3.59
  [ 81.2%] Step 22,200 | Loss: 1.2787 | PPL: 3.59
  [ 81.6%] Step 22,300 | Loss: 1.2756 | PPL: 3.58
  [ 81.9%] Step 22,400 | Loss: 1.2788 | PPL: 3.59
  [ 82.3%] Step 22,500 | Loss: 1.2737 | PPL: 3.57
  [ 82.7%] Step 22,600 | Loss: 1.2785 | PPL: 3.59
  [ 83.0%] Step 22,700 | Loss: 1.2694 | PPL: 3.56
  [ 83.4%] Step 22,800 | Loss: 1.2762 | PPL: 3.58
  [ 83.7%] Step 22,900 | Loss: 1.2725 | PPL: 3.57
  [ 84.1%] Step 23,000 | Loss: 1.2733 | PPL: 3.57
  [ 84.5%] Step 23,100 | Loss: 1.2712 | PPL: 3.57
  [ 84.8%] Step 23,200 | Loss: 1.2655 | PPL: 3.55
  [ 85.2%] Step 23,300 | Loss: 1.2701 | PPL: 3.56
  [ 85.6%] Step 23,400 | Loss: 1.2690 | PPL: 3.56
  [ 85.9%] Step 23,500 | Loss: 1.2708 | PPL: 3.56
  [ 86.3%] Step 23,600 | Loss: 1.2688 | PPL: 3.56
  [ 86.7%] Step 23,700 | Loss: 1.2654 | PPL: 3.54
  [ 87.0%] Step 23,800 | Loss: 1.2647 | PPL: 3.54
  [ 87.4%] Step 23,900 | Loss: 1.2636 | PPL: 3.54
  [ 87.8%] Step 24,000 | Loss: 1.2670 | PPL: 3.55
  [ 88.1%] Step 24,100 | Loss: 1.2670 | PPL: 3.55
  [ 88.5%] Step 24,200 | Loss: 1.2666 | PPL: 3.55
  [ 88.9%] Step 24,300 | Loss: 1.2630 | PPL: 3.54
  [ 89.2%] Step 24,400 | Loss: 1.2629 | PPL: 3.54
  [ 89.6%] Step 24,500 | Loss: 1.2625 | PPL: 3.53
  [ 90.0%] Step 24,600 | Loss: 1.2649 | PPL: 3.54
  [ 90.3%] Step 24,700 | Loss: 1.2619 | PPL: 3.53
  [ 90.7%] Step 24,800 | Loss: 1.2614 | PPL: 3.53
  [ 91.1%] Step 24,900 | Loss: 1.2596 | PPL: 3.52
  [ 91.4%] Step 25,000 | Loss: 1.2667 | PPL: 3.55
  [ 91.8%] Step 25,100 | Loss: 1.2613 | PPL: 3.53
  [ 92.2%] Step 25,200 | Loss: 1.2599 | PPL: 3.53
  [ 92.5%] Step 25,300 | Loss: 1.2571 | PPL: 3.52
  [ 92.9%] Step 25,400 | Loss: 1.2586 | PPL: 3.52
  [ 93.3%] Step 25,500 | Loss: 1.2530 | PPL: 3.50
  [ 93.6%] Step 25,600 | Loss: 1.2508 | PPL: 3.49
  [ 94.0%] Step 25,700 | Loss: 1.2574 | PPL: 3.52
  [ 94.4%] Step 25,800 | Loss: 1.2536 | PPL: 3.50
  [ 94.7%] Step 25,900 | Loss: 1.2486 | PPL: 3.49
  [ 95.1%] Step 26,000 | Loss: 1.2561 | PPL: 3.51
  [ 95.5%] Step 26,100 | Loss: 1.2568 | PPL: 3.51
  [ 95.8%] Step 26,200 | Loss: 1.2452 | PPL: 3.47
  [ 96.2%] Step 26,300 | Loss: 1.2525 | PPL: 3.50
  [ 96.5%] Step 26,400 | Loss: 1.2493 | PPL: 3.49
  [ 96.9%] Step 26,500 | Loss: 1.2540 | PPL: 3.50
  [ 97.3%] Step 26,600 | Loss: 1.2512 | PPL: 3.49
  [ 97.6%] Step 26,700 | Loss: 1.2489 | PPL: 3.49
  [ 98.0%] Step 26,800 | Loss: 1.2439 | PPL: 3.47
  [ 98.4%] Step 26,900 | Loss: 1.2512 | PPL: 3.49
  [ 98.7%] Step 27,000 | Loss: 1.2481 | PPL: 3.48
  [ 99.1%] Step 27,100 | Loss: 1.2508 | PPL: 3.49
  [ 99.5%] Step 27,200 | Loss: 1.2411 | PPL: 3.46
  [ 99.8%] Step 27,300 | Loss: 1.2493 | PPL: 3.49
  [100.0%] Step 27,344 | Loss: 1.2436 | PPL: 3.47
[Epoch 1/3] Validating...
[Epoch 1/3] Loss: 1.3718 | PPL: 3.94
  -> Saved best model to checkpoints\az_best.pt
[Epoch 2/3] Starting...
  [  0.2%] Step 27,400 | Loss: 1.2456 | PPL: 3.48
  [  0.6%] Step 27,500 | Loss: 1.2418 | PPL: 3.46
  [  0.9%] Step 27,600 | Loss: 1.2444 | PPL: 3.47
  [  1.3%] Step 27,700 | Loss: 1.2457 | PPL: 3.48
  [  1.7%] Step 27,800 | Loss: 1.2436 | PPL: 3.47
  [  2.0%] Step 27,900 | Loss: 1.2399 | PPL: 3.46
  [  2.4%] Step 28,000 | Loss: 1.2433 | PPL: 3.47
  [  2.8%] Step 28,100 | Loss: 1.2481 | PPL: 3.48
  [  3.1%] Step 28,200 | Loss: 1.2429 | PPL: 3.47
  [  3.5%] Step 28,300 | Loss: 1.2447 | PPL: 3.47
  [  3.9%] Step 28,400 | Loss: 1.2433 | PPL: 3.47
  [  4.2%] Step 28,500 | Loss: 1.2399 | PPL: 3.46
  [  4.6%] Step 28,600 | Loss: 1.2400 | PPL: 3.46
  [  5.0%] Step 28,700 | Loss: 1.2379 | PPL: 3.45
  [  5.3%] Step 28,800 | Loss: 1.2375 | PPL: 3.45
  [  5.7%] Step 28,900 | Loss: 1.2402 | PPL: 3.46
  [  6.1%] Step 29,000 | Loss: 1.2342 | PPL: 3.44
  [  6.4%] Step 29,100 | Loss: 1.2359 | PPL: 3.44
  [  6.8%] Step 29,200 | Loss: 1.2413 | PPL: 3.46
  [  7.2%] Step 29,300 | Loss: 1.2353 | PPL: 3.44
  [  7.5%] Step 29,400 | Loss: 1.2343 | PPL: 3.44
  [  7.9%] Step 29,500 | Loss: 1.2355 | PPL: 3.44
  [  8.3%] Step 29,600 | Loss: 1.2390 | PPL: 3.45
  [  8.6%] Step 29,700 | Loss: 1.2345 | PPL: 3.44
  [  9.0%] Step 29,800 | Loss: 1.2321 | PPL: 3.43
  [  9.3%] Step 29,900 | Loss: 1.2320 | PPL: 3.43
  [  9.7%] Step 30,000 | Loss: 1.2293 | PPL: 3.42
  [ 10.1%] Step 30,100 | Loss: 1.2383 | PPL: 3.45
  [ 10.4%] Step 30,200 | Loss: 1.2368 | PPL: 3.44
  [ 10.8%] Step 30,300 | Loss: 1.2337 | PPL: 3.43
  [ 11.2%] Step 30,400 | Loss: 1.2300 | PPL: 3.42
  [ 11.5%] Step 30,500 | Loss: 1.2285 | PPL: 3.42
  [ 11.9%] Step 30,600 | Loss: 1.2350 | PPL: 3.44
  [ 12.3%] Step 30,700 | Loss: 1.2315 | PPL: 3.43
  [ 12.6%] Step 30,800 | Loss: 1.2199 | PPL: 3.39
  [ 13.0%] Step 30,900 | Loss: 1.2310 | PPL: 3.42
  [ 13.4%] Step 31,000 | Loss: 1.2236 | PPL: 3.40
  [ 13.7%] Step 31,100 | Loss: 1.2266 | PPL: 3.41
  [ 14.1%] Step 31,200 | Loss: 1.2286 | PPL: 3.42
  [ 14.5%] Step 31,300 | Loss: 1.2246 | PPL: 3.40
  [ 14.8%] Step 31,400 | Loss: 1.2237 | PPL: 3.40
  [ 15.2%] Step 31,500 | Loss: 1.2292 | PPL: 3.42
  [ 15.6%] Step 31,600 | Loss: 1.2260 | PPL: 3.41
  [ 15.9%] Step 31,700 | Loss: 1.2211 | PPL: 3.39
  [ 16.3%] Step 31,800 | Loss: 1.2258 | PPL: 3.41
  [ 16.7%] Step 31,900 | Loss: 1.2274 | PPL: 3.41
  [ 17.0%] Step 32,000 | Loss: 1.2287 | PPL: 3.42
  [ 17.4%] Step 32,100 | Loss: 1.2233 | PPL: 3.40
  [ 17.8%] Step 32,200 | Loss: 1.2244 | PPL: 3.40
  [ 18.1%] Step 32,300 | Loss: 1.2202 | PPL: 3.39
  [ 18.5%] Step 32,400 | Loss: 1.2184 | PPL: 3.38
  [ 18.9%] Step 32,500 | Loss: 1.2194 | PPL: 3.39
  [ 19.2%] Step 32,600 | Loss: 1.2199 | PPL: 3.39
  [ 19.6%] Step 32,700 | Loss: 1.2201 | PPL: 3.39
  [ 20.0%] Step 32,800 | Loss: 1.2281 | PPL: 3.41
  [ 20.3%] Step 32,900 | Loss: 1.2177 | PPL: 3.38
  [ 20.7%] Step 33,000 | Loss: 1.2169 | PPL: 3.38
  [ 21.1%] Step 33,100 | Loss: 1.2160 | PPL: 3.37
  [ 21.4%] Step 33,200 | Loss: 1.2177 | PPL: 3.38
  [ 21.8%] Step 33,300 | Loss: 1.2158 | PPL: 3.37
  [ 22.1%] Step 33,400 | Loss: 1.2194 | PPL: 3.39
  [ 22.5%] Step 33,500 | Loss: 1.2183 | PPL: 3.38
  [ 22.9%] Step 33,600 | Loss: 1.2184 | PPL: 3.38
  [ 23.2%] Step 33,700 | Loss: 1.2138 | PPL: 3.37
  [ 23.6%] Step 33,800 | Loss: 1.2130 | PPL: 3.36
  [ 24.0%] Step 33,900 | Loss: 1.2172 | PPL: 3.38
  [ 24.3%] Step 34,000 | Loss: 1.2169 | PPL: 3.38
  [ 24.7%] Step 34,100 | Loss: 1.2131 | PPL: 3.36
  [ 25.1%] Step 34,200 | Loss: 1.2174 | PPL: 3.38
  [ 25.4%] Step 34,300 | Loss: 1.2136 | PPL: 3.37
  [ 25.8%] Step 34,400 | Loss: 1.2159 | PPL: 3.37
  [ 26.2%] Step 34,500 | Loss: 1.2175 | PPL: 3.38
  [ 26.5%] Step 34,600 | Loss: 1.2139 | PPL: 3.37
  [ 26.9%] Step 34,700 | Loss: 1.2124 | PPL: 3.36
  [ 27.3%] Step 34,800 | Loss: 1.2072 | PPL: 3.34
  [ 27.6%] Step 34,900 | Loss: 1.2159 | PPL: 3.37
  [ 28.0%] Step 35,000 | Loss: 1.2182 | PPL: 3.38
  [ 28.4%] Step 35,100 | Loss: 1.2111 | PPL: 3.36
  [ 28.7%] Step 35,200 | Loss: 1.2090 | PPL: 3.35
  [ 29.1%] Step 35,300 | Loss: 1.2090 | PPL: 3.35
  [ 29.5%] Step 35,400 | Loss: 1.2056 | PPL: 3.34
  [ 29.8%] Step 35,500 | Loss: 1.2088 | PPL: 3.35
  [ 30.2%] Step 35,600 | Loss: 1.2085 | PPL: 3.35
  [ 30.6%] Step 35,700 | Loss: 1.2114 | PPL: 3.36
  [ 30.9%] Step 35,800 | Loss: 1.2120 | PPL: 3.36
  [ 31.3%] Step 35,900 | Loss: 1.2157 | PPL: 3.37
  [ 31.7%] Step 36,000 | Loss: 1.2066 | PPL: 3.34
  [ 32.0%] Step 36,100 | Loss: 1.2024 | PPL: 3.33
  [ 32.4%] Step 36,200 | Loss: 1.2052 | PPL: 3.34
  [ 32.8%] Step 36,300 | Loss: 1.2057 | PPL: 3.34
  [ 33.1%] Step 36,400 | Loss: 1.2048 | PPL: 3.34
  [ 33.5%] Step 36,500 | Loss: 1.2077 | PPL: 3.35
  [ 33.9%] Step 36,600 | Loss: 1.2039 | PPL: 3.33
  [ 34.2%] Step 36,700 | Loss: 1.2111 | PPL: 3.36
  [ 34.6%] Step 36,800 | Loss: 1.2048 | PPL: 3.34
  [ 34.9%] Step 36,900 | Loss: 1.2083 | PPL: 3.35
  [ 35.3%] Step 37,000 | Loss: 1.2051 | PPL: 3.34
  [ 35.7%] Step 37,100 | Loss: 1.2044 | PPL: 3.33
  [ 36.0%] Step 37,200 | Loss: 1.2048 | PPL: 3.34
  [ 36.4%] Step 37,300 | Loss: 1.2063 | PPL: 3.34
  [ 36.8%] Step 37,400 | Loss: 1.2041 | PPL: 3.33
  [ 37.1%] Step 37,500 | Loss: 1.2038 | PPL: 3.33
  [ 37.5%] Step 37,600 | Loss: 1.2107 | PPL: 3.36
  [ 37.9%] Step 37,700 | Loss: 1.2053 | PPL: 3.34
  [ 38.2%] Step 37,800 | Loss: 1.2072 | PPL: 3.34
  [ 38.6%] Step 37,900 | Loss: 1.1993 | PPL: 3.32
  [ 39.0%] Step 38,000 | Loss: 1.2018 | PPL: 3.33
  [ 39.3%] Step 38,100 | Loss: 1.1975 | PPL: 3.31
  [ 39.7%] Step 38,200 | Loss: 1.1995 | PPL: 3.32
  [ 40.1%] Step 38,300 | Loss: 1.1960 | PPL: 3.31
  [ 40.4%] Step 38,400 | Loss: 1.1970 | PPL: 3.31
  [ 40.8%] Step 38,500 | Loss: 1.1996 | PPL: 3.32
  [ 41.2%] Step 38,600 | Loss: 1.1997 | PPL: 3.32
  [ 41.5%] Step 38,700 | Loss: 1.1993 | PPL: 3.32
  [ 41.9%] Step 38,800 | Loss: 1.1996 | PPL: 3.32
  [ 42.3%] Step 38,900 | Loss: 1.1945 | PPL: 3.30
  [ 42.6%] Step 39,000 | Loss: 1.1941 | PPL: 3.30
  [ 43.0%] Step 39,100 | Loss: 1.1990 | PPL: 3.32
  [ 43.4%] Step 39,200 | Loss: 1.1985 | PPL: 3.31
  [ 43.7%] Step 39,300 | Loss: 1.1947 | PPL: 3.30
  [ 44.1%] Step 39,400 | Loss: 1.2004 | PPL: 3.32
  [ 44.5%] Step 39,500 | Loss: 1.1956 | PPL: 3.31
  [ 44.8%] Step 39,600 | Loss: 1.1970 | PPL: 3.31
  [ 45.2%] Step 39,700 | Loss: 1.1937 | PPL: 3.30
  [ 45.6%] Step 39,800 | Loss: 1.1948 | PPL: 3.30
  [ 45.9%] Step 39,900 | Loss: 1.1926 | PPL: 3.30
  [ 46.3%] Step 40,000 | Loss: 1.1939 | PPL: 3.30
  [ 46.7%] Step 40,100 | Loss: 1.1985 | PPL: 3.32
  [ 47.0%] Step 40,200 | Loss: 1.1907 | PPL: 3.29
  [ 47.4%] Step 40,300 | Loss: 1.1958 | PPL: 3.31
  [ 47.7%] Step 40,400 | Loss: 1.1954 | PPL: 3.30
  [ 48.1%] Step 40,500 | Loss: 1.1879 | PPL: 3.28
  [ 48.5%] Step 40,600 | Loss: 1.1974 | PPL: 3.31
  [ 48.8%] Step 40,700 | Loss: 1.1889 | PPL: 3.28
  [ 49.2%] Step 40,800 | Loss: 1.1933 | PPL: 3.30
  [ 49.6%] Step 40,900 | Loss: 1.1877 | PPL: 3.28
  [ 49.9%] Step 41,000 | Loss: 1.1900 | PPL: 3.29
  [ 50.3%] Step 41,100 | Loss: 1.1907 | PPL: 3.29
  [ 50.7%] Step 41,200 | Loss: 1.1882 | PPL: 3.28
  [ 51.0%] Step 41,300 | Loss: 1.1952 | PPL: 3.30
  [ 51.4%] Step 41,400 | Loss: 1.1867 | PPL: 3.28
  [ 51.8%] Step 41,500 | Loss: 1.1897 | PPL: 3.29
  [ 52.1%] Step 41,600 | Loss: 1.1924 | PPL: 3.29
  [ 52.5%] Step 41,700 | Loss: 1.1938 | PPL: 3.30
  [ 52.9%] Step 41,800 | Loss: 1.1908 | PPL: 3.29
  [ 53.2%] Step 41,900 | Loss: 1.1934 | PPL: 3.30
  [ 53.6%] Step 42,000 | Loss: 1.1925 | PPL: 3.30
  [ 54.0%] Step 42,100 | Loss: 1.1860 | PPL: 3.27
  [ 54.3%] Step 42,200 | Loss: 1.1857 | PPL: 3.27
  [ 54.7%] Step 42,300 | Loss: 1.1942 | PPL: 3.30
  [ 55.1%] Step 42,400 | Loss: 1.1886 | PPL: 3.28
  [ 55.4%] Step 42,500 | Loss: 1.1871 | PPL: 3.28
  [ 55.8%] Step 42,600 | Loss: 1.1852 | PPL: 3.27
  [ 56.2%] Step 42,700 | Loss: 1.1899 | PPL: 3.29
  [ 56.5%] Step 42,800 | Loss: 1.1868 | PPL: 3.28
  [ 56.9%] Step 42,900 | Loss: 1.1837 | PPL: 3.27
  [ 57.3%] Step 43,000 | Loss: 1.1834 | PPL: 3.27
  [ 57.6%] Step 43,100 | Loss: 1.1812 | PPL: 3.26
  [ 58.0%] Step 43,200 | Loss: 1.1784 | PPL: 3.25
  [ 58.4%] Step 43,300 | Loss: 1.1826 | PPL: 3.26
  [ 58.7%] Step 43,400 | Loss: 1.1836 | PPL: 3.27
  [ 59.1%] Step 43,500 | Loss: 1.1859 | PPL: 3.27
  [ 59.4%] Step 43,600 | Loss: 1.1867 | PPL: 3.28
  [ 59.8%] Step 43,700 | Loss: 1.1838 | PPL: 3.27
  [ 60.2%] Step 43,800 | Loss: 1.1862 | PPL: 3.27
  [ 60.5%] Step 43,900 | Loss: 1.1880 | PPL: 3.28
  [ 60.9%] Step 44,000 | Loss: 1.1820 | PPL: 3.26
  [ 61.3%] Step 44,100 | Loss: 1.1845 | PPL: 3.27
  [ 61.6%] Step 44,200 | Loss: 1.1854 | PPL: 3.27
  [ 62.0%] Step 44,300 | Loss: 1.1830 | PPL: 3.26
  [ 62.4%] Step 44,400 | Loss: 1.1828 | PPL: 3.26
  [ 62.7%] Step 44,500 | Loss: 1.1829 | PPL: 3.26
  [ 63.1%] Step 44,600 | Loss: 1.1784 | PPL: 3.25
  [ 63.5%] Step 44,700 | Loss: 1.1799 | PPL: 3.25
  [ 63.8%] Step 44,800 | Loss: 1.1798 | PPL: 3.25
  [ 64.2%] Step 44,900 | Loss: 1.1827 | PPL: 3.26
  [ 64.6%] Step 45,000 | Loss: 1.1806 | PPL: 3.26
  [ 64.9%] Step 45,100 | Loss: 1.1815 | PPL: 3.26
  [ 65.3%] Step 45,200 | Loss: 1.1822 | PPL: 3.26
  [ 65.7%] Step 45,300 | Loss: 1.1755 | PPL: 3.24
  [ 66.0%] Step 45,400 | Loss: 1.1815 | PPL: 3.26
  [ 66.4%] Step 45,500 | Loss: 1.1794 | PPL: 3.25
  [ 66.8%] Step 45,600 | Loss: 1.1781 | PPL: 3.25
  [ 67.1%] Step 45,700 | Loss: 1.1774 | PPL: 3.25
  [ 67.5%] Step 45,800 | Loss: 1.1771 | PPL: 3.24
  [ 67.9%] Step 45,900 | Loss: 1.1785 | PPL: 3.25
  [ 68.2%] Step 46,000 | Loss: 1.1796 | PPL: 3.25
  [ 68.6%] Step 46,100 | Loss: 1.1758 | PPL: 3.24
  [ 69.0%] Step 46,200 | Loss: 1.1787 | PPL: 3.25
  [ 69.3%] Step 46,300 | Loss: 1.1755 | PPL: 3.24
  [ 69.7%] Step 46,400 | Loss: 1.1783 | PPL: 3.25
  [ 70.1%] Step 46,500 | Loss: 1.1713 | PPL: 3.23
  [ 70.4%] Step 46,600 | Loss: 1.1766 | PPL: 3.24
  [ 70.8%] Step 46,700 | Loss: 1.1806 | PPL: 3.26
  [ 71.2%] Step 46,800 | Loss: 1.1779 | PPL: 3.25
  [ 71.5%] Step 46,900 | Loss: 1.1721 | PPL: 3.23
  [ 71.9%] Step 47,000 | Loss: 1.1729 | PPL: 3.23
  [ 72.2%] Step 47,100 | Loss: 1.1724 | PPL: 3.23
  [ 72.6%] Step 47,200 | Loss: 1.1747 | PPL: 3.24
  [ 73.0%] Step 47,300 | Loss: 1.1807 | PPL: 3.26
  [ 73.3%] Step 47,400 | Loss: 1.1762 | PPL: 3.24
  [ 73.7%] Step 47,500 | Loss: 1.1763 | PPL: 3.24
  [ 74.1%] Step 47,600 | Loss: 1.1744 | PPL: 3.24
  [ 74.4%] Step 47,700 | Loss: 1.1747 | PPL: 3.24
  [ 74.8%] Step 47,800 | Loss: 1.1730 | PPL: 3.23
  [ 75.2%] Step 47,900 | Loss: 1.1706 | PPL: 3.22
  [ 75.5%] Step 48,000 | Loss: 1.1769 | PPL: 3.24
  [ 75.9%] Step 48,100 | Loss: 1.1712 | PPL: 3.23
  [ 76.3%] Step 48,200 | Loss: 1.1776 | PPL: 3.25
  [ 76.6%] Step 48,300 | Loss: 1.1753 | PPL: 3.24
  [ 77.0%] Step 48,400 | Loss: 1.1703 | PPL: 3.22
  [ 77.4%] Step 48,500 | Loss: 1.1727 | PPL: 3.23
  [ 77.7%] Step 48,600 | Loss: 1.1750 | PPL: 3.24
  [ 78.1%] Step 48,700 | Loss: 1.1716 | PPL: 3.23
  [ 78.5%] Step 48,800 | Loss: 1.1741 | PPL: 3.24
  [ 78.8%] Step 48,900 | Loss: 1.1707 | PPL: 3.22
  [ 79.2%] Step 49,000 | Loss: 1.1754 | PPL: 3.24
  [ 79.6%] Step 49,100 | Loss: 1.1745 | PPL: 3.24
  [ 79.9%] Step 49,200 | Loss: 1.1747 | PPL: 3.24
  [ 80.3%] Step 49,300 | Loss: 1.1711 | PPL: 3.23
  [ 80.7%] Step 49,400 | Loss: 1.1703 | PPL: 3.22
  [ 81.0%] Step 49,500 | Loss: 1.1730 | PPL: 3.23
  [ 81.4%] Step 49,600 | Loss: 1.1660 | PPL: 3.21
  [ 81.8%] Step 49,700 | Loss: 1.1690 | PPL: 3.22
  [ 82.1%] Step 49,800 | Loss: 1.1694 | PPL: 3.22
  [ 82.5%] Step 49,900 | Loss: 1.1644 | PPL: 3.20
  [ 82.9%] Step 50,000 | Loss: 1.1714 | PPL: 3.23
  [ 83.2%] Step 50,100 | Loss: 1.1656 | PPL: 3.21
  [ 83.6%] Step 50,200 | Loss: 1.1677 | PPL: 3.21
  [ 84.0%] Step 50,300 | Loss: 1.1708 | PPL: 3.22
  [ 84.3%] Step 50,400 | Loss: 1.1666 | PPL: 3.21
  [ 84.7%] Step 50,500 | Loss: 1.1708 | PPL: 3.22
  [ 85.0%] Step 50,600 | Loss: 1.1639 | PPL: 3.20
  [ 85.4%] Step 50,700 | Loss: 1.1615 | PPL: 3.19
  [ 85.8%] Step 50,800 | Loss: 1.1668 | PPL: 3.21
  [ 86.1%] Step 50,900 | Loss: 1.1672 | PPL: 3.21
  [ 86.5%] Step 51,000 | Loss: 1.1690 | PPL: 3.22
  [ 86.9%] Step 51,100 | Loss: 1.1677 | PPL: 3.21
  [ 87.2%] Step 51,200 | Loss: 1.1641 | PPL: 3.20
  [ 87.6%] Step 51,300 | Loss: 1.1656 | PPL: 3.21
  [ 88.0%] Step 51,400 | Loss: 1.1619 | PPL: 3.20
  [ 88.3%] Step 51,500 | Loss: 1.1665 | PPL: 3.21
  [ 88.7%] Step 51,600 | Loss: 1.1620 | PPL: 3.20
  [ 89.1%] Step 51,700 | Loss: 1.1666 | PPL: 3.21
  [ 89.4%] Step 51,800 | Loss: 1.1658 | PPL: 3.21
  [ 89.8%] Step 51,900 | Loss: 1.1609 | PPL: 3.19
  [ 90.2%] Step 52,000 | Loss: 1.1650 | PPL: 3.21
  [ 90.5%] Step 52,100 | Loss: 1.1663 | PPL: 3.21
  [ 90.9%] Step 52,200 | Loss: 1.1636 | PPL: 3.20
  [ 91.3%] Step 52,300 | Loss: 1.1635 | PPL: 3.20
  [ 91.6%] Step 52,400 | Loss: 1.1607 | PPL: 3.19
  [ 92.0%] Step 52,500 | Loss: 1.1660 | PPL: 3.21
  [ 92.4%] Step 52,600 | Loss: 1.1642 | PPL: 3.20
  [ 92.7%] Step 52,700 | Loss: 1.1642 | PPL: 3.20
  [ 93.1%] Step 52,800 | Loss: 1.1606 | PPL: 3.19
  [ 93.5%] Step 52,900 | Loss: 1.1615 | PPL: 3.19
  [ 93.8%] Step 53,000 | Loss: 1.1624 | PPL: 3.20
  [ 94.2%] Step 53,100 | Loss: 1.1578 | PPL: 3.18
  [ 94.6%] Step 53,200 | Loss: 1.1622 | PPL: 3.20
  [ 94.9%] Step 53,300 | Loss: 1.1613 | PPL: 3.19
  [ 95.3%] Step 53,400 | Loss: 1.1613 | PPL: 3.19
  [ 95.7%] Step 53,500 | Loss: 1.1603 | PPL: 3.19
  [ 96.0%] Step 53,600 | Loss: 1.1637 | PPL: 3.20
  [ 96.4%] Step 53,700 | Loss: 1.1598 | PPL: 3.19
  [ 96.8%] Step 53,800 | Loss: 1.1631 | PPL: 3.20
  [ 97.1%] Step 53,900 | Loss: 1.1573 | PPL: 3.18
  [ 97.5%] Step 54,000 | Loss: 1.1614 | PPL: 3.19
  [ 97.8%] Step 54,100 | Loss: 1.1605 | PPL: 3.19
  [ 98.2%] Step 54,200 | Loss: 1.1591 | PPL: 3.19
  [ 98.6%] Step 54,300 | Loss: 1.1583 | PPL: 3.18
  [ 98.9%] Step 54,400 | Loss: 1.1639 | PPL: 3.20
  [ 99.3%] Step 54,500 | Loss: 1.1596 | PPL: 3.19
  [ 99.7%] Step 54,600 | Loss: 1.1569 | PPL: 3.18
  [100.0%] Step 54,688 | Loss: 1.1576 | PPL: 3.18
[Epoch 2/3] Validating...
[Epoch 2/3] Loss: 1.3195 | PPL: 3.74
  -> Saved best model to checkpoints\az_best.pt
[Epoch 3/3] Starting...
  [  0.0%] Step 54,700 | Loss: 1.1567 | PPL: 3.18
  [  0.4%] Step 54,800 | Loss: 1.1579 | PPL: 3.18
  [  0.8%] Step 54,900 | Loss: 1.1619 | PPL: 3.20
  [  1.1%] Step 55,000 | Loss: 1.1576 | PPL: 3.18
  [  1.5%] Step 55,100 | Loss: 1.1558 | PPL: 3.18
  [  1.9%] Step 55,200 | Loss: 1.1548 | PPL: 3.17
  [  2.2%] Step 55,300 | Loss: 1.1557 | PPL: 3.18
  [  2.6%] Step 55,400 | Loss: 1.1556 | PPL: 3.18
  [  3.0%] Step 55,500 | Loss: 1.1604 | PPL: 3.19
  [  3.3%] Step 55,600 | Loss: 1.1563 | PPL: 3.18
  [  3.7%] Step 55,700 | Loss: 1.1553 | PPL: 3.17
  [  4.1%] Step 55,800 | Loss: 1.1551 | PPL: 3.17
  [  4.4%] Step 55,900 | Loss: 1.1559 | PPL: 3.18
  [  4.8%] Step 56,000 | Loss: 1.1559 | PPL: 3.18
  [  5.2%] Step 56,100 | Loss: 1.1573 | PPL: 3.18
  [  5.5%] Step 56,200 | Loss: 1.1568 | PPL: 3.18
  [  5.9%] Step 56,300 | Loss: 1.1547 | PPL: 3.17
  [  6.3%] Step 56,400 | Loss: 1.1576 | PPL: 3.18
  [  6.6%] Step 56,500 | Loss: 1.1571 | PPL: 3.18
  [  7.0%] Step 56,600 | Loss: 1.1504 | PPL: 3.16
  [  7.4%] Step 56,700 | Loss: 1.1570 | PPL: 3.18
  [  7.7%] Step 56,800 | Loss: 1.1538 | PPL: 3.17
  [  8.1%] Step 56,900 | Loss: 1.1514 | PPL: 3.16
  [  8.5%] Step 57,000 | Loss: 1.1499 | PPL: 3.16
  [  8.8%] Step 57,100 | Loss: 1.1525 | PPL: 3.17
  [  9.2%] Step 57,200 | Loss: 1.1539 | PPL: 3.17
  [  9.6%] Step 57,300 | Loss: 1.1588 | PPL: 3.19
  [  9.9%] Step 57,400 | Loss: 1.1513 | PPL: 3.16
  [ 10.3%] Step 57,500 | Loss: 1.1535 | PPL: 3.17
  [ 10.6%] Step 57,600 | Loss: 1.1493 | PPL: 3.16
  [ 11.0%] Step 57,700 | Loss: 1.1519 | PPL: 3.16
  [ 11.4%] Step 57,800 | Loss: 1.1522 | PPL: 3.17
  [ 11.7%] Step 57,900 | Loss: 1.1503 | PPL: 3.16
  [ 12.1%] Step 58,000 | Loss: 1.1558 | PPL: 3.18
  [ 12.5%] Step 58,100 | Loss: 1.1499 | PPL: 3.16
  [ 12.8%] Step 58,200 | Loss: 1.1536 | PPL: 3.17
  [ 13.2%] Step 58,300 | Loss: 1.1494 | PPL: 3.16
  [ 13.6%] Step 58,400 | Loss: 1.1513 | PPL: 3.16
  [ 13.9%] Step 58,500 | Loss: 1.1541 | PPL: 3.17
  [ 14.3%] Step 58,600 | Loss: 1.1484 | PPL: 3.15
  [ 14.7%] Step 58,700 | Loss: 1.1500 | PPL: 3.16
  [ 15.0%] Step 58,800 | Loss: 1.1481 | PPL: 3.15
  [ 15.4%] Step 58,900 | Loss: 1.1496 | PPL: 3.16
  [ 15.8%] Step 59,000 | Loss: 1.1493 | PPL: 3.16
  [ 16.1%] Step 59,100 | Loss: 1.1506 | PPL: 3.16
  [ 16.5%] Step 59,200 | Loss: 1.1523 | PPL: 3.17
  [ 16.9%] Step 59,300 | Loss: 1.1532 | PPL: 3.17
  [ 17.2%] Step 59,400 | Loss: 1.1490 | PPL: 3.16
  [ 17.6%] Step 59,500 | Loss: 1.1480 | PPL: 3.15
  [ 18.0%] Step 59,600 | Loss: 1.1517 | PPL: 3.16
  [ 18.3%] Step 59,700 | Loss: 1.1462 | PPL: 3.15
  [ 18.7%] Step 59,800 | Loss: 1.1512 | PPL: 3.16
  [ 19.1%] Step 59,900 | Loss: 1.1510 | PPL: 3.16
  [ 19.4%] Step 60,000 | Loss: 1.1487 | PPL: 3.15
  [ 19.8%] Step 60,100 | Loss: 1.1442 | PPL: 3.14
  [ 20.2%] Step 60,200 | Loss: 1.1428 | PPL: 3.14
  [ 20.5%] Step 60,300 | Loss: 1.1518 | PPL: 3.16
  [ 20.9%] Step 60,400 | Loss: 1.1464 | PPL: 3.15
  [ 21.3%] Step 60,500 | Loss: 1.1486 | PPL: 3.15
  [ 21.6%] Step 60,600 | Loss: 1.1497 | PPL: 3.16
  [ 22.0%] Step 60,700 | Loss: 1.1449 | PPL: 3.14
  [ 22.4%] Step 60,800 | Loss: 1.1437 | PPL: 3.14
  [ 22.7%] Step 60,900 | Loss: 1.1543 | PPL: 3.17
  [ 23.1%] Step 61,000 | Loss: 1.1505 | PPL: 3.16
  [ 23.4%] Step 61,100 | Loss: 1.1480 | PPL: 3.15
  [ 23.8%] Step 61,200 | Loss: 1.1441 | PPL: 3.14
  [ 24.2%] Step 61,300 | Loss: 1.1484 | PPL: 3.15
  [ 24.5%] Step 61,400 | Loss: 1.1472 | PPL: 3.15
  [ 24.9%] Step 61,500 | Loss: 1.1503 | PPL: 3.16
  [ 25.3%] Step 61,600 | Loss: 1.1461 | PPL: 3.15
  [ 25.6%] Step 61,700 | Loss: 1.1503 | PPL: 3.16
  [ 26.0%] Step 61,800 | Loss: 1.1453 | PPL: 3.14
  [ 26.4%] Step 61,900 | Loss: 1.1501 | PPL: 3.16
  [ 26.7%] Step 62,000 | Loss: 1.1455 | PPL: 3.14
  [ 27.1%] Step 62,100 | Loss: 1.1433 | PPL: 3.14
  [ 27.5%] Step 62,200 | Loss: 1.1437 | PPL: 3.14
  [ 27.8%] Step 62,300 | Loss: 1.1434 | PPL: 3.14
  [ 28.2%] Step 62,400 | Loss: 1.1447 | PPL: 3.14
  [ 28.6%] Step 62,500 | Loss: 1.1485 | PPL: 3.15
  [ 28.9%] Step 62,600 | Loss: 1.1461 | PPL: 3.15
  [ 29.3%] Step 62,700 | Loss: 1.1413 | PPL: 3.13
  [ 29.7%] Step 62,800 | Loss: 1.1427 | PPL: 3.14
  [ 30.0%] Step 62,900 | Loss: 1.1465 | PPL: 3.15
  [ 30.4%] Step 63,000 | Loss: 1.1417 | PPL: 3.13
  [ 30.8%] Step 63,100 | Loss: 1.1419 | PPL: 3.13
  [ 31.1%] Step 63,200 | Loss: 1.1474 | PPL: 3.15
  [ 31.5%] Step 63,300 | Loss: 1.1434 | PPL: 3.14
  [ 31.9%] Step 63,400 | Loss: 1.1452 | PPL: 3.14
  [ 32.2%] Step 63,500 | Loss: 1.1402 | PPL: 3.13
  [ 32.6%] Step 63,600 | Loss: 1.1459 | PPL: 3.15
  [ 33.0%] Step 63,700 | Loss: 1.1396 | PPL: 3.13
  [ 33.3%] Step 63,800 | Loss: 1.1376 | PPL: 3.12
  [ 33.7%] Step 63,900 | Loss: 1.1412 | PPL: 3.13
  [ 34.1%] Step 64,000 | Loss: 1.1372 | PPL: 3.12
  [ 34.4%] Step 64,100 | Loss: 1.1460 | PPL: 3.15
  [ 34.8%] Step 64,200 | Loss: 1.1431 | PPL: 3.14
  [ 35.2%] Step 64,300 | Loss: 1.1432 | PPL: 3.14
  [ 35.5%] Step 64,400 | Loss: 1.1428 | PPL: 3.14
  [ 35.9%] Step 64,500 | Loss: 1.1385 | PPL: 3.12
  [ 36.2%] Step 64,600 | Loss: 1.1400 | PPL: 3.13
  [ 36.6%] Step 64,700 | Loss: 1.1393 | PPL: 3.12
  [ 37.0%] Step 64,800 | Loss: 1.1422 | PPL: 3.13
  [ 37.3%] Step 64,900 | Loss: 1.1410 | PPL: 3.13
  [ 37.7%] Step 65,000 | Loss: 1.1411 | PPL: 3.13
  [ 38.1%] Step 65,100 | Loss: 1.1376 | PPL: 3.12
  [ 38.4%] Step 65,200 | Loss: 1.1401 | PPL: 3.13
  [ 38.8%] Step 65,300 | Loss: 1.1358 | PPL: 3.11
  [ 39.2%] Step 65,400 | Loss: 1.1365 | PPL: 3.12
  [ 39.5%] Step 65,500 | Loss: 1.1404 | PPL: 3.13
  [ 39.9%] Step 65,600 | Loss: 1.1408 | PPL: 3.13
  [ 40.3%] Step 65,700 | Loss: 1.1377 | PPL: 3.12
  [ 40.6%] Step 65,800 | Loss: 1.1405 | PPL: 3.13
  [ 41.0%] Step 65,900 | Loss: 1.1390 | PPL: 3.12
  [ 41.4%] Step 66,000 | Loss: 1.1316 | PPL: 3.10
  [ 41.7%] Step 66,100 | Loss: 1.1411 | PPL: 3.13
  [ 42.1%] Step 66,200 | Loss: 1.1435 | PPL: 3.14
  [ 42.5%] Step 66,300 | Loss: 1.1386 | PPL: 3.12
  [ 42.8%] Step 66,400 | Loss: 1.1437 | PPL: 3.14
  [ 43.2%] Step 66,500 | Loss: 1.1347 | PPL: 3.11
  [ 43.6%] Step 66,600 | Loss: 1.1398 | PPL: 3.13
  [ 43.9%] Step 66,700 | Loss: 1.1392 | PPL: 3.12
  [ 44.3%] Step 66,800 | Loss: 1.1390 | PPL: 3.12
  [ 44.7%] Step 66,900 | Loss: 1.1393 | PPL: 3.12
  [ 45.0%] Step 67,000 | Loss: 1.1373 | PPL: 3.12
  [ 45.4%] Step 67,100 | Loss: 1.1374 | PPL: 3.12
  [ 45.8%] Step 67,200 | Loss: 1.1381 | PPL: 3.12
  [ 46.1%] Step 67,300 | Loss: 1.1386 | PPL: 3.12
  [ 46.5%] Step 67,400 | Loss: 1.1343 | PPL: 3.11
  [ 46.9%] Step 67,500 | Loss: 1.1360 | PPL: 3.11
  [ 47.2%] Step 67,600 | Loss: 1.1347 | PPL: 3.11
  [ 47.6%] Step 67,700 | Loss: 1.1381 | PPL: 3.12
  [ 48.0%] Step 67,800 | Loss: 1.1354 | PPL: 3.11
  [ 48.3%] Step 67,900 | Loss: 1.1362 | PPL: 3.11
  [ 48.7%] Step 68,000 | Loss: 1.1387 | PPL: 3.12
  [ 49.0%] Step 68,100 | Loss: 1.1409 | PPL: 3.13
  [ 49.4%] Step 68,200 | Loss: 1.1432 | PPL: 3.14
  [ 49.8%] Step 68,300 | Loss: 1.1395 | PPL: 3.13
  [ 50.1%] Step 68,400 | Loss: 1.1343 | PPL: 3.11
  [ 50.5%] Step 68,500 | Loss: 1.1395 | PPL: 3.13
  [ 50.9%] Step 68,600 | Loss: 1.1318 | PPL: 3.10
  [ 51.2%] Step 68,700 | Loss: 1.1373 | PPL: 3.12
  [ 51.6%] Step 68,800 | Loss: 1.1386 | PPL: 3.12
  [ 52.0%] Step 68,900 | Loss: 1.1333 | PPL: 3.11
  [ 52.3%] Step 69,000 | Loss: 1.1325 | PPL: 3.10
  [ 52.7%] Step 69,100 | Loss: 1.1305 | PPL: 3.10
  [ 53.1%] Step 69,200 | Loss: 1.1325 | PPL: 3.10
  [ 53.4%] Step 69,300 | Loss: 1.1353 | PPL: 3.11
  [ 53.8%] Step 69,400 | Loss: 1.1303 | PPL: 3.10
  [ 54.2%] Step 69,500 | Loss: 1.1339 | PPL: 3.11
  [ 54.5%] Step 69,600 | Loss: 1.1341 | PPL: 3.11
  [ 54.9%] Step 69,700 | Loss: 1.1325 | PPL: 3.10
  [ 55.3%] Step 69,800 | Loss: 1.1385 | PPL: 3.12
  [ 55.6%] Step 69,900 | Loss: 1.1323 | PPL: 3.10
  [ 56.0%] Step 70,000 | Loss: 1.1335 | PPL: 3.11
  [ 56.4%] Step 70,100 | Loss: 1.1314 | PPL: 3.10
  [ 56.7%] Step 70,200 | Loss: 1.1350 | PPL: 3.11
  [ 57.1%] Step 70,300 | Loss: 1.1329 | PPL: 3.10
  [ 57.5%] Step 70,400 | Loss: 1.1347 | PPL: 3.11
  [ 57.8%] Step 70,500 | Loss: 1.1308 | PPL: 3.10
  [ 58.2%] Step 70,600 | Loss: 1.1312 | PPL: 3.10
  [ 58.6%] Step 70,700 | Loss: 1.1353 | PPL: 3.11
  [ 58.9%] Step 70,800 | Loss: 1.1349 | PPL: 3.11
  [ 59.3%] Step 70,900 | Loss: 1.1305 | PPL: 3.10
  [ 59.7%] Step 71,000 | Loss: 1.1332 | PPL: 3.11
  [ 60.0%] Step 71,100 | Loss: 1.1388 | PPL: 3.12
  [ 60.4%] Step 71,200 | Loss: 1.1304 | PPL: 3.10
  [ 60.8%] Step 71,300 | Loss: 1.1283 | PPL: 3.09
  [ 61.1%] Step 71,400 | Loss: 1.1302 | PPL: 3.10
  [ 61.5%] Step 71,500 | Loss: 1.1328 | PPL: 3.10
  [ 61.8%] Step 71,600 | Loss: 1.1332 | PPL: 3.11
  [ 62.2%] Step 71,700 | Loss: 1.1328 | PPL: 3.10
  [ 62.6%] Step 71,800 | Loss: 1.1298 | PPL: 3.09
  [ 62.9%] Step 71,900 | Loss: 1.1308 | PPL: 3.10
  [ 63.3%] Step 72,000 | Loss: 1.1288 | PPL: 3.09
  [ 63.7%] Step 72,100 | Loss: 1.1298 | PPL: 3.09
  [ 64.0%] Step 72,200 | Loss: 1.1290 | PPL: 3.09
  [ 64.4%] Step 72,300 | Loss: 1.1258 | PPL: 3.08
  [ 64.8%] Step 72,400 | Loss: 1.1311 | PPL: 3.10
  [ 65.1%] Step 72,500 | Loss: 1.1259 | PPL: 3.08
  [ 65.5%] Step 72,600 | Loss: 1.1317 | PPL: 3.10
  [ 65.9%] Step 72,700 | Loss: 1.1321 | PPL: 3.10
  [ 66.2%] Step 72,800 | Loss: 1.1267 | PPL: 3.09
  [ 66.6%] Step 72,900 | Loss: 1.1283 | PPL: 3.09
  [ 67.0%] Step 73,000 | Loss: 1.1305 | PPL: 3.10
  [ 67.3%] Step 73,100 | Loss: 1.1305 | PPL: 3.10
  [ 67.7%] Step 73,200 | Loss: 1.1261 | PPL: 3.08
  [ 68.1%] Step 73,300 | Loss: 1.1322 | PPL: 3.10
  [ 68.4%] Step 73,400 | Loss: 1.1299 | PPL: 3.10
  [ 68.8%] Step 73,500 | Loss: 1.1301 | PPL: 3.10
  [ 69.2%] Step 73,600 | Loss: 1.1283 | PPL: 3.09
  [ 69.5%] Step 73,700 | Loss: 1.1294 | PPL: 3.09
  [ 69.9%] Step 73,800 | Loss: 1.1285 | PPL: 3.09
  [ 70.3%] Step 73,900 | Loss: 1.1271 | PPL: 3.09
  [ 70.6%] Step 74,000 | Loss: 1.1282 | PPL: 3.09
  [ 71.0%] Step 74,100 | Loss: 1.1266 | PPL: 3.09
  [ 71.4%] Step 74,200 | Loss: 1.1238 | PPL: 3.08
  [ 71.7%] Step 74,300 | Loss: 1.1272 | PPL: 3.09
  [ 72.1%] Step 74,400 | Loss: 1.1288 | PPL: 3.09
  [ 72.5%] Step 74,500 | Loss: 1.1240 | PPL: 3.08
  [ 72.8%] Step 74,600 | Loss: 1.1271 | PPL: 3.09
  [ 73.2%] Step 74,700 | Loss: 1.1290 | PPL: 3.09
  [ 73.6%] Step 74,800 | Loss: 1.1255 | PPL: 3.08
  [ 73.9%] Step 74,900 | Loss: 1.1240 | PPL: 3.08
  [ 74.3%] Step 75,000 | Loss: 1.1287 | PPL: 3.09
  [ 74.6%] Step 75,100 | Loss: 1.1281 | PPL: 3.09
  [ 75.0%] Step 75,200 | Loss: 1.1283 | PPL: 3.09
  [ 75.4%] Step 75,300 | Loss: 1.1279 | PPL: 3.09
  [ 75.7%] Step 75,400 | Loss: 1.1231 | PPL: 3.07
  [ 76.1%] Step 75,500 | Loss: 1.1258 | PPL: 3.08
  [ 76.5%] Step 75,600 | Loss: 1.1288 | PPL: 3.09
  [ 76.8%] Step 75,700 | Loss: 1.1250 | PPL: 3.08
  [ 77.2%] Step 75,800 | Loss: 1.1279 | PPL: 3.09
  [ 77.6%] Step 75,900 | Loss: 1.1233 | PPL: 3.07
  [ 77.9%] Step 76,000 | Loss: 1.1211 | PPL: 3.07
  [ 78.3%] Step 76,100 | Loss: 1.1260 | PPL: 3.08
  [ 78.7%] Step 76,200 | Loss: 1.1257 | PPL: 3.08
  [ 79.0%] Step 76,300 | Loss: 1.1244 | PPL: 3.08
  [ 79.4%] Step 76,400 | Loss: 1.1274 | PPL: 3.09
  [ 79.8%] Step 76,500 | Loss: 1.1256 | PPL: 3.08
  [ 80.1%] Step 76,600 | Loss: 1.1228 | PPL: 3.07
  [ 80.5%] Step 76,700 | Loss: 1.1226 | PPL: 3.07
  [ 80.9%] Step 76,800 | Loss: 1.1290 | PPL: 3.09
  [ 81.2%] Step 76,900 | Loss: 1.1223 | PPL: 3.07
  [ 81.6%] Step 77,000 | Loss: 1.1251 | PPL: 3.08
  [ 82.0%] Step 77,100 | Loss: 1.1268 | PPL: 3.09
  [ 82.3%] Step 77,200 | Loss: 1.1231 | PPL: 3.07
  [ 82.7%] Step 77,300 | Loss: 1.1221 | PPL: 3.07
  [ 83.1%] Step 77,400 | Loss: 1.1290 | PPL: 3.09
  [ 83.4%] Step 77,500 | Loss: 1.1278 | PPL: 3.09
  [ 83.8%] Step 77,600 | Loss: 1.1220 | PPL: 3.07
  [ 84.2%] Step 77,700 | Loss: 1.1207 | PPL: 3.07
  [ 84.5%] Step 77,800 | Loss: 1.1243 | PPL: 3.08
  [ 84.9%] Step 77,900 | Loss: 1.1201 | PPL: 3.07
  [ 85.3%] Step 78,000 | Loss: 1.1272 | PPL: 3.09
  [ 85.6%] Step 78,100 | Loss: 1.1253 | PPL: 3.08
  [ 86.0%] Step 78,200 | Loss: 1.1250 | PPL: 3.08
  [ 86.4%] Step 78,300 | Loss: 1.1201 | PPL: 3.07
  [ 86.7%] Step 78,400 | Loss: 1.1230 | PPL: 3.07
  [ 87.1%] Step 78,500 | Loss: 1.1227 | PPL: 3.07
  [ 87.4%] Step 78,600 | Loss: 1.1231 | PPL: 3.07
  [ 87.8%] Step 78,700 | Loss: 1.1212 | PPL: 3.07
  [ 88.2%] Step 78,800 | Loss: 1.1237 | PPL: 3.08
  [ 88.5%] Step 78,900 | Loss: 1.1210 | PPL: 3.07
  [ 88.9%] Step 79,000 | Loss: 1.1191 | PPL: 3.06
  [ 89.3%] Step 79,100 | Loss: 1.1192 | PPL: 3.06
  [ 89.6%] Step 79,200 | Loss: 1.1232 | PPL: 3.07
  [ 90.0%] Step 79,300 | Loss: 1.1198 | PPL: 3.06
  [ 90.4%] Step 79,400 | Loss: 1.1192 | PPL: 3.06
  [ 90.7%] Step 79,500 | Loss: 1.1213 | PPL: 3.07
  [ 91.1%] Step 79,600 | Loss: 1.1188 | PPL: 3.06
  [ 91.5%] Step 79,700 | Loss: 1.1219 | PPL: 3.07
  [ 91.8%] Step 79,800 | Loss: 1.1173 | PPL: 3.06
  [ 92.2%] Step 79,900 | Loss: 1.1205 | PPL: 3.07
  [ 92.6%] Step 80,000 | Loss: 1.1230 | PPL: 3.07
  [ 92.9%] Step 80,100 | Loss: 1.1159 | PPL: 3.05
  [ 93.3%] Step 80,200 | Loss: 1.1166 | PPL: 3.05
  [ 93.7%] Step 80,300 | Loss: 1.1226 | PPL: 3.07
  [ 94.0%] Step 80,400 | Loss: 1.1243 | PPL: 3.08
  [ 94.4%] Step 80,500 | Loss: 1.1187 | PPL: 3.06
  [ 94.8%] Step 80,600 | Loss: 1.1216 | PPL: 3.07
  [ 95.1%] Step 80,700 | Loss: 1.1204 | PPL: 3.07
  [ 95.5%] Step 80,800 | Loss: 1.1216 | PPL: 3.07
  [ 95.9%] Step 80,900 | Loss: 1.1185 | PPL: 3.06
  [ 96.2%] Step 81,000 | Loss: 1.1190 | PPL: 3.06
  [ 96.6%] Step 81,100 | Loss: 1.1232 | PPL: 3.07
  [ 97.0%] Step 81,200 | Loss: 1.1183 | PPL: 3.06
  [ 97.3%] Step 81,300 | Loss: 1.1177 | PPL: 3.06
  [ 97.7%] Step 81,400 | Loss: 1.1211 | PPL: 3.07
  [ 98.1%] Step 81,500 | Loss: 1.1191 | PPL: 3.06
  [ 98.4%] Step 81,600 | Loss: 1.1168 | PPL: 3.06
  [ 98.8%] Step 81,700 | Loss: 1.1216 | PPL: 3.07
  [ 99.2%] Step 81,800 | Loss: 1.1207 | PPL: 3.07
  [ 99.5%] Step 81,900 | Loss: 1.1201 | PPL: 3.07
  [ 99.9%] Step 82,000 | Loss: 1.1176 | PPL: 3.06
  [100.0%] Step 82,032 | Loss: 1.1140 | PPL: 3.05
[Epoch 3/3] Validating...
[Epoch 3/3] Loss: 1.2995 | PPL: 3.67
  -> Saved best model to checkpoints\az_best.pt
============================================================
Training complete. Running final evaluation...
============================================================

Final Test Loss: 1.1219 | Test PPL: 3.07
Done!
poetry run python -m char_lstm.train --lang kk
Loading data from corpora_clean/oscar_kk_ipa.txt...
  Loaded: 10,000,000 chars total
  Train: 7,000,000 chars
  Val: 1,500,000 chars
  Test: 1,500,000 chars
Building vocab from training text...
  Vocab size: 79
============================================================
Training config
============================================================
  Language: Kazakh (kk)
  Mode: Train from scratch
  Device: cuda
  Batch size: 256
  Workers: 0
  Pin memory: True
  Epochs: 3
  LR: 0.0001
  Seed: 1234
  Freeze embed: False
  Output: checkpoints\kk_best.pt
Creating data loaders...
  Train batches: 27,344
  Val batches: 5,859

Model config
  Device: cuda
  Embed dim: 128
  Hidden dim: 256
  Layers: 2
  Parameters: 952,015
  Optimizer: Adam (lr=0.0001)
============================================================
Starting training: 3 epochs, 27344 batches/epoch
============================================================
[Epoch 1/3] Starting...
  [  0.4%] Step 100 | Loss: 3.7424 | PPL: 42.20
  [  0.7%] Step 200 | Loss: 3.2749 | PPL: 26.44
  [  1.1%] Step 300 | Loss: 3.0158 | PPL: 20.41
  [  1.5%] Step 400 | Loss: 2.7447 | PPL: 15.56
  [  1.8%] Step 500 | Loss: 2.6032 | PPL: 13.51
  [  2.2%] Step 600 | Loss: 2.5081 | PPL: 12.28
  [  2.6%] Step 700 | Loss: 2.4380 | PPL: 11.45
  [  2.9%] Step 800 | Loss: 2.3851 | PPL: 10.86
  [  3.3%] Step 900 | Loss: 2.3350 | PPL: 10.33
  [  3.7%] Step 1,000 | Loss: 2.2791 | PPL: 9.77
  [  4.0%] Step 1,100 | Loss: 2.2395 | PPL: 9.39
  [  4.4%] Step 1,200 | Loss: 2.1982 | PPL: 9.01
  [  4.8%] Step 1,300 | Loss: 2.1650 | PPL: 8.71
  [  5.1%] Step 1,400 | Loss: 2.1261 | PPL: 8.38
  [  5.5%] Step 1,500 | Loss: 2.0943 | PPL: 8.12
  [  5.9%] Step 1,600 | Loss: 2.0692 | PPL: 7.92
  [  6.2%] Step 1,700 | Loss: 2.0353 | PPL: 7.65
  [  6.6%] Step 1,800 | Loss: 2.0138 | PPL: 7.49
  [  6.9%] Step 1,900 | Loss: 1.9883 | PPL: 7.30
  [  7.3%] Step 2,000 | Loss: 1.9619 | PPL: 7.11
  [  7.7%] Step 2,100 | Loss: 1.9431 | PPL: 6.98
  [  8.0%] Step 2,200 | Loss: 1.9230 | PPL: 6.84
  [  8.4%] Step 2,300 | Loss: 1.9010 | PPL: 6.69
  [  8.8%] Step 2,400 | Loss: 1.8826 | PPL: 6.57
  [  9.1%] Step 2,500 | Loss: 1.8648 | PPL: 6.45
  [  9.5%] Step 2,600 | Loss: 1.8526 | PPL: 6.38
  [  9.9%] Step 2,700 | Loss: 1.8364 | PPL: 6.27
  [ 10.2%] Step 2,800 | Loss: 1.8255 | PPL: 6.21
  [ 10.6%] Step 2,900 | Loss: 1.8058 | PPL: 6.09
  [ 11.0%] Step 3,000 | Loss: 1.7940 | PPL: 6.01
  [ 11.3%] Step 3,100 | Loss: 1.7819 | PPL: 5.94
  [ 11.7%] Step 3,200 | Loss: 1.7652 | PPL: 5.84
  [ 12.1%] Step 3,300 | Loss: 1.7584 | PPL: 5.80
  [ 12.4%] Step 3,400 | Loss: 1.7501 | PPL: 5.76
  [ 12.8%] Step 3,500 | Loss: 1.7413 | PPL: 5.70
  [ 13.2%] Step 3,600 | Loss: 1.7282 | PPL: 5.63
  [ 13.5%] Step 3,700 | Loss: 1.7224 | PPL: 5.60
  [ 13.9%] Step 3,800 | Loss: 1.7115 | PPL: 5.54
  [ 14.3%] Step 3,900 | Loss: 1.7003 | PPL: 5.48
  [ 14.6%] Step 4,000 | Loss: 1.6887 | PPL: 5.41
  [ 15.0%] Step 4,100 | Loss: 1.6866 | PPL: 5.40
  [ 15.4%] Step 4,200 | Loss: 1.6744 | PPL: 5.34
  [ 15.7%] Step 4,300 | Loss: 1.6666 | PPL: 5.29
  [ 16.1%] Step 4,400 | Loss: 1.6619 | PPL: 5.27
  [ 16.5%] Step 4,500 | Loss: 1.6563 | PPL: 5.24
  [ 16.8%] Step 4,600 | Loss: 1.6525 | PPL: 5.22
  [ 17.2%] Step 4,700 | Loss: 1.6483 | PPL: 5.20
  [ 17.6%] Step 4,800 | Loss: 1.6413 | PPL: 5.16
  [ 17.9%] Step 4,900 | Loss: 1.6368 | PPL: 5.14
  [ 18.3%] Step 5,000 | Loss: 1.6254 | PPL: 5.08
  [ 18.7%] Step 5,100 | Loss: 1.6187 | PPL: 5.05
  [ 19.0%] Step 5,200 | Loss: 1.6139 | PPL: 5.02
  [ 19.4%] Step 5,300 | Loss: 1.6085 | PPL: 5.00
  [ 19.7%] Step 5,400 | Loss: 1.6042 | PPL: 4.97
  [ 20.1%] Step 5,500 | Loss: 1.6010 | PPL: 4.96
  [ 20.5%] Step 5,600 | Loss: 1.5949 | PPL: 4.93
  [ 20.8%] Step 5,700 | Loss: 1.5899 | PPL: 4.90
  [ 21.2%] Step 5,800 | Loss: 1.5862 | PPL: 4.88
  [ 21.6%] Step 5,900 | Loss: 1.5811 | PPL: 4.86
  [ 21.9%] Step 6,000 | Loss: 1.5781 | PPL: 4.85
  [ 22.3%] Step 6,100 | Loss: 1.5699 | PPL: 4.81
  [ 22.7%] Step 6,200 | Loss: 1.5652 | PPL: 4.78
  [ 23.0%] Step 6,300 | Loss: 1.5631 | PPL: 4.77
  [ 23.4%] Step 6,400 | Loss: 1.5545 | PPL: 4.73
  [ 23.8%] Step 6,500 | Loss: 1.5500 | PPL: 4.71
  [ 24.1%] Step 6,600 | Loss: 1.5483 | PPL: 4.70
  [ 24.5%] Step 6,700 | Loss: 1.5444 | PPL: 4.69
  [ 24.9%] Step 6,800 | Loss: 1.5432 | PPL: 4.68
  [ 25.2%] Step 6,900 | Loss: 1.5362 | PPL: 4.65
  [ 25.6%] Step 7,000 | Loss: 1.5330 | PPL: 4.63
  [ 26.0%] Step 7,100 | Loss: 1.5310 | PPL: 4.62
  [ 26.3%] Step 7,200 | Loss: 1.5283 | PPL: 4.61
  [ 26.7%] Step 7,300 | Loss: 1.5222 | PPL: 4.58
  [ 27.1%] Step 7,400 | Loss: 1.5172 | PPL: 4.56
  [ 27.4%] Step 7,500 | Loss: 1.5141 | PPL: 4.55
  [ 27.8%] Step 7,600 | Loss: 1.5125 | PPL: 4.54
  [ 28.2%] Step 7,700 | Loss: 1.5078 | PPL: 4.52
  [ 28.5%] Step 7,800 | Loss: 1.5061 | PPL: 4.51
  [ 28.9%] Step 7,900 | Loss: 1.5006 | PPL: 4.48
  [ 29.3%] Step 8,000 | Loss: 1.4972 | PPL: 4.47
  [ 29.6%] Step 8,100 | Loss: 1.4980 | PPL: 4.47
  [ 30.0%] Step 8,200 | Loss: 1.4974 | PPL: 4.47
  [ 30.4%] Step 8,300 | Loss: 1.4863 | PPL: 4.42
  [ 30.7%] Step 8,400 | Loss: 1.4840 | PPL: 4.41
  [ 31.1%] Step 8,500 | Loss: 1.4822 | PPL: 4.40
  [ 31.5%] Step 8,600 | Loss: 1.4805 | PPL: 4.40
  [ 31.8%] Step 8,700 | Loss: 1.4784 | PPL: 4.39
  [ 32.2%] Step 8,800 | Loss: 1.4767 | PPL: 4.38
  [ 32.5%] Step 8,900 | Loss: 1.4770 | PPL: 4.38
  [ 32.9%] Step 9,000 | Loss: 1.4665 | PPL: 4.33
  [ 33.3%] Step 9,100 | Loss: 1.4669 | PPL: 4.34
  [ 33.6%] Step 9,200 | Loss: 1.4625 | PPL: 4.32
  [ 34.0%] Step 9,300 | Loss: 1.4675 | PPL: 4.34
  [ 34.4%] Step 9,400 | Loss: 1.4576 | PPL: 4.30
  [ 34.7%] Step 9,500 | Loss: 1.4531 | PPL: 4.28
  [ 35.1%] Step 9,600 | Loss: 1.4537 | PPL: 4.28
  [ 35.5%] Step 9,700 | Loss: 1.4543 | PPL: 4.28
  [ 35.8%] Step 9,800 | Loss: 1.4516 | PPL: 4.27
  [ 36.2%] Step 9,900 | Loss: 1.4481 | PPL: 4.26
  [ 36.6%] Step 10,000 | Loss: 1.4496 | PPL: 4.26
  [ 36.9%] Step 10,100 | Loss: 1.4416 | PPL: 4.23
  [ 37.3%] Step 10,200 | Loss: 1.4414 | PPL: 4.23
  [ 37.7%] Step 10,300 | Loss: 1.4397 | PPL: 4.22
  [ 38.0%] Step 10,400 | Loss: 1.4330 | PPL: 4.19
  [ 38.4%] Step 10,500 | Loss: 1.4360 | PPL: 4.20
  [ 38.8%] Step 10,600 | Loss: 1.4364 | PPL: 4.21
  [ 39.1%] Step 10,700 | Loss: 1.4282 | PPL: 4.17
  [ 39.5%] Step 10,800 | Loss: 1.4259 | PPL: 4.16
  [ 39.9%] Step 10,900 | Loss: 1.4261 | PPL: 4.16
  [ 40.2%] Step 11,000 | Loss: 1.4285 | PPL: 4.17
  [ 40.6%] Step 11,100 | Loss: 1.4165 | PPL: 4.12
  [ 41.0%] Step 11,200 | Loss: 1.4260 | PPL: 4.16
  [ 41.3%] Step 11,300 | Loss: 1.4174 | PPL: 4.13
  [ 41.7%] Step 11,400 | Loss: 1.4165 | PPL: 4.12
  [ 42.1%] Step 11,500 | Loss: 1.4111 | PPL: 4.10
  [ 42.4%] Step 11,600 | Loss: 1.4097 | PPL: 4.09
  [ 42.8%] Step 11,700 | Loss: 1.4130 | PPL: 4.11
  [ 43.2%] Step 11,800 | Loss: 1.4076 | PPL: 4.09
  [ 43.5%] Step 11,900 | Loss: 1.4088 | PPL: 4.09
  [ 43.9%] Step 12,000 | Loss: 1.4026 | PPL: 4.07
  [ 44.3%] Step 12,100 | Loss: 1.4068 | PPL: 4.08
  [ 44.6%] Step 12,200 | Loss: 1.3983 | PPL: 4.05
  [ 45.0%] Step 12,300 | Loss: 1.3925 | PPL: 4.02
  [ 45.3%] Step 12,400 | Loss: 1.3960 | PPL: 4.04
  [ 45.7%] Step 12,500 | Loss: 1.3919 | PPL: 4.02
  [ 46.1%] Step 12,600 | Loss: 1.3940 | PPL: 4.03
  [ 46.4%] Step 12,700 | Loss: 1.3929 | PPL: 4.03
  [ 46.8%] Step 12,800 | Loss: 1.3826 | PPL: 3.99
  [ 47.2%] Step 12,900 | Loss: 1.3827 | PPL: 3.99
  [ 47.5%] Step 13,000 | Loss: 1.3807 | PPL: 3.98
  [ 47.9%] Step 13,100 | Loss: 1.3802 | PPL: 3.98
  [ 48.3%] Step 13,200 | Loss: 1.3798 | PPL: 3.97
  [ 48.6%] Step 13,300 | Loss: 1.3768 | PPL: 3.96
  [ 49.0%] Step 13,400 | Loss: 1.3817 | PPL: 3.98
  [ 49.4%] Step 13,500 | Loss: 1.3815 | PPL: 3.98
  [ 49.7%] Step 13,600 | Loss: 1.3733 | PPL: 3.95
  [ 50.1%] Step 13,700 | Loss: 1.3747 | PPL: 3.95
  [ 50.5%] Step 13,800 | Loss: 1.3749 | PPL: 3.95
  [ 50.8%] Step 13,900 | Loss: 1.3739 | PPL: 3.95
  [ 51.2%] Step 14,000 | Loss: 1.3702 | PPL: 3.94
  [ 51.6%] Step 14,100 | Loss: 1.3678 | PPL: 3.93
  [ 51.9%] Step 14,200 | Loss: 1.3651 | PPL: 3.92
  [ 52.3%] Step 14,300 | Loss: 1.3634 | PPL: 3.91
  [ 52.7%] Step 14,400 | Loss: 1.3689 | PPL: 3.93
  [ 53.0%] Step 14,500 | Loss: 1.3595 | PPL: 3.89
  [ 53.4%] Step 14,600 | Loss: 1.3589 | PPL: 3.89
  [ 53.8%] Step 14,700 | Loss: 1.3585 | PPL: 3.89
  [ 54.1%] Step 14,800 | Loss: 1.3577 | PPL: 3.89
  [ 54.5%] Step 14,900 | Loss: 1.3561 | PPL: 3.88
  [ 54.9%] Step 15,000 | Loss: 1.3518 | PPL: 3.86
  [ 55.2%] Step 15,100 | Loss: 1.3521 | PPL: 3.87
  [ 55.6%] Step 15,200 | Loss: 1.3581 | PPL: 3.89
  [ 56.0%] Step 15,300 | Loss: 1.3512 | PPL: 3.86
  [ 56.3%] Step 15,400 | Loss: 1.3515 | PPL: 3.86
  [ 56.7%] Step 15,500 | Loss: 1.3478 | PPL: 3.85
  [ 57.1%] Step 15,600 | Loss: 1.3446 | PPL: 3.84
  [ 57.4%] Step 15,700 | Loss: 1.3459 | PPL: 3.84
  [ 57.8%] Step 15,800 | Loss: 1.3442 | PPL: 3.84
  [ 58.1%] Step 15,900 | Loss: 1.3440 | PPL: 3.83
  [ 58.5%] Step 16,000 | Loss: 1.3414 | PPL: 3.82
  [ 58.9%] Step 16,100 | Loss: 1.3391 | PPL: 3.82
  [ 59.2%] Step 16,200 | Loss: 1.3436 | PPL: 3.83
  [ 59.6%] Step 16,300 | Loss: 1.3407 | PPL: 3.82
  [ 60.0%] Step 16,400 | Loss: 1.3380 | PPL: 3.81
  [ 60.3%] Step 16,500 | Loss: 1.3332 | PPL: 3.79
  [ 60.7%] Step 16,600 | Loss: 1.3310 | PPL: 3.78
  [ 61.1%] Step 16,700 | Loss: 1.3335 | PPL: 3.79
  [ 61.4%] Step 16,800 | Loss: 1.3313 | PPL: 3.79
  [ 61.8%] Step 16,900 | Loss: 1.3313 | PPL: 3.79
  [ 62.2%] Step 17,000 | Loss: 1.3258 | PPL: 3.77
  [ 62.5%] Step 17,100 | Loss: 1.3296 | PPL: 3.78
  [ 62.9%] Step 17,200 | Loss: 1.3273 | PPL: 3.77
  [ 63.3%] Step 17,300 | Loss: 1.3282 | PPL: 3.77
  [ 63.6%] Step 17,400 | Loss: 1.3256 | PPL: 3.76
  [ 64.0%] Step 17,500 | Loss: 1.3276 | PPL: 3.77
  [ 64.4%] Step 17,600 | Loss: 1.3206 | PPL: 3.75
  [ 64.7%] Step 17,700 | Loss: 1.3196 | PPL: 3.74
  [ 65.1%] Step 17,800 | Loss: 1.3233 | PPL: 3.76
  [ 65.5%] Step 17,900 | Loss: 1.3239 | PPL: 3.76
  [ 65.8%] Step 18,000 | Loss: 1.3244 | PPL: 3.76
  [ 66.2%] Step 18,100 | Loss: 1.3135 | PPL: 3.72
  [ 66.6%] Step 18,200 | Loss: 1.3176 | PPL: 3.73
  [ 66.9%] Step 18,300 | Loss: 1.3133 | PPL: 3.72
  [ 67.3%] Step 18,400 | Loss: 1.3137 | PPL: 3.72
  [ 67.7%] Step 18,500 | Loss: 1.3179 | PPL: 3.74
  [ 68.0%] Step 18,600 | Loss: 1.3083 | PPL: 3.70
  [ 68.4%] Step 18,700 | Loss: 1.3178 | PPL: 3.74
  [ 68.8%] Step 18,800 | Loss: 1.3095 | PPL: 3.70
  [ 69.1%] Step 18,900 | Loss: 1.3075 | PPL: 3.70
  [ 69.5%] Step 19,000 | Loss: 1.3017 | PPL: 3.68
  [ 69.9%] Step 19,100 | Loss: 1.3034 | PPL: 3.68
  [ 70.2%] Step 19,200 | Loss: 1.3099 | PPL: 3.71
  [ 70.6%] Step 19,300 | Loss: 1.3043 | PPL: 3.69
  [ 70.9%] Step 19,400 | Loss: 1.3055 | PPL: 3.69
  [ 71.3%] Step 19,500 | Loss: 1.3076 | PPL: 3.70
  [ 71.7%] Step 19,600 | Loss: 1.3033 | PPL: 3.68
  [ 72.0%] Step 19,700 | Loss: 1.3005 | PPL: 3.67
  [ 72.4%] Step 19,800 | Loss: 1.3032 | PPL: 3.68
  [ 72.8%] Step 19,900 | Loss: 1.2974 | PPL: 3.66
  [ 73.1%] Step 20,000 | Loss: 1.2982 | PPL: 3.66
  [ 73.5%] Step 20,100 | Loss: 1.2982 | PPL: 3.66
  [ 73.9%] Step 20,200 | Loss: 1.2990 | PPL: 3.67
  [ 74.2%] Step 20,300 | Loss: 1.2996 | PPL: 3.67
  [ 74.6%] Step 20,400 | Loss: 1.2959 | PPL: 3.65
  [ 75.0%] Step 20,500 | Loss: 1.2971 | PPL: 3.66
  [ 75.3%] Step 20,600 | Loss: 1.2935 | PPL: 3.65
  [ 75.7%] Step 20,700 | Loss: 1.2942 | PPL: 3.65
  [ 76.1%] Step 20,800 | Loss: 1.2876 | PPL: 3.62
  [ 76.4%] Step 20,900 | Loss: 1.2926 | PPL: 3.64
  [ 76.8%] Step 21,000 | Loss: 1.2939 | PPL: 3.65
  [ 77.2%] Step 21,100 | Loss: 1.2905 | PPL: 3.63
  [ 77.5%] Step 21,200 | Loss: 1.2887 | PPL: 3.63
  [ 77.9%] Step 21,300 | Loss: 1.2858 | PPL: 3.62
  [ 78.3%] Step 21,400 | Loss: 1.2892 | PPL: 3.63
  [ 78.6%] Step 21,500 | Loss: 1.2871 | PPL: 3.62
  [ 79.0%] Step 21,600 | Loss: 1.2878 | PPL: 3.62
  [ 79.4%] Step 21,700 | Loss: 1.2866 | PPL: 3.62
  [ 79.7%] Step 21,800 | Loss: 1.2864 | PPL: 3.62
  [ 80.1%] Step 21,900 | Loss: 1.2802 | PPL: 3.60
  [ 80.5%] Step 22,000 | Loss: 1.2819 | PPL: 3.60
  [ 80.8%] Step 22,100 | Loss: 1.2788 | PPL: 3.59
  [ 81.2%] Step 22,200 | Loss: 1.2770 | PPL: 3.59
  [ 81.6%] Step 22,300 | Loss: 1.2783 | PPL: 3.59
  [ 81.9%] Step 22,400 | Loss: 1.2726 | PPL: 3.57
  [ 82.3%] Step 22,500 | Loss: 1.2774 | PPL: 3.59
  [ 82.7%] Step 22,600 | Loss: 1.2799 | PPL: 3.60
  [ 83.0%] Step 22,700 | Loss: 1.2744 | PPL: 3.58
  [ 83.4%] Step 22,800 | Loss: 1.2755 | PPL: 3.58
  [ 83.7%] Step 22,900 | Loss: 1.2726 | PPL: 3.57
  [ 84.1%] Step 23,000 | Loss: 1.2739 | PPL: 3.57
  [ 84.5%] Step 23,100 | Loss: 1.2761 | PPL: 3.58
  [ 84.8%] Step 23,200 | Loss: 1.2705 | PPL: 3.56
  [ 85.2%] Step 23,300 | Loss: 1.2721 | PPL: 3.57
  [ 85.6%] Step 23,400 | Loss: 1.2688 | PPL: 3.56
  [ 85.9%] Step 23,500 | Loss: 1.2682 | PPL: 3.55
  [ 86.3%] Step 23,600 | Loss: 1.2701 | PPL: 3.56
  [ 86.7%] Step 23,700 | Loss: 1.2684 | PPL: 3.56
  [ 87.0%] Step 23,800 | Loss: 1.2689 | PPL: 3.56
  [ 87.4%] Step 23,900 | Loss: 1.2706 | PPL: 3.56
  [ 87.8%] Step 24,000 | Loss: 1.2684 | PPL: 3.56
  [ 88.1%] Step 24,100 | Loss: 1.2659 | PPL: 3.55
  [ 88.5%] Step 24,200 | Loss: 1.2678 | PPL: 3.55
  [ 88.9%] Step 24,300 | Loss: 1.2676 | PPL: 3.55
  [ 89.2%] Step 24,400 | Loss: 1.2624 | PPL: 3.53
  [ 89.6%] Step 24,500 | Loss: 1.2655 | PPL: 3.54
  [ 90.0%] Step 24,600 | Loss: 1.2672 | PPL: 3.55
  [ 90.3%] Step 24,700 | Loss: 1.2633 | PPL: 3.54
  [ 90.7%] Step 24,800 | Loss: 1.2595 | PPL: 3.52
  [ 91.1%] Step 24,900 | Loss: 1.2589 | PPL: 3.52
  [ 91.4%] Step 25,000 | Loss: 1.2631 | PPL: 3.54
  [ 91.8%] Step 25,100 | Loss: 1.2580 | PPL: 3.52
  [ 92.2%] Step 25,200 | Loss: 1.2603 | PPL: 3.53
  [ 92.5%] Step 25,300 | Loss: 1.2593 | PPL: 3.52
  [ 92.9%] Step 25,400 | Loss: 1.2598 | PPL: 3.52
  [ 93.3%] Step 25,500 | Loss: 1.2531 | PPL: 3.50
  [ 93.6%] Step 25,600 | Loss: 1.2589 | PPL: 3.52
  [ 94.0%] Step 25,700 | Loss: 1.2587 | PPL: 3.52
  [ 94.4%] Step 25,800 | Loss: 1.2552 | PPL: 3.51
  [ 94.7%] Step 25,900 | Loss: 1.2554 | PPL: 3.51
  [ 95.1%] Step 26,000 | Loss: 1.2564 | PPL: 3.51
  [ 95.5%] Step 26,100 | Loss: 1.2560 | PPL: 3.51
  [ 95.8%] Step 26,200 | Loss: 1.2485 | PPL: 3.49
  [ 96.2%] Step 26,300 | Loss: 1.2550 | PPL: 3.51
  [ 96.5%] Step 26,400 | Loss: 1.2527 | PPL: 3.50
  [ 96.9%] Step 26,500 | Loss: 1.2472 | PPL: 3.48
  [ 97.3%] Step 26,600 | Loss: 1.2496 | PPL: 3.49
  [ 97.6%] Step 26,700 | Loss: 1.2521 | PPL: 3.50
  [ 98.0%] Step 26,800 | Loss: 1.2469 | PPL: 3.48
  [ 98.4%] Step 26,900 | Loss: 1.2454 | PPL: 3.47
  [ 98.7%] Step 27,000 | Loss: 1.2482 | PPL: 3.48
  [ 99.1%] Step 27,100 | Loss: 1.2437 | PPL: 3.47
  [ 99.5%] Step 27,200 | Loss: 1.2439 | PPL: 3.47
  [ 99.8%] Step 27,300 | Loss: 1.2407 | PPL: 3.46
  [100.0%] Step 27,344 | Loss: 1.2462 | PPL: 3.48
[Epoch 1/3] Validating...
[Epoch 1/3] Loss: 1.4036 | PPL: 4.07
  -> Saved best model to checkpoints\kk_best.pt
[Epoch 2/3] Starting...
  [  0.2%] Step 27,400 | Loss: 1.2449 | PPL: 3.47
  [  0.6%] Step 27,500 | Loss: 1.2430 | PPL: 3.47
  [  0.9%] Step 27,600 | Loss: 1.2410 | PPL: 3.46
  [  1.3%] Step 27,700 | Loss: 1.2434 | PPL: 3.47
  [  1.7%] Step 27,800 | Loss: 1.2417 | PPL: 3.46
  [  2.0%] Step 27,900 | Loss: 1.2454 | PPL: 3.47
  [  2.4%] Step 28,000 | Loss: 1.2408 | PPL: 3.46
  [  2.8%] Step 28,100 | Loss: 1.2409 | PPL: 3.46
  [  3.1%] Step 28,200 | Loss: 1.2405 | PPL: 3.46
  [  3.5%] Step 28,300 | Loss: 1.2410 | PPL: 3.46
  [  3.9%] Step 28,400 | Loss: 1.2356 | PPL: 3.44
  [  4.2%] Step 28,500 | Loss: 1.2370 | PPL: 3.45
  [  4.6%] Step 28,600 | Loss: 1.2365 | PPL: 3.44
  [  5.0%] Step 28,700 | Loss: 1.2364 | PPL: 3.44
  [  5.3%] Step 28,800 | Loss: 1.2406 | PPL: 3.46
  [  5.7%] Step 28,900 | Loss: 1.2389 | PPL: 3.45
  [  6.1%] Step 29,000 | Loss: 1.2353 | PPL: 3.44
  [  6.4%] Step 29,100 | Loss: 1.2341 | PPL: 3.44
  [  6.8%] Step 29,200 | Loss: 1.2342 | PPL: 3.44
  [  7.2%] Step 29,300 | Loss: 1.2310 | PPL: 3.42
  [  7.5%] Step 29,400 | Loss: 1.2372 | PPL: 3.45
  [  7.9%] Step 29,500 | Loss: 1.2352 | PPL: 3.44
  [  8.3%] Step 29,600 | Loss: 1.2301 | PPL: 3.42
  [  8.6%] Step 29,700 | Loss: 1.2332 | PPL: 3.43
  [  9.0%] Step 29,800 | Loss: 1.2302 | PPL: 3.42
  [  9.3%] Step 29,900 | Loss: 1.2256 | PPL: 3.41
  [  9.7%] Step 30,000 | Loss: 1.2292 | PPL: 3.42
  [ 10.1%] Step 30,100 | Loss: 1.2298 | PPL: 3.42
  [ 10.4%] Step 30,200 | Loss: 1.2289 | PPL: 3.42
  [ 10.8%] Step 30,300 | Loss: 1.2287 | PPL: 3.42
  [ 11.2%] Step 30,400 | Loss: 1.2306 | PPL: 3.42
  [ 11.5%] Step 30,500 | Loss: 1.2269 | PPL: 3.41
  [ 11.9%] Step 30,600 | Loss: 1.2286 | PPL: 3.42
  [ 12.3%] Step 30,700 | Loss: 1.2266 | PPL: 3.41
  [ 12.6%] Step 30,800 | Loss: 1.2246 | PPL: 3.40
  [ 13.0%] Step 30,900 | Loss: 1.2228 | PPL: 3.40
  [ 13.4%] Step 31,000 | Loss: 1.2287 | PPL: 3.42
  [ 13.7%] Step 31,100 | Loss: 1.2238 | PPL: 3.40
  [ 14.1%] Step 31,200 | Loss: 1.2261 | PPL: 3.41
  [ 14.5%] Step 31,300 | Loss: 1.2234 | PPL: 3.40
  [ 14.8%] Step 31,400 | Loss: 1.2282 | PPL: 3.42
  [ 15.2%] Step 31,500 | Loss: 1.2208 | PPL: 3.39
  [ 15.6%] Step 31,600 | Loss: 1.2229 | PPL: 3.40
  [ 15.9%] Step 31,700 | Loss: 1.2188 | PPL: 3.38
  [ 16.3%] Step 31,800 | Loss: 1.2243 | PPL: 3.40
  [ 16.7%] Step 31,900 | Loss: 1.2214 | PPL: 3.39
  [ 17.0%] Step 32,000 | Loss: 1.2212 | PPL: 3.39
  [ 17.4%] Step 32,100 | Loss: 1.2190 | PPL: 3.38
  [ 17.8%] Step 32,200 | Loss: 1.2182 | PPL: 3.38
  [ 18.1%] Step 32,300 | Loss: 1.2190 | PPL: 3.38
  [ 18.5%] Step 32,400 | Loss: 1.2219 | PPL: 3.39
  [ 18.9%] Step 32,500 | Loss: 1.2180 | PPL: 3.38
  [ 19.2%] Step 32,600 | Loss: 1.2172 | PPL: 3.38
  [ 19.6%] Step 32,700 | Loss: 1.2158 | PPL: 3.37
  [ 20.0%] Step 32,800 | Loss: 1.2161 | PPL: 3.37
  [ 20.3%] Step 32,900 | Loss: 1.2187 | PPL: 3.38
  [ 20.7%] Step 33,000 | Loss: 1.2149 | PPL: 3.37
  [ 21.1%] Step 33,100 | Loss: 1.2166 | PPL: 3.38
  [ 21.4%] Step 33,200 | Loss: 1.2125 | PPL: 3.36
  [ 21.8%] Step 33,300 | Loss: 1.2145 | PPL: 3.37
  [ 22.1%] Step 33,400 | Loss: 1.2145 | PPL: 3.37
  [ 22.5%] Step 33,500 | Loss: 1.2076 | PPL: 3.35
  [ 22.9%] Step 33,600 | Loss: 1.2137 | PPL: 3.37
  [ 23.2%] Step 33,700 | Loss: 1.2075 | PPL: 3.35
  [ 23.6%] Step 33,800 | Loss: 1.2125 | PPL: 3.36
  [ 24.0%] Step 33,900 | Loss: 1.2132 | PPL: 3.36
  [ 24.3%] Step 34,000 | Loss: 1.2115 | PPL: 3.36
  [ 24.7%] Step 34,100 | Loss: 1.2082 | PPL: 3.35
  [ 25.1%] Step 34,200 | Loss: 1.2085 | PPL: 3.35
  [ 25.4%] Step 34,300 | Loss: 1.2083 | PPL: 3.35
  [ 25.8%] Step 34,400 | Loss: 1.2102 | PPL: 3.35
  [ 26.2%] Step 34,500 | Loss: 1.2090 | PPL: 3.35
  [ 26.5%] Step 34,600 | Loss: 1.2084 | PPL: 3.35
  [ 26.9%] Step 34,700 | Loss: 1.2083 | PPL: 3.35
  [ 27.3%] Step 34,800 | Loss: 1.2073 | PPL: 3.34
  [ 27.6%] Step 34,900 | Loss: 1.2072 | PPL: 3.34
  [ 28.0%] Step 35,000 | Loss: 1.2105 | PPL: 3.36
  [ 28.4%] Step 35,100 | Loss: 1.2040 | PPL: 3.33
  [ 28.7%] Step 35,200 | Loss: 1.2020 | PPL: 3.33
  [ 29.1%] Step 35,300 | Loss: 1.2049 | PPL: 3.34
  [ 29.5%] Step 35,400 | Loss: 1.2005 | PPL: 3.32
  [ 29.8%] Step 35,500 | Loss: 1.2060 | PPL: 3.34
  [ 30.2%] Step 35,600 | Loss: 1.2033 | PPL: 3.33
  [ 30.6%] Step 35,700 | Loss: 1.2026 | PPL: 3.33
  [ 30.9%] Step 35,800 | Loss: 1.2069 | PPL: 3.34
  [ 31.3%] Step 35,900 | Loss: 1.2066 | PPL: 3.34
  [ 31.7%] Step 36,000 | Loss: 1.1995 | PPL: 3.32
  [ 32.0%] Step 36,100 | Loss: 1.2054 | PPL: 3.34
  [ 32.4%] Step 36,200 | Loss: 1.1997 | PPL: 3.32
  [ 32.8%] Step 36,300 | Loss: 1.2018 | PPL: 3.33
  [ 33.1%] Step 36,400 | Loss: 1.2000 | PPL: 3.32
  [ 33.5%] Step 36,500 | Loss: 1.2013 | PPL: 3.32
  [ 33.9%] Step 36,600 | Loss: 1.2027 | PPL: 3.33
  [ 34.2%] Step 36,700 | Loss: 1.2010 | PPL: 3.32
  [ 34.6%] Step 36,800 | Loss: 1.2013 | PPL: 3.32
  [ 34.9%] Step 36,900 | Loss: 1.1979 | PPL: 3.31
  [ 35.3%] Step 37,000 | Loss: 1.1999 | PPL: 3.32
  [ 35.7%] Step 37,100 | Loss: 1.1949 | PPL: 3.30
  [ 36.0%] Step 37,200 | Loss: 1.1996 | PPL: 3.32
  [ 36.4%] Step 37,300 | Loss: 1.1975 | PPL: 3.31
  [ 36.8%] Step 37,400 | Loss: 1.2011 | PPL: 3.32
  [ 37.1%] Step 37,500 | Loss: 1.2003 | PPL: 3.32
  [ 37.5%] Step 37,600 | Loss: 1.1994 | PPL: 3.32
  [ 37.9%] Step 37,700 | Loss: 1.1969 | PPL: 3.31
  [ 38.2%] Step 37,800 | Loss: 1.1937 | PPL: 3.30
  [ 38.6%] Step 37,900 | Loss: 1.1936 | PPL: 3.30
  [ 39.0%] Step 38,000 | Loss: 1.2013 | PPL: 3.32
  [ 39.3%] Step 38,100 | Loss: 1.1986 | PPL: 3.32
  [ 39.7%] Step 38,200 | Loss: 1.1988 | PPL: 3.32
  [ 40.1%] Step 38,300 | Loss: 1.1928 | PPL: 3.30
  [ 40.4%] Step 38,400 | Loss: 1.1940 | PPL: 3.30
  [ 40.8%] Step 38,500 | Loss: 1.1984 | PPL: 3.31
  [ 41.2%] Step 38,600 | Loss: 1.1890 | PPL: 3.28
  [ 41.5%] Step 38,700 | Loss: 1.2010 | PPL: 3.32
  [ 41.9%] Step 38,800 | Loss: 1.1903 | PPL: 3.29
  [ 42.3%] Step 38,900 | Loss: 1.1926 | PPL: 3.30
  [ 42.6%] Step 39,000 | Loss: 1.1878 | PPL: 3.28
  [ 43.0%] Step 39,100 | Loss: 1.1957 | PPL: 3.31
  [ 43.4%] Step 39,200 | Loss: 1.1881 | PPL: 3.28
  [ 43.7%] Step 39,300 | Loss: 1.1901 | PPL: 3.29
  [ 44.1%] Step 39,400 | Loss: 1.1937 | PPL: 3.30
  [ 44.5%] Step 39,500 | Loss: 1.1853 | PPL: 3.27
  [ 44.8%] Step 39,600 | Loss: 1.1913 | PPL: 3.29
  [ 45.2%] Step 39,700 | Loss: 1.1951 | PPL: 3.30
  [ 45.6%] Step 39,800 | Loss: 1.1906 | PPL: 3.29
  [ 45.9%] Step 39,900 | Loss: 1.1898 | PPL: 3.29
  [ 46.3%] Step 40,000 | Loss: 1.1889 | PPL: 3.28
  [ 46.7%] Step 40,100 | Loss: 1.1865 | PPL: 3.28
  [ 47.0%] Step 40,200 | Loss: 1.1877 | PPL: 3.28
  [ 47.4%] Step 40,300 | Loss: 1.1888 | PPL: 3.28
  [ 47.7%] Step 40,400 | Loss: 1.1883 | PPL: 3.28
  [ 48.1%] Step 40,500 | Loss: 1.1880 | PPL: 3.28
  [ 48.5%] Step 40,600 | Loss: 1.1859 | PPL: 3.27
  [ 48.8%] Step 40,700 | Loss: 1.1854 | PPL: 3.27
  [ 49.2%] Step 40,800 | Loss: 1.1855 | PPL: 3.27
  [ 49.6%] Step 40,900 | Loss: 1.1842 | PPL: 3.27
  [ 49.9%] Step 41,000 | Loss: 1.1850 | PPL: 3.27
  [ 50.3%] Step 41,100 | Loss: 1.1849 | PPL: 3.27
  [ 50.7%] Step 41,200 | Loss: 1.1887 | PPL: 3.28
  [ 51.0%] Step 41,300 | Loss: 1.1852 | PPL: 3.27
  [ 51.4%] Step 41,400 | Loss: 1.1836 | PPL: 3.27
  [ 51.8%] Step 41,500 | Loss: 1.1867 | PPL: 3.28
  [ 52.1%] Step 41,600 | Loss: 1.1839 | PPL: 3.27
  [ 52.5%] Step 41,700 | Loss: 1.1813 | PPL: 3.26
  [ 52.9%] Step 41,800 | Loss: 1.1811 | PPL: 3.26
  [ 53.2%] Step 41,900 | Loss: 1.1821 | PPL: 3.26
  [ 53.6%] Step 42,000 | Loss: 1.1869 | PPL: 3.28
  [ 54.0%] Step 42,100 | Loss: 1.1812 | PPL: 3.26
  [ 54.3%] Step 42,200 | Loss: 1.1824 | PPL: 3.26
  [ 54.7%] Step 42,300 | Loss: 1.1772 | PPL: 3.25
  [ 55.1%] Step 42,400 | Loss: 1.1814 | PPL: 3.26
  [ 55.4%] Step 42,500 | Loss: 1.1847 | PPL: 3.27
  [ 55.8%] Step 42,600 | Loss: 1.1758 | PPL: 3.24
  [ 56.2%] Step 42,700 | Loss: 1.1794 | PPL: 3.25
  [ 56.5%] Step 42,800 | Loss: 1.1766 | PPL: 3.24
  [ 56.9%] Step 42,900 | Loss: 1.1777 | PPL: 3.25
  [ 57.3%] Step 43,000 | Loss: 1.1774 | PPL: 3.25
  [ 57.6%] Step 43,100 | Loss: 1.1796 | PPL: 3.25
  [ 58.0%] Step 43,200 | Loss: 1.1768 | PPL: 3.24
  [ 58.4%] Step 43,300 | Loss: 1.1785 | PPL: 3.25
  [ 58.7%] Step 43,400 | Loss: 1.1816 | PPL: 3.26
  [ 59.1%] Step 43,500 | Loss: 1.1770 | PPL: 3.24
  [ 59.4%] Step 43,600 | Loss: 1.1784 | PPL: 3.25
  [ 59.8%] Step 43,700 | Loss: 1.1713 | PPL: 3.23
  [ 60.2%] Step 43,800 | Loss: 1.1729 | PPL: 3.23
  [ 60.5%] Step 43,900 | Loss: 1.1777 | PPL: 3.25
  [ 60.9%] Step 44,000 | Loss: 1.1773 | PPL: 3.25
  [ 61.3%] Step 44,100 | Loss: 1.1811 | PPL: 3.26
  [ 61.6%] Step 44,200 | Loss: 1.1808 | PPL: 3.26
  [ 62.0%] Step 44,300 | Loss: 1.1703 | PPL: 3.22
  [ 62.4%] Step 44,400 | Loss: 1.1782 | PPL: 3.25
  [ 62.7%] Step 44,500 | Loss: 1.1706 | PPL: 3.22
  [ 63.1%] Step 44,600 | Loss: 1.1789 | PPL: 3.25
  [ 63.5%] Step 44,700 | Loss: 1.1690 | PPL: 3.22
  [ 63.8%] Step 44,800 | Loss: 1.1713 | PPL: 3.23
  [ 64.2%] Step 44,900 | Loss: 1.1725 | PPL: 3.23
  [ 64.6%] Step 45,000 | Loss: 1.1748 | PPL: 3.24
  [ 64.9%] Step 45,100 | Loss: 1.1760 | PPL: 3.24
  [ 65.3%] Step 45,200 | Loss: 1.1711 | PPL: 3.23
  [ 65.7%] Step 45,300 | Loss: 1.1770 | PPL: 3.24
  [ 66.0%] Step 45,400 | Loss: 1.1697 | PPL: 3.22
  [ 66.4%] Step 45,500 | Loss: 1.1744 | PPL: 3.24
  [ 66.8%] Step 45,600 | Loss: 1.1684 | PPL: 3.22
  [ 67.1%] Step 45,700 | Loss: 1.1693 | PPL: 3.22
  [ 67.5%] Step 45,800 | Loss: 1.1732 | PPL: 3.23
  [ 67.9%] Step 45,900 | Loss: 1.1720 | PPL: 3.23
  [ 68.2%] Step 46,000 | Loss: 1.1660 | PPL: 3.21
  [ 68.6%] Step 46,100 | Loss: 1.1682 | PPL: 3.22
  [ 69.0%] Step 46,200 | Loss: 1.1716 | PPL: 3.23
  [ 69.3%] Step 46,300 | Loss: 1.1674 | PPL: 3.21
  [ 69.7%] Step 46,400 | Loss: 1.1717 | PPL: 3.23
  [ 70.1%] Step 46,500 | Loss: 1.1661 | PPL: 3.21
  [ 70.4%] Step 46,600 | Loss: 1.1693 | PPL: 3.22
  [ 70.8%] Step 46,700 | Loss: 1.1726 | PPL: 3.23
  [ 71.2%] Step 46,800 | Loss: 1.1659 | PPL: 3.21
  [ 71.5%] Step 46,900 | Loss: 1.1634 | PPL: 3.20
  [ 71.9%] Step 47,000 | Loss: 1.1690 | PPL: 3.22
  [ 72.2%] Step 47,100 | Loss: 1.1658 | PPL: 3.21
  [ 72.6%] Step 47,200 | Loss: 1.1665 | PPL: 3.21
  [ 73.0%] Step 47,300 | Loss: 1.1702 | PPL: 3.22
  [ 73.3%] Step 47,400 | Loss: 1.1691 | PPL: 3.22
  [ 73.7%] Step 47,500 | Loss: 1.1692 | PPL: 3.22
  [ 74.1%] Step 47,600 | Loss: 1.1632 | PPL: 3.20
  [ 74.4%] Step 47,700 | Loss: 1.1677 | PPL: 3.21
  [ 74.8%] Step 47,800 | Loss: 1.1626 | PPL: 3.20
  [ 75.2%] Step 47,900 | Loss: 1.1665 | PPL: 3.21
  [ 75.5%] Step 48,000 | Loss: 1.1690 | PPL: 3.22
  [ 75.9%] Step 48,100 | Loss: 1.1698 | PPL: 3.22
  [ 76.3%] Step 48,200 | Loss: 1.1634 | PPL: 3.20
  [ 76.6%] Step 48,300 | Loss: 1.1657 | PPL: 3.21
  [ 77.0%] Step 48,400 | Loss: 1.1640 | PPL: 3.20
  [ 77.4%] Step 48,500 | Loss: 1.1597 | PPL: 3.19
  [ 77.7%] Step 48,600 | Loss: 1.1641 | PPL: 3.20
  [ 78.1%] Step 48,700 | Loss: 1.1626 | PPL: 3.20
  [ 78.5%] Step 48,800 | Loss: 1.1632 | PPL: 3.20
  [ 78.8%] Step 48,900 | Loss: 1.1615 | PPL: 3.19
  [ 79.2%] Step 49,000 | Loss: 1.1647 | PPL: 3.20
  [ 79.6%] Step 49,100 | Loss: 1.1615 | PPL: 3.19
  [ 79.9%] Step 49,200 | Loss: 1.1622 | PPL: 3.20
  [ 80.3%] Step 49,300 | Loss: 1.1618 | PPL: 3.20
  [ 80.7%] Step 49,400 | Loss: 1.1629 | PPL: 3.20
  [ 81.0%] Step 49,500 | Loss: 1.1618 | PPL: 3.20
  [ 81.4%] Step 49,600 | Loss: 1.1577 | PPL: 3.18
  [ 81.8%] Step 49,700 | Loss: 1.1565 | PPL: 3.18
  [ 82.1%] Step 49,800 | Loss: 1.1585 | PPL: 3.19
  [ 82.5%] Step 49,900 | Loss: 1.1574 | PPL: 3.18
  [ 82.9%] Step 50,000 | Loss: 1.1606 | PPL: 3.19
  [ 83.2%] Step 50,100 | Loss: 1.1597 | PPL: 3.19
  [ 83.6%] Step 50,200 | Loss: 1.1548 | PPL: 3.17
  [ 84.0%] Step 50,300 | Loss: 1.1559 | PPL: 3.18
  [ 84.3%] Step 50,400 | Loss: 1.1583 | PPL: 3.18
  [ 84.7%] Step 50,500 | Loss: 1.1541 | PPL: 3.17
  [ 85.0%] Step 50,600 | Loss: 1.1589 | PPL: 3.19
  [ 85.4%] Step 50,700 | Loss: 1.1545 | PPL: 3.17
  [ 85.8%] Step 50,800 | Loss: 1.1545 | PPL: 3.17
  [ 86.1%] Step 50,900 | Loss: 1.1579 | PPL: 3.18
  [ 86.5%] Step 51,000 | Loss: 1.1546 | PPL: 3.17
  [ 86.9%] Step 51,100 | Loss: 1.1565 | PPL: 3.18
  [ 87.2%] Step 51,200 | Loss: 1.1592 | PPL: 3.19
  [ 87.6%] Step 51,300 | Loss: 1.1552 | PPL: 3.17
  [ 88.0%] Step 51,400 | Loss: 1.1590 | PPL: 3.19
  [ 88.3%] Step 51,500 | Loss: 1.1595 | PPL: 3.19
  [ 88.7%] Step 51,600 | Loss: 1.1575 | PPL: 3.18
  [ 89.1%] Step 51,700 | Loss: 1.1566 | PPL: 3.18
  [ 89.4%] Step 51,800 | Loss: 1.1533 | PPL: 3.17
  [ 89.8%] Step 51,900 | Loss: 1.1585 | PPL: 3.19
  [ 90.2%] Step 52,000 | Loss: 1.1556 | PPL: 3.18
  [ 90.5%] Step 52,100 | Loss: 1.1542 | PPL: 3.17
  [ 90.9%] Step 52,200 | Loss: 1.1556 | PPL: 3.18
  [ 91.3%] Step 52,300 | Loss: 1.1548 | PPL: 3.17
  [ 91.6%] Step 52,400 | Loss: 1.1573 | PPL: 3.18
  [ 92.0%] Step 52,500 | Loss: 1.1562 | PPL: 3.18
  [ 92.4%] Step 52,600 | Loss: 1.1535 | PPL: 3.17
  [ 92.7%] Step 52,700 | Loss: 1.1513 | PPL: 3.16
  [ 93.1%] Step 52,800 | Loss: 1.1565 | PPL: 3.18
  [ 93.5%] Step 52,900 | Loss: 1.1516 | PPL: 3.16
  [ 93.8%] Step 53,000 | Loss: 1.1536 | PPL: 3.17
  [ 94.2%] Step 53,100 | Loss: 1.1517 | PPL: 3.16
  [ 94.6%] Step 53,200 | Loss: 1.1534 | PPL: 3.17
  [ 94.9%] Step 53,300 | Loss: 1.1512 | PPL: 3.16
  [ 95.3%] Step 53,400 | Loss: 1.1526 | PPL: 3.17
  [ 95.7%] Step 53,500 | Loss: 1.1543 | PPL: 3.17
  [ 96.0%] Step 53,600 | Loss: 1.1526 | PPL: 3.17
  [ 96.4%] Step 53,700 | Loss: 1.1496 | PPL: 3.16
  [ 96.8%] Step 53,800 | Loss: 1.1507 | PPL: 3.16
  [ 97.1%] Step 53,900 | Loss: 1.1520 | PPL: 3.16
  [ 97.5%] Step 54,000 | Loss: 1.1526 | PPL: 3.17
  [ 97.8%] Step 54,100 | Loss: 1.1486 | PPL: 3.15
  [ 98.2%] Step 54,200 | Loss: 1.1485 | PPL: 3.15
  [ 98.6%] Step 54,300 | Loss: 1.1484 | PPL: 3.15
  [ 98.9%] Step 54,400 | Loss: 1.1499 | PPL: 3.16
  [ 99.3%] Step 54,500 | Loss: 1.1486 | PPL: 3.15
  [ 99.7%] Step 54,600 | Loss: 1.1491 | PPL: 3.16
  [100.0%] Step 54,688 | Loss: 1.1470 | PPL: 3.15
[Epoch 2/3] Validating...
[Epoch 2/3] Loss: 1.3449 | PPL: 3.84
  -> Saved best model to checkpoints\kk_best.pt
[Epoch 3/3] Starting...
  [  0.0%] Step 54,700 | Loss: 1.1551 | PPL: 3.17
  [  0.4%] Step 54,800 | Loss: 1.1474 | PPL: 3.15
  [  0.8%] Step 54,900 | Loss: 1.1461 | PPL: 3.15
  [  1.1%] Step 55,000 | Loss: 1.1440 | PPL: 3.14
  [  1.5%] Step 55,100 | Loss: 1.1452 | PPL: 3.14
  [  1.9%] Step 55,200 | Loss: 1.1469 | PPL: 3.15
  [  2.2%] Step 55,300 | Loss: 1.1456 | PPL: 3.14
  [  2.6%] Step 55,400 | Loss: 1.1480 | PPL: 3.15
  [  3.0%] Step 55,500 | Loss: 1.1491 | PPL: 3.16
  [  3.3%] Step 55,600 | Loss: 1.1425 | PPL: 3.13
  [  3.7%] Step 55,700 | Loss: 1.1468 | PPL: 3.15
  [  4.1%] Step 55,800 | Loss: 1.1476 | PPL: 3.15
  [  4.4%] Step 55,900 | Loss: 1.1419 | PPL: 3.13
  [  4.8%] Step 56,000 | Loss: 1.1407 | PPL: 3.13
  [  5.2%] Step 56,100 | Loss: 1.1486 | PPL: 3.15
  [  5.5%] Step 56,200 | Loss: 1.1450 | PPL: 3.14
  [  5.9%] Step 56,300 | Loss: 1.1430 | PPL: 3.14
  [  6.3%] Step 56,400 | Loss: 1.1448 | PPL: 3.14
  [  6.6%] Step 56,500 | Loss: 1.1449 | PPL: 3.14
  [  7.0%] Step 56,600 | Loss: 1.1421 | PPL: 3.13
  [  7.4%] Step 56,700 | Loss: 1.1427 | PPL: 3.14
  [  7.7%] Step 56,800 | Loss: 1.1494 | PPL: 3.16
  [  8.1%] Step 56,900 | Loss: 1.1452 | PPL: 3.14
  [  8.5%] Step 57,000 | Loss: 1.1407 | PPL: 3.13
  [  8.8%] Step 57,100 | Loss: 1.1453 | PPL: 3.14
  [  9.2%] Step 57,200 | Loss: 1.1456 | PPL: 3.14
  [  9.6%] Step 57,300 | Loss: 1.1430 | PPL: 3.14
  [  9.9%] Step 57,400 | Loss: 1.1451 | PPL: 3.14
  [ 10.3%] Step 57,500 | Loss: 1.1397 | PPL: 3.13
  [ 10.6%] Step 57,600 | Loss: 1.1446 | PPL: 3.14
  [ 11.0%] Step 57,700 | Loss: 1.1441 | PPL: 3.14
  [ 11.4%] Step 57,800 | Loss: 1.1456 | PPL: 3.14
  [ 11.7%] Step 57,900 | Loss: 1.1403 | PPL: 3.13
  [ 12.1%] Step 58,000 | Loss: 1.1438 | PPL: 3.14
  [ 12.5%] Step 58,100 | Loss: 1.1387 | PPL: 3.12
  [ 12.8%] Step 58,200 | Loss: 1.1428 | PPL: 3.14
  [ 13.2%] Step 58,300 | Loss: 1.1388 | PPL: 3.12
  [ 13.6%] Step 58,400 | Loss: 1.1413 | PPL: 3.13
  [ 13.9%] Step 58,500 | Loss: 1.1386 | PPL: 3.12
  [ 14.3%] Step 58,600 | Loss: 1.1412 | PPL: 3.13
  [ 14.7%] Step 58,700 | Loss: 1.1379 | PPL: 3.12
  [ 15.0%] Step 58,800 | Loss: 1.1358 | PPL: 3.11
  [ 15.4%] Step 58,900 | Loss: 1.1403 | PPL: 3.13
  [ 15.8%] Step 59,000 | Loss: 1.1421 | PPL: 3.13
  [ 16.1%] Step 59,100 | Loss: 1.1392 | PPL: 3.12
  [ 16.5%] Step 59,200 | Loss: 1.1426 | PPL: 3.13
  [ 16.9%] Step 59,300 | Loss: 1.1342 | PPL: 3.11
  [ 17.2%] Step 59,400 | Loss: 1.1374 | PPL: 3.12
  [ 17.6%] Step 59,500 | Loss: 1.1424 | PPL: 3.13
  [ 18.0%] Step 59,600 | Loss: 1.1355 | PPL: 3.11
  [ 18.3%] Step 59,700 | Loss: 1.1385 | PPL: 3.12
  [ 18.7%] Step 59,800 | Loss: 1.1423 | PPL: 3.13
  [ 19.1%] Step 59,900 | Loss: 1.1363 | PPL: 3.12
  [ 19.4%] Step 60,000 | Loss: 1.1401 | PPL: 3.13
  [ 19.8%] Step 60,100 | Loss: 1.1372 | PPL: 3.12
  [ 20.2%] Step 60,200 | Loss: 1.1357 | PPL: 3.11
  [ 20.5%] Step 60,300 | Loss: 1.1384 | PPL: 3.12
  [ 20.9%] Step 60,400 | Loss: 1.1405 | PPL: 3.13
  [ 21.3%] Step 60,500 | Loss: 1.1375 | PPL: 3.12
  [ 21.6%] Step 60,600 | Loss: 1.1428 | PPL: 3.14
  [ 22.0%] Step 60,700 | Loss: 1.1397 | PPL: 3.13
  [ 22.4%] Step 60,800 | Loss: 1.1319 | PPL: 3.10
  [ 22.7%] Step 60,900 | Loss: 1.1374 | PPL: 3.12
  [ 23.1%] Step 61,000 | Loss: 1.1400 | PPL: 3.13
  [ 23.4%] Step 61,100 | Loss: 1.1348 | PPL: 3.11
  [ 23.8%] Step 61,200 | Loss: 1.1345 | PPL: 3.11
  [ 24.2%] Step 61,300 | Loss: 1.1350 | PPL: 3.11
  [ 24.5%] Step 61,400 | Loss: 1.1323 | PPL: 3.10
  [ 24.9%] Step 61,500 | Loss: 1.1316 | PPL: 3.10
  [ 25.3%] Step 61,600 | Loss: 1.1332 | PPL: 3.11
  [ 25.6%] Step 61,700 | Loss: 1.1381 | PPL: 3.12
  [ 26.0%] Step 61,800 | Loss: 1.1349 | PPL: 3.11
  [ 26.4%] Step 61,900 | Loss: 1.1378 | PPL: 3.12
  [ 26.7%] Step 62,000 | Loss: 1.1339 | PPL: 3.11
  [ 27.1%] Step 62,100 | Loss: 1.1400 | PPL: 3.13
  [ 27.5%] Step 62,200 | Loss: 1.1350 | PPL: 3.11
  [ 27.8%] Step 62,300 | Loss: 1.1345 | PPL: 3.11
  [ 28.2%] Step 62,400 | Loss: 1.1299 | PPL: 3.10
  [ 28.6%] Step 62,500 | Loss: 1.1362 | PPL: 3.12
  [ 28.9%] Step 62,600 | Loss: 1.1319 | PPL: 3.10
  [ 29.3%] Step 62,700 | Loss: 1.1373 | PPL: 3.12
  [ 29.7%] Step 62,800 | Loss: 1.1302 | PPL: 3.10
  [ 30.0%] Step 62,900 | Loss: 1.1322 | PPL: 3.10
  [ 30.4%] Step 63,000 | Loss: 1.1333 | PPL: 3.11
  [ 30.8%] Step 63,100 | Loss: 1.1338 | PPL: 3.11
  [ 31.1%] Step 63,200 | Loss: 1.1317 | PPL: 3.10
  [ 31.5%] Step 63,300 | Loss: 1.1322 | PPL: 3.10
  [ 31.9%] Step 63,400 | Loss: 1.1354 | PPL: 3.11
  [ 32.2%] Step 63,500 | Loss: 1.1275 | PPL: 3.09
  [ 32.6%] Step 63,600 | Loss: 1.1333 | PPL: 3.11
  [ 33.0%] Step 63,700 | Loss: 1.1315 | PPL: 3.10
  [ 33.3%] Step 63,800 | Loss: 1.1305 | PPL: 3.10
  [ 33.7%] Step 63,900 | Loss: 1.1303 | PPL: 3.10
  [ 34.1%] Step 64,000 | Loss: 1.1258 | PPL: 3.08
  [ 34.4%] Step 64,100 | Loss: 1.1358 | PPL: 3.11
  [ 34.8%] Step 64,200 | Loss: 1.1328 | PPL: 3.10
  [ 35.2%] Step 64,300 | Loss: 1.1304 | PPL: 3.10
  [ 35.5%] Step 64,400 | Loss: 1.1297 | PPL: 3.09
  [ 35.9%] Step 64,500 | Loss: 1.1334 | PPL: 3.11
  [ 36.2%] Step 64,600 | Loss: 1.1261 | PPL: 3.08
  [ 36.6%] Step 64,700 | Loss: 1.1280 | PPL: 3.09
  [ 37.0%] Step 64,800 | Loss: 1.1287 | PPL: 3.09
  [ 37.3%] Step 64,900 | Loss: 1.1319 | PPL: 3.10
  [ 37.7%] Step 65,000 | Loss: 1.1306 | PPL: 3.10
  [ 38.1%] Step 65,100 | Loss: 1.1283 | PPL: 3.09
  [ 38.4%] Step 65,200 | Loss: 1.1263 | PPL: 3.08
  [ 38.8%] Step 65,300 | Loss: 1.1259 | PPL: 3.08
  [ 39.2%] Step 65,400 | Loss: 1.1250 | PPL: 3.08
  [ 39.5%] Step 65,500 | Loss: 1.1305 | PPL: 3.10
  [ 39.9%] Step 65,600 | Loss: 1.1327 | PPL: 3.10
  [ 40.3%] Step 65,700 | Loss: 1.1273 | PPL: 3.09
  [ 40.6%] Step 65,800 | Loss: 1.1307 | PPL: 3.10
  [ 41.0%] Step 65,900 | Loss: 1.1334 | PPL: 3.11
  [ 41.4%] Step 66,000 | Loss: 1.1282 | PPL: 3.09
  [ 41.7%] Step 66,100 | Loss: 1.1256 | PPL: 3.08
  [ 42.1%] Step 66,200 | Loss: 1.1320 | PPL: 3.10
  [ 42.5%] Step 66,300 | Loss: 1.1289 | PPL: 3.09
  [ 42.8%] Step 66,400 | Loss: 1.1277 | PPL: 3.09
  [ 43.2%] Step 66,500 | Loss: 1.1278 | PPL: 3.09
  [ 43.6%] Step 66,600 | Loss: 1.1248 | PPL: 3.08
  [ 43.9%] Step 66,700 | Loss: 1.1251 | PPL: 3.08
  [ 44.3%] Step 66,800 | Loss: 1.1223 | PPL: 3.07
  [ 44.7%] Step 66,900 | Loss: 1.1295 | PPL: 3.09
  [ 45.0%] Step 67,000 | Loss: 1.1278 | PPL: 3.09
  [ 45.4%] Step 67,100 | Loss: 1.1240 | PPL: 3.08
  [ 45.8%] Step 67,200 | Loss: 1.1245 | PPL: 3.08
  [ 46.1%] Step 67,300 | Loss: 1.1290 | PPL: 3.09
  [ 46.5%] Step 67,400 | Loss: 1.1279 | PPL: 3.09
  [ 46.9%] Step 67,500 | Loss: 1.1238 | PPL: 3.08
  [ 47.2%] Step 67,600 | Loss: 1.1256 | PPL: 3.08
  [ 47.6%] Step 67,700 | Loss: 1.1236 | PPL: 3.08
  [ 48.0%] Step 67,800 | Loss: 1.1231 | PPL: 3.07
  [ 48.3%] Step 67,900 | Loss: 1.1242 | PPL: 3.08
  [ 48.7%] Step 68,000 | Loss: 1.1260 | PPL: 3.08
  [ 49.0%] Step 68,100 | Loss: 1.1257 | PPL: 3.08
  [ 49.4%] Step 68,200 | Loss: 1.1264 | PPL: 3.08
  [ 49.8%] Step 68,300 | Loss: 1.1195 | PPL: 3.06
  [ 50.1%] Step 68,400 | Loss: 1.1255 | PPL: 3.08
  [ 50.5%] Step 68,500 | Loss: 1.1269 | PPL: 3.09
  [ 50.9%] Step 68,600 | Loss: 1.1226 | PPL: 3.07
  [ 51.2%] Step 68,700 | Loss: 1.1218 | PPL: 3.07
  [ 51.6%] Step 68,800 | Loss: 1.1244 | PPL: 3.08
  [ 52.0%] Step 68,900 | Loss: 1.1261 | PPL: 3.08
  [ 52.3%] Step 69,000 | Loss: 1.1254 | PPL: 3.08
  [ 52.7%] Step 69,100 | Loss: 1.1236 | PPL: 3.08
  [ 53.1%] Step 69,200 | Loss: 1.1241 | PPL: 3.08
  [ 53.4%] Step 69,300 | Loss: 1.1233 | PPL: 3.07
  [ 53.8%] Step 69,400 | Loss: 1.1227 | PPL: 3.07
  [ 54.2%] Step 69,500 | Loss: 1.1177 | PPL: 3.06
  [ 54.5%] Step 69,600 | Loss: 1.1264 | PPL: 3.08
  [ 54.9%] Step 69,700 | Loss: 1.1249 | PPL: 3.08
  [ 55.3%] Step 69,800 | Loss: 1.1204 | PPL: 3.07
  [ 55.6%] Step 69,900 | Loss: 1.1222 | PPL: 3.07
  [ 56.0%] Step 70,000 | Loss: 1.1189 | PPL: 3.06
  [ 56.4%] Step 70,100 | Loss: 1.1201 | PPL: 3.07
  [ 56.7%] Step 70,200 | Loss: 1.1261 | PPL: 3.08
  [ 57.1%] Step 70,300 | Loss: 1.1190 | PPL: 3.06
  [ 57.5%] Step 70,400 | Loss: 1.1218 | PPL: 3.07
  [ 57.8%] Step 70,500 | Loss: 1.1202 | PPL: 3.07
  [ 58.2%] Step 70,600 | Loss: 1.1203 | PPL: 3.07
  [ 58.6%] Step 70,700 | Loss: 1.1215 | PPL: 3.07
  [ 58.9%] Step 70,800 | Loss: 1.1184 | PPL: 3.06
  [ 59.3%] Step 70,900 | Loss: 1.1183 | PPL: 3.06
  [ 59.7%] Step 71,000 | Loss: 1.1263 | PPL: 3.08
  [ 60.0%] Step 71,100 | Loss: 1.1197 | PPL: 3.06
  [ 60.4%] Step 71,200 | Loss: 1.1210 | PPL: 3.07
  [ 60.8%] Step 71,300 | Loss: 1.1194 | PPL: 3.06
  [ 61.1%] Step 71,400 | Loss: 1.1207 | PPL: 3.07
  [ 61.5%] Step 71,500 | Loss: 1.1161 | PPL: 3.05
  [ 61.8%] Step 71,600 | Loss: 1.1163 | PPL: 3.05
  [ 62.2%] Step 71,700 | Loss: 1.1209 | PPL: 3.07
  [ 62.6%] Step 71,800 | Loss: 1.1194 | PPL: 3.06
  [ 62.9%] Step 71,900 | Loss: 1.1247 | PPL: 3.08
  [ 63.3%] Step 72,000 | Loss: 1.1211 | PPL: 3.07
  [ 63.7%] Step 72,100 | Loss: 1.1170 | PPL: 3.06
  [ 64.0%] Step 72,200 | Loss: 1.1177 | PPL: 3.06
  [ 64.4%] Step 72,300 | Loss: 1.1164 | PPL: 3.05
  [ 64.8%] Step 72,400 | Loss: 1.1218 | PPL: 3.07
  [ 65.1%] Step 72,500 | Loss: 1.1146 | PPL: 3.05
  [ 65.5%] Step 72,600 | Loss: 1.1199 | PPL: 3.06
  [ 65.9%] Step 72,700 | Loss: 1.1178 | PPL: 3.06
  [ 66.2%] Step 72,800 | Loss: 1.1217 | PPL: 3.07
  [ 66.6%] Step 72,900 | Loss: 1.1142 | PPL: 3.05
  [ 67.0%] Step 73,000 | Loss: 1.1187 | PPL: 3.06
  [ 67.3%] Step 73,100 | Loss: 1.1178 | PPL: 3.06
  [ 67.7%] Step 73,200 | Loss: 1.1170 | PPL: 3.06
  [ 68.1%] Step 73,300 | Loss: 1.1188 | PPL: 3.06
  [ 68.4%] Step 73,400 | Loss: 1.1185 | PPL: 3.06
  [ 68.8%] Step 73,500 | Loss: 1.1196 | PPL: 3.06
  [ 69.2%] Step 73,600 | Loss: 1.1160 | PPL: 3.05
  [ 69.5%] Step 73,700 | Loss: 1.1148 | PPL: 3.05
  [ 69.9%] Step 73,800 | Loss: 1.1126 | PPL: 3.04
  [ 70.3%] Step 73,900 | Loss: 1.1210 | PPL: 3.07
  [ 70.6%] Step 74,000 | Loss: 1.1121 | PPL: 3.04
  [ 71.0%] Step 74,100 | Loss: 1.1166 | PPL: 3.05
  [ 71.4%] Step 74,200 | Loss: 1.1147 | PPL: 3.05
  [ 71.7%] Step 74,300 | Loss: 1.1176 | PPL: 3.06
  [ 72.1%] Step 74,400 | Loss: 1.1105 | PPL: 3.04
  [ 72.5%] Step 74,500 | Loss: 1.1165 | PPL: 3.05
  [ 72.8%] Step 74,600 | Loss: 1.1102 | PPL: 3.03
  [ 73.2%] Step 74,700 | Loss: 1.1164 | PPL: 3.05
  [ 73.6%] Step 74,800 | Loss: 1.1167 | PPL: 3.05
  [ 73.9%] Step 74,900 | Loss: 1.1177 | PPL: 3.06
  [ 74.3%] Step 75,000 | Loss: 1.1150 | PPL: 3.05
  [ 74.6%] Step 75,100 | Loss: 1.1082 | PPL: 3.03
  [ 75.0%] Step 75,200 | Loss: 1.1129 | PPL: 3.04
  [ 75.4%] Step 75,300 | Loss: 1.1074 | PPL: 3.03
  [ 75.7%] Step 75,400 | Loss: 1.1129 | PPL: 3.04
  [ 76.1%] Step 75,500 | Loss: 1.1145 | PPL: 3.05
  [ 76.5%] Step 75,600 | Loss: 1.1170 | PPL: 3.06
  [ 76.8%] Step 75,700 | Loss: 1.1157 | PPL: 3.05
  [ 77.2%] Step 75,800 | Loss: 1.1140 | PPL: 3.05
  [ 77.6%] Step 75,900 | Loss: 1.1165 | PPL: 3.05
  [ 77.9%] Step 76,000 | Loss: 1.1098 | PPL: 3.03
  [ 78.3%] Step 76,100 | Loss: 1.1141 | PPL: 3.05
  [ 78.7%] Step 76,200 | Loss: 1.1053 | PPL: 3.02
  [ 79.0%] Step 76,300 | Loss: 1.1170 | PPL: 3.06
  [ 79.4%] Step 76,400 | Loss: 1.1096 | PPL: 3.03
  [ 79.8%] Step 76,500 | Loss: 1.1106 | PPL: 3.04
  [ 80.1%] Step 76,600 | Loss: 1.1107 | PPL: 3.04
  [ 80.5%] Step 76,700 | Loss: 1.1180 | PPL: 3.06
  [ 80.9%] Step 76,800 | Loss: 1.1163 | PPL: 3.05
  [ 81.2%] Step 76,900 | Loss: 1.1100 | PPL: 3.03
  [ 81.6%] Step 77,000 | Loss: 1.1140 | PPL: 3.05
  [ 82.0%] Step 77,100 | Loss: 1.1106 | PPL: 3.04
  [ 82.3%] Step 77,200 | Loss: 1.1104 | PPL: 3.04
  [ 82.7%] Step 77,300 | Loss: 1.1135 | PPL: 3.04
  [ 83.1%] Step 77,400 | Loss: 1.1113 | PPL: 3.04
  [ 83.4%] Step 77,500 | Loss: 1.1136 | PPL: 3.05
  [ 83.8%] Step 77,600 | Loss: 1.1096 | PPL: 3.03
  [ 84.2%] Step 77,700 | Loss: 1.1100 | PPL: 3.03
  [ 84.5%] Step 77,800 | Loss: 1.1090 | PPL: 3.03
  [ 84.9%] Step 77,900 | Loss: 1.1119 | PPL: 3.04
  [ 85.3%] Step 78,000 | Loss: 1.1135 | PPL: 3.05
  [ 85.6%] Step 78,100 | Loss: 1.1083 | PPL: 3.03
  [ 86.0%] Step 78,200 | Loss: 1.1082 | PPL: 3.03
  [ 86.4%] Step 78,300 | Loss: 1.1105 | PPL: 3.04
  [ 86.7%] Step 78,400 | Loss: 1.1066 | PPL: 3.02
  [ 87.1%] Step 78,500 | Loss: 1.1102 | PPL: 3.03
  [ 87.4%] Step 78,600 | Loss: 1.1139 | PPL: 3.05
  [ 87.8%] Step 78,700 | Loss: 1.1112 | PPL: 3.04
  [ 88.2%] Step 78,800 | Loss: 1.1110 | PPL: 3.04
  [ 88.5%] Step 78,900 | Loss: 1.1029 | PPL: 3.01
  [ 88.9%] Step 79,000 | Loss: 1.1105 | PPL: 3.04
  [ 89.3%] Step 79,100 | Loss: 1.1079 | PPL: 3.03
  [ 89.6%] Step 79,200 | Loss: 1.1124 | PPL: 3.04
  [ 90.0%] Step 79,300 | Loss: 1.1093 | PPL: 3.03
  [ 90.4%] Step 79,400 | Loss: 1.1043 | PPL: 3.02
  [ 90.7%] Step 79,500 | Loss: 1.1112 | PPL: 3.04
  [ 91.1%] Step 79,600 | Loss: 1.1099 | PPL: 3.03
  [ 91.5%] Step 79,700 | Loss: 1.1037 | PPL: 3.02
  [ 91.8%] Step 79,800 | Loss: 1.1045 | PPL: 3.02
  [ 92.2%] Step 79,900 | Loss: 1.1091 | PPL: 3.03
  [ 92.6%] Step 80,000 | Loss: 1.0999 | PPL: 3.00
  [ 92.9%] Step 80,100 | Loss: 1.1079 | PPL: 3.03
  [ 93.3%] Step 80,200 | Loss: 1.1045 | PPL: 3.02
  [ 93.7%] Step 80,300 | Loss: 1.1061 | PPL: 3.02
  [ 94.0%] Step 80,400 | Loss: 1.1025 | PPL: 3.01
  [ 94.4%] Step 80,500 | Loss: 1.1056 | PPL: 3.02
  [ 94.8%] Step 80,600 | Loss: 1.1089 | PPL: 3.03
  [ 95.1%] Step 80,700 | Loss: 1.1047 | PPL: 3.02
  [ 95.5%] Step 80,800 | Loss: 1.1067 | PPL: 3.02
  [ 95.9%] Step 80,900 | Loss: 1.1117 | PPL: 3.04
  [ 96.2%] Step 81,000 | Loss: 1.1064 | PPL: 3.02
  [ 96.6%] Step 81,100 | Loss: 1.1104 | PPL: 3.04
  [ 97.0%] Step 81,200 | Loss: 1.1035 | PPL: 3.01
  [ 97.3%] Step 81,300 | Loss: 1.1127 | PPL: 3.04
  [ 97.7%] Step 81,400 | Loss: 1.1079 | PPL: 3.03
  [ 98.1%] Step 81,500 | Loss: 1.1051 | PPL: 3.02
  [ 98.4%] Step 81,600 | Loss: 1.1091 | PPL: 3.03
  [ 98.8%] Step 81,700 | Loss: 1.1047 | PPL: 3.02
  [ 99.2%] Step 81,800 | Loss: 1.1048 | PPL: 3.02
  [ 99.5%] Step 81,900 | Loss: 1.1017 | PPL: 3.01
  [ 99.9%] Step 82,000 | Loss: 1.1070 | PPL: 3.03
  [100.0%] Step 82,032 | Loss: 1.0994 | PPL: 3.00
[Epoch 3/3] Validating...
[Epoch 3/3] Loss: 1.3251 | PPL: 3.76
  -> Saved best model to checkpoints\kk_best.pt
============================================================
Training complete. Running final evaluation...
============================================================

Final Test Loss: 1.3646 | Test PPL: 3.91
Done!
poetry run python -m char_lstm.train --lang ky
Loading data from corpora_clean/oscar_ky_ipa.txt...
  Loaded: 10,000,000 chars total
  Train: 7,000,000 chars
  Val: 1,500,000 chars
  Test: 1,500,000 chars
Building vocab from training text...
  Vocab size: 83
============================================================
Training config
============================================================
  Language: Kyrgyz (ky)
  Mode: Train from scratch
  Device: cuda
  Batch size: 256
  Workers: 0
  Pin memory: True
  Epochs: 3
  LR: 0.0001
  Seed: 1234
  Freeze embed: False
  Output: checkpoints\ky_best.pt
Creating data loaders...
  Train batches: 27,344
  Val batches: 5,859

Model config
  Device: cuda
  Embed dim: 128
  Hidden dim: 256
  Layers: 2
  Parameters: 953,555
  Optimizer: Adam (lr=0.0001)
============================================================
Starting training: 3 epochs, 27344 batches/epoch
============================================================
[Epoch 1/3] Starting...
  [  0.4%] Step 100 | Loss: 3.7483 | PPL: 42.45
  [  0.7%] Step 200 | Loss: 3.2719 | PPL: 26.36
  [  1.1%] Step 300 | Loss: 3.0001 | PPL: 20.09
  [  1.5%] Step 400 | Loss: 2.7116 | PPL: 15.05
  [  1.8%] Step 500 | Loss: 2.5406 | PPL: 12.69
  [  2.2%] Step 600 | Loss: 2.4235 | PPL: 11.28
  [  2.6%] Step 700 | Loss: 2.3349 | PPL: 10.33
  [  2.9%] Step 800 | Loss: 2.2623 | PPL: 9.60
  [  3.3%] Step 900 | Loss: 2.2099 | PPL: 9.11
  [  3.7%] Step 1,000 | Loss: 2.1605 | PPL: 8.68
  [  4.0%] Step 1,100 | Loss: 2.1238 | PPL: 8.36
  [  4.4%] Step 1,200 | Loss: 2.0873 | PPL: 8.06
  [  4.8%] Step 1,300 | Loss: 2.0530 | PPL: 7.79
  [  5.1%] Step 1,400 | Loss: 2.0222 | PPL: 7.56
  [  5.5%] Step 1,500 | Loss: 1.9985 | PPL: 7.38
  [  5.9%] Step 1,600 | Loss: 1.9682 | PPL: 7.16
  [  6.2%] Step 1,700 | Loss: 1.9493 | PPL: 7.02
  [  6.6%] Step 1,800 | Loss: 1.9258 | PPL: 6.86
  [  6.9%] Step 1,900 | Loss: 1.8992 | PPL: 6.68
  [  7.3%] Step 2,000 | Loss: 1.8793 | PPL: 6.55
  [  7.7%] Step 2,100 | Loss: 1.8615 | PPL: 6.43
  [  8.0%] Step 2,200 | Loss: 1.8447 | PPL: 6.33
  [  8.4%] Step 2,300 | Loss: 1.8297 | PPL: 6.23
  [  8.8%] Step 2,400 | Loss: 1.8142 | PPL: 6.14
  [  9.1%] Step 2,500 | Loss: 1.8001 | PPL: 6.05
  [  9.5%] Step 2,600 | Loss: 1.7836 | PPL: 5.95
  [  9.9%] Step 2,700 | Loss: 1.7680 | PPL: 5.86
  [ 10.2%] Step 2,800 | Loss: 1.7560 | PPL: 5.79
  [ 10.6%] Step 2,900 | Loss: 1.7413 | PPL: 5.71
  [ 11.0%] Step 3,000 | Loss: 1.7344 | PPL: 5.67
  [ 11.3%] Step 3,100 | Loss: 1.7169 | PPL: 5.57
  [ 11.7%] Step 3,200 | Loss: 1.7108 | PPL: 5.53
  [ 12.1%] Step 3,300 | Loss: 1.7000 | PPL: 5.47
  [ 12.4%] Step 3,400 | Loss: 1.6919 | PPL: 5.43
  [ 12.8%] Step 3,500 | Loss: 1.6799 | PPL: 5.37
  [ 13.2%] Step 3,600 | Loss: 1.6724 | PPL: 5.32
  [ 13.5%] Step 3,700 | Loss: 1.6635 | PPL: 5.28
  [ 13.9%] Step 3,800 | Loss: 1.6559 | PPL: 5.24
  [ 14.3%] Step 3,900 | Loss: 1.6473 | PPL: 5.19
  [ 14.6%] Step 4,000 | Loss: 1.6388 | PPL: 5.15
  [ 15.0%] Step 4,100 | Loss: 1.6334 | PPL: 5.12
  [ 15.4%] Step 4,200 | Loss: 1.6273 | PPL: 5.09
  [ 15.7%] Step 4,300 | Loss: 1.6187 | PPL: 5.05
  [ 16.1%] Step 4,400 | Loss: 1.6133 | PPL: 5.02
  [ 16.5%] Step 4,500 | Loss: 1.6104 | PPL: 5.01
  [ 16.8%] Step 4,600 | Loss: 1.5989 | PPL: 4.95
  [ 17.2%] Step 4,700 | Loss: 1.5927 | PPL: 4.92
  [ 17.6%] Step 4,800 | Loss: 1.5893 | PPL: 4.90
  [ 17.9%] Step 4,900 | Loss: 1.5821 | PPL: 4.87
  [ 18.3%] Step 5,000 | Loss: 1.5787 | PPL: 4.85
  [ 18.7%] Step 5,100 | Loss: 1.5723 | PPL: 4.82
  [ 19.0%] Step 5,200 | Loss: 1.5669 | PPL: 4.79
  [ 19.4%] Step 5,300 | Loss: 1.5629 | PPL: 4.77
  [ 19.7%] Step 5,400 | Loss: 1.5555 | PPL: 4.74
  [ 20.1%] Step 5,500 | Loss: 1.5540 | PPL: 4.73
  [ 20.5%] Step 5,600 | Loss: 1.5481 | PPL: 4.70
  [ 20.8%] Step 5,700 | Loss: 1.5463 | PPL: 4.69
  [ 21.2%] Step 5,800 | Loss: 1.5395 | PPL: 4.66
  [ 21.6%] Step 5,900 | Loss: 1.5384 | PPL: 4.66
  [ 21.9%] Step 6,000 | Loss: 1.5323 | PPL: 4.63
  [ 22.3%] Step 6,100 | Loss: 1.5252 | PPL: 4.60
  [ 22.7%] Step 6,200 | Loss: 1.5256 | PPL: 4.60
  [ 23.0%] Step 6,300 | Loss: 1.5183 | PPL: 4.56
  [ 23.4%] Step 6,400 | Loss: 1.5174 | PPL: 4.56
  [ 23.8%] Step 6,500 | Loss: 1.5127 | PPL: 4.54
  [ 24.1%] Step 6,600 | Loss: 1.5086 | PPL: 4.52
  [ 24.5%] Step 6,700 | Loss: 1.5056 | PPL: 4.51
  [ 24.9%] Step 6,800 | Loss: 1.5014 | PPL: 4.49
  [ 25.2%] Step 6,900 | Loss: 1.4972 | PPL: 4.47
  [ 25.6%] Step 7,000 | Loss: 1.4960 | PPL: 4.46
  [ 26.0%] Step 7,100 | Loss: 1.4903 | PPL: 4.44
  [ 26.3%] Step 7,200 | Loss: 1.4878 | PPL: 4.43
  [ 26.7%] Step 7,300 | Loss: 1.4881 | PPL: 4.43
  [ 27.1%] Step 7,400 | Loss: 1.4812 | PPL: 4.40
  [ 27.4%] Step 7,500 | Loss: 1.4779 | PPL: 4.38
  [ 27.8%] Step 7,600 | Loss: 1.4765 | PPL: 4.38
  [ 28.2%] Step 7,700 | Loss: 1.4749 | PPL: 4.37
  [ 28.5%] Step 7,800 | Loss: 1.4714 | PPL: 4.36
  [ 28.9%] Step 7,900 | Loss: 1.4693 | PPL: 4.35
  [ 29.3%] Step 8,000 | Loss: 1.4644 | PPL: 4.33
  [ 29.6%] Step 8,100 | Loss: 1.4668 | PPL: 4.34
  [ 30.0%] Step 8,200 | Loss: 1.4601 | PPL: 4.31
  [ 30.4%] Step 8,300 | Loss: 1.4570 | PPL: 4.29
  [ 30.7%] Step 8,400 | Loss: 1.4584 | PPL: 4.30
  [ 31.1%] Step 8,500 | Loss: 1.4497 | PPL: 4.26
  [ 31.5%] Step 8,600 | Loss: 1.4490 | PPL: 4.26
  [ 31.8%] Step 8,700 | Loss: 1.4487 | PPL: 4.26
  [ 32.2%] Step 8,800 | Loss: 1.4470 | PPL: 4.25
  [ 32.5%] Step 8,900 | Loss: 1.4411 | PPL: 4.23
  [ 32.9%] Step 9,000 | Loss: 1.4443 | PPL: 4.24
  [ 33.3%] Step 9,100 | Loss: 1.4400 | PPL: 4.22
  [ 33.6%] Step 9,200 | Loss: 1.4314 | PPL: 4.18
  [ 34.0%] Step 9,300 | Loss: 1.4363 | PPL: 4.21
  [ 34.4%] Step 9,400 | Loss: 1.4292 | PPL: 4.18
  [ 34.7%] Step 9,500 | Loss: 1.4251 | PPL: 4.16
  [ 35.1%] Step 9,600 | Loss: 1.4242 | PPL: 4.15
  [ 35.5%] Step 9,700 | Loss: 1.4270 | PPL: 4.17
  [ 35.8%] Step 9,800 | Loss: 1.4241 | PPL: 4.15
  [ 36.2%] Step 9,900 | Loss: 1.4168 | PPL: 4.12
  [ 36.6%] Step 10,000 | Loss: 1.4149 | PPL: 4.12
  [ 36.9%] Step 10,100 | Loss: 1.4167 | PPL: 4.12
  [ 37.3%] Step 10,200 | Loss: 1.4133 | PPL: 4.11
  [ 37.7%] Step 10,300 | Loss: 1.4092 | PPL: 4.09
  [ 38.0%] Step 10,400 | Loss: 1.4105 | PPL: 4.10
  [ 38.4%] Step 10,500 | Loss: 1.4048 | PPL: 4.07
  [ 38.8%] Step 10,600 | Loss: 1.4062 | PPL: 4.08
  [ 39.1%] Step 10,700 | Loss: 1.4040 | PPL: 4.07
  [ 39.5%] Step 10,800 | Loss: 1.3983 | PPL: 4.05
  [ 39.9%] Step 10,900 | Loss: 1.3957 | PPL: 4.04
  [ 40.2%] Step 11,000 | Loss: 1.3972 | PPL: 4.04
  [ 40.6%] Step 11,100 | Loss: 1.3974 | PPL: 4.04
  [ 41.0%] Step 11,200 | Loss: 1.3923 | PPL: 4.02
  [ 41.3%] Step 11,300 | Loss: 1.3931 | PPL: 4.03
  [ 41.7%] Step 11,400 | Loss: 1.3893 | PPL: 4.01
  [ 42.1%] Step 11,500 | Loss: 1.3891 | PPL: 4.01
  [ 42.4%] Step 11,600 | Loss: 1.3872 | PPL: 4.00
  [ 42.8%] Step 11,700 | Loss: 1.3854 | PPL: 4.00
  [ 43.2%] Step 11,800 | Loss: 1.3855 | PPL: 4.00
  [ 43.5%] Step 11,900 | Loss: 1.3828 | PPL: 3.99
  [ 43.9%] Step 12,000 | Loss: 1.3789 | PPL: 3.97
  [ 44.3%] Step 12,100 | Loss: 1.3781 | PPL: 3.97
  [ 44.6%] Step 12,200 | Loss: 1.3773 | PPL: 3.96
  [ 45.0%] Step 12,300 | Loss: 1.3783 | PPL: 3.97
  [ 45.3%] Step 12,400 | Loss: 1.3748 | PPL: 3.95
  [ 45.7%] Step 12,500 | Loss: 1.3715 | PPL: 3.94
  [ 46.1%] Step 12,600 | Loss: 1.3702 | PPL: 3.94
  [ 46.4%] Step 12,700 | Loss: 1.3649 | PPL: 3.92
  [ 46.8%] Step 12,800 | Loss: 1.3645 | PPL: 3.91
  [ 47.2%] Step 12,900 | Loss: 1.3668 | PPL: 3.92
  [ 47.5%] Step 13,000 | Loss: 1.3621 | PPL: 3.90
  [ 47.9%] Step 13,100 | Loss: 1.3637 | PPL: 3.91
  [ 48.3%] Step 13,200 | Loss: 1.3609 | PPL: 3.90
  [ 48.6%] Step 13,300 | Loss: 1.3626 | PPL: 3.91
  [ 49.0%] Step 13,400 | Loss: 1.3598 | PPL: 3.90
  [ 49.4%] Step 13,500 | Loss: 1.3591 | PPL: 3.89
  [ 49.7%] Step 13,600 | Loss: 1.3563 | PPL: 3.88
  [ 50.1%] Step 13,700 | Loss: 1.3533 | PPL: 3.87
  [ 50.5%] Step 13,800 | Loss: 1.3498 | PPL: 3.86
  [ 50.8%] Step 13,900 | Loss: 1.3498 | PPL: 3.86
  [ 51.2%] Step 14,000 | Loss: 1.3516 | PPL: 3.86
  [ 51.6%] Step 14,100 | Loss: 1.3513 | PPL: 3.86
  [ 51.9%] Step 14,200 | Loss: 1.3512 | PPL: 3.86
  [ 52.3%] Step 14,300 | Loss: 1.3487 | PPL: 3.85
  [ 52.7%] Step 14,400 | Loss: 1.3452 | PPL: 3.84
  [ 53.0%] Step 14,500 | Loss: 1.3483 | PPL: 3.85
  [ 53.4%] Step 14,600 | Loss: 1.3424 | PPL: 3.83
  [ 53.8%] Step 14,700 | Loss: 1.3386 | PPL: 3.81
  [ 54.1%] Step 14,800 | Loss: 1.3374 | PPL: 3.81
  [ 54.5%] Step 14,900 | Loss: 1.3357 | PPL: 3.80
  [ 54.9%] Step 15,000 | Loss: 1.3362 | PPL: 3.80
  [ 55.2%] Step 15,100 | Loss: 1.3339 | PPL: 3.80
  [ 55.6%] Step 15,200 | Loss: 1.3342 | PPL: 3.80
  [ 56.0%] Step 15,300 | Loss: 1.3339 | PPL: 3.80
  [ 56.3%] Step 15,400 | Loss: 1.3334 | PPL: 3.79
  [ 56.7%] Step 15,500 | Loss: 1.3315 | PPL: 3.79
  [ 57.1%] Step 15,600 | Loss: 1.3308 | PPL: 3.78
  [ 57.4%] Step 15,700 | Loss: 1.3250 | PPL: 3.76
  [ 57.8%] Step 15,800 | Loss: 1.3294 | PPL: 3.78
  [ 58.1%] Step 15,900 | Loss: 1.3245 | PPL: 3.76
  [ 58.5%] Step 16,000 | Loss: 1.3282 | PPL: 3.77
  [ 58.9%] Step 16,100 | Loss: 1.3262 | PPL: 3.77
  [ 59.2%] Step 16,200 | Loss: 1.3206 | PPL: 3.75
  [ 59.6%] Step 16,300 | Loss: 1.3237 | PPL: 3.76
  [ 60.0%] Step 16,400 | Loss: 1.3210 | PPL: 3.75
  [ 60.3%] Step 16,500 | Loss: 1.3249 | PPL: 3.76
  [ 60.7%] Step 16,600 | Loss: 1.3185 | PPL: 3.74
  [ 61.1%] Step 16,700 | Loss: 1.3198 | PPL: 3.74
  [ 61.4%] Step 16,800 | Loss: 1.3207 | PPL: 3.75
  [ 61.8%] Step 16,900 | Loss: 1.3161 | PPL: 3.73
  [ 62.2%] Step 17,000 | Loss: 1.3139 | PPL: 3.72
  [ 62.5%] Step 17,100 | Loss: 1.3141 | PPL: 3.72
  [ 62.9%] Step 17,200 | Loss: 1.3156 | PPL: 3.73
  [ 63.3%] Step 17,300 | Loss: 1.3140 | PPL: 3.72
  [ 63.6%] Step 17,400 | Loss: 1.3116 | PPL: 3.71
  [ 64.0%] Step 17,500 | Loss: 1.3126 | PPL: 3.72
  [ 64.4%] Step 17,600 | Loss: 1.3064 | PPL: 3.69
  [ 64.7%] Step 17,700 | Loss: 1.3090 | PPL: 3.70
  [ 65.1%] Step 17,800 | Loss: 1.3090 | PPL: 3.70
  [ 65.5%] Step 17,900 | Loss: 1.3061 | PPL: 3.69
  [ 65.8%] Step 18,000 | Loss: 1.3062 | PPL: 3.69
  [ 66.2%] Step 18,100 | Loss: 1.3070 | PPL: 3.69
  [ 66.6%] Step 18,200 | Loss: 1.3034 | PPL: 3.68
  [ 66.9%] Step 18,300 | Loss: 1.3060 | PPL: 3.69
  [ 67.3%] Step 18,400 | Loss: 1.3010 | PPL: 3.67
  [ 67.7%] Step 18,500 | Loss: 1.3046 | PPL: 3.69
  [ 68.0%] Step 18,600 | Loss: 1.2994 | PPL: 3.67
  [ 68.4%] Step 18,700 | Loss: 1.3004 | PPL: 3.67
  [ 68.8%] Step 18,800 | Loss: 1.2988 | PPL: 3.66
  [ 69.1%] Step 18,900 | Loss: 1.2967 | PPL: 3.66
  [ 69.5%] Step 19,000 | Loss: 1.2963 | PPL: 3.66
  [ 69.9%] Step 19,100 | Loss: 1.2957 | PPL: 3.65
  [ 70.2%] Step 19,200 | Loss: 1.2951 | PPL: 3.65
  [ 70.6%] Step 19,300 | Loss: 1.2937 | PPL: 3.65
  [ 70.9%] Step 19,400 | Loss: 1.2955 | PPL: 3.65
  [ 71.3%] Step 19,500 | Loss: 1.2917 | PPL: 3.64
  [ 71.7%] Step 19,600 | Loss: 1.2911 | PPL: 3.64
  [ 72.0%] Step 19,700 | Loss: 1.2891 | PPL: 3.63
  [ 72.4%] Step 19,800 | Loss: 1.2907 | PPL: 3.64
  [ 72.8%] Step 19,900 | Loss: 1.2912 | PPL: 3.64
  [ 73.1%] Step 20,000 | Loss: 1.2866 | PPL: 3.62
  [ 73.5%] Step 20,100 | Loss: 1.2869 | PPL: 3.62
  [ 73.9%] Step 20,200 | Loss: 1.2846 | PPL: 3.61
  [ 74.2%] Step 20,300 | Loss: 1.2855 | PPL: 3.62
  [ 74.6%] Step 20,400 | Loss: 1.2828 | PPL: 3.61
  [ 75.0%] Step 20,500 | Loss: 1.2858 | PPL: 3.62
  [ 75.3%] Step 20,600 | Loss: 1.2849 | PPL: 3.61
  [ 75.7%] Step 20,700 | Loss: 1.2859 | PPL: 3.62
  [ 76.1%] Step 20,800 | Loss: 1.2820 | PPL: 3.60
  [ 76.4%] Step 20,900 | Loss: 1.2824 | PPL: 3.61
  [ 76.8%] Step 21,000 | Loss: 1.2825 | PPL: 3.61
  [ 77.2%] Step 21,100 | Loss: 1.2793 | PPL: 3.59
  [ 77.5%] Step 21,200 | Loss: 1.2781 | PPL: 3.59
  [ 77.9%] Step 21,300 | Loss: 1.2774 | PPL: 3.59
  [ 78.3%] Step 21,400 | Loss: 1.2770 | PPL: 3.59
  [ 78.6%] Step 21,500 | Loss: 1.2759 | PPL: 3.58
  [ 79.0%] Step 21,600 | Loss: 1.2753 | PPL: 3.58
  [ 79.4%] Step 21,700 | Loss: 1.2771 | PPL: 3.59
  [ 79.7%] Step 21,800 | Loss: 1.2747 | PPL: 3.58
  [ 80.1%] Step 21,900 | Loss: 1.2748 | PPL: 3.58
  [ 80.5%] Step 22,000 | Loss: 1.2689 | PPL: 3.56
  [ 80.8%] Step 22,100 | Loss: 1.2741 | PPL: 3.58
  [ 81.2%] Step 22,200 | Loss: 1.2689 | PPL: 3.56
  [ 81.6%] Step 22,300 | Loss: 1.2709 | PPL: 3.56
  [ 81.9%] Step 22,400 | Loss: 1.2718 | PPL: 3.57
  [ 82.3%] Step 22,500 | Loss: 1.2658 | PPL: 3.55
  [ 82.7%] Step 22,600 | Loss: 1.2653 | PPL: 3.54
  [ 83.0%] Step 22,700 | Loss: 1.2644 | PPL: 3.54
  [ 83.4%] Step 22,800 | Loss: 1.2663 | PPL: 3.55
  [ 83.7%] Step 22,900 | Loss: 1.2674 | PPL: 3.55
  [ 84.1%] Step 23,000 | Loss: 1.2655 | PPL: 3.54
  [ 84.5%] Step 23,100 | Loss: 1.2685 | PPL: 3.56
  [ 84.8%] Step 23,200 | Loss: 1.2632 | PPL: 3.54
  [ 85.2%] Step 23,300 | Loss: 1.2619 | PPL: 3.53
  [ 85.6%] Step 23,400 | Loss: 1.2656 | PPL: 3.55
  [ 85.9%] Step 23,500 | Loss: 1.2618 | PPL: 3.53
  [ 86.3%] Step 23,600 | Loss: 1.2621 | PPL: 3.53
  [ 86.7%] Step 23,700 | Loss: 1.2616 | PPL: 3.53
  [ 87.0%] Step 23,800 | Loss: 1.2599 | PPL: 3.53
  [ 87.4%] Step 23,900 | Loss: 1.2626 | PPL: 3.53
  [ 87.8%] Step 24,000 | Loss: 1.2574 | PPL: 3.52
  [ 88.1%] Step 24,100 | Loss: 1.2579 | PPL: 3.52
  [ 88.5%] Step 24,200 | Loss: 1.2572 | PPL: 3.52
  [ 88.9%] Step 24,300 | Loss: 1.2624 | PPL: 3.53
  [ 89.2%] Step 24,400 | Loss: 1.2569 | PPL: 3.51
  [ 89.6%] Step 24,500 | Loss: 1.2561 | PPL: 3.51
  [ 90.0%] Step 24,600 | Loss: 1.2563 | PPL: 3.51
  [ 90.3%] Step 24,700 | Loss: 1.2581 | PPL: 3.52
  [ 90.7%] Step 24,800 | Loss: 1.2512 | PPL: 3.49
  [ 91.1%] Step 24,900 | Loss: 1.2499 | PPL: 3.49
  [ 91.4%] Step 25,000 | Loss: 1.2517 | PPL: 3.50
  [ 91.8%] Step 25,100 | Loss: 1.2497 | PPL: 3.49
  [ 92.2%] Step 25,200 | Loss: 1.2547 | PPL: 3.51
  [ 92.5%] Step 25,300 | Loss: 1.2502 | PPL: 3.49
  [ 92.9%] Step 25,400 | Loss: 1.2485 | PPL: 3.49
  [ 93.3%] Step 25,500 | Loss: 1.2512 | PPL: 3.49
  [ 93.6%] Step 25,600 | Loss: 1.2515 | PPL: 3.50
  [ 94.0%] Step 25,700 | Loss: 1.2475 | PPL: 3.48
  [ 94.4%] Step 25,800 | Loss: 1.2511 | PPL: 3.49
  [ 94.7%] Step 25,900 | Loss: 1.2483 | PPL: 3.48
  [ 95.1%] Step 26,000 | Loss: 1.2508 | PPL: 3.49
  [ 95.5%] Step 26,100 | Loss: 1.2470 | PPL: 3.48
  [ 95.8%] Step 26,200 | Loss: 1.2445 | PPL: 3.47
  [ 96.2%] Step 26,300 | Loss: 1.2447 | PPL: 3.47
  [ 96.5%] Step 26,400 | Loss: 1.2453 | PPL: 3.47
  [ 96.9%] Step 26,500 | Loss: 1.2462 | PPL: 3.48
  [ 97.3%] Step 26,600 | Loss: 1.2434 | PPL: 3.47
  [ 97.6%] Step 26,700 | Loss: 1.2421 | PPL: 3.46
  [ 98.0%] Step 26,800 | Loss: 1.2420 | PPL: 3.46
  [ 98.4%] Step 26,900 | Loss: 1.2437 | PPL: 3.47
  [ 98.7%] Step 27,000 | Loss: 1.2391 | PPL: 3.45
  [ 99.1%] Step 27,100 | Loss: 1.2414 | PPL: 3.46
  [ 99.5%] Step 27,200 | Loss: 1.2442 | PPL: 3.47
  [ 99.8%] Step 27,300 | Loss: 1.2393 | PPL: 3.45
  [100.0%] Step 27,344 | Loss: 1.2413 | PPL: 3.46
[Epoch 1/3] Validating...
[Epoch 1/3] Loss: 1.2562 | PPL: 3.51
  -> Saved best model to checkpoints\ky_best.pt
[Epoch 2/3] Starting...
  [  0.2%] Step 27,400 | Loss: 1.2377 | PPL: 3.45
  [  0.6%] Step 27,500 | Loss: 1.2386 | PPL: 3.45
  [  0.9%] Step 27,600 | Loss: 1.2378 | PPL: 3.45
  [  1.3%] Step 27,700 | Loss: 1.2373 | PPL: 3.45
  [  1.7%] Step 27,800 | Loss: 1.2395 | PPL: 3.45
  [  2.0%] Step 27,900 | Loss: 1.2372 | PPL: 3.45
  [  2.4%] Step 28,000 | Loss: 1.2377 | PPL: 3.45
  [  2.8%] Step 28,100 | Loss: 1.2383 | PPL: 3.45
  [  3.1%] Step 28,200 | Loss: 1.2335 | PPL: 3.43
  [  3.5%] Step 28,300 | Loss: 1.2356 | PPL: 3.44
  [  3.9%] Step 28,400 | Loss: 1.2330 | PPL: 3.43
  [  4.2%] Step 28,500 | Loss: 1.2336 | PPL: 3.43
  [  4.6%] Step 28,600 | Loss: 1.2352 | PPL: 3.44
  [  5.0%] Step 28,700 | Loss: 1.2341 | PPL: 3.44
  [  5.3%] Step 28,800 | Loss: 1.2359 | PPL: 3.44
  [  5.7%] Step 28,900 | Loss: 1.2321 | PPL: 3.43
  [  6.1%] Step 29,000 | Loss: 1.2298 | PPL: 3.42
  [  6.4%] Step 29,100 | Loss: 1.2273 | PPL: 3.41
  [  6.8%] Step 29,200 | Loss: 1.2317 | PPL: 3.43
  [  7.2%] Step 29,300 | Loss: 1.2302 | PPL: 3.42
  [  7.5%] Step 29,400 | Loss: 1.2305 | PPL: 3.42
  [  7.9%] Step 29,500 | Loss: 1.2288 | PPL: 3.42
  [  8.3%] Step 29,600 | Loss: 1.2260 | PPL: 3.41
  [  8.6%] Step 29,700 | Loss: 1.2288 | PPL: 3.42
  [  9.0%] Step 29,800 | Loss: 1.2309 | PPL: 3.42
  [  9.3%] Step 29,900 | Loss: 1.2298 | PPL: 3.42
  [  9.7%] Step 30,000 | Loss: 1.2259 | PPL: 3.41
  [ 10.1%] Step 30,100 | Loss: 1.2235 | PPL: 3.40
  [ 10.4%] Step 30,200 | Loss: 1.2259 | PPL: 3.41
  [ 10.8%] Step 30,300 | Loss: 1.2242 | PPL: 3.40
  [ 11.2%] Step 30,400 | Loss: 1.2219 | PPL: 3.39
  [ 11.5%] Step 30,500 | Loss: 1.2237 | PPL: 3.40
  [ 11.9%] Step 30,600 | Loss: 1.2275 | PPL: 3.41
  [ 12.3%] Step 30,700 | Loss: 1.2257 | PPL: 3.41
  [ 12.6%] Step 30,800 | Loss: 1.2220 | PPL: 3.39
  [ 13.0%] Step 30,900 | Loss: 1.2197 | PPL: 3.39
  [ 13.4%] Step 31,000 | Loss: 1.2231 | PPL: 3.40
  [ 13.7%] Step 31,100 | Loss: 1.2228 | PPL: 3.40
  [ 14.1%] Step 31,200 | Loss: 1.2186 | PPL: 3.38
  [ 14.5%] Step 31,300 | Loss: 1.2212 | PPL: 3.39
  [ 14.8%] Step 31,400 | Loss: 1.2208 | PPL: 3.39
  [ 15.2%] Step 31,500 | Loss: 1.2220 | PPL: 3.39
  [ 15.6%] Step 31,600 | Loss: 1.2202 | PPL: 3.39
  [ 15.9%] Step 31,700 | Loss: 1.2219 | PPL: 3.39
  [ 16.3%] Step 31,800 | Loss: 1.2140 | PPL: 3.37
  [ 16.7%] Step 31,900 | Loss: 1.2150 | PPL: 3.37
  [ 17.0%] Step 32,000 | Loss: 1.2172 | PPL: 3.38
  [ 17.4%] Step 32,100 | Loss: 1.2164 | PPL: 3.38
  [ 17.8%] Step 32,200 | Loss: 1.2180 | PPL: 3.38
  [ 18.1%] Step 32,300 | Loss: 1.2188 | PPL: 3.38
  [ 18.5%] Step 32,400 | Loss: 1.2170 | PPL: 3.38
  [ 18.9%] Step 32,500 | Loss: 1.2169 | PPL: 3.38
  [ 19.2%] Step 32,600 | Loss: 1.2171 | PPL: 3.38
  [ 19.6%] Step 32,700 | Loss: 1.2164 | PPL: 3.38
  [ 20.0%] Step 32,800 | Loss: 1.2137 | PPL: 3.37
  [ 20.3%] Step 32,900 | Loss: 1.2154 | PPL: 3.37
  [ 20.7%] Step 33,000 | Loss: 1.2126 | PPL: 3.36
  [ 21.1%] Step 33,100 | Loss: 1.2154 | PPL: 3.37
  [ 21.4%] Step 33,200 | Loss: 1.2146 | PPL: 3.37
  [ 21.8%] Step 33,300 | Loss: 1.2139 | PPL: 3.37
  [ 22.1%] Step 33,400 | Loss: 1.2143 | PPL: 3.37
  [ 22.5%] Step 33,500 | Loss: 1.2107 | PPL: 3.36
  [ 22.9%] Step 33,600 | Loss: 1.2108 | PPL: 3.36
  [ 23.2%] Step 33,700 | Loss: 1.2137 | PPL: 3.37
  [ 23.6%] Step 33,800 | Loss: 1.2109 | PPL: 3.36
  [ 24.0%] Step 33,900 | Loss: 1.2110 | PPL: 3.36
  [ 24.3%] Step 34,000 | Loss: 1.2102 | PPL: 3.35
  [ 24.7%] Step 34,100 | Loss: 1.2093 | PPL: 3.35
  [ 25.1%] Step 34,200 | Loss: 1.2103 | PPL: 3.35
  [ 25.4%] Step 34,300 | Loss: 1.2071 | PPL: 3.34
  [ 25.8%] Step 34,400 | Loss: 1.2074 | PPL: 3.34
  [ 26.2%] Step 34,500 | Loss: 1.2065 | PPL: 3.34
  [ 26.5%] Step 34,600 | Loss: 1.2068 | PPL: 3.34
  [ 26.9%] Step 34,700 | Loss: 1.2078 | PPL: 3.35
  [ 27.3%] Step 34,800 | Loss: 1.2058 | PPL: 3.34
  [ 27.6%] Step 34,900 | Loss: 1.2045 | PPL: 3.34
  [ 28.0%] Step 35,000 | Loss: 1.2055 | PPL: 3.34
  [ 28.4%] Step 35,100 | Loss: 1.2029 | PPL: 3.33
  [ 28.7%] Step 35,200 | Loss: 1.2013 | PPL: 3.32
  [ 29.1%] Step 35,300 | Loss: 1.2013 | PPL: 3.32
  [ 29.5%] Step 35,400 | Loss: 1.2062 | PPL: 3.34
  [ 29.8%] Step 35,500 | Loss: 1.2024 | PPL: 3.33
  [ 30.2%] Step 35,600 | Loss: 1.2045 | PPL: 3.34
  [ 30.6%] Step 35,700 | Loss: 1.2068 | PPL: 3.34
  [ 30.9%] Step 35,800 | Loss: 1.2000 | PPL: 3.32
  [ 31.3%] Step 35,900 | Loss: 1.2038 | PPL: 3.33
  [ 31.7%] Step 36,000 | Loss: 1.2040 | PPL: 3.33
  [ 32.0%] Step 36,100 | Loss: 1.2029 | PPL: 3.33
  [ 32.4%] Step 36,200 | Loss: 1.2021 | PPL: 3.33
  [ 32.8%] Step 36,300 | Loss: 1.2043 | PPL: 3.33
  [ 33.1%] Step 36,400 | Loss: 1.1988 | PPL: 3.32
  [ 33.5%] Step 36,500 | Loss: 1.2004 | PPL: 3.32
  [ 33.9%] Step 36,600 | Loss: 1.2004 | PPL: 3.32
  [ 34.2%] Step 36,700 | Loss: 1.1997 | PPL: 3.32
  [ 34.6%] Step 36,800 | Loss: 1.2010 | PPL: 3.32
  [ 34.9%] Step 36,900 | Loss: 1.1981 | PPL: 3.31
  [ 35.3%] Step 37,000 | Loss: 1.1982 | PPL: 3.31
  [ 35.7%] Step 37,100 | Loss: 1.2010 | PPL: 3.32
  [ 36.0%] Step 37,200 | Loss: 1.1980 | PPL: 3.31
  [ 36.4%] Step 37,300 | Loss: 1.1964 | PPL: 3.31
  [ 36.8%] Step 37,400 | Loss: 1.1953 | PPL: 3.30
  [ 37.1%] Step 37,500 | Loss: 1.2032 | PPL: 3.33
  [ 37.5%] Step 37,600 | Loss: 1.1981 | PPL: 3.31
  [ 37.9%] Step 37,700 | Loss: 1.1975 | PPL: 3.31
  [ 38.2%] Step 37,800 | Loss: 1.1948 | PPL: 3.30
  [ 38.6%] Step 37,900 | Loss: 1.1944 | PPL: 3.30
  [ 39.0%] Step 38,000 | Loss: 1.1965 | PPL: 3.31
  [ 39.3%] Step 38,100 | Loss: 1.1959 | PPL: 3.31
  [ 39.7%] Step 38,200 | Loss: 1.1911 | PPL: 3.29
  [ 40.1%] Step 38,300 | Loss: 1.1951 | PPL: 3.30
  [ 40.4%] Step 38,400 | Loss: 1.1941 | PPL: 3.30
  [ 40.8%] Step 38,500 | Loss: 1.1913 | PPL: 3.29
  [ 41.2%] Step 38,600 | Loss: 1.1962 | PPL: 3.31
  [ 41.5%] Step 38,700 | Loss: 1.1942 | PPL: 3.30
  [ 41.9%] Step 38,800 | Loss: 1.1922 | PPL: 3.29
  [ 42.3%] Step 38,900 | Loss: 1.1866 | PPL: 3.28
  [ 42.6%] Step 39,000 | Loss: 1.1917 | PPL: 3.29
  [ 43.0%] Step 39,100 | Loss: 1.1926 | PPL: 3.30
  [ 43.4%] Step 39,200 | Loss: 1.1895 | PPL: 3.29
  [ 43.7%] Step 39,300 | Loss: 1.1903 | PPL: 3.29
  [ 44.1%] Step 39,400 | Loss: 1.1902 | PPL: 3.29
  [ 44.5%] Step 39,500 | Loss: 1.1904 | PPL: 3.29
  [ 44.8%] Step 39,600 | Loss: 1.1897 | PPL: 3.29
  [ 45.2%] Step 39,700 | Loss: 1.1887 | PPL: 3.28
  [ 45.6%] Step 39,800 | Loss: 1.1919 | PPL: 3.29
  [ 45.9%] Step 39,900 | Loss: 1.1917 | PPL: 3.29
  [ 46.3%] Step 40,000 | Loss: 1.1894 | PPL: 3.29
  [ 46.7%] Step 40,100 | Loss: 1.1874 | PPL: 3.28
  [ 47.0%] Step 40,200 | Loss: 1.1878 | PPL: 3.28
  [ 47.4%] Step 40,300 | Loss: 1.1858 | PPL: 3.27
  [ 47.7%] Step 40,400 | Loss: 1.1894 | PPL: 3.29
  [ 48.1%] Step 40,500 | Loss: 1.1905 | PPL: 3.29
  [ 48.5%] Step 40,600 | Loss: 1.1886 | PPL: 3.28
  [ 48.8%] Step 40,700 | Loss: 1.1875 | PPL: 3.28
  [ 49.2%] Step 40,800 | Loss: 1.1908 | PPL: 3.29
  [ 49.6%] Step 40,900 | Loss: 1.1830 | PPL: 3.26
  [ 49.9%] Step 41,000 | Loss: 1.1879 | PPL: 3.28
  [ 50.3%] Step 41,100 | Loss: 1.1853 | PPL: 3.27
  [ 50.7%] Step 41,200 | Loss: 1.1870 | PPL: 3.28
  [ 51.0%] Step 41,300 | Loss: 1.1891 | PPL: 3.28
  [ 51.4%] Step 41,400 | Loss: 1.1885 | PPL: 3.28
  [ 51.8%] Step 41,500 | Loss: 1.1835 | PPL: 3.27
  [ 52.1%] Step 41,600 | Loss: 1.1827 | PPL: 3.26
  [ 52.5%] Step 41,700 | Loss: 1.1824 | PPL: 3.26
  [ 52.9%] Step 41,800 | Loss: 1.1833 | PPL: 3.27
  [ 53.2%] Step 41,900 | Loss: 1.1839 | PPL: 3.27
  [ 53.6%] Step 42,000 | Loss: 1.1798 | PPL: 3.25
  [ 54.0%] Step 42,100 | Loss: 1.1813 | PPL: 3.26
  [ 54.3%] Step 42,200 | Loss: 1.1831 | PPL: 3.26
  [ 54.7%] Step 42,300 | Loss: 1.1818 | PPL: 3.26
  [ 55.1%] Step 42,400 | Loss: 1.1789 | PPL: 3.25
  [ 55.4%] Step 42,500 | Loss: 1.1836 | PPL: 3.27
  [ 55.8%] Step 42,600 | Loss: 1.1800 | PPL: 3.25
  [ 56.2%] Step 42,700 | Loss: 1.1807 | PPL: 3.26
  [ 56.5%] Step 42,800 | Loss: 1.1803 | PPL: 3.26
  [ 56.9%] Step 42,900 | Loss: 1.1794 | PPL: 3.25
  [ 57.3%] Step 43,000 | Loss: 1.1813 | PPL: 3.26
  [ 57.6%] Step 43,100 | Loss: 1.1798 | PPL: 3.25
  [ 58.0%] Step 43,200 | Loss: 1.1787 | PPL: 3.25
  [ 58.4%] Step 43,300 | Loss: 1.1783 | PPL: 3.25
  [ 58.7%] Step 43,400 | Loss: 1.1789 | PPL: 3.25
  [ 59.1%] Step 43,500 | Loss: 1.1769 | PPL: 3.24
  [ 59.4%] Step 43,600 | Loss: 1.1808 | PPL: 3.26
  [ 59.8%] Step 43,700 | Loss: 1.1770 | PPL: 3.24
  [ 60.2%] Step 43,800 | Loss: 1.1788 | PPL: 3.25
  [ 60.5%] Step 43,900 | Loss: 1.1795 | PPL: 3.25
  [ 60.9%] Step 44,000 | Loss: 1.1782 | PPL: 3.25
  [ 61.3%] Step 44,100 | Loss: 1.1794 | PPL: 3.25
  [ 61.6%] Step 44,200 | Loss: 1.1747 | PPL: 3.24
  [ 62.0%] Step 44,300 | Loss: 1.1776 | PPL: 3.25
  [ 62.4%] Step 44,400 | Loss: 1.1787 | PPL: 3.25
  [ 62.7%] Step 44,500 | Loss: 1.1761 | PPL: 3.24
  [ 63.1%] Step 44,600 | Loss: 1.1742 | PPL: 3.24
  [ 63.5%] Step 44,700 | Loss: 1.1764 | PPL: 3.24
  [ 63.8%] Step 44,800 | Loss: 1.1744 | PPL: 3.24
  [ 64.2%] Step 44,900 | Loss: 1.1729 | PPL: 3.23
  [ 64.6%] Step 45,000 | Loss: 1.1737 | PPL: 3.23
  [ 64.9%] Step 45,100 | Loss: 1.1733 | PPL: 3.23
  [ 65.3%] Step 45,200 | Loss: 1.1758 | PPL: 3.24
  [ 65.7%] Step 45,300 | Loss: 1.1731 | PPL: 3.23
  [ 66.0%] Step 45,400 | Loss: 1.1706 | PPL: 3.22
  [ 66.4%] Step 45,500 | Loss: 1.1694 | PPL: 3.22
  [ 66.8%] Step 45,600 | Loss: 1.1737 | PPL: 3.23
  [ 67.1%] Step 45,700 | Loss: 1.1711 | PPL: 3.23
  [ 67.5%] Step 45,800 | Loss: 1.1732 | PPL: 3.23
  [ 67.9%] Step 45,900 | Loss: 1.1709 | PPL: 3.22
  [ 68.2%] Step 46,000 | Loss: 1.1719 | PPL: 3.23
  [ 68.6%] Step 46,100 | Loss: 1.1724 | PPL: 3.23
  [ 69.0%] Step 46,200 | Loss: 1.1749 | PPL: 3.24
  [ 69.3%] Step 46,300 | Loss: 1.1701 | PPL: 3.22
  [ 69.7%] Step 46,400 | Loss: 1.1713 | PPL: 3.23
  [ 70.1%] Step 46,500 | Loss: 1.1713 | PPL: 3.23
  [ 70.4%] Step 46,600 | Loss: 1.1695 | PPL: 3.22
  [ 70.8%] Step 46,700 | Loss: 1.1703 | PPL: 3.22
  [ 71.2%] Step 46,800 | Loss: 1.1698 | PPL: 3.22
  [ 71.5%] Step 46,900 | Loss: 1.1727 | PPL: 3.23
  [ 71.9%] Step 47,000 | Loss: 1.1700 | PPL: 3.22
  [ 72.2%] Step 47,100 | Loss: 1.1689 | PPL: 3.22
  [ 72.6%] Step 47,200 | Loss: 1.1663 | PPL: 3.21
  [ 73.0%] Step 47,300 | Loss: 1.1664 | PPL: 3.21
  [ 73.3%] Step 47,400 | Loss: 1.1677 | PPL: 3.21
  [ 73.7%] Step 47,500 | Loss: 1.1654 | PPL: 3.21
  [ 74.1%] Step 47,600 | Loss: 1.1698 | PPL: 3.22
  [ 74.4%] Step 47,700 | Loss: 1.1621 | PPL: 3.20
  [ 74.8%] Step 47,800 | Loss: 1.1661 | PPL: 3.21
  [ 75.2%] Step 47,900 | Loss: 1.1656 | PPL: 3.21
  [ 75.5%] Step 48,000 | Loss: 1.1639 | PPL: 3.20
  [ 75.9%] Step 48,100 | Loss: 1.1677 | PPL: 3.21
  [ 76.3%] Step 48,200 | Loss: 1.1679 | PPL: 3.22
  [ 76.6%] Step 48,300 | Loss: 1.1665 | PPL: 3.21
  [ 77.0%] Step 48,400 | Loss: 1.1694 | PPL: 3.22
  [ 77.4%] Step 48,500 | Loss: 1.1690 | PPL: 3.22
  [ 77.7%] Step 48,600 | Loss: 1.1684 | PPL: 3.22
  [ 78.1%] Step 48,700 | Loss: 1.1663 | PPL: 3.21
  [ 78.5%] Step 48,800 | Loss: 1.1665 | PPL: 3.21
  [ 78.8%] Step 48,900 | Loss: 1.1707 | PPL: 3.22
  [ 79.2%] Step 49,000 | Loss: 1.1650 | PPL: 3.21
  [ 79.6%] Step 49,100 | Loss: 1.1649 | PPL: 3.21
  [ 79.9%] Step 49,200 | Loss: 1.1671 | PPL: 3.21
  [ 80.3%] Step 49,300 | Loss: 1.1653 | PPL: 3.21
  [ 80.7%] Step 49,400 | Loss: 1.1624 | PPL: 3.20
  [ 81.0%] Step 49,500 | Loss: 1.1624 | PPL: 3.20
  [ 81.4%] Step 49,600 | Loss: 1.1618 | PPL: 3.20
  [ 81.8%] Step 49,700 | Loss: 1.1637 | PPL: 3.20
  [ 82.1%] Step 49,800 | Loss: 1.1600 | PPL: 3.19
  [ 82.5%] Step 49,900 | Loss: 1.1682 | PPL: 3.22
  [ 82.9%] Step 50,000 | Loss: 1.1647 | PPL: 3.21
  [ 83.2%] Step 50,100 | Loss: 1.1638 | PPL: 3.20
  [ 83.6%] Step 50,200 | Loss: 1.1621 | PPL: 3.20
  [ 84.0%] Step 50,300 | Loss: 1.1577 | PPL: 3.18
  [ 84.3%] Step 50,400 | Loss: 1.1651 | PPL: 3.21
  [ 84.7%] Step 50,500 | Loss: 1.1611 | PPL: 3.19
  [ 85.0%] Step 50,600 | Loss: 1.1642 | PPL: 3.20
  [ 85.4%] Step 50,700 | Loss: 1.1610 | PPL: 3.19
  [ 85.8%] Step 50,800 | Loss: 1.1607 | PPL: 3.19
  [ 86.1%] Step 50,900 | Loss: 1.1617 | PPL: 3.20
  [ 86.5%] Step 51,000 | Loss: 1.1642 | PPL: 3.20
  [ 86.9%] Step 51,100 | Loss: 1.1549 | PPL: 3.17
  [ 87.2%] Step 51,200 | Loss: 1.1583 | PPL: 3.18
  [ 87.6%] Step 51,300 | Loss: 1.1565 | PPL: 3.18
  [ 88.0%] Step 51,400 | Loss: 1.1574 | PPL: 3.18
  [ 88.3%] Step 51,500 | Loss: 1.1594 | PPL: 3.19
  [ 88.7%] Step 51,600 | Loss: 1.1615 | PPL: 3.19
  [ 89.1%] Step 51,700 | Loss: 1.1587 | PPL: 3.19
  [ 89.4%] Step 51,800 | Loss: 1.1579 | PPL: 3.18
  [ 89.8%] Step 51,900 | Loss: 1.1574 | PPL: 3.18
  [ 90.2%] Step 52,000 | Loss: 1.1577 | PPL: 3.18
  [ 90.5%] Step 52,100 | Loss: 1.1565 | PPL: 3.18
  [ 90.9%] Step 52,200 | Loss: 1.1583 | PPL: 3.18
  [ 91.3%] Step 52,300 | Loss: 1.1602 | PPL: 3.19
  [ 91.6%] Step 52,400 | Loss: 1.1599 | PPL: 3.19
  [ 92.0%] Step 52,500 | Loss: 1.1616 | PPL: 3.20
  [ 92.4%] Step 52,600 | Loss: 1.1567 | PPL: 3.18
  [ 92.7%] Step 52,700 | Loss: 1.1562 | PPL: 3.18
  [ 93.1%] Step 52,800 | Loss: 1.1571 | PPL: 3.18
  [ 93.5%] Step 52,900 | Loss: 1.1551 | PPL: 3.17
  [ 93.8%] Step 53,000 | Loss: 1.1585 | PPL: 3.19
  [ 94.2%] Step 53,100 | Loss: 1.1582 | PPL: 3.18
  [ 94.6%] Step 53,200 | Loss: 1.1576 | PPL: 3.18
  [ 94.9%] Step 53,300 | Loss: 1.1505 | PPL: 3.16
  [ 95.3%] Step 53,400 | Loss: 1.1556 | PPL: 3.18
  [ 95.7%] Step 53,500 | Loss: 1.1548 | PPL: 3.17
  [ 96.0%] Step 53,600 | Loss: 1.1507 | PPL: 3.16
  [ 96.4%] Step 53,700 | Loss: 1.1567 | PPL: 3.18
  [ 96.8%] Step 53,800 | Loss: 1.1522 | PPL: 3.17
  [ 97.1%] Step 53,900 | Loss: 1.1534 | PPL: 3.17
  [ 97.5%] Step 54,000 | Loss: 1.1518 | PPL: 3.16
  [ 97.8%] Step 54,100 | Loss: 1.1521 | PPL: 3.16
  [ 98.2%] Step 54,200 | Loss: 1.1558 | PPL: 3.18
  [ 98.6%] Step 54,300 | Loss: 1.1515 | PPL: 3.16
  [ 98.9%] Step 54,400 | Loss: 1.1553 | PPL: 3.17
  [ 99.3%] Step 54,500 | Loss: 1.1542 | PPL: 3.17
  [ 99.7%] Step 54,600 | Loss: 1.1542 | PPL: 3.17
  [100.0%] Step 54,688 | Loss: 1.1533 | PPL: 3.17
[Epoch 2/3] Validating...
[Epoch 2/3] Loss: 1.1957 | PPL: 3.31
  -> Saved best model to checkpoints\ky_best.pt
[Epoch 3/3] Starting...
  [  0.0%] Step 54,700 | Loss: 1.1511 | PPL: 3.16
  [  0.4%] Step 54,800 | Loss: 1.1475 | PPL: 3.15
  [  0.8%] Step 54,900 | Loss: 1.1532 | PPL: 3.17
  [  1.1%] Step 55,000 | Loss: 1.1527 | PPL: 3.17
  [  1.5%] Step 55,100 | Loss: 1.1548 | PPL: 3.17
  [  1.9%] Step 55,200 | Loss: 1.1524 | PPL: 3.17
  [  2.2%] Step 55,300 | Loss: 1.1534 | PPL: 3.17
  [  2.6%] Step 55,400 | Loss: 1.1512 | PPL: 3.16
  [  3.0%] Step 55,500 | Loss: 1.1480 | PPL: 3.15
  [  3.3%] Step 55,600 | Loss: 1.1484 | PPL: 3.15
  [  3.7%] Step 55,700 | Loss: 1.1521 | PPL: 3.16
  [  4.1%] Step 55,800 | Loss: 1.1492 | PPL: 3.16
  [  4.4%] Step 55,900 | Loss: 1.1484 | PPL: 3.15
  [  4.8%] Step 56,000 | Loss: 1.1500 | PPL: 3.16
  [  5.2%] Step 56,100 | Loss: 1.1492 | PPL: 3.16
  [  5.5%] Step 56,200 | Loss: 1.1475 | PPL: 3.15
  [  5.9%] Step 56,300 | Loss: 1.1455 | PPL: 3.14
  [  6.3%] Step 56,400 | Loss: 1.1463 | PPL: 3.15
  [  6.6%] Step 56,500 | Loss: 1.1537 | PPL: 3.17
  [  7.0%] Step 56,600 | Loss: 1.1479 | PPL: 3.15
  [  7.4%] Step 56,700 | Loss: 1.1456 | PPL: 3.14
  [  7.7%] Step 56,800 | Loss: 1.1514 | PPL: 3.16
  [  8.1%] Step 56,900 | Loss: 1.1498 | PPL: 3.16
  [  8.5%] Step 57,000 | Loss: 1.1485 | PPL: 3.15
  [  8.8%] Step 57,100 | Loss: 1.1477 | PPL: 3.15
  [  9.2%] Step 57,200 | Loss: 1.1471 | PPL: 3.15
  [  9.6%] Step 57,300 | Loss: 1.1471 | PPL: 3.15
  [  9.9%] Step 57,400 | Loss: 1.1477 | PPL: 3.15
  [ 10.3%] Step 57,500 | Loss: 1.1462 | PPL: 3.15
  [ 10.6%] Step 57,600 | Loss: 1.1475 | PPL: 3.15
  [ 11.0%] Step 57,700 | Loss: 1.1455 | PPL: 3.14
  [ 11.4%] Step 57,800 | Loss: 1.1522 | PPL: 3.17
  [ 11.7%] Step 57,900 | Loss: 1.1457 | PPL: 3.14
  [ 12.1%] Step 58,000 | Loss: 1.1494 | PPL: 3.16
  [ 12.5%] Step 58,100 | Loss: 1.1480 | PPL: 3.15
  [ 12.8%] Step 58,200 | Loss: 1.1479 | PPL: 3.15
  [ 13.2%] Step 58,300 | Loss: 1.1499 | PPL: 3.16
  [ 13.6%] Step 58,400 | Loss: 1.1478 | PPL: 3.15
  [ 13.9%] Step 58,500 | Loss: 1.1447 | PPL: 3.14
  [ 14.3%] Step 58,600 | Loss: 1.1470 | PPL: 3.15
  [ 14.7%] Step 58,700 | Loss: 1.1430 | PPL: 3.14
  [ 15.0%] Step 58,800 | Loss: 1.1393 | PPL: 3.12
  [ 15.4%] Step 58,900 | Loss: 1.1444 | PPL: 3.14
  [ 15.8%] Step 59,000 | Loss: 1.1466 | PPL: 3.15
  [ 16.1%] Step 59,100 | Loss: 1.1445 | PPL: 3.14
  [ 16.5%] Step 59,200 | Loss: 1.1427 | PPL: 3.14
  [ 16.9%] Step 59,300 | Loss: 1.1435 | PPL: 3.14
  [ 17.2%] Step 59,400 | Loss: 1.1462 | PPL: 3.15
  [ 17.6%] Step 59,500 | Loss: 1.1426 | PPL: 3.13
  [ 18.0%] Step 59,600 | Loss: 1.1405 | PPL: 3.13
  [ 18.3%] Step 59,700 | Loss: 1.1437 | PPL: 3.14
  [ 18.7%] Step 59,800 | Loss: 1.1428 | PPL: 3.14
  [ 19.1%] Step 59,900 | Loss: 1.1422 | PPL: 3.13
  [ 19.4%] Step 60,000 | Loss: 1.1440 | PPL: 3.14
  [ 19.8%] Step 60,100 | Loss: 1.1382 | PPL: 3.12
  [ 20.2%] Step 60,200 | Loss: 1.1395 | PPL: 3.13
  [ 20.5%] Step 60,300 | Loss: 1.1426 | PPL: 3.13
  [ 20.9%] Step 60,400 | Loss: 1.1414 | PPL: 3.13
  [ 21.3%] Step 60,500 | Loss: 1.1446 | PPL: 3.14
  [ 21.6%] Step 60,600 | Loss: 1.1404 | PPL: 3.13
  [ 22.0%] Step 60,700 | Loss: 1.1431 | PPL: 3.14
  [ 22.4%] Step 60,800 | Loss: 1.1430 | PPL: 3.14
  [ 22.7%] Step 60,900 | Loss: 1.1416 | PPL: 3.13
  [ 23.1%] Step 61,000 | Loss: 1.1430 | PPL: 3.14
  [ 23.4%] Step 61,100 | Loss: 1.1423 | PPL: 3.13
  [ 23.8%] Step 61,200 | Loss: 1.1372 | PPL: 3.12
  [ 24.2%] Step 61,300 | Loss: 1.1413 | PPL: 3.13
  [ 24.5%] Step 61,400 | Loss: 1.1414 | PPL: 3.13
  [ 24.9%] Step 61,500 | Loss: 1.1406 | PPL: 3.13
  [ 25.3%] Step 61,600 | Loss: 1.1376 | PPL: 3.12
  [ 25.6%] Step 61,700 | Loss: 1.1410 | PPL: 3.13
  [ 26.0%] Step 61,800 | Loss: 1.1434 | PPL: 3.14
  [ 26.4%] Step 61,900 | Loss: 1.1407 | PPL: 3.13
  [ 26.7%] Step 62,000 | Loss: 1.1375 | PPL: 3.12
  [ 27.1%] Step 62,100 | Loss: 1.1393 | PPL: 3.12
  [ 27.5%] Step 62,200 | Loss: 1.1386 | PPL: 3.12
  [ 27.8%] Step 62,300 | Loss: 1.1379 | PPL: 3.12
  [ 28.2%] Step 62,400 | Loss: 1.1385 | PPL: 3.12
  [ 28.6%] Step 62,500 | Loss: 1.1374 | PPL: 3.12
  [ 28.9%] Step 62,600 | Loss: 1.1367 | PPL: 3.12
  [ 29.3%] Step 62,700 | Loss: 1.1362 | PPL: 3.11
  [ 29.7%] Step 62,800 | Loss: 1.1379 | PPL: 3.12
  [ 30.0%] Step 62,900 | Loss: 1.1410 | PPL: 3.13
  [ 30.4%] Step 63,000 | Loss: 1.1423 | PPL: 3.13
  [ 30.8%] Step 63,100 | Loss: 1.1355 | PPL: 3.11
  [ 31.1%] Step 63,200 | Loss: 1.1357 | PPL: 3.11
  [ 31.5%] Step 63,300 | Loss: 1.1330 | PPL: 3.11
  [ 31.9%] Step 63,400 | Loss: 1.1375 | PPL: 3.12
  [ 32.2%] Step 63,500 | Loss: 1.1365 | PPL: 3.12
  [ 32.6%] Step 63,600 | Loss: 1.1381 | PPL: 3.12
  [ 33.0%] Step 63,700 | Loss: 1.1357 | PPL: 3.11
  [ 33.3%] Step 63,800 | Loss: 1.1357 | PPL: 3.11
  [ 33.7%] Step 63,900 | Loss: 1.1322 | PPL: 3.10
  [ 34.1%] Step 64,000 | Loss: 1.1381 | PPL: 3.12
  [ 34.4%] Step 64,100 | Loss: 1.1376 | PPL: 3.12
  [ 34.8%] Step 64,200 | Loss: 1.1351 | PPL: 3.11
  [ 35.2%] Step 64,300 | Loss: 1.1326 | PPL: 3.10
  [ 35.5%] Step 64,400 | Loss: 1.1334 | PPL: 3.11
  [ 35.9%] Step 64,500 | Loss: 1.1359 | PPL: 3.11
  [ 36.2%] Step 64,600 | Loss: 1.1355 | PPL: 3.11
  [ 36.6%] Step 64,700 | Loss: 1.1340 | PPL: 3.11
  [ 37.0%] Step 64,800 | Loss: 1.1360 | PPL: 3.11
  [ 37.3%] Step 64,900 | Loss: 1.1328 | PPL: 3.10
  [ 37.7%] Step 65,000 | Loss: 1.1355 | PPL: 3.11
  [ 38.1%] Step 65,100 | Loss: 1.1325 | PPL: 3.10
  [ 38.4%] Step 65,200 | Loss: 1.1311 | PPL: 3.10
  [ 38.8%] Step 65,300 | Loss: 1.1346 | PPL: 3.11
  [ 39.2%] Step 65,400 | Loss: 1.1327 | PPL: 3.10
  [ 39.5%] Step 65,500 | Loss: 1.1320 | PPL: 3.10
  [ 39.9%] Step 65,600 | Loss: 1.1388 | PPL: 3.12
  [ 40.3%] Step 65,700 | Loss: 1.1341 | PPL: 3.11
  [ 40.6%] Step 65,800 | Loss: 1.1309 | PPL: 3.10
  [ 41.0%] Step 65,900 | Loss: 1.1377 | PPL: 3.12
  [ 41.4%] Step 66,000 | Loss: 1.1308 | PPL: 3.10
  [ 41.7%] Step 66,100 | Loss: 1.1347 | PPL: 3.11
  [ 42.1%] Step 66,200 | Loss: 1.1306 | PPL: 3.10
  [ 42.5%] Step 66,300 | Loss: 1.1345 | PPL: 3.11
  [ 42.8%] Step 66,400 | Loss: 1.1345 | PPL: 3.11
  [ 43.2%] Step 66,500 | Loss: 1.1322 | PPL: 3.10
  [ 43.6%] Step 66,600 | Loss: 1.1334 | PPL: 3.11
  [ 43.9%] Step 66,700 | Loss: 1.1286 | PPL: 3.09
  [ 44.3%] Step 66,800 | Loss: 1.1327 | PPL: 3.10
  [ 44.7%] Step 66,900 | Loss: 1.1336 | PPL: 3.11
  [ 45.0%] Step 67,000 | Loss: 1.1361 | PPL: 3.11
  [ 45.4%] Step 67,100 | Loss: 1.1336 | PPL: 3.11
  [ 45.8%] Step 67,200 | Loss: 1.1314 | PPL: 3.10
  [ 46.1%] Step 67,300 | Loss: 1.1304 | PPL: 3.10
  [ 46.5%] Step 67,400 | Loss: 1.1295 | PPL: 3.09
  [ 46.9%] Step 67,500 | Loss: 1.1326 | PPL: 3.10
  [ 47.2%] Step 67,600 | Loss: 1.1296 | PPL: 3.09
  [ 47.6%] Step 67,700 | Loss: 1.1309 | PPL: 3.10
  [ 48.0%] Step 67,800 | Loss: 1.1281 | PPL: 3.09
  [ 48.3%] Step 67,900 | Loss: 1.1300 | PPL: 3.10
  [ 48.7%] Step 68,000 | Loss: 1.1283 | PPL: 3.09
  [ 49.0%] Step 68,100 | Loss: 1.1288 | PPL: 3.09
  [ 49.4%] Step 68,200 | Loss: 1.1287 | PPL: 3.09
  [ 49.8%] Step 68,300 | Loss: 1.1338 | PPL: 3.11
  [ 50.1%] Step 68,400 | Loss: 1.1275 | PPL: 3.09
  [ 50.5%] Step 68,500 | Loss: 1.1322 | PPL: 3.10
  [ 50.9%] Step 68,600 | Loss: 1.1289 | PPL: 3.09
  [ 51.2%] Step 68,700 | Loss: 1.1321 | PPL: 3.10
  [ 51.6%] Step 68,800 | Loss: 1.1276 | PPL: 3.09
  [ 52.0%] Step 68,900 | Loss: 1.1303 | PPL: 3.10
  [ 52.3%] Step 69,000 | Loss: 1.1281 | PPL: 3.09
  [ 52.7%] Step 69,100 | Loss: 1.1276 | PPL: 3.09
  [ 53.1%] Step 69,200 | Loss: 1.1277 | PPL: 3.09
  [ 53.4%] Step 69,300 | Loss: 1.1261 | PPL: 3.08
  [ 53.8%] Step 69,400 | Loss: 1.1304 | PPL: 3.10
  [ 54.2%] Step 69,500 | Loss: 1.1304 | PPL: 3.10
  [ 54.5%] Step 69,600 | Loss: 1.1295 | PPL: 3.09
  [ 54.9%] Step 69,700 | Loss: 1.1238 | PPL: 3.08
  [ 55.3%] Step 69,800 | Loss: 1.1293 | PPL: 3.09
  [ 55.6%] Step 69,900 | Loss: 1.1259 | PPL: 3.08
  [ 56.0%] Step 70,000 | Loss: 1.1226 | PPL: 3.07
  [ 56.4%] Step 70,100 | Loss: 1.1240 | PPL: 3.08
  [ 56.7%] Step 70,200 | Loss: 1.1259 | PPL: 3.08
  [ 57.1%] Step 70,300 | Loss: 1.1263 | PPL: 3.08
  [ 57.5%] Step 70,400 | Loss: 1.1235 | PPL: 3.08
  [ 57.8%] Step 70,500 | Loss: 1.1302 | PPL: 3.10
  [ 58.2%] Step 70,600 | Loss: 1.1310 | PPL: 3.10
  [ 58.6%] Step 70,700 | Loss: 1.1270 | PPL: 3.09
  [ 58.9%] Step 70,800 | Loss: 1.1249 | PPL: 3.08
  [ 59.3%] Step 70,900 | Loss: 1.1299 | PPL: 3.10
  [ 59.7%] Step 71,000 | Loss: 1.1274 | PPL: 3.09
  [ 60.0%] Step 71,100 | Loss: 1.1236 | PPL: 3.08
  [ 60.4%] Step 71,200 | Loss: 1.1249 | PPL: 3.08
  [ 60.8%] Step 71,300 | Loss: 1.1286 | PPL: 3.09
  [ 61.1%] Step 71,400 | Loss: 1.1277 | PPL: 3.09
  [ 61.5%] Step 71,500 | Loss: 1.1274 | PPL: 3.09
  [ 61.8%] Step 71,600 | Loss: 1.1282 | PPL: 3.09
  [ 62.2%] Step 71,700 | Loss: 1.1270 | PPL: 3.09
  [ 62.6%] Step 71,800 | Loss: 1.1246 | PPL: 3.08
  [ 62.9%] Step 71,900 | Loss: 1.1228 | PPL: 3.07
  [ 63.3%] Step 72,000 | Loss: 1.1270 | PPL: 3.09
  [ 63.7%] Step 72,100 | Loss: 1.1231 | PPL: 3.07
  [ 64.0%] Step 72,200 | Loss: 1.1254 | PPL: 3.08
  [ 64.4%] Step 72,300 | Loss: 1.1218 | PPL: 3.07
  [ 64.8%] Step 72,400 | Loss: 1.1240 | PPL: 3.08
  [ 65.1%] Step 72,500 | Loss: 1.1241 | PPL: 3.08
  [ 65.5%] Step 72,600 | Loss: 1.1275 | PPL: 3.09
  [ 65.9%] Step 72,700 | Loss: 1.1219 | PPL: 3.07
  [ 66.2%] Step 72,800 | Loss: 1.1217 | PPL: 3.07
  [ 66.6%] Step 72,900 | Loss: 1.1236 | PPL: 3.08
  [ 67.0%] Step 73,000 | Loss: 1.1241 | PPL: 3.08
  [ 67.3%] Step 73,100 | Loss: 1.1215 | PPL: 3.07
  [ 67.7%] Step 73,200 | Loss: 1.1248 | PPL: 3.08
  [ 68.1%] Step 73,300 | Loss: 1.1187 | PPL: 3.06
  [ 68.4%] Step 73,400 | Loss: 1.1240 | PPL: 3.08
  [ 68.8%] Step 73,500 | Loss: 1.1232 | PPL: 3.07
  [ 69.2%] Step 73,600 | Loss: 1.1235 | PPL: 3.08
  [ 69.5%] Step 73,700 | Loss: 1.1234 | PPL: 3.08
  [ 69.9%] Step 73,800 | Loss: 1.1207 | PPL: 3.07
  [ 70.3%] Step 73,900 | Loss: 1.1272 | PPL: 3.09
  [ 70.6%] Step 74,000 | Loss: 1.1219 | PPL: 3.07
  [ 71.0%] Step 74,100 | Loss: 1.1208 | PPL: 3.07
  [ 71.4%] Step 74,200 | Loss: 1.1222 | PPL: 3.07
  [ 71.7%] Step 74,300 | Loss: 1.1228 | PPL: 3.07
  [ 72.1%] Step 74,400 | Loss: 1.1208 | PPL: 3.07
  [ 72.5%] Step 74,500 | Loss: 1.1218 | PPL: 3.07
  [ 72.8%] Step 74,600 | Loss: 1.1229 | PPL: 3.07
  [ 73.2%] Step 74,700 | Loss: 1.1231 | PPL: 3.07
  [ 73.6%] Step 74,800 | Loss: 1.1221 | PPL: 3.07
  [ 73.9%] Step 74,900 | Loss: 1.1236 | PPL: 3.08
  [ 74.3%] Step 75,000 | Loss: 1.1241 | PPL: 3.08
  [ 74.6%] Step 75,100 | Loss: 1.1191 | PPL: 3.06
  [ 75.0%] Step 75,200 | Loss: 1.1199 | PPL: 3.06
  [ 75.4%] Step 75,300 | Loss: 1.1200 | PPL: 3.06
  [ 75.7%] Step 75,400 | Loss: 1.1188 | PPL: 3.06
  [ 76.1%] Step 75,500 | Loss: 1.1174 | PPL: 3.06
  [ 76.5%] Step 75,600 | Loss: 1.1183 | PPL: 3.06
  [ 76.8%] Step 75,700 | Loss: 1.1136 | PPL: 3.05
  [ 77.2%] Step 75,800 | Loss: 1.1212 | PPL: 3.07
  [ 77.6%] Step 75,900 | Loss: 1.1175 | PPL: 3.06
  [ 77.9%] Step 76,000 | Loss: 1.1185 | PPL: 3.06
  [ 78.3%] Step 76,100 | Loss: 1.1203 | PPL: 3.07
  [ 78.7%] Step 76,200 | Loss: 1.1205 | PPL: 3.07
  [ 79.0%] Step 76,300 | Loss: 1.1212 | PPL: 3.07
  [ 79.4%] Step 76,400 | Loss: 1.1212 | PPL: 3.07
  [ 79.8%] Step 76,500 | Loss: 1.1199 | PPL: 3.06
  [ 80.1%] Step 76,600 | Loss: 1.1134 | PPL: 3.04
  [ 80.5%] Step 76,700 | Loss: 1.1194 | PPL: 3.06
  [ 80.9%] Step 76,800 | Loss: 1.1154 | PPL: 3.05
  [ 81.2%] Step 76,900 | Loss: 1.1182 | PPL: 3.06
  [ 81.6%] Step 77,000 | Loss: 1.1179 | PPL: 3.06
  [ 82.0%] Step 77,100 | Loss: 1.1229 | PPL: 3.07
  [ 82.3%] Step 77,200 | Loss: 1.1155 | PPL: 3.05
  [ 82.7%] Step 77,300 | Loss: 1.1193 | PPL: 3.06
  [ 83.1%] Step 77,400 | Loss: 1.1155 | PPL: 3.05
  [ 83.4%] Step 77,500 | Loss: 1.1176 | PPL: 3.06
  [ 83.8%] Step 77,600 | Loss: 1.1134 | PPL: 3.04
  [ 84.2%] Step 77,700 | Loss: 1.1175 | PPL: 3.06
  [ 84.5%] Step 77,800 | Loss: 1.1185 | PPL: 3.06
  [ 84.9%] Step 77,900 | Loss: 1.1148 | PPL: 3.05
  [ 85.3%] Step 78,000 | Loss: 1.1155 | PPL: 3.05
  [ 85.6%] Step 78,100 | Loss: 1.1164 | PPL: 3.05
  [ 86.0%] Step 78,200 | Loss: 1.1171 | PPL: 3.06
  [ 86.4%] Step 78,300 | Loss: 1.1169 | PPL: 3.06
  [ 86.7%] Step 78,400 | Loss: 1.1156 | PPL: 3.05
  [ 87.1%] Step 78,500 | Loss: 1.1206 | PPL: 3.07
  [ 87.4%] Step 78,600 | Loss: 1.1206 | PPL: 3.07
  [ 87.8%] Step 78,700 | Loss: 1.1174 | PPL: 3.06
  [ 88.2%] Step 78,800 | Loss: 1.1176 | PPL: 3.06
  [ 88.5%] Step 78,900 | Loss: 1.1195 | PPL: 3.06
  [ 88.9%] Step 79,000 | Loss: 1.1163 | PPL: 3.05
  [ 89.3%] Step 79,100 | Loss: 1.1163 | PPL: 3.05
  [ 89.6%] Step 79,200 | Loss: 1.1158 | PPL: 3.05
  [ 90.0%] Step 79,300 | Loss: 1.1192 | PPL: 3.06
  [ 90.4%] Step 79,400 | Loss: 1.1138 | PPL: 3.05
  [ 90.7%] Step 79,500 | Loss: 1.1146 | PPL: 3.05
  [ 91.1%] Step 79,600 | Loss: 1.1130 | PPL: 3.04
  [ 91.5%] Step 79,700 | Loss: 1.1156 | PPL: 3.05
  [ 91.8%] Step 79,800 | Loss: 1.1119 | PPL: 3.04
  [ 92.2%] Step 79,900 | Loss: 1.1129 | PPL: 3.04
  [ 92.6%] Step 80,000 | Loss: 1.1175 | PPL: 3.06
  [ 92.9%] Step 80,100 | Loss: 1.1152 | PPL: 3.05
  [ 93.3%] Step 80,200 | Loss: 1.1178 | PPL: 3.06
  [ 93.7%] Step 80,300 | Loss: 1.1124 | PPL: 3.04
  [ 94.0%] Step 80,400 | Loss: 1.1132 | PPL: 3.04
  [ 94.4%] Step 80,500 | Loss: 1.1098 | PPL: 3.03
  [ 94.8%] Step 80,600 | Loss: 1.1117 | PPL: 3.04
  [ 95.1%] Step 80,700 | Loss: 1.1166 | PPL: 3.05
  [ 95.5%] Step 80,800 | Loss: 1.1110 | PPL: 3.04
  [ 95.9%] Step 80,900 | Loss: 1.1146 | PPL: 3.05
  [ 96.2%] Step 81,000 | Loss: 1.1161 | PPL: 3.05
  [ 96.6%] Step 81,100 | Loss: 1.1159 | PPL: 3.05
  [ 97.0%] Step 81,200 | Loss: 1.1181 | PPL: 3.06
  [ 97.3%] Step 81,300 | Loss: 1.1133 | PPL: 3.04
  [ 97.7%] Step 81,400 | Loss: 1.1101 | PPL: 3.03
  [ 98.1%] Step 81,500 | Loss: 1.1169 | PPL: 3.06
  [ 98.4%] Step 81,600 | Loss: 1.1143 | PPL: 3.05
  [ 98.8%] Step 81,700 | Loss: 1.1122 | PPL: 3.04
  [ 99.2%] Step 81,800 | Loss: 1.1151 | PPL: 3.05
  [ 99.5%] Step 81,900 | Loss: 1.1106 | PPL: 3.04
  [ 99.9%] Step 82,000 | Loss: 1.1123 | PPL: 3.04
  [100.0%] Step 82,032 | Loss: 1.1129 | PPL: 3.04
[Epoch 3/3] Validating...
[Epoch 3/3] Loss: 1.1742 | PPL: 3.24
  -> Saved best model to checkpoints\ky_best.pt
============================================================
Training complete. Running final evaluation...
============================================================

Final Test Loss: 1.1831 | Test PPL: 3.26
Done!
poetry run python -m char_lstm.train --lang uz
Loading data from corpora_clean/oscar_uz_ipa.txt...
  Loaded: 10,000,000 chars total
  Train: 7,000,000 chars
  Val: 1,500,000 chars
  Test: 1,500,000 chars
Building vocab from training text...
  Vocab size: 76
============================================================
Training config
============================================================
  Language: Uzbek (uz)
  Mode: Train from scratch
  Device: cuda
  Batch size: 256
  Workers: 0
  Pin memory: True
  Epochs: 3
  LR: 0.0001
  Seed: 1234
  Freeze embed: False
  Output: checkpoints\uz_best.pt
Creating data loaders...
  Train batches: 27,344
  Val batches: 5,859

Model config
  Device: cuda
  Embed dim: 128
  Hidden dim: 256
  Layers: 2
  Parameters: 950,860
  Optimizer: Adam (lr=0.0001)
============================================================
Starting training: 3 epochs, 27344 batches/epoch
============================================================
[Epoch 1/3] Starting...
  [  0.4%] Step 100 | Loss: 3.6100 | PPL: 36.97
  [  0.7%] Step 200 | Loss: 3.1445 | PPL: 23.21
  [  1.1%] Step 300 | Loss: 2.8782 | PPL: 17.78
  [  1.5%] Step 400 | Loss: 2.6782 | PPL: 14.56
  [  1.8%] Step 500 | Loss: 2.5675 | PPL: 13.03
  [  2.2%] Step 600 | Loss: 2.4844 | PPL: 11.99
  [  2.6%] Step 700 | Loss: 2.4176 | PPL: 11.22
  [  2.9%] Step 800 | Loss: 2.3658 | PPL: 10.65
  [  3.3%] Step 900 | Loss: 2.3189 | PPL: 10.16
  [  3.7%] Step 1,000 | Loss: 2.2751 | PPL: 9.73
  [  4.0%] Step 1,100 | Loss: 2.2376 | PPL: 9.37
  [  4.4%] Step 1,200 | Loss: 2.2007 | PPL: 9.03
  [  4.8%] Step 1,300 | Loss: 2.1682 | PPL: 8.74
  [  5.1%] Step 1,400 | Loss: 2.1350 | PPL: 8.46
  [  5.5%] Step 1,500 | Loss: 2.1132 | PPL: 8.27
  [  5.9%] Step 1,600 | Loss: 2.0840 | PPL: 8.04
  [  6.2%] Step 1,700 | Loss: 2.0611 | PPL: 7.85
  [  6.6%] Step 1,800 | Loss: 2.0367 | PPL: 7.67
  [  6.9%] Step 1,900 | Loss: 2.0180 | PPL: 7.52
  [  7.3%] Step 2,000 | Loss: 1.9955 | PPL: 7.36
  [  7.7%] Step 2,100 | Loss: 1.9755 | PPL: 7.21
  [  8.0%] Step 2,200 | Loss: 1.9525 | PPL: 7.05
  [  8.4%] Step 2,300 | Loss: 1.9380 | PPL: 6.94
  [  8.8%] Step 2,400 | Loss: 1.9223 | PPL: 6.84
  [  9.1%] Step 2,500 | Loss: 1.9075 | PPL: 6.74
  [  9.5%] Step 2,600 | Loss: 1.8878 | PPL: 6.60
  [  9.9%] Step 2,700 | Loss: 1.8750 | PPL: 6.52
  [ 10.2%] Step 2,800 | Loss: 1.8577 | PPL: 6.41
  [ 10.6%] Step 2,900 | Loss: 1.8446 | PPL: 6.33
  [ 11.0%] Step 3,000 | Loss: 1.8310 | PPL: 6.24
  [ 11.3%] Step 3,100 | Loss: 1.8196 | PPL: 6.17
  [ 11.7%] Step 3,200 | Loss: 1.8084 | PPL: 6.10
  [ 12.1%] Step 3,300 | Loss: 1.7953 | PPL: 6.02
  [ 12.4%] Step 3,400 | Loss: 1.7860 | PPL: 5.97
  [ 12.8%] Step 3,500 | Loss: 1.7745 | PPL: 5.90
  [ 13.2%] Step 3,600 | Loss: 1.7663 | PPL: 5.85
  [ 13.5%] Step 3,700 | Loss: 1.7558 | PPL: 5.79
  [ 13.9%] Step 3,800 | Loss: 1.7394 | PPL: 5.69
  [ 14.3%] Step 3,900 | Loss: 1.7374 | PPL: 5.68
  [ 14.6%] Step 4,000 | Loss: 1.7281 | PPL: 5.63
  [ 15.0%] Step 4,100 | Loss: 1.7186 | PPL: 5.58
  [ 15.4%] Step 4,200 | Loss: 1.7101 | PPL: 5.53
  [ 15.7%] Step 4,300 | Loss: 1.7051 | PPL: 5.50
  [ 16.1%] Step 4,400 | Loss: 1.6985 | PPL: 5.47
  [ 16.5%] Step 4,500 | Loss: 1.6875 | PPL: 5.41
  [ 16.8%] Step 4,600 | Loss: 1.6867 | PPL: 5.40
  [ 17.2%] Step 4,700 | Loss: 1.6742 | PPL: 5.33
  [ 17.6%] Step 4,800 | Loss: 1.6643 | PPL: 5.28
  [ 17.9%] Step 4,900 | Loss: 1.6647 | PPL: 5.28
  [ 18.3%] Step 5,000 | Loss: 1.6567 | PPL: 5.24
  [ 18.7%] Step 5,100 | Loss: 1.6481 | PPL: 5.20
  [ 19.0%] Step 5,200 | Loss: 1.6462 | PPL: 5.19
  [ 19.4%] Step 5,300 | Loss: 1.6367 | PPL: 5.14
  [ 19.7%] Step 5,400 | Loss: 1.6282 | PPL: 5.09
  [ 20.1%] Step 5,500 | Loss: 1.6243 | PPL: 5.07
  [ 20.5%] Step 5,600 | Loss: 1.6186 | PPL: 5.05
  [ 20.8%] Step 5,700 | Loss: 1.6170 | PPL: 5.04
  [ 21.2%] Step 5,800 | Loss: 1.6096 | PPL: 5.00
  [ 21.6%] Step 5,900 | Loss: 1.6041 | PPL: 4.97
  [ 21.9%] Step 6,000 | Loss: 1.6012 | PPL: 4.96
  [ 22.3%] Step 6,100 | Loss: 1.5947 | PPL: 4.93
  [ 22.7%] Step 6,200 | Loss: 1.5910 | PPL: 4.91
  [ 23.0%] Step 6,300 | Loss: 1.5860 | PPL: 4.88
  [ 23.4%] Step 6,400 | Loss: 1.5847 | PPL: 4.88
  [ 23.8%] Step 6,500 | Loss: 1.5804 | PPL: 4.86
  [ 24.1%] Step 6,600 | Loss: 1.5737 | PPL: 4.82
  [ 24.5%] Step 6,700 | Loss: 1.5726 | PPL: 4.82
  [ 24.9%] Step 6,800 | Loss: 1.5666 | PPL: 4.79
  [ 25.2%] Step 6,900 | Loss: 1.5626 | PPL: 4.77
  [ 25.6%] Step 7,000 | Loss: 1.5553 | PPL: 4.74
  [ 26.0%] Step 7,100 | Loss: 1.5570 | PPL: 4.74
  [ 26.3%] Step 7,200 | Loss: 1.5491 | PPL: 4.71
  [ 26.7%] Step 7,300 | Loss: 1.5469 | PPL: 4.70
  [ 27.1%] Step 7,400 | Loss: 1.5469 | PPL: 4.70
  [ 27.4%] Step 7,500 | Loss: 1.5411 | PPL: 4.67
  [ 27.8%] Step 7,600 | Loss: 1.5432 | PPL: 4.68
  [ 28.2%] Step 7,700 | Loss: 1.5376 | PPL: 4.65
  [ 28.5%] Step 7,800 | Loss: 1.5306 | PPL: 4.62
  [ 28.9%] Step 7,900 | Loss: 1.5280 | PPL: 4.61
  [ 29.3%] Step 8,000 | Loss: 1.5281 | PPL: 4.61
  [ 29.6%] Step 8,100 | Loss: 1.5239 | PPL: 4.59
  [ 30.0%] Step 8,200 | Loss: 1.5181 | PPL: 4.56
  [ 30.4%] Step 8,300 | Loss: 1.5169 | PPL: 4.56
  [ 30.7%] Step 8,400 | Loss: 1.5153 | PPL: 4.55
  [ 31.1%] Step 8,500 | Loss: 1.5135 | PPL: 4.54
  [ 31.5%] Step 8,600 | Loss: 1.5110 | PPL: 4.53
  [ 31.8%] Step 8,700 | Loss: 1.5062 | PPL: 4.51
  [ 32.2%] Step 8,800 | Loss: 1.5020 | PPL: 4.49
  [ 32.5%] Step 8,900 | Loss: 1.5012 | PPL: 4.49
  [ 32.9%] Step 9,000 | Loss: 1.4952 | PPL: 4.46
  [ 33.3%] Step 9,100 | Loss: 1.4912 | PPL: 4.44
  [ 33.6%] Step 9,200 | Loss: 1.4911 | PPL: 4.44
  [ 34.0%] Step 9,300 | Loss: 1.4864 | PPL: 4.42
  [ 34.4%] Step 9,400 | Loss: 1.4887 | PPL: 4.43
  [ 34.7%] Step 9,500 | Loss: 1.4905 | PPL: 4.44
  [ 35.1%] Step 9,600 | Loss: 1.4840 | PPL: 4.41
  [ 35.5%] Step 9,700 | Loss: 1.4756 | PPL: 4.37
  [ 35.8%] Step 9,800 | Loss: 1.4753 | PPL: 4.37
  [ 36.2%] Step 9,900 | Loss: 1.4748 | PPL: 4.37
  [ 36.6%] Step 10,000 | Loss: 1.4686 | PPL: 4.34
  [ 36.9%] Step 10,100 | Loss: 1.4703 | PPL: 4.35
  [ 37.3%] Step 10,200 | Loss: 1.4679 | PPL: 4.34
  [ 37.7%] Step 10,300 | Loss: 1.4668 | PPL: 4.34
  [ 38.0%] Step 10,400 | Loss: 1.4641 | PPL: 4.32
  [ 38.4%] Step 10,500 | Loss: 1.4620 | PPL: 4.31
  [ 38.8%] Step 10,600 | Loss: 1.4628 | PPL: 4.32
  [ 39.1%] Step 10,700 | Loss: 1.4553 | PPL: 4.29
  [ 39.5%] Step 10,800 | Loss: 1.4585 | PPL: 4.30
  [ 39.9%] Step 10,900 | Loss: 1.4538 | PPL: 4.28
  [ 40.2%] Step 11,000 | Loss: 1.4524 | PPL: 4.27
  [ 40.6%] Step 11,100 | Loss: 1.4475 | PPL: 4.25
  [ 41.0%] Step 11,200 | Loss: 1.4448 | PPL: 4.24
  [ 41.3%] Step 11,300 | Loss: 1.4467 | PPL: 4.25
  [ 41.7%] Step 11,400 | Loss: 1.4459 | PPL: 4.25
  [ 42.1%] Step 11,500 | Loss: 1.4419 | PPL: 4.23
  [ 42.4%] Step 11,600 | Loss: 1.4375 | PPL: 4.21
  [ 42.8%] Step 11,700 | Loss: 1.4361 | PPL: 4.20
  [ 43.2%] Step 11,800 | Loss: 1.4336 | PPL: 4.19
  [ 43.5%] Step 11,900 | Loss: 1.4361 | PPL: 4.20
  [ 43.9%] Step 12,000 | Loss: 1.4339 | PPL: 4.20
  [ 44.3%] Step 12,100 | Loss: 1.4322 | PPL: 4.19
  [ 44.6%] Step 12,200 | Loss: 1.4325 | PPL: 4.19
  [ 45.0%] Step 12,300 | Loss: 1.4281 | PPL: 4.17
  [ 45.3%] Step 12,400 | Loss: 1.4218 | PPL: 4.14
  [ 45.7%] Step 12,500 | Loss: 1.4208 | PPL: 4.14
  [ 46.1%] Step 12,600 | Loss: 1.4186 | PPL: 4.13
  [ 46.4%] Step 12,700 | Loss: 1.4191 | PPL: 4.13
  [ 46.8%] Step 12,800 | Loss: 1.4258 | PPL: 4.16
  [ 47.2%] Step 12,900 | Loss: 1.4171 | PPL: 4.12
  [ 47.5%] Step 13,000 | Loss: 1.4157 | PPL: 4.12
  [ 47.9%] Step 13,100 | Loss: 1.4152 | PPL: 4.12
  [ 48.3%] Step 13,200 | Loss: 1.4153 | PPL: 4.12
  [ 48.6%] Step 13,300 | Loss: 1.4065 | PPL: 4.08
  [ 49.0%] Step 13,400 | Loss: 1.4067 | PPL: 4.08
  [ 49.4%] Step 13,500 | Loss: 1.4048 | PPL: 4.07
  [ 49.7%] Step 13,600 | Loss: 1.4069 | PPL: 4.08
  [ 50.1%] Step 13,700 | Loss: 1.4029 | PPL: 4.07
  [ 50.5%] Step 13,800 | Loss: 1.4038 | PPL: 4.07
  [ 50.8%] Step 13,900 | Loss: 1.4035 | PPL: 4.07
  [ 51.2%] Step 14,000 | Loss: 1.4032 | PPL: 4.07
  [ 51.6%] Step 14,100 | Loss: 1.3997 | PPL: 4.05
  [ 51.9%] Step 14,200 | Loss: 1.3986 | PPL: 4.05
  [ 52.3%] Step 14,300 | Loss: 1.4023 | PPL: 4.06
  [ 52.7%] Step 14,400 | Loss: 1.3937 | PPL: 4.03
  [ 53.0%] Step 14,500 | Loss: 1.3945 | PPL: 4.03
  [ 53.4%] Step 14,600 | Loss: 1.3921 | PPL: 4.02
  [ 53.8%] Step 14,700 | Loss: 1.3938 | PPL: 4.03
  [ 54.1%] Step 14,800 | Loss: 1.3909 | PPL: 4.02
  [ 54.5%] Step 14,900 | Loss: 1.3896 | PPL: 4.01
  [ 54.9%] Step 15,000 | Loss: 1.3844 | PPL: 3.99
  [ 55.2%] Step 15,100 | Loss: 1.3854 | PPL: 4.00
  [ 55.6%] Step 15,200 | Loss: 1.3854 | PPL: 4.00
  [ 56.0%] Step 15,300 | Loss: 1.3843 | PPL: 3.99
  [ 56.3%] Step 15,400 | Loss: 1.3845 | PPL: 3.99
  [ 56.7%] Step 15,500 | Loss: 1.3848 | PPL: 3.99
  [ 57.1%] Step 15,600 | Loss: 1.3803 | PPL: 3.98
  [ 57.4%] Step 15,700 | Loss: 1.3807 | PPL: 3.98
  [ 57.8%] Step 15,800 | Loss: 1.3765 | PPL: 3.96
  [ 58.1%] Step 15,900 | Loss: 1.3756 | PPL: 3.96
  [ 58.5%] Step 16,000 | Loss: 1.3783 | PPL: 3.97
  [ 58.9%] Step 16,100 | Loss: 1.3699 | PPL: 3.93
  [ 59.2%] Step 16,200 | Loss: 1.3730 | PPL: 3.95
  [ 59.6%] Step 16,300 | Loss: 1.3708 | PPL: 3.94
  [ 60.0%] Step 16,400 | Loss: 1.3717 | PPL: 3.94
  [ 60.3%] Step 16,500 | Loss: 1.3655 | PPL: 3.92
  [ 60.7%] Step 16,600 | Loss: 1.3663 | PPL: 3.92
  [ 61.1%] Step 16,700 | Loss: 1.3651 | PPL: 3.92
  [ 61.4%] Step 16,800 | Loss: 1.3708 | PPL: 3.94
  [ 61.8%] Step 16,900 | Loss: 1.3655 | PPL: 3.92
  [ 62.2%] Step 17,000 | Loss: 1.3630 | PPL: 3.91
  [ 62.5%] Step 17,100 | Loss: 1.3650 | PPL: 3.92
  [ 62.9%] Step 17,200 | Loss: 1.3675 | PPL: 3.93
  [ 63.3%] Step 17,300 | Loss: 1.3576 | PPL: 3.89
  [ 63.6%] Step 17,400 | Loss: 1.3621 | PPL: 3.90
  [ 64.0%] Step 17,500 | Loss: 1.3575 | PPL: 3.89
  [ 64.4%] Step 17,600 | Loss: 1.3636 | PPL: 3.91
  [ 64.7%] Step 17,700 | Loss: 1.3546 | PPL: 3.88
  [ 65.1%] Step 17,800 | Loss: 1.3535 | PPL: 3.87
  [ 65.5%] Step 17,900 | Loss: 1.3573 | PPL: 3.89
  [ 65.8%] Step 18,000 | Loss: 1.3545 | PPL: 3.87
  [ 66.2%] Step 18,100 | Loss: 1.3541 | PPL: 3.87
  [ 66.6%] Step 18,200 | Loss: 1.3550 | PPL: 3.88
  [ 66.9%] Step 18,300 | Loss: 1.3519 | PPL: 3.86
  [ 67.3%] Step 18,400 | Loss: 1.3538 | PPL: 3.87
  [ 67.7%] Step 18,500 | Loss: 1.3508 | PPL: 3.86
  [ 68.0%] Step 18,600 | Loss: 1.3523 | PPL: 3.87
  [ 68.4%] Step 18,700 | Loss: 1.3484 | PPL: 3.85
  [ 68.8%] Step 18,800 | Loss: 1.3470 | PPL: 3.85
  [ 69.1%] Step 18,900 | Loss: 1.3427 | PPL: 3.83
  [ 69.5%] Step 19,000 | Loss: 1.3467 | PPL: 3.84
  [ 69.9%] Step 19,100 | Loss: 1.3458 | PPL: 3.84
  [ 70.2%] Step 19,200 | Loss: 1.3439 | PPL: 3.83
  [ 70.6%] Step 19,300 | Loss: 1.3396 | PPL: 3.82
  [ 70.9%] Step 19,400 | Loss: 1.3413 | PPL: 3.82
  [ 71.3%] Step 19,500 | Loss: 1.3384 | PPL: 3.81
  [ 71.7%] Step 19,600 | Loss: 1.3386 | PPL: 3.81
  [ 72.0%] Step 19,700 | Loss: 1.3374 | PPL: 3.81
  [ 72.4%] Step 19,800 | Loss: 1.3408 | PPL: 3.82
  [ 72.8%] Step 19,900 | Loss: 1.3372 | PPL: 3.81
  [ 73.1%] Step 20,000 | Loss: 1.3316 | PPL: 3.79
  [ 73.5%] Step 20,100 | Loss: 1.3394 | PPL: 3.82
  [ 73.9%] Step 20,200 | Loss: 1.3396 | PPL: 3.82
  [ 74.2%] Step 20,300 | Loss: 1.3336 | PPL: 3.79
  [ 74.6%] Step 20,400 | Loss: 1.3289 | PPL: 3.78
  [ 75.0%] Step 20,500 | Loss: 1.3360 | PPL: 3.80
  [ 75.3%] Step 20,600 | Loss: 1.3295 | PPL: 3.78
  [ 75.7%] Step 20,700 | Loss: 1.3293 | PPL: 3.78
  [ 76.1%] Step 20,800 | Loss: 1.3309 | PPL: 3.78
  [ 76.4%] Step 20,900 | Loss: 1.3302 | PPL: 3.78
  [ 76.8%] Step 21,000 | Loss: 1.3290 | PPL: 3.78
  [ 77.2%] Step 21,100 | Loss: 1.3329 | PPL: 3.79
  [ 77.5%] Step 21,200 | Loss: 1.3266 | PPL: 3.77
  [ 77.9%] Step 21,300 | Loss: 1.3233 | PPL: 3.76
  [ 78.3%] Step 21,400 | Loss: 1.3256 | PPL: 3.76
  [ 78.6%] Step 21,500 | Loss: 1.3230 | PPL: 3.75
  [ 79.0%] Step 21,600 | Loss: 1.3240 | PPL: 3.76
  [ 79.4%] Step 21,700 | Loss: 1.3240 | PPL: 3.76
  [ 79.7%] Step 21,800 | Loss: 1.3226 | PPL: 3.75
  [ 80.1%] Step 21,900 | Loss: 1.3204 | PPL: 3.74
  [ 80.5%] Step 22,000 | Loss: 1.3221 | PPL: 3.75
  [ 80.8%] Step 22,100 | Loss: 1.3210 | PPL: 3.75
  [ 81.2%] Step 22,200 | Loss: 1.3221 | PPL: 3.75
  [ 81.6%] Step 22,300 | Loss: 1.3177 | PPL: 3.73
  [ 81.9%] Step 22,400 | Loss: 1.3159 | PPL: 3.73
  [ 82.3%] Step 22,500 | Loss: 1.3182 | PPL: 3.74
  [ 82.7%] Step 22,600 | Loss: 1.3117 | PPL: 3.71
  [ 83.0%] Step 22,700 | Loss: 1.3128 | PPL: 3.72
  [ 83.4%] Step 22,800 | Loss: 1.3171 | PPL: 3.73
  [ 83.7%] Step 22,900 | Loss: 1.3167 | PPL: 3.73
  [ 84.1%] Step 23,000 | Loss: 1.3100 | PPL: 3.71
  [ 84.5%] Step 23,100 | Loss: 1.3124 | PPL: 3.72
  [ 84.8%] Step 23,200 | Loss: 1.3100 | PPL: 3.71
  [ 85.2%] Step 23,300 | Loss: 1.3107 | PPL: 3.71
  [ 85.6%] Step 23,400 | Loss: 1.3098 | PPL: 3.71
  [ 85.9%] Step 23,500 | Loss: 1.3122 | PPL: 3.71
  [ 86.3%] Step 23,600 | Loss: 1.3085 | PPL: 3.70
  [ 86.7%] Step 23,700 | Loss: 1.3069 | PPL: 3.69
  [ 87.0%] Step 23,800 | Loss: 1.3079 | PPL: 3.70
  [ 87.4%] Step 23,900 | Loss: 1.3099 | PPL: 3.71
  [ 87.8%] Step 24,000 | Loss: 1.3094 | PPL: 3.70
  [ 88.1%] Step 24,100 | Loss: 1.3066 | PPL: 3.69
  [ 88.5%] Step 24,200 | Loss: 1.3052 | PPL: 3.69
  [ 88.9%] Step 24,300 | Loss: 1.3041 | PPL: 3.68
  [ 89.2%] Step 24,400 | Loss: 1.3022 | PPL: 3.68
  [ 89.6%] Step 24,500 | Loss: 1.3026 | PPL: 3.68
  [ 90.0%] Step 24,600 | Loss: 1.3004 | PPL: 3.67
  [ 90.3%] Step 24,700 | Loss: 1.2991 | PPL: 3.67
  [ 90.7%] Step 24,800 | Loss: 1.2996 | PPL: 3.67
  [ 91.1%] Step 24,900 | Loss: 1.3022 | PPL: 3.68
  [ 91.4%] Step 25,000 | Loss: 1.3081 | PPL: 3.70
  [ 91.8%] Step 25,100 | Loss: 1.2992 | PPL: 3.67
  [ 92.2%] Step 25,200 | Loss: 1.2992 | PPL: 3.67
  [ 92.5%] Step 25,300 | Loss: 1.2977 | PPL: 3.66
  [ 92.9%] Step 25,400 | Loss: 1.2999 | PPL: 3.67
  [ 93.3%] Step 25,500 | Loss: 1.2956 | PPL: 3.65
  [ 93.6%] Step 25,600 | Loss: 1.2950 | PPL: 3.65
  [ 94.0%] Step 25,700 | Loss: 1.2970 | PPL: 3.66
  [ 94.4%] Step 25,800 | Loss: 1.2881 | PPL: 3.63
  [ 94.7%] Step 25,900 | Loss: 1.2941 | PPL: 3.65
  [ 95.1%] Step 26,000 | Loss: 1.2952 | PPL: 3.65
  [ 95.5%] Step 26,100 | Loss: 1.2905 | PPL: 3.63
  [ 95.8%] Step 26,200 | Loss: 1.2909 | PPL: 3.64
  [ 96.2%] Step 26,300 | Loss: 1.2900 | PPL: 3.63
  [ 96.5%] Step 26,400 | Loss: 1.2960 | PPL: 3.65
  [ 96.9%] Step 26,500 | Loss: 1.2948 | PPL: 3.65
  [ 97.3%] Step 26,600 | Loss: 1.2920 | PPL: 3.64
  [ 97.6%] Step 26,700 | Loss: 1.2906 | PPL: 3.64
  [ 98.0%] Step 26,800 | Loss: 1.2905 | PPL: 3.63
  [ 98.4%] Step 26,900 | Loss: 1.2858 | PPL: 3.62
  [ 98.7%] Step 27,000 | Loss: 1.2911 | PPL: 3.64
  [ 99.1%] Step 27,100 | Loss: 1.2890 | PPL: 3.63
  [ 99.5%] Step 27,200 | Loss: 1.2843 | PPL: 3.61
  [ 99.8%] Step 27,300 | Loss: 1.2892 | PPL: 3.63
  [100.0%] Step 27,344 | Loss: 1.2879 | PPL: 3.62
[Epoch 1/3] Validating...
[Epoch 1/3] Loss: 1.3004 | PPL: 3.67
  -> Saved best model to checkpoints\uz_best.pt
[Epoch 2/3] Starting...
  [  0.2%] Step 27,400 | Loss: 1.2870 | PPL: 3.62
  [  0.6%] Step 27,500 | Loss: 1.2867 | PPL: 3.62
  [  0.9%] Step 27,600 | Loss: 1.2851 | PPL: 3.62
  [  1.3%] Step 27,700 | Loss: 1.2807 | PPL: 3.60
  [  1.7%] Step 27,800 | Loss: 1.2827 | PPL: 3.61
  [  2.0%] Step 27,900 | Loss: 1.2888 | PPL: 3.63
  [  2.4%] Step 28,000 | Loss: 1.2820 | PPL: 3.60
  [  2.8%] Step 28,100 | Loss: 1.2826 | PPL: 3.61
  [  3.1%] Step 28,200 | Loss: 1.2801 | PPL: 3.60
  [  3.5%] Step 28,300 | Loss: 1.2792 | PPL: 3.59
  [  3.9%] Step 28,400 | Loss: 1.2807 | PPL: 3.60
  [  4.2%] Step 28,500 | Loss: 1.2830 | PPL: 3.61
  [  4.6%] Step 28,600 | Loss: 1.2794 | PPL: 3.59
  [  5.0%] Step 28,700 | Loss: 1.2786 | PPL: 3.59
  [  5.3%] Step 28,800 | Loss: 1.2787 | PPL: 3.59
  [  5.7%] Step 28,900 | Loss: 1.2751 | PPL: 3.58
  [  6.1%] Step 29,000 | Loss: 1.2812 | PPL: 3.60
  [  6.4%] Step 29,100 | Loss: 1.2758 | PPL: 3.58
  [  6.8%] Step 29,200 | Loss: 1.2780 | PPL: 3.59
  [  7.2%] Step 29,300 | Loss: 1.2777 | PPL: 3.59
  [  7.5%] Step 29,400 | Loss: 1.2787 | PPL: 3.59
  [  7.9%] Step 29,500 | Loss: 1.2749 | PPL: 3.58
  [  8.3%] Step 29,600 | Loss: 1.2772 | PPL: 3.59
  [  8.6%] Step 29,700 | Loss: 1.2770 | PPL: 3.59
  [  9.0%] Step 29,800 | Loss: 1.2774 | PPL: 3.59
  [  9.3%] Step 29,900 | Loss: 1.2755 | PPL: 3.58
  [  9.7%] Step 30,000 | Loss: 1.2717 | PPL: 3.57
  [ 10.1%] Step 30,100 | Loss: 1.2747 | PPL: 3.58
  [ 10.4%] Step 30,200 | Loss: 1.2698 | PPL: 3.56
  [ 10.8%] Step 30,300 | Loss: 1.2740 | PPL: 3.57
  [ 11.2%] Step 30,400 | Loss: 1.2718 | PPL: 3.57
  [ 11.5%] Step 30,500 | Loss: 1.2715 | PPL: 3.57
  [ 11.9%] Step 30,600 | Loss: 1.2735 | PPL: 3.57
  [ 12.3%] Step 30,700 | Loss: 1.2683 | PPL: 3.55
  [ 12.6%] Step 30,800 | Loss: 1.2669 | PPL: 3.55
  [ 13.0%] Step 30,900 | Loss: 1.2712 | PPL: 3.57
  [ 13.4%] Step 31,000 | Loss: 1.2712 | PPL: 3.57
  [ 13.7%] Step 31,100 | Loss: 1.2721 | PPL: 3.57
  [ 14.1%] Step 31,200 | Loss: 1.2707 | PPL: 3.56
  [ 14.5%] Step 31,300 | Loss: 1.2653 | PPL: 3.54
  [ 14.8%] Step 31,400 | Loss: 1.2715 | PPL: 3.57
  [ 15.2%] Step 31,500 | Loss: 1.2670 | PPL: 3.55
  [ 15.6%] Step 31,600 | Loss: 1.2683 | PPL: 3.55
  [ 15.9%] Step 31,700 | Loss: 1.2658 | PPL: 3.55
  [ 16.3%] Step 31,800 | Loss: 1.2662 | PPL: 3.55
  [ 16.7%] Step 31,900 | Loss: 1.2683 | PPL: 3.55
  [ 17.0%] Step 32,000 | Loss: 1.2629 | PPL: 3.54
  [ 17.4%] Step 32,100 | Loss: 1.2640 | PPL: 3.54
  [ 17.8%] Step 32,200 | Loss: 1.2642 | PPL: 3.54
  [ 18.1%] Step 32,300 | Loss: 1.2634 | PPL: 3.54
  [ 18.5%] Step 32,400 | Loss: 1.2647 | PPL: 3.54
  [ 18.9%] Step 32,500 | Loss: 1.2627 | PPL: 3.53
  [ 19.2%] Step 32,600 | Loss: 1.2662 | PPL: 3.55
  [ 19.6%] Step 32,700 | Loss: 1.2645 | PPL: 3.54
  [ 20.0%] Step 32,800 | Loss: 1.2649 | PPL: 3.54
  [ 20.3%] Step 32,900 | Loss: 1.2636 | PPL: 3.54
  [ 20.7%] Step 33,000 | Loss: 1.2574 | PPL: 3.52
  [ 21.1%] Step 33,100 | Loss: 1.2613 | PPL: 3.53
  [ 21.4%] Step 33,200 | Loss: 1.2630 | PPL: 3.54
  [ 21.8%] Step 33,300 | Loss: 1.2550 | PPL: 3.51
  [ 22.1%] Step 33,400 | Loss: 1.2544 | PPL: 3.51
  [ 22.5%] Step 33,500 | Loss: 1.2585 | PPL: 3.52
  [ 22.9%] Step 33,600 | Loss: 1.2573 | PPL: 3.52
  [ 23.2%] Step 33,700 | Loss: 1.2583 | PPL: 3.52
  [ 23.6%] Step 33,800 | Loss: 1.2557 | PPL: 3.51
  [ 24.0%] Step 33,900 | Loss: 1.2567 | PPL: 3.51
  [ 24.3%] Step 34,000 | Loss: 1.2539 | PPL: 3.50
  [ 24.7%] Step 34,100 | Loss: 1.2571 | PPL: 3.52
  [ 25.1%] Step 34,200 | Loss: 1.2540 | PPL: 3.50
  [ 25.4%] Step 34,300 | Loss: 1.2522 | PPL: 3.50
  [ 25.8%] Step 34,400 | Loss: 1.2558 | PPL: 3.51
  [ 26.2%] Step 34,500 | Loss: 1.2596 | PPL: 3.52
  [ 26.5%] Step 34,600 | Loss: 1.2597 | PPL: 3.52
  [ 26.9%] Step 34,700 | Loss: 1.2582 | PPL: 3.52
  [ 27.3%] Step 34,800 | Loss: 1.2526 | PPL: 3.50
  [ 27.6%] Step 34,900 | Loss: 1.2524 | PPL: 3.50
  [ 28.0%] Step 35,000 | Loss: 1.2559 | PPL: 3.51
  [ 28.4%] Step 35,100 | Loss: 1.2533 | PPL: 3.50
  [ 28.7%] Step 35,200 | Loss: 1.2553 | PPL: 3.51
  [ 29.1%] Step 35,300 | Loss: 1.2513 | PPL: 3.49
  [ 29.5%] Step 35,400 | Loss: 1.2524 | PPL: 3.50
  [ 29.8%] Step 35,500 | Loss: 1.2514 | PPL: 3.50
  [ 30.2%] Step 35,600 | Loss: 1.2486 | PPL: 3.49
  [ 30.6%] Step 35,700 | Loss: 1.2518 | PPL: 3.50
  [ 30.9%] Step 35,800 | Loss: 1.2529 | PPL: 3.50
  [ 31.3%] Step 35,900 | Loss: 1.2517 | PPL: 3.50
  [ 31.7%] Step 36,000 | Loss: 1.2515 | PPL: 3.50
  [ 32.0%] Step 36,100 | Loss: 1.2482 | PPL: 3.48
  [ 32.4%] Step 36,200 | Loss: 1.2515 | PPL: 3.50
  [ 32.8%] Step 36,300 | Loss: 1.2450 | PPL: 3.47
  [ 33.1%] Step 36,400 | Loss: 1.2481 | PPL: 3.48
  [ 33.5%] Step 36,500 | Loss: 1.2471 | PPL: 3.48
  [ 33.9%] Step 36,600 | Loss: 1.2529 | PPL: 3.50
  [ 34.2%] Step 36,700 | Loss: 1.2461 | PPL: 3.48
  [ 34.6%] Step 36,800 | Loss: 1.2481 | PPL: 3.48
  [ 34.9%] Step 36,900 | Loss: 1.2480 | PPL: 3.48
  [ 35.3%] Step 37,000 | Loss: 1.2486 | PPL: 3.49
  [ 35.7%] Step 37,100 | Loss: 1.2484 | PPL: 3.48
  [ 36.0%] Step 37,200 | Loss: 1.2434 | PPL: 3.47
  [ 36.4%] Step 37,300 | Loss: 1.2462 | PPL: 3.48
  [ 36.8%] Step 37,400 | Loss: 1.2437 | PPL: 3.47
  [ 37.1%] Step 37,500 | Loss: 1.2411 | PPL: 3.46
  [ 37.5%] Step 37,600 | Loss: 1.2462 | PPL: 3.48
  [ 37.9%] Step 37,700 | Loss: 1.2426 | PPL: 3.46
  [ 38.2%] Step 37,800 | Loss: 1.2457 | PPL: 3.48
  [ 38.6%] Step 37,900 | Loss: 1.2419 | PPL: 3.46
  [ 39.0%] Step 38,000 | Loss: 1.2401 | PPL: 3.46
  [ 39.3%] Step 38,100 | Loss: 1.2406 | PPL: 3.46
  [ 39.7%] Step 38,200 | Loss: 1.2422 | PPL: 3.46
  [ 40.1%] Step 38,300 | Loss: 1.2439 | PPL: 3.47
  [ 40.4%] Step 38,400 | Loss: 1.2391 | PPL: 3.45
  [ 40.8%] Step 38,500 | Loss: 1.2422 | PPL: 3.46
  [ 41.2%] Step 38,600 | Loss: 1.2396 | PPL: 3.45
  [ 41.5%] Step 38,700 | Loss: 1.2371 | PPL: 3.45
  [ 41.9%] Step 38,800 | Loss: 1.2403 | PPL: 3.46
  [ 42.3%] Step 38,900 | Loss: 1.2389 | PPL: 3.45
  [ 42.6%] Step 39,000 | Loss: 1.2366 | PPL: 3.44
  [ 43.0%] Step 39,100 | Loss: 1.2407 | PPL: 3.46
  [ 43.4%] Step 39,200 | Loss: 1.2370 | PPL: 3.45
  [ 43.7%] Step 39,300 | Loss: 1.2386 | PPL: 3.45
  [ 44.1%] Step 39,400 | Loss: 1.2422 | PPL: 3.46
  [ 44.5%] Step 39,500 | Loss: 1.2382 | PPL: 3.45
  [ 44.8%] Step 39,600 | Loss: 1.2377 | PPL: 3.45
  [ 45.2%] Step 39,700 | Loss: 1.2377 | PPL: 3.45
  [ 45.6%] Step 39,800 | Loss: 1.2373 | PPL: 3.45
  [ 45.9%] Step 39,900 | Loss: 1.2381 | PPL: 3.45
  [ 46.3%] Step 40,000 | Loss: 1.2369 | PPL: 3.44
  [ 46.7%] Step 40,100 | Loss: 1.2351 | PPL: 3.44
  [ 47.0%] Step 40,200 | Loss: 1.2362 | PPL: 3.44
  [ 47.4%] Step 40,300 | Loss: 1.2326 | PPL: 3.43
  [ 47.7%] Step 40,400 | Loss: 1.2394 | PPL: 3.45
  [ 48.1%] Step 40,500 | Loss: 1.2348 | PPL: 3.44
  [ 48.5%] Step 40,600 | Loss: 1.2343 | PPL: 3.44
  [ 48.8%] Step 40,700 | Loss: 1.2300 | PPL: 3.42
  [ 49.2%] Step 40,800 | Loss: 1.2372 | PPL: 3.45
  [ 49.6%] Step 40,900 | Loss: 1.2309 | PPL: 3.42
  [ 49.9%] Step 41,000 | Loss: 1.2276 | PPL: 3.41
  [ 50.3%] Step 41,100 | Loss: 1.2322 | PPL: 3.43
  [ 50.7%] Step 41,200 | Loss: 1.2380 | PPL: 3.45
  [ 51.0%] Step 41,300 | Loss: 1.2359 | PPL: 3.44
  [ 51.4%] Step 41,400 | Loss: 1.2326 | PPL: 3.43
  [ 51.8%] Step 41,500 | Loss: 1.2328 | PPL: 3.43
  [ 52.1%] Step 41,600 | Loss: 1.2327 | PPL: 3.43
  [ 52.5%] Step 41,700 | Loss: 1.2310 | PPL: 3.42
  [ 52.9%] Step 41,800 | Loss: 1.2342 | PPL: 3.44
  [ 53.2%] Step 41,900 | Loss: 1.2314 | PPL: 3.43
  [ 53.6%] Step 42,000 | Loss: 1.2285 | PPL: 3.42
  [ 54.0%] Step 42,100 | Loss: 1.2309 | PPL: 3.42
  [ 54.3%] Step 42,200 | Loss: 1.2327 | PPL: 3.43
  [ 54.7%] Step 42,300 | Loss: 1.2342 | PPL: 3.44
  [ 55.1%] Step 42,400 | Loss: 1.2283 | PPL: 3.42
  [ 55.4%] Step 42,500 | Loss: 1.2293 | PPL: 3.42
  [ 55.8%] Step 42,600 | Loss: 1.2276 | PPL: 3.41
  [ 56.2%] Step 42,700 | Loss: 1.2264 | PPL: 3.41
  [ 56.5%] Step 42,800 | Loss: 1.2266 | PPL: 3.41
  [ 56.9%] Step 42,900 | Loss: 1.2259 | PPL: 3.41
  [ 57.3%] Step 43,000 | Loss: 1.2292 | PPL: 3.42
  [ 57.6%] Step 43,100 | Loss: 1.2272 | PPL: 3.41
  [ 58.0%] Step 43,200 | Loss: 1.2295 | PPL: 3.42
  [ 58.4%] Step 43,300 | Loss: 1.2301 | PPL: 3.42
  [ 58.7%] Step 43,400 | Loss: 1.2255 | PPL: 3.41
  [ 59.1%] Step 43,500 | Loss: 1.2288 | PPL: 3.42
  [ 59.4%] Step 43,600 | Loss: 1.2260 | PPL: 3.41
  [ 59.8%] Step 43,700 | Loss: 1.2298 | PPL: 3.42
  [ 60.2%] Step 43,800 | Loss: 1.2247 | PPL: 3.40
  [ 60.5%] Step 43,900 | Loss: 1.2254 | PPL: 3.41
  [ 60.9%] Step 44,000 | Loss: 1.2254 | PPL: 3.41
  [ 61.3%] Step 44,100 | Loss: 1.2214 | PPL: 3.39
  [ 61.6%] Step 44,200 | Loss: 1.2257 | PPL: 3.41
  [ 62.0%] Step 44,300 | Loss: 1.2254 | PPL: 3.41
  [ 62.4%] Step 44,400 | Loss: 1.2232 | PPL: 3.40
  [ 62.7%] Step 44,500 | Loss: 1.2239 | PPL: 3.40
  [ 63.1%] Step 44,600 | Loss: 1.2247 | PPL: 3.40
  [ 63.5%] Step 44,700 | Loss: 1.2212 | PPL: 3.39
  [ 63.8%] Step 44,800 | Loss: 1.2199 | PPL: 3.39
  [ 64.2%] Step 44,900 | Loss: 1.2251 | PPL: 3.40
  [ 64.6%] Step 45,000 | Loss: 1.2203 | PPL: 3.39
  [ 64.9%] Step 45,100 | Loss: 1.2263 | PPL: 3.41
  [ 65.3%] Step 45,200 | Loss: 1.2233 | PPL: 3.40
  [ 65.7%] Step 45,300 | Loss: 1.2227 | PPL: 3.40
  [ 66.0%] Step 45,400 | Loss: 1.2253 | PPL: 3.41
  [ 66.4%] Step 45,500 | Loss: 1.2232 | PPL: 3.40
  [ 66.8%] Step 45,600 | Loss: 1.2214 | PPL: 3.39
  [ 67.1%] Step 45,700 | Loss: 1.2233 | PPL: 3.40
  [ 67.5%] Step 45,800 | Loss: 1.2189 | PPL: 3.38
  [ 67.9%] Step 45,900 | Loss: 1.2223 | PPL: 3.40
  [ 68.2%] Step 46,000 | Loss: 1.2228 | PPL: 3.40
  [ 68.6%] Step 46,100 | Loss: 1.2178 | PPL: 3.38
  [ 69.0%] Step 46,200 | Loss: 1.2159 | PPL: 3.37
  [ 69.3%] Step 46,300 | Loss: 1.2194 | PPL: 3.39
  [ 69.7%] Step 46,400 | Loss: 1.2171 | PPL: 3.38
  [ 70.1%] Step 46,500 | Loss: 1.2200 | PPL: 3.39
  [ 70.4%] Step 46,600 | Loss: 1.2234 | PPL: 3.40
  [ 70.8%] Step 46,700 | Loss: 1.2206 | PPL: 3.39
  [ 71.2%] Step 46,800 | Loss: 1.2177 | PPL: 3.38
  [ 71.5%] Step 46,900 | Loss: 1.2166 | PPL: 3.38
  [ 71.9%] Step 47,000 | Loss: 1.2200 | PPL: 3.39
  [ 72.2%] Step 47,100 | Loss: 1.2170 | PPL: 3.38
  [ 72.6%] Step 47,200 | Loss: 1.2161 | PPL: 3.37
  [ 73.0%] Step 47,300 | Loss: 1.2167 | PPL: 3.38
  [ 73.3%] Step 47,400 | Loss: 1.2172 | PPL: 3.38
  [ 73.7%] Step 47,500 | Loss: 1.2156 | PPL: 3.37
  [ 74.1%] Step 47,600 | Loss: 1.2179 | PPL: 3.38
  [ 74.4%] Step 47,700 | Loss: 1.2185 | PPL: 3.38
  [ 74.8%] Step 47,800 | Loss: 1.2162 | PPL: 3.37
  [ 75.2%] Step 47,900 | Loss: 1.2104 | PPL: 3.35
  [ 75.5%] Step 48,000 | Loss: 1.2178 | PPL: 3.38
  [ 75.9%] Step 48,100 | Loss: 1.2145 | PPL: 3.37
  [ 76.3%] Step 48,200 | Loss: 1.2181 | PPL: 3.38
  [ 76.6%] Step 48,300 | Loss: 1.2136 | PPL: 3.37
  [ 77.0%] Step 48,400 | Loss: 1.2191 | PPL: 3.38
  [ 77.4%] Step 48,500 | Loss: 1.2173 | PPL: 3.38
  [ 77.7%] Step 48,600 | Loss: 1.2106 | PPL: 3.36
  [ 78.1%] Step 48,700 | Loss: 1.2143 | PPL: 3.37
  [ 78.5%] Step 48,800 | Loss: 1.2160 | PPL: 3.37
  [ 78.8%] Step 48,900 | Loss: 1.2172 | PPL: 3.38
  [ 79.2%] Step 49,000 | Loss: 1.2163 | PPL: 3.37
  [ 79.6%] Step 49,100 | Loss: 1.2140 | PPL: 3.37
  [ 79.9%] Step 49,200 | Loss: 1.2116 | PPL: 3.36
  [ 80.3%] Step 49,300 | Loss: 1.2134 | PPL: 3.36
  [ 80.7%] Step 49,400 | Loss: 1.2146 | PPL: 3.37
  [ 81.0%] Step 49,500 | Loss: 1.2063 | PPL: 3.34
  [ 81.4%] Step 49,600 | Loss: 1.2167 | PPL: 3.38
  [ 81.8%] Step 49,700 | Loss: 1.2140 | PPL: 3.37
  [ 82.1%] Step 49,800 | Loss: 1.2126 | PPL: 3.36
  [ 82.5%] Step 49,900 | Loss: 1.2091 | PPL: 3.35
  [ 82.9%] Step 50,000 | Loss: 1.2117 | PPL: 3.36
  [ 83.2%] Step 50,100 | Loss: 1.2133 | PPL: 3.36
  [ 83.6%] Step 50,200 | Loss: 1.2138 | PPL: 3.37
  [ 84.0%] Step 50,300 | Loss: 1.2123 | PPL: 3.36
  [ 84.3%] Step 50,400 | Loss: 1.2089 | PPL: 3.35
  [ 84.7%] Step 50,500 | Loss: 1.2088 | PPL: 3.35
  [ 85.0%] Step 50,600 | Loss: 1.2111 | PPL: 3.36
  [ 85.4%] Step 50,700 | Loss: 1.2136 | PPL: 3.37
  [ 85.8%] Step 50,800 | Loss: 1.2141 | PPL: 3.37
  [ 86.1%] Step 50,900 | Loss: 1.2107 | PPL: 3.36
  [ 86.5%] Step 51,000 | Loss: 1.2076 | PPL: 3.35
  [ 86.9%] Step 51,100 | Loss: 1.2048 | PPL: 3.34
  [ 87.2%] Step 51,200 | Loss: 1.2116 | PPL: 3.36
  [ 87.6%] Step 51,300 | Loss: 1.2089 | PPL: 3.35
  [ 88.0%] Step 51,400 | Loss: 1.2078 | PPL: 3.35
  [ 88.3%] Step 51,500 | Loss: 1.2073 | PPL: 3.34
  [ 88.7%] Step 51,600 | Loss: 1.2032 | PPL: 3.33
  [ 89.1%] Step 51,700 | Loss: 1.2081 | PPL: 3.35
  [ 89.4%] Step 51,800 | Loss: 1.2068 | PPL: 3.34
  [ 89.8%] Step 51,900 | Loss: 1.2051 | PPL: 3.34
  [ 90.2%] Step 52,000 | Loss: 1.2061 | PPL: 3.34
  [ 90.5%] Step 52,100 | Loss: 1.2049 | PPL: 3.34
  [ 90.9%] Step 52,200 | Loss: 1.2050 | PPL: 3.34
  [ 91.3%] Step 52,300 | Loss: 1.2096 | PPL: 3.35
  [ 91.6%] Step 52,400 | Loss: 1.2082 | PPL: 3.35
  [ 92.0%] Step 52,500 | Loss: 1.2047 | PPL: 3.34
  [ 92.4%] Step 52,600 | Loss: 1.2075 | PPL: 3.35
  [ 92.7%] Step 52,700 | Loss: 1.2044 | PPL: 3.33
  [ 93.1%] Step 52,800 | Loss: 1.2036 | PPL: 3.33
  [ 93.5%] Step 52,900 | Loss: 1.2054 | PPL: 3.34
  [ 93.8%] Step 53,000 | Loss: 1.2059 | PPL: 3.34
  [ 94.2%] Step 53,100 | Loss: 1.2047 | PPL: 3.34
  [ 94.6%] Step 53,200 | Loss: 1.2042 | PPL: 3.33
  [ 94.9%] Step 53,300 | Loss: 1.2045 | PPL: 3.33
  [ 95.3%] Step 53,400 | Loss: 1.2079 | PPL: 3.35
  [ 95.7%] Step 53,500 | Loss: 1.2053 | PPL: 3.34
  [ 96.0%] Step 53,600 | Loss: 1.2014 | PPL: 3.32
  [ 96.4%] Step 53,700 | Loss: 1.1992 | PPL: 3.32
  [ 96.8%] Step 53,800 | Loss: 1.2031 | PPL: 3.33
  [ 97.1%] Step 53,900 | Loss: 1.2080 | PPL: 3.35
  [ 97.5%] Step 54,000 | Loss: 1.2056 | PPL: 3.34
  [ 97.8%] Step 54,100 | Loss: 1.2048 | PPL: 3.34
  [ 98.2%] Step 54,200 | Loss: 1.2063 | PPL: 3.34
  [ 98.6%] Step 54,300 | Loss: 1.2042 | PPL: 3.33
  [ 98.9%] Step 54,400 | Loss: 1.2010 | PPL: 3.32
  [ 99.3%] Step 54,500 | Loss: 1.2034 | PPL: 3.33
  [ 99.7%] Step 54,600 | Loss: 1.2034 | PPL: 3.33
  [100.0%] Step 54,688 | Loss: 1.2023 | PPL: 3.33
[Epoch 2/3] Validating...
[Epoch 2/3] Loss: 1.2452 | PPL: 3.47
  -> Saved best model to checkpoints\uz_best.pt
[Epoch 3/3] Starting...
  [  0.0%] Step 54,700 | Loss: 1.2046 | PPL: 3.34
  [  0.4%] Step 54,800 | Loss: 1.1984 | PPL: 3.31
  [  0.8%] Step 54,900 | Loss: 1.2001 | PPL: 3.32
  [  1.1%] Step 55,000 | Loss: 1.2042 | PPL: 3.33
  [  1.5%] Step 55,100 | Loss: 1.1991 | PPL: 3.32
  [  1.9%] Step 55,200 | Loss: 1.2016 | PPL: 3.33
  [  2.2%] Step 55,300 | Loss: 1.1993 | PPL: 3.32
  [  2.6%] Step 55,400 | Loss: 1.2019 | PPL: 3.33
  [  3.0%] Step 55,500 | Loss: 1.2006 | PPL: 3.32
  [  3.3%] Step 55,600 | Loss: 1.1946 | PPL: 3.30
  [  3.7%] Step 55,700 | Loss: 1.1996 | PPL: 3.32
  [  4.1%] Step 55,800 | Loss: 1.2022 | PPL: 3.33
  [  4.4%] Step 55,900 | Loss: 1.1995 | PPL: 3.32
  [  4.8%] Step 56,000 | Loss: 1.1972 | PPL: 3.31
  [  5.2%] Step 56,100 | Loss: 1.2003 | PPL: 3.32
  [  5.5%] Step 56,200 | Loss: 1.2009 | PPL: 3.32
  [  5.9%] Step 56,300 | Loss: 1.1966 | PPL: 3.31
  [  6.3%] Step 56,400 | Loss: 1.2053 | PPL: 3.34
  [  6.6%] Step 56,500 | Loss: 1.1993 | PPL: 3.32
  [  7.0%] Step 56,600 | Loss: 1.1980 | PPL: 3.31
  [  7.4%] Step 56,700 | Loss: 1.1958 | PPL: 3.31
  [  7.7%] Step 56,800 | Loss: 1.2036 | PPL: 3.33
  [  8.1%] Step 56,900 | Loss: 1.2004 | PPL: 3.32
  [  8.5%] Step 57,000 | Loss: 1.1950 | PPL: 3.30
  [  8.8%] Step 57,100 | Loss: 1.2009 | PPL: 3.32
  [  9.2%] Step 57,200 | Loss: 1.1953 | PPL: 3.30
  [  9.6%] Step 57,300 | Loss: 1.1940 | PPL: 3.30
  [  9.9%] Step 57,400 | Loss: 1.1966 | PPL: 3.31
  [ 10.3%] Step 57,500 | Loss: 1.1955 | PPL: 3.31
  [ 10.6%] Step 57,600 | Loss: 1.1945 | PPL: 3.30
  [ 11.0%] Step 57,700 | Loss: 1.1998 | PPL: 3.32
  [ 11.4%] Step 57,800 | Loss: 1.1985 | PPL: 3.32
  [ 11.7%] Step 57,900 | Loss: 1.1923 | PPL: 3.29
  [ 12.1%] Step 58,000 | Loss: 1.1973 | PPL: 3.31
  [ 12.5%] Step 58,100 | Loss: 1.1944 | PPL: 3.30
  [ 12.8%] Step 58,200 | Loss: 1.1979 | PPL: 3.31
  [ 13.2%] Step 58,300 | Loss: 1.1939 | PPL: 3.30
  [ 13.6%] Step 58,400 | Loss: 1.1970 | PPL: 3.31
  [ 13.9%] Step 58,500 | Loss: 1.1890 | PPL: 3.28
  [ 14.3%] Step 58,600 | Loss: 1.1941 | PPL: 3.30
  [ 14.7%] Step 58,700 | Loss: 1.1938 | PPL: 3.30
  [ 15.0%] Step 58,800 | Loss: 1.1951 | PPL: 3.30
  [ 15.4%] Step 58,900 | Loss: 1.1981 | PPL: 3.31
  [ 15.8%] Step 59,000 | Loss: 1.1935 | PPL: 3.30
  [ 16.1%] Step 59,100 | Loss: 1.1962 | PPL: 3.31
  [ 16.5%] Step 59,200 | Loss: 1.1952 | PPL: 3.30
  [ 16.9%] Step 59,300 | Loss: 1.1920 | PPL: 3.29
  [ 17.2%] Step 59,400 | Loss: 1.1919 | PPL: 3.29
  [ 17.6%] Step 59,500 | Loss: 1.1947 | PPL: 3.30
  [ 18.0%] Step 59,600 | Loss: 1.1955 | PPL: 3.31
  [ 18.3%] Step 59,700 | Loss: 1.1916 | PPL: 3.29
  [ 18.7%] Step 59,800 | Loss: 1.1929 | PPL: 3.30
  [ 19.1%] Step 59,900 | Loss: 1.1926 | PPL: 3.30
  [ 19.4%] Step 60,000 | Loss: 1.1905 | PPL: 3.29
  [ 19.8%] Step 60,100 | Loss: 1.1917 | PPL: 3.29
  [ 20.2%] Step 60,200 | Loss: 1.1933 | PPL: 3.30
  [ 20.5%] Step 60,300 | Loss: 1.1899 | PPL: 3.29
  [ 20.9%] Step 60,400 | Loss: 1.1885 | PPL: 3.28
  [ 21.3%] Step 60,500 | Loss: 1.1869 | PPL: 3.28
  [ 21.6%] Step 60,600 | Loss: 1.1946 | PPL: 3.30
  [ 22.0%] Step 60,700 | Loss: 1.1902 | PPL: 3.29
  [ 22.4%] Step 60,800 | Loss: 1.1914 | PPL: 3.29
  [ 22.7%] Step 60,900 | Loss: 1.1868 | PPL: 3.28
  [ 23.1%] Step 61,000 | Loss: 1.1922 | PPL: 3.29
  [ 23.4%] Step 61,100 | Loss: 1.1942 | PPL: 3.30
  [ 23.8%] Step 61,200 | Loss: 1.1906 | PPL: 3.29
  [ 24.2%] Step 61,300 | Loss: 1.1899 | PPL: 3.29
  [ 24.5%] Step 61,400 | Loss: 1.1904 | PPL: 3.29
  [ 24.9%] Step 61,500 | Loss: 1.1952 | PPL: 3.30
  [ 25.3%] Step 61,600 | Loss: 1.1890 | PPL: 3.28
  [ 25.6%] Step 61,700 | Loss: 1.1904 | PPL: 3.29
  [ 26.0%] Step 61,800 | Loss: 1.1860 | PPL: 3.27
  [ 26.4%] Step 61,900 | Loss: 1.1897 | PPL: 3.29
  [ 26.7%] Step 62,000 | Loss: 1.1894 | PPL: 3.29
  [ 27.1%] Step 62,100 | Loss: 1.1920 | PPL: 3.29
  [ 27.5%] Step 62,200 | Loss: 1.1887 | PPL: 3.28
  [ 27.8%] Step 62,300 | Loss: 1.1895 | PPL: 3.29
  [ 28.2%] Step 62,400 | Loss: 1.1843 | PPL: 3.27
  [ 28.6%] Step 62,500 | Loss: 1.1832 | PPL: 3.26
  [ 28.9%] Step 62,600 | Loss: 1.1863 | PPL: 3.27
  [ 29.3%] Step 62,700 | Loss: 1.1889 | PPL: 3.28
  [ 29.7%] Step 62,800 | Loss: 1.1861 | PPL: 3.27
  [ 30.0%] Step 62,900 | Loss: 1.1897 | PPL: 3.29
  [ 30.4%] Step 63,000 | Loss: 1.1857 | PPL: 3.27
  [ 30.8%] Step 63,100 | Loss: 1.1859 | PPL: 3.27
  [ 31.1%] Step 63,200 | Loss: 1.1893 | PPL: 3.28
  [ 31.5%] Step 63,300 | Loss: 1.1890 | PPL: 3.28
  [ 31.9%] Step 63,400 | Loss: 1.1867 | PPL: 3.28
  [ 32.2%] Step 63,500 | Loss: 1.1833 | PPL: 3.27
  [ 32.6%] Step 63,600 | Loss: 1.1852 | PPL: 3.27
  [ 33.0%] Step 63,700 | Loss: 1.1863 | PPL: 3.27
  [ 33.3%] Step 63,800 | Loss: 1.1825 | PPL: 3.26
  [ 33.7%] Step 63,900 | Loss: 1.1838 | PPL: 3.27
  [ 34.1%] Step 64,000 | Loss: 1.1859 | PPL: 3.27
  [ 34.4%] Step 64,100 | Loss: 1.1848 | PPL: 3.27
  [ 34.8%] Step 64,200 | Loss: 1.1872 | PPL: 3.28
  [ 35.2%] Step 64,300 | Loss: 1.1852 | PPL: 3.27
  [ 35.5%] Step 64,400 | Loss: 1.1843 | PPL: 3.27
  [ 35.9%] Step 64,500 | Loss: 1.1873 | PPL: 3.28
  [ 36.2%] Step 64,600 | Loss: 1.1853 | PPL: 3.27
  [ 36.6%] Step 64,700 | Loss: 1.1810 | PPL: 3.26
  [ 37.0%] Step 64,800 | Loss: 1.1853 | PPL: 3.27
  [ 37.3%] Step 64,900 | Loss: 1.1843 | PPL: 3.27
  [ 37.7%] Step 65,000 | Loss: 1.1852 | PPL: 3.27
  [ 38.1%] Step 65,100 | Loss: 1.1874 | PPL: 3.28
  [ 38.4%] Step 65,200 | Loss: 1.1793 | PPL: 3.25
  [ 38.8%] Step 65,300 | Loss: 1.1807 | PPL: 3.26
  [ 39.2%] Step 65,400 | Loss: 1.1850 | PPL: 3.27
  [ 39.5%] Step 65,500 | Loss: 1.1854 | PPL: 3.27
  [ 39.9%] Step 65,600 | Loss: 1.1877 | PPL: 3.28
  [ 40.3%] Step 65,700 | Loss: 1.1887 | PPL: 3.28
  [ 40.6%] Step 65,800 | Loss: 1.1890 | PPL: 3.28
  [ 41.0%] Step 65,900 | Loss: 1.1813 | PPL: 3.26
  [ 41.4%] Step 66,000 | Loss: 1.1813 | PPL: 3.26
  [ 41.7%] Step 66,100 | Loss: 1.1826 | PPL: 3.26
  [ 42.1%] Step 66,200 | Loss: 1.1875 | PPL: 3.28
  [ 42.5%] Step 66,300 | Loss: 1.1896 | PPL: 3.29
  [ 42.8%] Step 66,400 | Loss: 1.1797 | PPL: 3.25
  [ 43.2%] Step 66,500 | Loss: 1.1851 | PPL: 3.27
  [ 43.6%] Step 66,600 | Loss: 1.1850 | PPL: 3.27
  [ 43.9%] Step 66,700 | Loss: 1.1823 | PPL: 3.26
  [ 44.3%] Step 66,800 | Loss: 1.1791 | PPL: 3.25
  [ 44.7%] Step 66,900 | Loss: 1.1828 | PPL: 3.26
  [ 45.0%] Step 67,000 | Loss: 1.1782 | PPL: 3.25
  [ 45.4%] Step 67,100 | Loss: 1.1798 | PPL: 3.25
  [ 45.8%] Step 67,200 | Loss: 1.1815 | PPL: 3.26
  [ 46.1%] Step 67,300 | Loss: 1.1818 | PPL: 3.26
  [ 46.5%] Step 67,400 | Loss: 1.1808 | PPL: 3.26
  [ 46.9%] Step 67,500 | Loss: 1.1804 | PPL: 3.26
  [ 47.2%] Step 67,600 | Loss: 1.1738 | PPL: 3.23
  [ 47.6%] Step 67,700 | Loss: 1.1786 | PPL: 3.25
  [ 48.0%] Step 67,800 | Loss: 1.1800 | PPL: 3.25
  [ 48.3%] Step 67,900 | Loss: 1.1783 | PPL: 3.25
  [ 48.7%] Step 68,000 | Loss: 1.1793 | PPL: 3.25
  [ 49.0%] Step 68,100 | Loss: 1.1824 | PPL: 3.26
  [ 49.4%] Step 68,200 | Loss: 1.1808 | PPL: 3.26
  [ 49.8%] Step 68,300 | Loss: 1.1744 | PPL: 3.24
  [ 50.1%] Step 68,400 | Loss: 1.1764 | PPL: 3.24
  [ 50.5%] Step 68,500 | Loss: 1.1817 | PPL: 3.26
  [ 50.9%] Step 68,600 | Loss: 1.1754 | PPL: 3.24
  [ 51.2%] Step 68,700 | Loss: 1.1791 | PPL: 3.25
  [ 51.6%] Step 68,800 | Loss: 1.1780 | PPL: 3.25
  [ 52.0%] Step 68,900 | Loss: 1.1844 | PPL: 3.27
  [ 52.3%] Step 69,000 | Loss: 1.1789 | PPL: 3.25
  [ 52.7%] Step 69,100 | Loss: 1.1800 | PPL: 3.25
  [ 53.1%] Step 69,200 | Loss: 1.1798 | PPL: 3.25
  [ 53.4%] Step 69,300 | Loss: 1.1794 | PPL: 3.25
  [ 53.8%] Step 69,400 | Loss: 1.1838 | PPL: 3.27
  [ 54.2%] Step 69,500 | Loss: 1.1799 | PPL: 3.25
  [ 54.5%] Step 69,600 | Loss: 1.1781 | PPL: 3.25
  [ 54.9%] Step 69,700 | Loss: 1.1797 | PPL: 3.25
  [ 55.3%] Step 69,800 | Loss: 1.1810 | PPL: 3.26
  [ 55.6%] Step 69,900 | Loss: 1.1755 | PPL: 3.24
  [ 56.0%] Step 70,000 | Loss: 1.1764 | PPL: 3.24
  [ 56.4%] Step 70,100 | Loss: 1.1824 | PPL: 3.26
  [ 56.7%] Step 70,200 | Loss: 1.1765 | PPL: 3.24
  [ 57.1%] Step 70,300 | Loss: 1.1752 | PPL: 3.24
  [ 57.5%] Step 70,400 | Loss: 1.1807 | PPL: 3.26
  [ 57.8%] Step 70,500 | Loss: 1.1744 | PPL: 3.24
  [ 58.2%] Step 70,600 | Loss: 1.1762 | PPL: 3.24
  [ 58.6%] Step 70,700 | Loss: 1.1800 | PPL: 3.25
  [ 58.9%] Step 70,800 | Loss: 1.1781 | PPL: 3.25
  [ 59.3%] Step 70,900 | Loss: 1.1756 | PPL: 3.24
  [ 59.7%] Step 71,000 | Loss: 1.1781 | PPL: 3.25
  [ 60.0%] Step 71,100 | Loss: 1.1745 | PPL: 3.24
  [ 60.4%] Step 71,200 | Loss: 1.1784 | PPL: 3.25
  [ 60.8%] Step 71,300 | Loss: 1.1770 | PPL: 3.24
  [ 61.1%] Step 71,400 | Loss: 1.1762 | PPL: 3.24
  [ 61.5%] Step 71,500 | Loss: 1.1752 | PPL: 3.24
  [ 61.8%] Step 71,600 | Loss: 1.1770 | PPL: 3.24
  [ 62.2%] Step 71,700 | Loss: 1.1809 | PPL: 3.26
  [ 62.6%] Step 71,800 | Loss: 1.1779 | PPL: 3.25
  [ 62.9%] Step 71,900 | Loss: 1.1773 | PPL: 3.25
  [ 63.3%] Step 72,000 | Loss: 1.1745 | PPL: 3.24
  [ 63.7%] Step 72,100 | Loss: 1.1711 | PPL: 3.23
  [ 64.0%] Step 72,200 | Loss: 1.1739 | PPL: 3.23
  [ 64.4%] Step 72,300 | Loss: 1.1730 | PPL: 3.23
  [ 64.8%] Step 72,400 | Loss: 1.1735 | PPL: 3.23
  [ 65.1%] Step 72,500 | Loss: 1.1753 | PPL: 3.24
  [ 65.5%] Step 72,600 | Loss: 1.1743 | PPL: 3.24
  [ 65.9%] Step 72,700 | Loss: 1.1775 | PPL: 3.25
  [ 66.2%] Step 72,800 | Loss: 1.1797 | PPL: 3.25
  [ 66.6%] Step 72,900 | Loss: 1.1752 | PPL: 3.24
  [ 67.0%] Step 73,000 | Loss: 1.1732 | PPL: 3.23
  [ 67.3%] Step 73,100 | Loss: 1.1828 | PPL: 3.26
  [ 67.7%] Step 73,200 | Loss: 1.1753 | PPL: 3.24
  [ 68.1%] Step 73,300 | Loss: 1.1740 | PPL: 3.23
  [ 68.4%] Step 73,400 | Loss: 1.1764 | PPL: 3.24
  [ 68.8%] Step 73,500 | Loss: 1.1759 | PPL: 3.24
  [ 69.2%] Step 73,600 | Loss: 1.1734 | PPL: 3.23
  [ 69.5%] Step 73,700 | Loss: 1.1740 | PPL: 3.23
  [ 69.9%] Step 73,800 | Loss: 1.1746 | PPL: 3.24
  [ 70.3%] Step 73,900 | Loss: 1.1723 | PPL: 3.23
  [ 70.6%] Step 74,000 | Loss: 1.1715 | PPL: 3.23
  [ 71.0%] Step 74,100 | Loss: 1.1736 | PPL: 3.23
  [ 71.4%] Step 74,200 | Loss: 1.1727 | PPL: 3.23
  [ 71.7%] Step 74,300 | Loss: 1.1761 | PPL: 3.24
  [ 72.1%] Step 74,400 | Loss: 1.1727 | PPL: 3.23
  [ 72.5%] Step 74,500 | Loss: 1.1773 | PPL: 3.25
  [ 72.8%] Step 74,600 | Loss: 1.1698 | PPL: 3.22
  [ 73.2%] Step 74,700 | Loss: 1.1742 | PPL: 3.24
  [ 73.6%] Step 74,800 | Loss: 1.1725 | PPL: 3.23
  [ 73.9%] Step 74,900 | Loss: 1.1717 | PPL: 3.23
  [ 74.3%] Step 75,000 | Loss: 1.1692 | PPL: 3.22
  [ 74.6%] Step 75,100 | Loss: 1.1676 | PPL: 3.21
  [ 75.0%] Step 75,200 | Loss: 1.1717 | PPL: 3.23
  [ 75.4%] Step 75,300 | Loss: 1.1740 | PPL: 3.23
  [ 75.7%] Step 75,400 | Loss: 1.1715 | PPL: 3.23
  [ 76.1%] Step 75,500 | Loss: 1.1732 | PPL: 3.23
  [ 76.5%] Step 75,600 | Loss: 1.1712 | PPL: 3.23
  [ 76.8%] Step 75,700 | Loss: 1.1704 | PPL: 3.22
  [ 77.2%] Step 75,800 | Loss: 1.1712 | PPL: 3.23
  [ 77.6%] Step 75,900 | Loss: 1.1696 | PPL: 3.22
  [ 77.9%] Step 76,000 | Loss: 1.1680 | PPL: 3.22
  [ 78.3%] Step 76,100 | Loss: 1.1677 | PPL: 3.21
  [ 78.7%] Step 76,200 | Loss: 1.1690 | PPL: 3.22
  [ 79.0%] Step 76,300 | Loss: 1.1689 | PPL: 3.22
  [ 79.4%] Step 76,400 | Loss: 1.1708 | PPL: 3.22
  [ 79.8%] Step 76,500 | Loss: 1.1741 | PPL: 3.24
  [ 80.1%] Step 76,600 | Loss: 1.1668 | PPL: 3.21
  [ 80.5%] Step 76,700 | Loss: 1.1711 | PPL: 3.23
  [ 80.9%] Step 76,800 | Loss: 1.1666 | PPL: 3.21
  [ 81.2%] Step 76,900 | Loss: 1.1734 | PPL: 3.23
  [ 81.6%] Step 77,000 | Loss: 1.1669 | PPL: 3.21
  [ 82.0%] Step 77,100 | Loss: 1.1687 | PPL: 3.22
  [ 82.3%] Step 77,200 | Loss: 1.1700 | PPL: 3.22
  [ 82.7%] Step 77,300 | Loss: 1.1681 | PPL: 3.22
  [ 83.1%] Step 77,400 | Loss: 1.1688 | PPL: 3.22
  [ 83.4%] Step 77,500 | Loss: 1.1705 | PPL: 3.22
  [ 83.8%] Step 77,600 | Loss: 1.1674 | PPL: 3.21
  [ 84.2%] Step 77,700 | Loss: 1.1706 | PPL: 3.22
  [ 84.5%] Step 77,800 | Loss: 1.1698 | PPL: 3.22
  [ 84.9%] Step 77,900 | Loss: 1.1687 | PPL: 3.22
  [ 85.3%] Step 78,000 | Loss: 1.1660 | PPL: 3.21
  [ 85.6%] Step 78,100 | Loss: 1.1689 | PPL: 3.22
  [ 86.0%] Step 78,200 | Loss: 1.1697 | PPL: 3.22
  [ 86.4%] Step 78,300 | Loss: 1.1712 | PPL: 3.23
  [ 86.7%] Step 78,400 | Loss: 1.1706 | PPL: 3.22
  [ 87.1%] Step 78,500 | Loss: 1.1698 | PPL: 3.22
  [ 87.4%] Step 78,600 | Loss: 1.1610 | PPL: 3.19
  [ 87.8%] Step 78,700 | Loss: 1.1675 | PPL: 3.21
  [ 88.2%] Step 78,800 | Loss: 1.1698 | PPL: 3.22
  [ 88.5%] Step 78,900 | Loss: 1.1653 | PPL: 3.21
  [ 88.9%] Step 79,000 | Loss: 1.1693 | PPL: 3.22
  [ 89.3%] Step 79,100 | Loss: 1.1679 | PPL: 3.22
  [ 89.6%] Step 79,200 | Loss: 1.1655 | PPL: 3.21
  [ 90.0%] Step 79,300 | Loss: 1.1687 | PPL: 3.22
  [ 90.4%] Step 79,400 | Loss: 1.1684 | PPL: 3.22
  [ 90.7%] Step 79,500 | Loss: 1.1632 | PPL: 3.20
  [ 91.1%] Step 79,600 | Loss: 1.1642 | PPL: 3.20
  [ 91.5%] Step 79,700 | Loss: 1.1684 | PPL: 3.22
  [ 91.8%] Step 79,800 | Loss: 1.1636 | PPL: 3.20
  [ 92.2%] Step 79,900 | Loss: 1.1672 | PPL: 3.21
  [ 92.6%] Step 80,000 | Loss: 1.1657 | PPL: 3.21
  [ 92.9%] Step 80,100 | Loss: 1.1662 | PPL: 3.21
  [ 93.3%] Step 80,200 | Loss: 1.1614 | PPL: 3.19
  [ 93.7%] Step 80,300 | Loss: 1.1645 | PPL: 3.20
  [ 94.0%] Step 80,400 | Loss: 1.1666 | PPL: 3.21
  [ 94.4%] Step 80,500 | Loss: 1.1656 | PPL: 3.21
  [ 94.8%] Step 80,600 | Loss: 1.1689 | PPL: 3.22
  [ 95.1%] Step 80,700 | Loss: 1.1630 | PPL: 3.20
  [ 95.5%] Step 80,800 | Loss: 1.1603 | PPL: 3.19
  [ 95.9%] Step 80,900 | Loss: 1.1688 | PPL: 3.22
  [ 96.2%] Step 81,000 | Loss: 1.1672 | PPL: 3.21
  [ 96.6%] Step 81,100 | Loss: 1.1685 | PPL: 3.22
  [ 97.0%] Step 81,200 | Loss: 1.1690 | PPL: 3.22
  [ 97.3%] Step 81,300 | Loss: 1.1693 | PPL: 3.22
  [ 97.7%] Step 81,400 | Loss: 1.1619 | PPL: 3.20
  [ 98.1%] Step 81,500 | Loss: 1.1655 | PPL: 3.21
  [ 98.4%] Step 81,600 | Loss: 1.1627 | PPL: 3.20
  [ 98.8%] Step 81,700 | Loss: 1.1662 | PPL: 3.21
  [ 99.2%] Step 81,800 | Loss: 1.1650 | PPL: 3.21
  [ 99.5%] Step 81,900 | Loss: 1.1631 | PPL: 3.20
  [ 99.9%] Step 82,000 | Loss: 1.1676 | PPL: 3.21
  [100.0%] Step 82,032 | Loss: 1.1607 | PPL: 3.19
[Epoch 3/3] Validating...
[Epoch 3/3] Loss: 1.2263 | PPL: 3.41
  -> Saved best model to checkpoints\uz_best.pt
============================================================
Training complete. Running final evaluation...
============================================================

Final Test Loss: 1.2485 | Test PPL: 3.49
Done!
poetry run python -m char_lstm.train --lang ug
Loading data from corpora_clean/oscar_ug_ipa.txt...
  Loaded: 10,000,000 chars total
  Train: 7,000,000 chars
  Val: 1,500,000 chars
  Test: 1,500,000 chars
Building vocab from training text...
  Vocab size: 73
============================================================
Training config
============================================================
  Language: Uyghur (ug)
  Mode: Train from scratch
  Device: cuda
  Batch size: 256
  Workers: 0
  Pin memory: True
  Epochs: 3
  LR: 0.0001
  Seed: 1234
  Freeze embed: False
  Output: checkpoints\ug_best.pt
Creating data loaders...
  Train batches: 27,344
  Val batches: 5,859

Model config
  Device: cuda
  Embed dim: 128
  Hidden dim: 256
  Layers: 2
  Parameters: 949,705
  Optimizer: Adam (lr=0.0001)
============================================================
Starting training: 3 epochs, 27344 batches/epoch
============================================================
[Epoch 1/3] Starting...
  [  0.4%] Step 100 | Loss: 3.6249 | PPL: 37.52
  [  0.7%] Step 200 | Loss: 3.1390 | PPL: 23.08
  [  1.1%] Step 300 | Loss: 2.8776 | PPL: 17.77
  [  1.5%] Step 400 | Loss: 2.7007 | PPL: 14.89
  [  1.8%] Step 500 | Loss: 2.5980 | PPL: 13.44
  [  2.2%] Step 600 | Loss: 2.5208 | PPL: 12.44
  [  2.6%] Step 700 | Loss: 2.4594 | PPL: 11.70
  [  2.9%] Step 800 | Loss: 2.4114 | PPL: 11.15
  [  3.3%] Step 900 | Loss: 2.3655 | PPL: 10.65
  [  3.7%] Step 1,000 | Loss: 2.3267 | PPL: 10.24
  [  4.0%] Step 1,100 | Loss: 2.2898 | PPL: 9.87
  [  4.4%] Step 1,200 | Loss: 2.2569 | PPL: 9.55
  [  4.8%] Step 1,300 | Loss: 2.2260 | PPL: 9.26
  [  5.1%] Step 1,400 | Loss: 2.1959 | PPL: 8.99
  [  5.5%] Step 1,500 | Loss: 2.1704 | PPL: 8.76
  [  5.9%] Step 1,600 | Loss: 2.1422 | PPL: 8.52
  [  6.2%] Step 1,700 | Loss: 2.1174 | PPL: 8.31
  [  6.6%] Step 1,800 | Loss: 2.0965 | PPL: 8.14
  [  6.9%] Step 1,900 | Loss: 2.0773 | PPL: 7.98
  [  7.3%] Step 2,000 | Loss: 2.0571 | PPL: 7.82
  [  7.7%] Step 2,100 | Loss: 2.0363 | PPL: 7.66
  [  8.0%] Step 2,200 | Loss: 2.0199 | PPL: 7.54
  [  8.4%] Step 2,300 | Loss: 2.0010 | PPL: 7.40
  [  8.8%] Step 2,400 | Loss: 1.9843 | PPL: 7.27
  [  9.1%] Step 2,500 | Loss: 1.9663 | PPL: 7.14
  [  9.5%] Step 2,600 | Loss: 1.9531 | PPL: 7.05
  [  9.9%] Step 2,700 | Loss: 1.9390 | PPL: 6.95
  [ 10.2%] Step 2,800 | Loss: 1.9255 | PPL: 6.86
  [ 10.6%] Step 2,900 | Loss: 1.9118 | PPL: 6.77
  [ 11.0%] Step 3,000 | Loss: 1.8984 | PPL: 6.68
  [ 11.3%] Step 3,100 | Loss: 1.8860 | PPL: 6.59
  [ 11.7%] Step 3,200 | Loss: 1.8756 | PPL: 6.52
  [ 12.1%] Step 3,300 | Loss: 1.8624 | PPL: 6.44
  [ 12.4%] Step 3,400 | Loss: 1.8491 | PPL: 6.35
  [ 12.8%] Step 3,500 | Loss: 1.8407 | PPL: 6.30
  [ 13.2%] Step 3,600 | Loss: 1.8311 | PPL: 6.24
  [ 13.5%] Step 3,700 | Loss: 1.8226 | PPL: 6.19
  [ 13.9%] Step 3,800 | Loss: 1.8117 | PPL: 6.12
  [ 14.3%] Step 3,900 | Loss: 1.8021 | PPL: 6.06
  [ 14.6%] Step 4,000 | Loss: 1.7901 | PPL: 5.99
  [ 15.0%] Step 4,100 | Loss: 1.7829 | PPL: 5.95
  [ 15.4%] Step 4,200 | Loss: 1.7731 | PPL: 5.89
  [ 15.7%] Step 4,300 | Loss: 1.7639 | PPL: 5.83
  [ 16.1%] Step 4,400 | Loss: 1.7571 | PPL: 5.80
  [ 16.5%] Step 4,500 | Loss: 1.7513 | PPL: 5.76
  [ 16.8%] Step 4,600 | Loss: 1.7453 | PPL: 5.73
  [ 17.2%] Step 4,700 | Loss: 1.7344 | PPL: 5.67
  [ 17.6%] Step 4,800 | Loss: 1.7290 | PPL: 5.64
  [ 17.9%] Step 4,900 | Loss: 1.7221 | PPL: 5.60
  [ 18.3%] Step 5,000 | Loss: 1.7160 | PPL: 5.56
  [ 18.7%] Step 5,100 | Loss: 1.7072 | PPL: 5.51
  [ 19.0%] Step 5,200 | Loss: 1.7037 | PPL: 5.49
  [ 19.4%] Step 5,300 | Loss: 1.6957 | PPL: 5.45
  [ 19.7%] Step 5,400 | Loss: 1.6842 | PPL: 5.39
  [ 20.1%] Step 5,500 | Loss: 1.6858 | PPL: 5.40
  [ 20.5%] Step 5,600 | Loss: 1.6801 | PPL: 5.37
  [ 20.8%] Step 5,700 | Loss: 1.6721 | PPL: 5.32
  [ 21.2%] Step 5,800 | Loss: 1.6642 | PPL: 5.28
  [ 21.6%] Step 5,900 | Loss: 1.6597 | PPL: 5.26
  [ 21.9%] Step 6,000 | Loss: 1.6547 | PPL: 5.23
  [ 22.3%] Step 6,100 | Loss: 1.6484 | PPL: 5.20
  [ 22.7%] Step 6,200 | Loss: 1.6465 | PPL: 5.19
  [ 23.0%] Step 6,300 | Loss: 1.6388 | PPL: 5.15
  [ 23.4%] Step 6,400 | Loss: 1.6343 | PPL: 5.13
  [ 23.8%] Step 6,500 | Loss: 1.6316 | PPL: 5.11
  [ 24.1%] Step 6,600 | Loss: 1.6239 | PPL: 5.07
  [ 24.5%] Step 6,700 | Loss: 1.6216 | PPL: 5.06
  [ 24.9%] Step 6,800 | Loss: 1.6191 | PPL: 5.05
  [ 25.2%] Step 6,900 | Loss: 1.6081 | PPL: 4.99
  [ 25.6%] Step 7,000 | Loss: 1.6098 | PPL: 5.00
  [ 26.0%] Step 7,100 | Loss: 1.6040 | PPL: 4.97
  [ 26.3%] Step 7,200 | Loss: 1.5987 | PPL: 4.95
  [ 26.7%] Step 7,300 | Loss: 1.5953 | PPL: 4.93
  [ 27.1%] Step 7,400 | Loss: 1.5902 | PPL: 4.90
  [ 27.4%] Step 7,500 | Loss: 1.5871 | PPL: 4.89
  [ 27.8%] Step 7,600 | Loss: 1.5853 | PPL: 4.88
  [ 28.2%] Step 7,700 | Loss: 1.5779 | PPL: 4.84
  [ 28.5%] Step 7,800 | Loss: 1.5752 | PPL: 4.83
  [ 28.9%] Step 7,900 | Loss: 1.5678 | PPL: 4.80
  [ 29.3%] Step 8,000 | Loss: 1.5644 | PPL: 4.78
  [ 29.6%] Step 8,100 | Loss: 1.5606 | PPL: 4.76
  [ 30.0%] Step 8,200 | Loss: 1.5612 | PPL: 4.76
  [ 30.4%] Step 8,300 | Loss: 1.5541 | PPL: 4.73
  [ 30.7%] Step 8,400 | Loss: 1.5546 | PPL: 4.73
  [ 31.1%] Step 8,500 | Loss: 1.5518 | PPL: 4.72
  [ 31.5%] Step 8,600 | Loss: 1.5501 | PPL: 4.71
  [ 31.8%] Step 8,700 | Loss: 1.5457 | PPL: 4.69
  [ 32.2%] Step 8,800 | Loss: 1.5385 | PPL: 4.66
  [ 32.5%] Step 8,900 | Loss: 1.5395 | PPL: 4.66
  [ 32.9%] Step 9,000 | Loss: 1.5345 | PPL: 4.64
  [ 33.3%] Step 9,100 | Loss: 1.5320 | PPL: 4.63
  [ 33.6%] Step 9,200 | Loss: 1.5328 | PPL: 4.63
  [ 34.0%] Step 9,300 | Loss: 1.5287 | PPL: 4.61
  [ 34.4%] Step 9,400 | Loss: 1.5231 | PPL: 4.59
  [ 34.7%] Step 9,500 | Loss: 1.5189 | PPL: 4.57
  [ 35.1%] Step 9,600 | Loss: 1.5179 | PPL: 4.56
  [ 35.5%] Step 9,700 | Loss: 1.5141 | PPL: 4.55
  [ 35.8%] Step 9,800 | Loss: 1.5152 | PPL: 4.55
  [ 36.2%] Step 9,900 | Loss: 1.5149 | PPL: 4.55
  [ 36.6%] Step 10,000 | Loss: 1.5054 | PPL: 4.51
  [ 36.9%] Step 10,100 | Loss: 1.5056 | PPL: 4.51
  [ 37.3%] Step 10,200 | Loss: 1.5051 | PPL: 4.50
  [ 37.7%] Step 10,300 | Loss: 1.5048 | PPL: 4.50
  [ 38.0%] Step 10,400 | Loss: 1.5009 | PPL: 4.49
  [ 38.4%] Step 10,500 | Loss: 1.4923 | PPL: 4.45
  [ 38.8%] Step 10,600 | Loss: 1.4925 | PPL: 4.45
  [ 39.1%] Step 10,700 | Loss: 1.4927 | PPL: 4.45
  [ 39.5%] Step 10,800 | Loss: 1.4905 | PPL: 4.44
  [ 39.9%] Step 10,900 | Loss: 1.4844 | PPL: 4.41
  [ 40.2%] Step 11,000 | Loss: 1.4820 | PPL: 4.40
  [ 40.6%] Step 11,100 | Loss: 1.4810 | PPL: 4.40
  [ 41.0%] Step 11,200 | Loss: 1.4782 | PPL: 4.38
  [ 41.3%] Step 11,300 | Loss: 1.4736 | PPL: 4.37
  [ 41.7%] Step 11,400 | Loss: 1.4729 | PPL: 4.36
  [ 42.1%] Step 11,500 | Loss: 1.4724 | PPL: 4.36
  [ 42.4%] Step 11,600 | Loss: 1.4694 | PPL: 4.35
  [ 42.8%] Step 11,700 | Loss: 1.4696 | PPL: 4.35
  [ 43.2%] Step 11,800 | Loss: 1.4676 | PPL: 4.34
  [ 43.5%] Step 11,900 | Loss: 1.4658 | PPL: 4.33
  [ 43.9%] Step 12,000 | Loss: 1.4639 | PPL: 4.32
  [ 44.3%] Step 12,100 | Loss: 1.4565 | PPL: 4.29
  [ 44.6%] Step 12,200 | Loss: 1.4549 | PPL: 4.28
  [ 45.0%] Step 12,300 | Loss: 1.4557 | PPL: 4.29
  [ 45.3%] Step 12,400 | Loss: 1.4539 | PPL: 4.28
  [ 45.7%] Step 12,500 | Loss: 1.4525 | PPL: 4.27
  [ 46.1%] Step 12,600 | Loss: 1.4472 | PPL: 4.25
  [ 46.4%] Step 12,700 | Loss: 1.4480 | PPL: 4.25
  [ 46.8%] Step 12,800 | Loss: 1.4448 | PPL: 4.24
  [ 47.2%] Step 12,900 | Loss: 1.4442 | PPL: 4.24
  [ 47.5%] Step 13,000 | Loss: 1.4418 | PPL: 4.23
  [ 47.9%] Step 13,100 | Loss: 1.4418 | PPL: 4.23
  [ 48.3%] Step 13,200 | Loss: 1.4402 | PPL: 4.22
  [ 48.6%] Step 13,300 | Loss: 1.4381 | PPL: 4.21
  [ 49.0%] Step 13,400 | Loss: 1.4358 | PPL: 4.20
  [ 49.4%] Step 13,500 | Loss: 1.4325 | PPL: 4.19
  [ 49.7%] Step 13,600 | Loss: 1.4307 | PPL: 4.18
  [ 50.1%] Step 13,700 | Loss: 1.4321 | PPL: 4.19
  [ 50.5%] Step 13,800 | Loss: 1.4286 | PPL: 4.17
  [ 50.8%] Step 13,900 | Loss: 1.4297 | PPL: 4.18
  [ 51.2%] Step 14,000 | Loss: 1.4243 | PPL: 4.15
  [ 51.6%] Step 14,100 | Loss: 1.4241 | PPL: 4.15
  [ 51.9%] Step 14,200 | Loss: 1.4247 | PPL: 4.16
  [ 52.3%] Step 14,300 | Loss: 1.4194 | PPL: 4.13
  [ 52.7%] Step 14,400 | Loss: 1.4221 | PPL: 4.15
  [ 53.0%] Step 14,500 | Loss: 1.4211 | PPL: 4.14
  [ 53.4%] Step 14,600 | Loss: 1.4128 | PPL: 4.11
  [ 53.8%] Step 14,700 | Loss: 1.4151 | PPL: 4.12
  [ 54.1%] Step 14,800 | Loss: 1.4156 | PPL: 4.12
  [ 54.5%] Step 14,900 | Loss: 1.4101 | PPL: 4.10
  [ 54.9%] Step 15,000 | Loss: 1.4146 | PPL: 4.11
  [ 55.2%] Step 15,100 | Loss: 1.4085 | PPL: 4.09
  [ 55.6%] Step 15,200 | Loss: 1.4128 | PPL: 4.11
  [ 56.0%] Step 15,300 | Loss: 1.4079 | PPL: 4.09
  [ 56.3%] Step 15,400 | Loss: 1.4040 | PPL: 4.07
  [ 56.7%] Step 15,500 | Loss: 1.4047 | PPL: 4.07
  [ 57.1%] Step 15,600 | Loss: 1.3975 | PPL: 4.05
  [ 57.4%] Step 15,700 | Loss: 1.3969 | PPL: 4.04
  [ 57.8%] Step 15,800 | Loss: 1.4003 | PPL: 4.06
  [ 58.1%] Step 15,900 | Loss: 1.3967 | PPL: 4.04
  [ 58.5%] Step 16,000 | Loss: 1.3957 | PPL: 4.04
  [ 58.9%] Step 16,100 | Loss: 1.3988 | PPL: 4.05
  [ 59.2%] Step 16,200 | Loss: 1.3931 | PPL: 4.03
  [ 59.6%] Step 16,300 | Loss: 1.3920 | PPL: 4.02
  [ 60.0%] Step 16,400 | Loss: 1.3888 | PPL: 4.01
  [ 60.3%] Step 16,500 | Loss: 1.3936 | PPL: 4.03
  [ 60.7%] Step 16,600 | Loss: 1.3849 | PPL: 3.99
  [ 61.1%] Step 16,700 | Loss: 1.3844 | PPL: 3.99
  [ 61.4%] Step 16,800 | Loss: 1.3865 | PPL: 4.00
  [ 61.8%] Step 16,900 | Loss: 1.3836 | PPL: 3.99
  [ 62.2%] Step 17,000 | Loss: 1.3789 | PPL: 3.97
  [ 62.5%] Step 17,100 | Loss: 1.3840 | PPL: 3.99
  [ 62.9%] Step 17,200 | Loss: 1.3792 | PPL: 3.97
  [ 63.3%] Step 17,300 | Loss: 1.3817 | PPL: 3.98
  [ 63.6%] Step 17,400 | Loss: 1.3777 | PPL: 3.97
  [ 64.0%] Step 17,500 | Loss: 1.3792 | PPL: 3.97
  [ 64.4%] Step 17,600 | Loss: 1.3731 | PPL: 3.95
  [ 64.7%] Step 17,700 | Loss: 1.3740 | PPL: 3.95
  [ 65.1%] Step 17,800 | Loss: 1.3776 | PPL: 3.97
  [ 65.5%] Step 17,900 | Loss: 1.3729 | PPL: 3.95
  [ 65.8%] Step 18,000 | Loss: 1.3701 | PPL: 3.94
  [ 66.2%] Step 18,100 | Loss: 1.3699 | PPL: 3.93
  [ 66.6%] Step 18,200 | Loss: 1.3700 | PPL: 3.94
  [ 66.9%] Step 18,300 | Loss: 1.3735 | PPL: 3.95
  [ 67.3%] Step 18,400 | Loss: 1.3696 | PPL: 3.93
  [ 67.7%] Step 18,500 | Loss: 1.3687 | PPL: 3.93
  [ 68.0%] Step 18,600 | Loss: 1.3668 | PPL: 3.92
  [ 68.4%] Step 18,700 | Loss: 1.3622 | PPL: 3.90
  [ 68.8%] Step 18,800 | Loss: 1.3667 | PPL: 3.92
  [ 69.1%] Step 18,900 | Loss: 1.3678 | PPL: 3.93
  [ 69.5%] Step 19,000 | Loss: 1.3613 | PPL: 3.90
  [ 69.9%] Step 19,100 | Loss: 1.3581 | PPL: 3.89
  [ 70.2%] Step 19,200 | Loss: 1.3560 | PPL: 3.88
  [ 70.6%] Step 19,300 | Loss: 1.3635 | PPL: 3.91
  [ 70.9%] Step 19,400 | Loss: 1.3549 | PPL: 3.88
  [ 71.3%] Step 19,500 | Loss: 1.3574 | PPL: 3.89
  [ 71.7%] Step 19,600 | Loss: 1.3566 | PPL: 3.88
  [ 72.0%] Step 19,700 | Loss: 1.3503 | PPL: 3.86
  [ 72.4%] Step 19,800 | Loss: 1.3531 | PPL: 3.87
  [ 72.8%] Step 19,900 | Loss: 1.3559 | PPL: 3.88
  [ 73.1%] Step 20,000 | Loss: 1.3506 | PPL: 3.86
  [ 73.5%] Step 20,100 | Loss: 1.3427 | PPL: 3.83
  [ 73.9%] Step 20,200 | Loss: 1.3500 | PPL: 3.86
  [ 74.2%] Step 20,300 | Loss: 1.3494 | PPL: 3.85
  [ 74.6%] Step 20,400 | Loss: 1.3472 | PPL: 3.85
  [ 75.0%] Step 20,500 | Loss: 1.3451 | PPL: 3.84
  [ 75.3%] Step 20,600 | Loss: 1.3448 | PPL: 3.84
  [ 75.7%] Step 20,700 | Loss: 1.3426 | PPL: 3.83
  [ 76.1%] Step 20,800 | Loss: 1.3434 | PPL: 3.83
  [ 76.4%] Step 20,900 | Loss: 1.3444 | PPL: 3.84
  [ 76.8%] Step 21,000 | Loss: 1.3418 | PPL: 3.83
  [ 77.2%] Step 21,100 | Loss: 1.3351 | PPL: 3.80
  [ 77.5%] Step 21,200 | Loss: 1.3404 | PPL: 3.82
  [ 77.9%] Step 21,300 | Loss: 1.3399 | PPL: 3.82
  [ 78.3%] Step 21,400 | Loss: 1.3355 | PPL: 3.80
  [ 78.6%] Step 21,500 | Loss: 1.3400 | PPL: 3.82
  [ 79.0%] Step 21,600 | Loss: 1.3367 | PPL: 3.81
  [ 79.4%] Step 21,700 | Loss: 1.3334 | PPL: 3.79
  [ 79.7%] Step 21,800 | Loss: 1.3382 | PPL: 3.81
  [ 80.1%] Step 21,900 | Loss: 1.3384 | PPL: 3.81
  [ 80.5%] Step 22,000 | Loss: 1.3366 | PPL: 3.81
  [ 80.8%] Step 22,100 | Loss: 1.3334 | PPL: 3.79
  [ 81.2%] Step 22,200 | Loss: 1.3275 | PPL: 3.77
  [ 81.6%] Step 22,300 | Loss: 1.3283 | PPL: 3.77
  [ 81.9%] Step 22,400 | Loss: 1.3315 | PPL: 3.79
  [ 82.3%] Step 22,500 | Loss: 1.3263 | PPL: 3.77
  [ 82.7%] Step 22,600 | Loss: 1.3284 | PPL: 3.77
  [ 83.0%] Step 22,700 | Loss: 1.3286 | PPL: 3.78
  [ 83.4%] Step 22,800 | Loss: 1.3238 | PPL: 3.76
  [ 83.7%] Step 22,900 | Loss: 1.3253 | PPL: 3.76
  [ 84.1%] Step 23,000 | Loss: 1.3234 | PPL: 3.76
  [ 84.5%] Step 23,100 | Loss: 1.3217 | PPL: 3.75
  [ 84.8%] Step 23,200 | Loss: 1.3240 | PPL: 3.76
  [ 85.2%] Step 23,300 | Loss: 1.3202 | PPL: 3.74
  [ 85.6%] Step 23,400 | Loss: 1.3166 | PPL: 3.73
  [ 85.9%] Step 23,500 | Loss: 1.3191 | PPL: 3.74
  [ 86.3%] Step 23,600 | Loss: 1.3182 | PPL: 3.74
  [ 86.7%] Step 23,700 | Loss: 1.3149 | PPL: 3.72
  [ 87.0%] Step 23,800 | Loss: 1.3197 | PPL: 3.74
  [ 87.4%] Step 23,900 | Loss: 1.3159 | PPL: 3.73
  [ 87.8%] Step 24,000 | Loss: 1.3179 | PPL: 3.74
  [ 88.1%] Step 24,100 | Loss: 1.3182 | PPL: 3.74
  [ 88.5%] Step 24,200 | Loss: 1.3155 | PPL: 3.73
  [ 88.9%] Step 24,300 | Loss: 1.3158 | PPL: 3.73
  [ 89.2%] Step 24,400 | Loss: 1.3133 | PPL: 3.72
  [ 89.6%] Step 24,500 | Loss: 1.3131 | PPL: 3.72
  [ 90.0%] Step 24,600 | Loss: 1.3121 | PPL: 3.71
  [ 90.3%] Step 24,700 | Loss: 1.3102 | PPL: 3.71
  [ 90.7%] Step 24,800 | Loss: 1.3105 | PPL: 3.71
  [ 91.1%] Step 24,900 | Loss: 1.3093 | PPL: 3.70
  [ 91.4%] Step 25,000 | Loss: 1.3101 | PPL: 3.71
  [ 91.8%] Step 25,100 | Loss: 1.3099 | PPL: 3.71
  [ 92.2%] Step 25,200 | Loss: 1.3061 | PPL: 3.69
  [ 92.5%] Step 25,300 | Loss: 1.3041 | PPL: 3.68
  [ 92.9%] Step 25,400 | Loss: 1.3080 | PPL: 3.70
  [ 93.3%] Step 25,500 | Loss: 1.3059 | PPL: 3.69
  [ 93.6%] Step 25,600 | Loss: 1.3097 | PPL: 3.70
  [ 94.0%] Step 25,700 | Loss: 1.3037 | PPL: 3.68
  [ 94.4%] Step 25,800 | Loss: 1.3068 | PPL: 3.69
  [ 94.7%] Step 25,900 | Loss: 1.3017 | PPL: 3.68
  [ 95.1%] Step 26,000 | Loss: 1.2999 | PPL: 3.67
  [ 95.5%] Step 26,100 | Loss: 1.3040 | PPL: 3.68
  [ 95.8%] Step 26,200 | Loss: 1.3022 | PPL: 3.68
  [ 96.2%] Step 26,300 | Loss: 1.2989 | PPL: 3.67
  [ 96.5%] Step 26,400 | Loss: 1.3002 | PPL: 3.67
  [ 96.9%] Step 26,500 | Loss: 1.2990 | PPL: 3.67
  [ 97.3%] Step 26,600 | Loss: 1.2987 | PPL: 3.66
  [ 97.6%] Step 26,700 | Loss: 1.2921 | PPL: 3.64
  [ 98.0%] Step 26,800 | Loss: 1.2988 | PPL: 3.66
  [ 98.4%] Step 26,900 | Loss: 1.2960 | PPL: 3.65
  [ 98.7%] Step 27,000 | Loss: 1.2962 | PPL: 3.66
  [ 99.1%] Step 27,100 | Loss: 1.2953 | PPL: 3.65
  [ 99.5%] Step 27,200 | Loss: 1.2958 | PPL: 3.65
  [ 99.8%] Step 27,300 | Loss: 1.2960 | PPL: 3.65
  [100.0%] Step 27,344 | Loss: 1.2954 | PPL: 3.65
[Epoch 1/3] Validating...
[Epoch 1/3] Loss: 1.2759 | PPL: 3.58
  -> Saved best model to checkpoints\ug_best.pt
[Epoch 2/3] Starting...
  [  0.2%] Step 27,400 | Loss: 1.2851 | PPL: 3.62
  [  0.6%] Step 27,500 | Loss: 1.2897 | PPL: 3.63
  [  0.9%] Step 27,600 | Loss: 1.2946 | PPL: 3.65
  [  1.3%] Step 27,700 | Loss: 1.2924 | PPL: 3.64
  [  1.7%] Step 27,800 | Loss: 1.2943 | PPL: 3.65
  [  2.0%] Step 27,900 | Loss: 1.2932 | PPL: 3.64
  [  2.4%] Step 28,000 | Loss: 1.2874 | PPL: 3.62
  [  2.8%] Step 28,100 | Loss: 1.2864 | PPL: 3.62
  [  3.1%] Step 28,200 | Loss: 1.2944 | PPL: 3.65
  [  3.5%] Step 28,300 | Loss: 1.2879 | PPL: 3.63
  [  3.9%] Step 28,400 | Loss: 1.2850 | PPL: 3.61
  [  4.2%] Step 28,500 | Loss: 1.2868 | PPL: 3.62
  [  4.6%] Step 28,600 | Loss: 1.2903 | PPL: 3.63
  [  5.0%] Step 28,700 | Loss: 1.2857 | PPL: 3.62
  [  5.3%] Step 28,800 | Loss: 1.2838 | PPL: 3.61
  [  5.7%] Step 28,900 | Loss: 1.2863 | PPL: 3.62
  [  6.1%] Step 29,000 | Loss: 1.2894 | PPL: 3.63
  [  6.4%] Step 29,100 | Loss: 1.2839 | PPL: 3.61
  [  6.8%] Step 29,200 | Loss: 1.2855 | PPL: 3.62
  [  7.2%] Step 29,300 | Loss: 1.2877 | PPL: 3.62
  [  7.5%] Step 29,400 | Loss: 1.2828 | PPL: 3.61
  [  7.9%] Step 29,500 | Loss: 1.2840 | PPL: 3.61
  [  8.3%] Step 29,600 | Loss: 1.2781 | PPL: 3.59
  [  8.6%] Step 29,700 | Loss: 1.2765 | PPL: 3.58
  [  9.0%] Step 29,800 | Loss: 1.2780 | PPL: 3.59
  [  9.3%] Step 29,900 | Loss: 1.2793 | PPL: 3.59
  [  9.7%] Step 30,000 | Loss: 1.2790 | PPL: 3.59
  [ 10.1%] Step 30,100 | Loss: 1.2783 | PPL: 3.59
  [ 10.4%] Step 30,200 | Loss: 1.2777 | PPL: 3.59
  [ 10.8%] Step 30,300 | Loss: 1.2834 | PPL: 3.61
  [ 11.2%] Step 30,400 | Loss: 1.2750 | PPL: 3.58
  [ 11.5%] Step 30,500 | Loss: 1.2775 | PPL: 3.59
  [ 11.9%] Step 30,600 | Loss: 1.2738 | PPL: 3.57
  [ 12.3%] Step 30,700 | Loss: 1.2774 | PPL: 3.59
  [ 12.6%] Step 30,800 | Loss: 1.2738 | PPL: 3.57
  [ 13.0%] Step 30,900 | Loss: 1.2759 | PPL: 3.58
  [ 13.4%] Step 31,000 | Loss: 1.2724 | PPL: 3.57
  [ 13.7%] Step 31,100 | Loss: 1.2787 | PPL: 3.59
  [ 14.1%] Step 31,200 | Loss: 1.2701 | PPL: 3.56
  [ 14.5%] Step 31,300 | Loss: 1.2732 | PPL: 3.57
  [ 14.8%] Step 31,400 | Loss: 1.2688 | PPL: 3.56
  [ 15.2%] Step 31,500 | Loss: 1.2741 | PPL: 3.58
  [ 15.6%] Step 31,600 | Loss: 1.2717 | PPL: 3.57
  [ 15.9%] Step 31,700 | Loss: 1.2655 | PPL: 3.54
  [ 16.3%] Step 31,800 | Loss: 1.2728 | PPL: 3.57
  [ 16.7%] Step 31,900 | Loss: 1.2684 | PPL: 3.56
  [ 17.0%] Step 32,000 | Loss: 1.2683 | PPL: 3.55
  [ 17.4%] Step 32,100 | Loss: 1.2675 | PPL: 3.55
  [ 17.8%] Step 32,200 | Loss: 1.2694 | PPL: 3.56
  [ 18.1%] Step 32,300 | Loss: 1.2661 | PPL: 3.55
  [ 18.5%] Step 32,400 | Loss: 1.2661 | PPL: 3.55
  [ 18.9%] Step 32,500 | Loss: 1.2689 | PPL: 3.56
  [ 19.2%] Step 32,600 | Loss: 1.2690 | PPL: 3.56
  [ 19.6%] Step 32,700 | Loss: 1.2615 | PPL: 3.53
  [ 20.0%] Step 32,800 | Loss: 1.2647 | PPL: 3.54
  [ 20.3%] Step 32,900 | Loss: 1.2626 | PPL: 3.53
  [ 20.7%] Step 33,000 | Loss: 1.2659 | PPL: 3.55
  [ 21.1%] Step 33,100 | Loss: 1.2628 | PPL: 3.54
  [ 21.4%] Step 33,200 | Loss: 1.2669 | PPL: 3.55
  [ 21.8%] Step 33,300 | Loss: 1.2630 | PPL: 3.54
  [ 22.1%] Step 33,400 | Loss: 1.2588 | PPL: 3.52
  [ 22.5%] Step 33,500 | Loss: 1.2628 | PPL: 3.54
  [ 22.9%] Step 33,600 | Loss: 1.2626 | PPL: 3.53
  [ 23.2%] Step 33,700 | Loss: 1.2590 | PPL: 3.52
  [ 23.6%] Step 33,800 | Loss: 1.2552 | PPL: 3.51
  [ 24.0%] Step 33,900 | Loss: 1.2703 | PPL: 3.56
  [ 24.3%] Step 34,000 | Loss: 1.2601 | PPL: 3.53
  [ 24.7%] Step 34,100 | Loss: 1.2585 | PPL: 3.52
  [ 25.1%] Step 34,200 | Loss: 1.2573 | PPL: 3.52
  [ 25.4%] Step 34,300 | Loss: 1.2571 | PPL: 3.52
  [ 25.8%] Step 34,400 | Loss: 1.2551 | PPL: 3.51
  [ 26.2%] Step 34,500 | Loss: 1.2570 | PPL: 3.51
  [ 26.5%] Step 34,600 | Loss: 1.2621 | PPL: 3.53
  [ 26.9%] Step 34,700 | Loss: 1.2560 | PPL: 3.51
  [ 27.3%] Step 34,800 | Loss: 1.2518 | PPL: 3.50
  [ 27.6%] Step 34,900 | Loss: 1.2571 | PPL: 3.52
  [ 28.0%] Step 35,000 | Loss: 1.2511 | PPL: 3.49
  [ 28.4%] Step 35,100 | Loss: 1.2593 | PPL: 3.52
  [ 28.7%] Step 35,200 | Loss: 1.2533 | PPL: 3.50
  [ 29.1%] Step 35,300 | Loss: 1.2565 | PPL: 3.51
  [ 29.5%] Step 35,400 | Loss: 1.2568 | PPL: 3.51
  [ 29.8%] Step 35,500 | Loss: 1.2536 | PPL: 3.50
  [ 30.2%] Step 35,600 | Loss: 1.2564 | PPL: 3.51
  [ 30.6%] Step 35,700 | Loss: 1.2516 | PPL: 3.50
  [ 30.9%] Step 35,800 | Loss: 1.2541 | PPL: 3.50
  [ 31.3%] Step 35,900 | Loss: 1.2533 | PPL: 3.50
  [ 31.7%] Step 36,000 | Loss: 1.2506 | PPL: 3.49
  [ 32.0%] Step 36,100 | Loss: 1.2521 | PPL: 3.50
  [ 32.4%] Step 36,200 | Loss: 1.2498 | PPL: 3.49
  [ 32.8%] Step 36,300 | Loss: 1.2533 | PPL: 3.50
  [ 33.1%] Step 36,400 | Loss: 1.2468 | PPL: 3.48
  [ 33.5%] Step 36,500 | Loss: 1.2459 | PPL: 3.48
  [ 33.9%] Step 36,600 | Loss: 1.2447 | PPL: 3.47
  [ 34.2%] Step 36,700 | Loss: 1.2553 | PPL: 3.51
  [ 34.6%] Step 36,800 | Loss: 1.2504 | PPL: 3.49
  [ 34.9%] Step 36,900 | Loss: 1.2464 | PPL: 3.48
  [ 35.3%] Step 37,000 | Loss: 1.2508 | PPL: 3.49
  [ 35.7%] Step 37,100 | Loss: 1.2496 | PPL: 3.49
  [ 36.0%] Step 37,200 | Loss: 1.2441 | PPL: 3.47
  [ 36.4%] Step 37,300 | Loss: 1.2445 | PPL: 3.47
  [ 36.8%] Step 37,400 | Loss: 1.2480 | PPL: 3.48
  [ 37.1%] Step 37,500 | Loss: 1.2448 | PPL: 3.47
  [ 37.5%] Step 37,600 | Loss: 1.2468 | PPL: 3.48
  [ 37.9%] Step 37,700 | Loss: 1.2428 | PPL: 3.47
  [ 38.2%] Step 37,800 | Loss: 1.2451 | PPL: 3.47
  [ 38.6%] Step 37,900 | Loss: 1.2433 | PPL: 3.47
  [ 39.0%] Step 38,000 | Loss: 1.2405 | PPL: 3.46
  [ 39.3%] Step 38,100 | Loss: 1.2436 | PPL: 3.47
  [ 39.7%] Step 38,200 | Loss: 1.2424 | PPL: 3.46
  [ 40.1%] Step 38,300 | Loss: 1.2401 | PPL: 3.46
  [ 40.4%] Step 38,400 | Loss: 1.2428 | PPL: 3.47
  [ 40.8%] Step 38,500 | Loss: 1.2425 | PPL: 3.46
  [ 41.2%] Step 38,600 | Loss: 1.2404 | PPL: 3.46
  [ 41.5%] Step 38,700 | Loss: 1.2418 | PPL: 3.46
  [ 41.9%] Step 38,800 | Loss: 1.2367 | PPL: 3.44
  [ 42.3%] Step 38,900 | Loss: 1.2411 | PPL: 3.46
  [ 42.6%] Step 39,000 | Loss: 1.2383 | PPL: 3.45
  [ 43.0%] Step 39,100 | Loss: 1.2388 | PPL: 3.45
  [ 43.4%] Step 39,200 | Loss: 1.2349 | PPL: 3.44
  [ 43.7%] Step 39,300 | Loss: 1.2374 | PPL: 3.45
  [ 44.1%] Step 39,400 | Loss: 1.2390 | PPL: 3.45
  [ 44.5%] Step 39,500 | Loss: 1.2399 | PPL: 3.46
  [ 44.8%] Step 39,600 | Loss: 1.2375 | PPL: 3.45
  [ 45.2%] Step 39,700 | Loss: 1.2348 | PPL: 3.44
  [ 45.6%] Step 39,800 | Loss: 1.2347 | PPL: 3.44
  [ 45.9%] Step 39,900 | Loss: 1.2333 | PPL: 3.43
  [ 46.3%] Step 40,000 | Loss: 1.2338 | PPL: 3.43
  [ 46.7%] Step 40,100 | Loss: 1.2373 | PPL: 3.45
  [ 47.0%] Step 40,200 | Loss: 1.2353 | PPL: 3.44
  [ 47.4%] Step 40,300 | Loss: 1.2345 | PPL: 3.44
  [ 47.7%] Step 40,400 | Loss: 1.2340 | PPL: 3.43
  [ 48.1%] Step 40,500 | Loss: 1.2338 | PPL: 3.43
  [ 48.5%] Step 40,600 | Loss: 1.2352 | PPL: 3.44
  [ 48.8%] Step 40,700 | Loss: 1.2373 | PPL: 3.45
  [ 49.2%] Step 40,800 | Loss: 1.2407 | PPL: 3.46
  [ 49.6%] Step 40,900 | Loss: 1.2325 | PPL: 3.43
  [ 49.9%] Step 41,000 | Loss: 1.2321 | PPL: 3.43
  [ 50.3%] Step 41,100 | Loss: 1.2306 | PPL: 3.42
  [ 50.7%] Step 41,200 | Loss: 1.2286 | PPL: 3.42
  [ 51.0%] Step 41,300 | Loss: 1.2349 | PPL: 3.44
  [ 51.4%] Step 41,400 | Loss: 1.2361 | PPL: 3.44
  [ 51.8%] Step 41,500 | Loss: 1.2273 | PPL: 3.41
  [ 52.1%] Step 41,600 | Loss: 1.2316 | PPL: 3.43
  [ 52.5%] Step 41,700 | Loss: 1.2342 | PPL: 3.44
  [ 52.9%] Step 41,800 | Loss: 1.2316 | PPL: 3.43
  [ 53.2%] Step 41,900 | Loss: 1.2295 | PPL: 3.42
  [ 53.6%] Step 42,000 | Loss: 1.2302 | PPL: 3.42
  [ 54.0%] Step 42,100 | Loss: 1.2251 | PPL: 3.40
  [ 54.3%] Step 42,200 | Loss: 1.2275 | PPL: 3.41
  [ 54.7%] Step 42,300 | Loss: 1.2306 | PPL: 3.42
  [ 55.1%] Step 42,400 | Loss: 1.2265 | PPL: 3.41
  [ 55.4%] Step 42,500 | Loss: 1.2331 | PPL: 3.43
  [ 55.8%] Step 42,600 | Loss: 1.2319 | PPL: 3.43
  [ 56.2%] Step 42,700 | Loss: 1.2271 | PPL: 3.41
  [ 56.5%] Step 42,800 | Loss: 1.2261 | PPL: 3.41
  [ 56.9%] Step 42,900 | Loss: 1.2275 | PPL: 3.41
  [ 57.3%] Step 43,000 | Loss: 1.2258 | PPL: 3.41
  [ 57.6%] Step 43,100 | Loss: 1.2262 | PPL: 3.41
  [ 58.0%] Step 43,200 | Loss: 1.2234 | PPL: 3.40
  [ 58.4%] Step 43,300 | Loss: 1.2246 | PPL: 3.40
  [ 58.7%] Step 43,400 | Loss: 1.2260 | PPL: 3.41
  [ 59.1%] Step 43,500 | Loss: 1.2253 | PPL: 3.41
  [ 59.4%] Step 43,600 | Loss: 1.2262 | PPL: 3.41
  [ 59.8%] Step 43,700 | Loss: 1.2273 | PPL: 3.41
  [ 60.2%] Step 43,800 | Loss: 1.2282 | PPL: 3.41
  [ 60.5%] Step 43,900 | Loss: 1.2208 | PPL: 3.39
  [ 60.9%] Step 44,000 | Loss: 1.2259 | PPL: 3.41
  [ 61.3%] Step 44,100 | Loss: 1.2228 | PPL: 3.40
  [ 61.6%] Step 44,200 | Loss: 1.2225 | PPL: 3.40
  [ 62.0%] Step 44,300 | Loss: 1.2250 | PPL: 3.40
  [ 62.4%] Step 44,400 | Loss: 1.2212 | PPL: 3.39
  [ 62.7%] Step 44,500 | Loss: 1.2185 | PPL: 3.38
  [ 63.1%] Step 44,600 | Loss: 1.2239 | PPL: 3.40
  [ 63.5%] Step 44,700 | Loss: 1.2194 | PPL: 3.39
  [ 63.8%] Step 44,800 | Loss: 1.2234 | PPL: 3.40
  [ 64.2%] Step 44,900 | Loss: 1.2210 | PPL: 3.39
  [ 64.6%] Step 45,000 | Loss: 1.2215 | PPL: 3.39
  [ 64.9%] Step 45,100 | Loss: 1.2204 | PPL: 3.39
  [ 65.3%] Step 45,200 | Loss: 1.2171 | PPL: 3.38
  [ 65.7%] Step 45,300 | Loss: 1.2197 | PPL: 3.39
  [ 66.0%] Step 45,400 | Loss: 1.2198 | PPL: 3.39
  [ 66.4%] Step 45,500 | Loss: 1.2166 | PPL: 3.38
  [ 66.8%] Step 45,600 | Loss: 1.2211 | PPL: 3.39
  [ 67.1%] Step 45,700 | Loss: 1.2236 | PPL: 3.40
  [ 67.5%] Step 45,800 | Loss: 1.2207 | PPL: 3.39
  [ 67.9%] Step 45,900 | Loss: 1.2193 | PPL: 3.38
  [ 68.2%] Step 46,000 | Loss: 1.2151 | PPL: 3.37
  [ 68.6%] Step 46,100 | Loss: 1.2169 | PPL: 3.38
  [ 69.0%] Step 46,200 | Loss: 1.2205 | PPL: 3.39
  [ 69.3%] Step 46,300 | Loss: 1.2126 | PPL: 3.36
  [ 69.7%] Step 46,400 | Loss: 1.2172 | PPL: 3.38
  [ 70.1%] Step 46,500 | Loss: 1.2118 | PPL: 3.36
  [ 70.4%] Step 46,600 | Loss: 1.2198 | PPL: 3.39
  [ 70.8%] Step 46,700 | Loss: 1.2154 | PPL: 3.37
  [ 71.2%] Step 46,800 | Loss: 1.2159 | PPL: 3.37
  [ 71.5%] Step 46,900 | Loss: 1.2116 | PPL: 3.36
  [ 71.9%] Step 47,000 | Loss: 1.2178 | PPL: 3.38
  [ 72.2%] Step 47,100 | Loss: 1.2147 | PPL: 3.37
  [ 72.6%] Step 47,200 | Loss: 1.2122 | PPL: 3.36
  [ 73.0%] Step 47,300 | Loss: 1.2158 | PPL: 3.37
  [ 73.3%] Step 47,400 | Loss: 1.2180 | PPL: 3.38
  [ 73.7%] Step 47,500 | Loss: 1.2139 | PPL: 3.37
  [ 74.1%] Step 47,600 | Loss: 1.2101 | PPL: 3.35
  [ 74.4%] Step 47,700 | Loss: 1.2148 | PPL: 3.37
  [ 74.8%] Step 47,800 | Loss: 1.2109 | PPL: 3.36
  [ 75.2%] Step 47,900 | Loss: 1.2132 | PPL: 3.36
  [ 75.5%] Step 48,000 | Loss: 1.2121 | PPL: 3.36
  [ 75.9%] Step 48,100 | Loss: 1.2135 | PPL: 3.37
  [ 76.3%] Step 48,200 | Loss: 1.2154 | PPL: 3.37
  [ 76.6%] Step 48,300 | Loss: 1.2131 | PPL: 3.36
  [ 77.0%] Step 48,400 | Loss: 1.2120 | PPL: 3.36
  [ 77.4%] Step 48,500 | Loss: 1.2116 | PPL: 3.36
  [ 77.7%] Step 48,600 | Loss: 1.2097 | PPL: 3.35
  [ 78.1%] Step 48,700 | Loss: 1.2083 | PPL: 3.35
  [ 78.5%] Step 48,800 | Loss: 1.2151 | PPL: 3.37
  [ 78.8%] Step 48,900 | Loss: 1.2109 | PPL: 3.36
  [ 79.2%] Step 49,000 | Loss: 1.2068 | PPL: 3.34
  [ 79.6%] Step 49,100 | Loss: 1.2098 | PPL: 3.35
  [ 79.9%] Step 49,200 | Loss: 1.2091 | PPL: 3.35
  [ 80.3%] Step 49,300 | Loss: 1.2073 | PPL: 3.34
  [ 80.7%] Step 49,400 | Loss: 1.2079 | PPL: 3.35
  [ 81.0%] Step 49,500 | Loss: 1.2119 | PPL: 3.36
  [ 81.4%] Step 49,600 | Loss: 1.2093 | PPL: 3.35
  [ 81.8%] Step 49,700 | Loss: 1.2093 | PPL: 3.35
  [ 82.1%] Step 49,800 | Loss: 1.2106 | PPL: 3.36
  [ 82.5%] Step 49,900 | Loss: 1.2038 | PPL: 3.33
  [ 82.9%] Step 50,000 | Loss: 1.2081 | PPL: 3.35
  [ 83.2%] Step 50,100 | Loss: 1.2057 | PPL: 3.34
  [ 83.6%] Step 50,200 | Loss: 1.2111 | PPL: 3.36
  [ 84.0%] Step 50,300 | Loss: 1.2067 | PPL: 3.34
  [ 84.3%] Step 50,400 | Loss: 1.2061 | PPL: 3.34
  [ 84.7%] Step 50,500 | Loss: 1.2056 | PPL: 3.34
  [ 85.0%] Step 50,600 | Loss: 1.2074 | PPL: 3.34
  [ 85.4%] Step 50,700 | Loss: 1.2018 | PPL: 3.33
  [ 85.8%] Step 50,800 | Loss: 1.2024 | PPL: 3.33
  [ 86.1%] Step 50,900 | Loss: 1.2039 | PPL: 3.33
  [ 86.5%] Step 51,000 | Loss: 1.2079 | PPL: 3.35
  [ 86.9%] Step 51,100 | Loss: 1.2082 | PPL: 3.35
  [ 87.2%] Step 51,200 | Loss: 1.2026 | PPL: 3.33
  [ 87.6%] Step 51,300 | Loss: 1.2031 | PPL: 3.33
  [ 88.0%] Step 51,400 | Loss: 1.2054 | PPL: 3.34
  [ 88.3%] Step 51,500 | Loss: 1.2063 | PPL: 3.34
  [ 88.7%] Step 51,600 | Loss: 1.2043 | PPL: 3.33
  [ 89.1%] Step 51,700 | Loss: 1.2025 | PPL: 3.33
  [ 89.4%] Step 51,800 | Loss: 1.2013 | PPL: 3.32
  [ 89.8%] Step 51,900 | Loss: 1.2007 | PPL: 3.32
  [ 90.2%] Step 52,000 | Loss: 1.2037 | PPL: 3.33
  [ 90.5%] Step 52,100 | Loss: 1.2017 | PPL: 3.33
  [ 90.9%] Step 52,200 | Loss: 1.2064 | PPL: 3.34
  [ 91.3%] Step 52,300 | Loss: 1.1984 | PPL: 3.31
  [ 91.6%] Step 52,400 | Loss: 1.2002 | PPL: 3.32
  [ 92.0%] Step 52,500 | Loss: 1.1998 | PPL: 3.32
  [ 92.4%] Step 52,600 | Loss: 1.2000 | PPL: 3.32
  [ 92.7%] Step 52,700 | Loss: 1.2036 | PPL: 3.33
  [ 93.1%] Step 52,800 | Loss: 1.1988 | PPL: 3.32
  [ 93.5%] Step 52,900 | Loss: 1.2037 | PPL: 3.33
  [ 93.8%] Step 53,000 | Loss: 1.2011 | PPL: 3.32
  [ 94.2%] Step 53,100 | Loss: 1.1994 | PPL: 3.32
  [ 94.6%] Step 53,200 | Loss: 1.1979 | PPL: 3.31
  [ 94.9%] Step 53,300 | Loss: 1.2016 | PPL: 3.33
  [ 95.3%] Step 53,400 | Loss: 1.1991 | PPL: 3.32
  [ 95.7%] Step 53,500 | Loss: 1.2020 | PPL: 3.33
  [ 96.0%] Step 53,600 | Loss: 1.1987 | PPL: 3.32
  [ 96.4%] Step 53,700 | Loss: 1.2002 | PPL: 3.32
  [ 96.8%] Step 53,800 | Loss: 1.1968 | PPL: 3.31
  [ 97.1%] Step 53,900 | Loss: 1.2008 | PPL: 3.32
  [ 97.5%] Step 54,000 | Loss: 1.1994 | PPL: 3.32
  [ 97.8%] Step 54,100 | Loss: 1.1942 | PPL: 3.30
  [ 98.2%] Step 54,200 | Loss: 1.1983 | PPL: 3.31
  [ 98.6%] Step 54,300 | Loss: 1.1982 | PPL: 3.31
  [ 98.9%] Step 54,400 | Loss: 1.1931 | PPL: 3.30
  [ 99.3%] Step 54,500 | Loss: 1.2005 | PPL: 3.32
  [ 99.7%] Step 54,600 | Loss: 1.1935 | PPL: 3.30
  [100.0%] Step 54,688 | Loss: 1.1998 | PPL: 3.32
[Epoch 2/3] Validating...
[Epoch 2/3] Loss: 1.2017 | PPL: 3.33
  -> Saved best model to checkpoints\ug_best.pt
[Epoch 3/3] Starting...
  [  0.0%] Step 54,700 | Loss: 1.1988 | PPL: 3.32
  [  0.4%] Step 54,800 | Loss: 1.1995 | PPL: 3.32
  [  0.8%] Step 54,900 | Loss: 1.1917 | PPL: 3.29
  [  1.1%] Step 55,000 | Loss: 1.1967 | PPL: 3.31
  [  1.5%] Step 55,100 | Loss: 1.1944 | PPL: 3.30
  [  1.9%] Step 55,200 | Loss: 1.1942 | PPL: 3.30
  [  2.2%] Step 55,300 | Loss: 1.1923 | PPL: 3.29
  [  2.6%] Step 55,400 | Loss: 1.1915 | PPL: 3.29
  [  3.0%] Step 55,500 | Loss: 1.1945 | PPL: 3.30
  [  3.3%] Step 55,600 | Loss: 1.1890 | PPL: 3.28
  [  3.7%] Step 55,700 | Loss: 1.1947 | PPL: 3.30
  [  4.1%] Step 55,800 | Loss: 1.1965 | PPL: 3.31
  [  4.4%] Step 55,900 | Loss: 1.1937 | PPL: 3.30
  [  4.8%] Step 56,000 | Loss: 1.1957 | PPL: 3.31
  [  5.2%] Step 56,100 | Loss: 1.1948 | PPL: 3.30
  [  5.5%] Step 56,200 | Loss: 1.1941 | PPL: 3.30
  [  5.9%] Step 56,300 | Loss: 1.1993 | PPL: 3.32
  [  6.3%] Step 56,400 | Loss: 1.1929 | PPL: 3.30
  [  6.6%] Step 56,500 | Loss: 1.1954 | PPL: 3.31
  [  7.0%] Step 56,600 | Loss: 1.1935 | PPL: 3.30
  [  7.4%] Step 56,700 | Loss: 1.1928 | PPL: 3.30
  [  7.7%] Step 56,800 | Loss: 1.1919 | PPL: 3.29
  [  8.1%] Step 56,900 | Loss: 1.1893 | PPL: 3.28
  [  8.5%] Step 57,000 | Loss: 1.1910 | PPL: 3.29
  [  8.8%] Step 57,100 | Loss: 1.1927 | PPL: 3.30
  [  9.2%] Step 57,200 | Loss: 1.1880 | PPL: 3.28
  [  9.6%] Step 57,300 | Loss: 1.1894 | PPL: 3.29
  [  9.9%] Step 57,400 | Loss: 1.1926 | PPL: 3.30
  [ 10.3%] Step 57,500 | Loss: 1.1891 | PPL: 3.28
  [ 10.6%] Step 57,600 | Loss: 1.1861 | PPL: 3.27
  [ 11.0%] Step 57,700 | Loss: 1.1836 | PPL: 3.27
  [ 11.4%] Step 57,800 | Loss: 1.1902 | PPL: 3.29
  [ 11.7%] Step 57,900 | Loss: 1.1849 | PPL: 3.27
  [ 12.1%] Step 58,000 | Loss: 1.1888 | PPL: 3.28
  [ 12.5%] Step 58,100 | Loss: 1.1871 | PPL: 3.28
  [ 12.8%] Step 58,200 | Loss: 1.1881 | PPL: 3.28
  [ 13.2%] Step 58,300 | Loss: 1.1890 | PPL: 3.28
  [ 13.6%] Step 58,400 | Loss: 1.1879 | PPL: 3.28
  [ 13.9%] Step 58,500 | Loss: 1.1852 | PPL: 3.27
  [ 14.3%] Step 58,600 | Loss: 1.1860 | PPL: 3.27
  [ 14.7%] Step 58,700 | Loss: 1.1870 | PPL: 3.28
  [ 15.0%] Step 58,800 | Loss: 1.1826 | PPL: 3.26
  [ 15.4%] Step 58,900 | Loss: 1.1872 | PPL: 3.28
  [ 15.8%] Step 59,000 | Loss: 1.1889 | PPL: 3.28
  [ 16.1%] Step 59,100 | Loss: 1.1844 | PPL: 3.27
  [ 16.5%] Step 59,200 | Loss: 1.1811 | PPL: 3.26
  [ 16.9%] Step 59,300 | Loss: 1.1874 | PPL: 3.28
  [ 17.2%] Step 59,400 | Loss: 1.1877 | PPL: 3.28
  [ 17.6%] Step 59,500 | Loss: 1.1885 | PPL: 3.28
  [ 18.0%] Step 59,600 | Loss: 1.1876 | PPL: 3.28
  [ 18.3%] Step 59,700 | Loss: 1.1827 | PPL: 3.26
  [ 18.7%] Step 59,800 | Loss: 1.1848 | PPL: 3.27
  [ 19.1%] Step 59,900 | Loss: 1.1890 | PPL: 3.28
  [ 19.4%] Step 60,000 | Loss: 1.1863 | PPL: 3.27
  [ 19.8%] Step 60,100 | Loss: 1.1878 | PPL: 3.28
  [ 20.2%] Step 60,200 | Loss: 1.1891 | PPL: 3.28
  [ 20.5%] Step 60,300 | Loss: 1.1835 | PPL: 3.27
  [ 20.9%] Step 60,400 | Loss: 1.1904 | PPL: 3.29
  [ 21.3%] Step 60,500 | Loss: 1.1852 | PPL: 3.27
  [ 21.6%] Step 60,600 | Loss: 1.1833 | PPL: 3.27
  [ 22.0%] Step 60,700 | Loss: 1.1873 | PPL: 3.28
  [ 22.4%] Step 60,800 | Loss: 1.1851 | PPL: 3.27
  [ 22.7%] Step 60,900 | Loss: 1.1834 | PPL: 3.27
  [ 23.1%] Step 61,000 | Loss: 1.1851 | PPL: 3.27
  [ 23.4%] Step 61,100 | Loss: 1.1833 | PPL: 3.27
  [ 23.8%] Step 61,200 | Loss: 1.1838 | PPL: 3.27
  [ 24.2%] Step 61,300 | Loss: 1.1834 | PPL: 3.27
  [ 24.5%] Step 61,400 | Loss: 1.1809 | PPL: 3.26
  [ 24.9%] Step 61,500 | Loss: 1.1842 | PPL: 3.27
  [ 25.3%] Step 61,600 | Loss: 1.1787 | PPL: 3.25
  [ 25.6%] Step 61,700 | Loss: 1.1836 | PPL: 3.27
  [ 26.0%] Step 61,800 | Loss: 1.1849 | PPL: 3.27
  [ 26.4%] Step 61,900 | Loss: 1.1808 | PPL: 3.26
  [ 26.7%] Step 62,000 | Loss: 1.1815 | PPL: 3.26
  [ 27.1%] Step 62,100 | Loss: 1.1794 | PPL: 3.25
  [ 27.5%] Step 62,200 | Loss: 1.1834 | PPL: 3.27
  [ 27.8%] Step 62,300 | Loss: 1.1882 | PPL: 3.28
  [ 28.2%] Step 62,400 | Loss: 1.1811 | PPL: 3.26
  [ 28.6%] Step 62,500 | Loss: 1.1812 | PPL: 3.26
  [ 28.9%] Step 62,600 | Loss: 1.1791 | PPL: 3.25
  [ 29.3%] Step 62,700 | Loss: 1.1864 | PPL: 3.28
  [ 29.7%] Step 62,800 | Loss: 1.1747 | PPL: 3.24
  [ 30.0%] Step 62,900 | Loss: 1.1811 | PPL: 3.26
  [ 30.4%] Step 63,000 | Loss: 1.1765 | PPL: 3.24
  [ 30.8%] Step 63,100 | Loss: 1.1817 | PPL: 3.26
  [ 31.1%] Step 63,200 | Loss: 1.1829 | PPL: 3.26
  [ 31.5%] Step 63,300 | Loss: 1.1802 | PPL: 3.26
  [ 31.9%] Step 63,400 | Loss: 1.1773 | PPL: 3.25
  [ 32.2%] Step 63,500 | Loss: 1.1814 | PPL: 3.26
  [ 32.6%] Step 63,600 | Loss: 1.1788 | PPL: 3.25
  [ 33.0%] Step 63,700 | Loss: 1.1817 | PPL: 3.26
  [ 33.3%] Step 63,800 | Loss: 1.1814 | PPL: 3.26
  [ 33.7%] Step 63,900 | Loss: 1.1782 | PPL: 3.25
  [ 34.1%] Step 64,000 | Loss: 1.1791 | PPL: 3.25
  [ 34.4%] Step 64,100 | Loss: 1.1819 | PPL: 3.26
  [ 34.8%] Step 64,200 | Loss: 1.1771 | PPL: 3.25
  [ 35.2%] Step 64,300 | Loss: 1.1847 | PPL: 3.27
  [ 35.5%] Step 64,400 | Loss: 1.1788 | PPL: 3.25
  [ 35.9%] Step 64,500 | Loss: 1.1796 | PPL: 3.25
  [ 36.2%] Step 64,600 | Loss: 1.1803 | PPL: 3.26
  [ 36.6%] Step 64,700 | Loss: 1.1735 | PPL: 3.23
  [ 37.0%] Step 64,800 | Loss: 1.1800 | PPL: 3.25
  [ 37.3%] Step 64,900 | Loss: 1.1846 | PPL: 3.27
  [ 37.7%] Step 65,000 | Loss: 1.1775 | PPL: 3.25
  [ 38.1%] Step 65,100 | Loss: 1.1789 | PPL: 3.25
  [ 38.4%] Step 65,200 | Loss: 1.1774 | PPL: 3.25
  [ 38.8%] Step 65,300 | Loss: 1.1811 | PPL: 3.26
  [ 39.2%] Step 65,400 | Loss: 1.1763 | PPL: 3.24
  [ 39.5%] Step 65,500 | Loss: 1.1757 | PPL: 3.24
  [ 39.9%] Step 65,600 | Loss: 1.1778 | PPL: 3.25
  [ 40.3%] Step 65,700 | Loss: 1.1810 | PPL: 3.26
  [ 40.6%] Step 65,800 | Loss: 1.1787 | PPL: 3.25
  [ 41.0%] Step 65,900 | Loss: 1.1763 | PPL: 3.24
  [ 41.4%] Step 66,000 | Loss: 1.1748 | PPL: 3.24
  [ 41.7%] Step 66,100 | Loss: 1.1756 | PPL: 3.24
  [ 42.1%] Step 66,200 | Loss: 1.1793 | PPL: 3.25
  [ 42.5%] Step 66,300 | Loss: 1.1729 | PPL: 3.23
  [ 42.8%] Step 66,400 | Loss: 1.1753 | PPL: 3.24
  [ 43.2%] Step 66,500 | Loss: 1.1752 | PPL: 3.24
  [ 43.6%] Step 66,600 | Loss: 1.1752 | PPL: 3.24
  [ 43.9%] Step 66,700 | Loss: 1.1734 | PPL: 3.23
  [ 44.3%] Step 66,800 | Loss: 1.1715 | PPL: 3.23
  [ 44.7%] Step 66,900 | Loss: 1.1738 | PPL: 3.23
  [ 45.0%] Step 67,000 | Loss: 1.1738 | PPL: 3.23
  [ 45.4%] Step 67,100 | Loss: 1.1715 | PPL: 3.23
  [ 45.8%] Step 67,200 | Loss: 1.1734 | PPL: 3.23
  [ 46.1%] Step 67,300 | Loss: 1.1714 | PPL: 3.23
  [ 46.5%] Step 67,400 | Loss: 1.1722 | PPL: 3.23
  [ 46.9%] Step 67,500 | Loss: 1.1721 | PPL: 3.23
  [ 47.2%] Step 67,600 | Loss: 1.1745 | PPL: 3.24
  [ 47.6%] Step 67,700 | Loss: 1.1739 | PPL: 3.23
  [ 48.0%] Step 67,800 | Loss: 1.1791 | PPL: 3.25
  [ 48.3%] Step 67,900 | Loss: 1.1676 | PPL: 3.21
  [ 48.7%] Step 68,000 | Loss: 1.1748 | PPL: 3.24
  [ 49.0%] Step 68,100 | Loss: 1.1746 | PPL: 3.24
  [ 49.4%] Step 68,200 | Loss: 1.1692 | PPL: 3.22
  [ 49.8%] Step 68,300 | Loss: 1.1724 | PPL: 3.23
  [ 50.1%] Step 68,400 | Loss: 1.1775 | PPL: 3.25
  [ 50.5%] Step 68,500 | Loss: 1.1695 | PPL: 3.22
  [ 50.9%] Step 68,600 | Loss: 1.1728 | PPL: 3.23
  [ 51.2%] Step 68,700 | Loss: 1.1743 | PPL: 3.24
  [ 51.6%] Step 68,800 | Loss: 1.1722 | PPL: 3.23
  [ 52.0%] Step 68,900 | Loss: 1.1764 | PPL: 3.24
  [ 52.3%] Step 69,000 | Loss: 1.1722 | PPL: 3.23
  [ 52.7%] Step 69,100 | Loss: 1.1701 | PPL: 3.22
  [ 53.1%] Step 69,200 | Loss: 1.1700 | PPL: 3.22
  [ 53.4%] Step 69,300 | Loss: 1.1726 | PPL: 3.23
  [ 53.8%] Step 69,400 | Loss: 1.1697 | PPL: 3.22
  [ 54.2%] Step 69,500 | Loss: 1.1725 | PPL: 3.23
  [ 54.5%] Step 69,600 | Loss: 1.1702 | PPL: 3.22
  [ 54.9%] Step 69,700 | Loss: 1.1686 | PPL: 3.22
  [ 55.3%] Step 69,800 | Loss: 1.1707 | PPL: 3.22
  [ 55.6%] Step 69,900 | Loss: 1.1682 | PPL: 3.22
  [ 56.0%] Step 70,000 | Loss: 1.1686 | PPL: 3.22
  [ 56.4%] Step 70,100 | Loss: 1.1727 | PPL: 3.23
  [ 56.7%] Step 70,200 | Loss: 1.1720 | PPL: 3.23
  [ 57.1%] Step 70,300 | Loss: 1.1677 | PPL: 3.21
  [ 57.5%] Step 70,400 | Loss: 1.1716 | PPL: 3.23
  [ 57.8%] Step 70,500 | Loss: 1.1698 | PPL: 3.22
  [ 58.2%] Step 70,600 | Loss: 1.1718 | PPL: 3.23
  [ 58.6%] Step 70,700 | Loss: 1.1697 | PPL: 3.22
  [ 58.9%] Step 70,800 | Loss: 1.1681 | PPL: 3.22
  [ 59.3%] Step 70,900 | Loss: 1.1718 | PPL: 3.23
  [ 59.7%] Step 71,000 | Loss: 1.1711 | PPL: 3.23
  [ 60.0%] Step 71,100 | Loss: 1.1690 | PPL: 3.22
  [ 60.4%] Step 71,200 | Loss: 1.1663 | PPL: 3.21
  [ 60.8%] Step 71,300 | Loss: 1.1630 | PPL: 3.20
  [ 61.1%] Step 71,400 | Loss: 1.1695 | PPL: 3.22
  [ 61.5%] Step 71,500 | Loss: 1.1703 | PPL: 3.22
  [ 61.8%] Step 71,600 | Loss: 1.1684 | PPL: 3.22
  [ 62.2%] Step 71,700 | Loss: 1.1699 | PPL: 3.22
  [ 62.6%] Step 71,800 | Loss: 1.1633 | PPL: 3.20
  [ 62.9%] Step 71,900 | Loss: 1.1638 | PPL: 3.20
  [ 63.3%] Step 72,000 | Loss: 1.1656 | PPL: 3.21
  [ 63.7%] Step 72,100 | Loss: 1.1679 | PPL: 3.22
  [ 64.0%] Step 72,200 | Loss: 1.1659 | PPL: 3.21
  [ 64.4%] Step 72,300 | Loss: 1.1707 | PPL: 3.22
  [ 64.8%] Step 72,400 | Loss: 1.1684 | PPL: 3.22
  [ 65.1%] Step 72,500 | Loss: 1.1662 | PPL: 3.21
  [ 65.5%] Step 72,600 | Loss: 1.1645 | PPL: 3.20
  [ 65.9%] Step 72,700 | Loss: 1.1642 | PPL: 3.20
  [ 66.2%] Step 72,800 | Loss: 1.1725 | PPL: 3.23
  [ 66.6%] Step 72,900 | Loss: 1.1681 | PPL: 3.22
  [ 67.0%] Step 73,000 | Loss: 1.1642 | PPL: 3.20
  [ 67.3%] Step 73,100 | Loss: 1.1701 | PPL: 3.22
  [ 67.7%] Step 73,200 | Loss: 1.1653 | PPL: 3.21
  [ 68.1%] Step 73,300 | Loss: 1.1662 | PPL: 3.21
  [ 68.4%] Step 73,400 | Loss: 1.1667 | PPL: 3.21
  [ 68.8%] Step 73,500 | Loss: 1.1660 | PPL: 3.21
  [ 69.2%] Step 73,600 | Loss: 1.1659 | PPL: 3.21
  [ 69.5%] Step 73,700 | Loss: 1.1699 | PPL: 3.22
  [ 69.9%] Step 73,800 | Loss: 1.1607 | PPL: 3.19
  [ 70.3%] Step 73,900 | Loss: 1.1674 | PPL: 3.21
  [ 70.6%] Step 74,000 | Loss: 1.1666 | PPL: 3.21
  [ 71.0%] Step 74,100 | Loss: 1.1611 | PPL: 3.19
  [ 71.4%] Step 74,200 | Loss: 1.1637 | PPL: 3.20
  [ 71.7%] Step 74,300 | Loss: 1.1619 | PPL: 3.20
  [ 72.1%] Step 74,400 | Loss: 1.1632 | PPL: 3.20
  [ 72.5%] Step 74,500 | Loss: 1.1658 | PPL: 3.21
  [ 72.8%] Step 74,600 | Loss: 1.1618 | PPL: 3.20
  [ 73.2%] Step 74,700 | Loss: 1.1597 | PPL: 3.19
  [ 73.6%] Step 74,800 | Loss: 1.1629 | PPL: 3.20
  [ 73.9%] Step 74,900 | Loss: 1.1606 | PPL: 3.19
  [ 74.3%] Step 75,000 | Loss: 1.1631 | PPL: 3.20
  [ 74.6%] Step 75,100 | Loss: 1.1644 | PPL: 3.20
  [ 75.0%] Step 75,200 | Loss: 1.1609 | PPL: 3.19
  [ 75.4%] Step 75,300 | Loss: 1.1608 | PPL: 3.19
  [ 75.7%] Step 75,400 | Loss: 1.1611 | PPL: 3.19
  [ 76.1%] Step 75,500 | Loss: 1.1595 | PPL: 3.19
  [ 76.5%] Step 75,600 | Loss: 1.1617 | PPL: 3.20
  [ 76.8%] Step 75,700 | Loss: 1.1607 | PPL: 3.19
  [ 77.2%] Step 75,800 | Loss: 1.1667 | PPL: 3.21
  [ 77.6%] Step 75,900 | Loss: 1.1629 | PPL: 3.20
  [ 77.9%] Step 76,000 | Loss: 1.1584 | PPL: 3.18
  [ 78.3%] Step 76,100 | Loss: 1.1632 | PPL: 3.20
  [ 78.7%] Step 76,200 | Loss: 1.1601 | PPL: 3.19
  [ 79.0%] Step 76,300 | Loss: 1.1614 | PPL: 3.19
  [ 79.4%] Step 76,400 | Loss: 1.1634 | PPL: 3.20
  [ 79.8%] Step 76,500 | Loss: 1.1611 | PPL: 3.19
  [ 80.1%] Step 76,600 | Loss: 1.1630 | PPL: 3.20
  [ 80.5%] Step 76,700 | Loss: 1.1661 | PPL: 3.21
  [ 80.9%] Step 76,800 | Loss: 1.1621 | PPL: 3.20
  [ 81.2%] Step 76,900 | Loss: 1.1584 | PPL: 3.18
  [ 81.6%] Step 77,000 | Loss: 1.1575 | PPL: 3.18
  [ 82.0%] Step 77,100 | Loss: 1.1600 | PPL: 3.19
  [ 82.3%] Step 77,200 | Loss: 1.1620 | PPL: 3.20
  [ 82.7%] Step 77,300 | Loss: 1.1606 | PPL: 3.19
  [ 83.1%] Step 77,400 | Loss: 1.1611 | PPL: 3.19
  [ 83.4%] Step 77,500 | Loss: 1.1570 | PPL: 3.18
  [ 83.8%] Step 77,600 | Loss: 1.1612 | PPL: 3.19
  [ 84.2%] Step 77,700 | Loss: 1.1583 | PPL: 3.18
  [ 84.5%] Step 77,800 | Loss: 1.1612 | PPL: 3.19
  [ 84.9%] Step 77,900 | Loss: 1.1583 | PPL: 3.18
  [ 85.3%] Step 78,000 | Loss: 1.1593 | PPL: 3.19
  [ 85.6%] Step 78,100 | Loss: 1.1560 | PPL: 3.18
  [ 86.0%] Step 78,200 | Loss: 1.1605 | PPL: 3.19
  [ 86.4%] Step 78,300 | Loss: 1.1585 | PPL: 3.19
  [ 86.7%] Step 78,400 | Loss: 1.1585 | PPL: 3.19
  [ 87.1%] Step 78,500 | Loss: 1.1574 | PPL: 3.18
  [ 87.4%] Step 78,600 | Loss: 1.1618 | PPL: 3.20
  [ 87.8%] Step 78,700 | Loss: 1.1557 | PPL: 3.18
  [ 88.2%] Step 78,800 | Loss: 1.1617 | PPL: 3.20
  [ 88.5%] Step 78,900 | Loss: 1.1536 | PPL: 3.17
  [ 88.9%] Step 79,000 | Loss: 1.1624 | PPL: 3.20
  [ 89.3%] Step 79,100 | Loss: 1.1560 | PPL: 3.18
  [ 89.6%] Step 79,200 | Loss: 1.1563 | PPL: 3.18
  [ 90.0%] Step 79,300 | Loss: 1.1606 | PPL: 3.19
  [ 90.4%] Step 79,400 | Loss: 1.1541 | PPL: 3.17
  [ 90.7%] Step 79,500 | Loss: 1.1574 | PPL: 3.18
  [ 91.1%] Step 79,600 | Loss: 1.1573 | PPL: 3.18
  [ 91.5%] Step 79,700 | Loss: 1.1545 | PPL: 3.17
  [ 91.8%] Step 79,800 | Loss: 1.1553 | PPL: 3.17
  [ 92.2%] Step 79,900 | Loss: 1.1574 | PPL: 3.18
  [ 92.6%] Step 80,000 | Loss: 1.1543 | PPL: 3.17
  [ 92.9%] Step 80,100 | Loss: 1.1546 | PPL: 3.17
  [ 93.3%] Step 80,200 | Loss: 1.1537 | PPL: 3.17
  [ 93.7%] Step 80,300 | Loss: 1.1584 | PPL: 3.18
  [ 94.0%] Step 80,400 | Loss: 1.1539 | PPL: 3.17
  [ 94.4%] Step 80,500 | Loss: 1.1542 | PPL: 3.17
  [ 94.8%] Step 80,600 | Loss: 1.1588 | PPL: 3.19
  [ 95.1%] Step 80,700 | Loss: 1.1495 | PPL: 3.16
  [ 95.5%] Step 80,800 | Loss: 1.1539 | PPL: 3.17
  [ 95.9%] Step 80,900 | Loss: 1.1552 | PPL: 3.17
  [ 96.2%] Step 81,000 | Loss: 1.1537 | PPL: 3.17
  [ 96.6%] Step 81,100 | Loss: 1.1570 | PPL: 3.18
  [ 97.0%] Step 81,200 | Loss: 1.1546 | PPL: 3.17
  [ 97.3%] Step 81,300 | Loss: 1.1539 | PPL: 3.17
  [ 97.7%] Step 81,400 | Loss: 1.1559 | PPL: 3.18
  [ 98.1%] Step 81,500 | Loss: 1.1550 | PPL: 3.17
  [ 98.4%] Step 81,600 | Loss: 1.1566 | PPL: 3.18
  [ 98.8%] Step 81,700 | Loss: 1.1519 | PPL: 3.16
  [ 99.2%] Step 81,800 | Loss: 1.1553 | PPL: 3.18
  [ 99.5%] Step 81,900 | Loss: 1.1585 | PPL: 3.19
  [ 99.9%] Step 82,000 | Loss: 1.1540 | PPL: 3.17
  [100.0%] Step 82,032 | Loss: 1.1583 | PPL: 3.18
[Epoch 3/3] Validating...
[Epoch 3/3] Loss: 1.1745 | PPL: 3.24
  -> Saved best model to checkpoints\ug_best.pt
============================================================
Training complete. Running final evaluation...
============================================================

Final Test Loss: 1.2375 | Test PPL: 3.45
Done!
The Win32 internal error "No process is on the other end of the pipe" 0xE9 
occurred while setting the console window title. Contact Microsoft Customer 
Support Services.
At line:1 char:1
+ poetry run python -m char_lstm.train --lang ug
+ ~~~~~~~~~~~~~~~~~~~~~~~~~~~~~~~~~~~~~~~~~~~~~~
    + CategoryInfo          : ResourceUnavailable: (:) [], HostException
    + FullyQualifiedErrorId : SetConsoleWindowTitle
 
make: *** [Makefile:39: train-bases] Error 1
=== fi training start Thu Aug 13 08:42:28 PDT 2026 ===
Loading data from corpora_clean/oscar_fi_ipa.txt...
  Loaded: 10,000,000 chars total
  Train: 7,000,000 chars
  Val: 1,500,000 chars
  Test: 1,500,000 chars
Building vocab from training text...
  Vocab size: 62
============================================================
Training config
============================================================
  Language: Finnish (fi)
  Mode: Train from scratch
  Device: cuda
  Batch size: 256
  Workers: 0
  Pin memory: True
  Epochs: 3
  LR: 0.0001
  Seed: 1234
  Freeze embed: False
  Output: checkpoints\fi_best.pt
Creating data loaders...
  Train batches: 27,344
  Val batches: 5,859

Model config
  Device: cuda
  Embed dim: 128
  Hidden dim: 256
  Layers: 2
  Parameters: 945,470
  Optimizer: Adam (lr=0.0001)
============================================================
Starting training: 3 epochs, 27344 batches/epoch
============================================================
[Epoch 1/3] Starting...
  [  0.4%] Step 100 | Loss: 3.4902 | PPL: 32.79
  [  0.7%] Step 200 | Loss: 3.0356 | PPL: 20.81
  [  1.1%] Step 300 | Loss: 2.8235 | PPL: 16.84
  [  1.5%] Step 400 | Loss: 2.6256 | PPL: 13.81
  [  1.8%] Step 500 | Loss: 2.5117 | PPL: 12.33
  [  2.2%] Step 600 | Loss: 2.4350 | PPL: 11.42
  [  2.6%] Step 700 | Loss: 2.3814 | PPL: 10.82
  [  2.9%] Step 800 | Loss: 2.3367 | PPL: 10.35
  [  3.3%] Step 900 | Loss: 2.2989 | PPL: 9.96
  [  3.7%] Step 1,000 | Loss: 2.2608 | PPL: 9.59
  [  4.0%] Step 1,100 | Loss: 2.2267 | PPL: 9.27
  [  4.4%] Step 1,200 | Loss: 2.2006 | PPL: 9.03
  [  4.8%] Step 1,300 | Loss: 2.1718 | PPL: 8.77
  [  5.1%] Step 1,400 | Loss: 2.1445 | PPL: 8.54
  [  5.5%] Step 1,500 | Loss: 2.1232 | PPL: 8.36
  [  5.9%] Step 1,600 | Loss: 2.0992 | PPL: 8.16
  [  6.2%] Step 1,700 | Loss: 2.0780 | PPL: 7.99
  [  6.6%] Step 1,800 | Loss: 2.0574 | PPL: 7.83
  [  6.9%] Step 1,900 | Loss: 2.0363 | PPL: 7.66
  [  7.3%] Step 2,000 | Loss: 2.0261 | PPL: 7.58
  [  7.7%] Step 2,100 | Loss: 2.0039 | PPL: 7.42
  [  8.0%] Step 2,200 | Loss: 1.9848 | PPL: 7.28
  [  8.4%] Step 2,300 | Loss: 1.9702 | PPL: 7.17
  [  8.8%] Step 2,400 | Loss: 1.9596 | PPL: 7.10
  [  9.1%] Step 2,500 | Loss: 1.9428 | PPL: 6.98
  [  9.5%] Step 2,600 | Loss: 1.9282 | PPL: 6.88
  [  9.9%] Step 2,700 | Loss: 1.9145 | PPL: 6.78
  [ 10.2%] Step 2,800 | Loss: 1.9041 | PPL: 6.71
  [ 10.6%] Step 2,900 | Loss: 1.8970 | PPL: 6.67
  [ 11.0%] Step 3,000 | Loss: 1.8832 | PPL: 6.57
  [ 11.3%] Step 3,100 | Loss: 1.8701 | PPL: 6.49
  [ 11.7%] Step 3,200 | Loss: 1.8602 | PPL: 6.42
  [ 12.1%] Step 3,300 | Loss: 1.8470 | PPL: 6.34
  [ 12.4%] Step 3,400 | Loss: 1.8432 | PPL: 6.32
  [ 12.8%] Step 3,500 | Loss: 1.8363 | PPL: 6.27
  [ 13.2%] Step 3,600 | Loss: 1.8236 | PPL: 6.19
  [ 13.5%] Step 3,700 | Loss: 1.8148 | PPL: 6.14
  [ 13.9%] Step 3,800 | Loss: 1.8103 | PPL: 6.11
  [ 14.3%] Step 3,900 | Loss: 1.8030 | PPL: 6.07
  [ 14.6%] Step 4,000 | Loss: 1.7921 | PPL: 6.00
  [ 15.0%] Step 4,100 | Loss: 1.7873 | PPL: 5.97
  [ 15.4%] Step 4,200 | Loss: 1.7784 | PPL: 5.92
  [ 15.7%] Step 4,300 | Loss: 1.7727 | PPL: 5.89
  [ 16.1%] Step 4,400 | Loss: 1.7678 | PPL: 5.86
  [ 16.5%] Step 4,500 | Loss: 1.7625 | PPL: 5.83
  [ 16.8%] Step 4,600 | Loss: 1.7524 | PPL: 5.77
  [ 17.2%] Step 4,700 | Loss: 1.7479 | PPL: 5.74
  [ 17.6%] Step 4,800 | Loss: 1.7433 | PPL: 5.72
  [ 17.9%] Step 4,900 | Loss: 1.7345 | PPL: 5.67
  [ 18.3%] Step 5,000 | Loss: 1.7306 | PPL: 5.64
  [ 18.7%] Step 5,100 | Loss: 1.7243 | PPL: 5.61
  [ 19.0%] Step 5,200 | Loss: 1.7231 | PPL: 5.60
  [ 19.4%] Step 5,300 | Loss: 1.7183 | PPL: 5.58
  [ 19.7%] Step 5,400 | Loss: 1.7148 | PPL: 5.56
  [ 20.1%] Step 5,500 | Loss: 1.7073 | PPL: 5.51
  [ 20.5%] Step 5,600 | Loss: 1.7007 | PPL: 5.48
  [ 20.8%] Step 5,700 | Loss: 1.6985 | PPL: 5.47
  [ 21.2%] Step 5,800 | Loss: 1.6939 | PPL: 5.44
  [ 21.6%] Step 5,900 | Loss: 1.6918 | PPL: 5.43
  [ 21.9%] Step 6,000 | Loss: 1.6867 | PPL: 5.40
  [ 22.3%] Step 6,100 | Loss: 1.6876 | PPL: 5.41
  [ 22.7%] Step 6,200 | Loss: 1.6797 | PPL: 5.36
  [ 23.0%] Step 6,300 | Loss: 1.6741 | PPL: 5.33
  [ 23.4%] Step 6,400 | Loss: 1.6737 | PPL: 5.33
  [ 23.8%] Step 6,500 | Loss: 1.6661 | PPL: 5.29
  [ 24.1%] Step 6,600 | Loss: 1.6632 | PPL: 5.28
  [ 24.5%] Step 6,700 | Loss: 1.6633 | PPL: 5.28
  [ 24.9%] Step 6,800 | Loss: 1.6618 | PPL: 5.27
  [ 25.2%] Step 6,900 | Loss: 1.6535 | PPL: 5.23
  [ 25.6%] Step 7,000 | Loss: 1.6528 | PPL: 5.22
  [ 26.0%] Step 7,100 | Loss: 1.6513 | PPL: 5.21
  [ 26.3%] Step 7,200 | Loss: 1.6482 | PPL: 5.20
  [ 26.7%] Step 7,300 | Loss: 1.6436 | PPL: 5.17
  [ 27.1%] Step 7,400 | Loss: 1.6420 | PPL: 5.17
  [ 27.4%] Step 7,500 | Loss: 1.6390 | PPL: 5.15
  [ 27.8%] Step 7,600 | Loss: 1.6365 | PPL: 5.14
  [ 28.2%] Step 7,700 | Loss: 1.6320 | PPL: 5.11
  [ 28.5%] Step 7,800 | Loss: 1.6275 | PPL: 5.09
  [ 28.9%] Step 7,900 | Loss: 1.6253 | PPL: 5.08
  [ 29.3%] Step 8,000 | Loss: 1.6256 | PPL: 5.08
  [ 29.6%] Step 8,100 | Loss: 1.6230 | PPL: 5.07
  [ 30.0%] Step 8,200 | Loss: 1.6219 | PPL: 5.06
  [ 30.4%] Step 8,300 | Loss: 1.6142 | PPL: 5.02
  [ 30.7%] Step 8,400 | Loss: 1.6154 | PPL: 5.03
  [ 31.1%] Step 8,500 | Loss: 1.6113 | PPL: 5.01
  [ 31.5%] Step 8,600 | Loss: 1.6081 | PPL: 4.99
  [ 31.8%] Step 8,700 | Loss: 1.6062 | PPL: 4.98
  [ 32.2%] Step 8,800 | Loss: 1.6043 | PPL: 4.97
  [ 32.5%] Step 8,900 | Loss: 1.6037 | PPL: 4.97
  [ 32.9%] Step 9,000 | Loss: 1.5957 | PPL: 4.93
  [ 33.3%] Step 9,100 | Loss: 1.6006 | PPL: 4.96
  [ 33.6%] Step 9,200 | Loss: 1.5963 | PPL: 4.93
  [ 34.0%] Step 9,300 | Loss: 1.5895 | PPL: 4.90
  [ 34.4%] Step 9,400 | Loss: 1.5895 | PPL: 4.90
  [ 34.7%] Step 9,500 | Loss: 1.5901 | PPL: 4.90
  [ 35.1%] Step 9,600 | Loss: 1.5827 | PPL: 4.87
  [ 35.5%] Step 9,700 | Loss: 1.5856 | PPL: 4.88
  [ 35.8%] Step 9,800 | Loss: 1.5852 | PPL: 4.88
  [ 36.2%] Step 9,900 | Loss: 1.5808 | PPL: 4.86
  [ 36.6%] Step 10,000 | Loss: 1.5768 | PPL: 4.84
  [ 36.9%] Step 10,100 | Loss: 1.5800 | PPL: 4.86
  [ 37.3%] Step 10,200 | Loss: 1.5721 | PPL: 4.82
  [ 37.7%] Step 10,300 | Loss: 1.5708 | PPL: 4.81
  [ 38.0%] Step 10,400 | Loss: 1.5717 | PPL: 4.81
  [ 38.4%] Step 10,500 | Loss: 1.5731 | PPL: 4.82
  [ 38.8%] Step 10,600 | Loss: 1.5713 | PPL: 4.81
  [ 39.1%] Step 10,700 | Loss: 1.5679 | PPL: 4.80
  [ 39.5%] Step 10,800 | Loss: 1.5626 | PPL: 4.77
  [ 39.9%] Step 10,900 | Loss: 1.5609 | PPL: 4.76
  [ 40.2%] Step 11,000 | Loss: 1.5615 | PPL: 4.77
  [ 40.6%] Step 11,100 | Loss: 1.5571 | PPL: 4.75
  [ 41.0%] Step 11,200 | Loss: 1.5617 | PPL: 4.77
  [ 41.3%] Step 11,300 | Loss: 1.5516 | PPL: 4.72
  [ 41.7%] Step 11,400 | Loss: 1.5549 | PPL: 4.73
  [ 42.1%] Step 11,500 | Loss: 1.5486 | PPL: 4.70
  [ 42.4%] Step 11,600 | Loss: 1.5533 | PPL: 4.73
  [ 42.8%] Step 11,700 | Loss: 1.5506 | PPL: 4.71
  [ 43.2%] Step 11,800 | Loss: 1.5441 | PPL: 4.68
  [ 43.5%] Step 11,900 | Loss: 1.5411 | PPL: 4.67
  [ 43.9%] Step 12,000 | Loss: 1.5426 | PPL: 4.68
  [ 44.3%] Step 12,100 | Loss: 1.5444 | PPL: 4.69
  [ 44.6%] Step 12,200 | Loss: 1.5458 | PPL: 4.69
  [ 45.0%] Step 12,300 | Loss: 1.5394 | PPL: 4.66
  [ 45.3%] Step 12,400 | Loss: 1.5368 | PPL: 4.65
  [ 45.7%] Step 12,500 | Loss: 1.5367 | PPL: 4.65
  [ 46.1%] Step 12,600 | Loss: 1.5348 | PPL: 4.64
  [ 46.4%] Step 12,700 | Loss: 1.5339 | PPL: 4.64
  [ 46.8%] Step 12,800 | Loss: 1.5350 | PPL: 4.64
  [ 47.2%] Step 12,900 | Loss: 1.5327 | PPL: 4.63
  [ 47.5%] Step 13,000 | Loss: 1.5302 | PPL: 4.62
  [ 47.9%] Step 13,100 | Loss: 1.5258 | PPL: 4.60
  [ 48.3%] Step 13,200 | Loss: 1.5225 | PPL: 4.58
  [ 48.6%] Step 13,300 | Loss: 1.5257 | PPL: 4.60
  [ 49.0%] Step 13,400 | Loss: 1.5246 | PPL: 4.59
  [ 49.4%] Step 13,500 | Loss: 1.5257 | PPL: 4.60
  [ 49.7%] Step 13,600 | Loss: 1.5242 | PPL: 4.59
  [ 50.1%] Step 13,700 | Loss: 1.5222 | PPL: 4.58
  [ 50.5%] Step 13,800 | Loss: 1.5189 | PPL: 4.57
  [ 50.8%] Step 13,900 | Loss: 1.5211 | PPL: 4.58
  [ 51.2%] Step 14,000 | Loss: 1.5172 | PPL: 4.56
  [ 51.6%] Step 14,100 | Loss: 1.5139 | PPL: 4.54
  [ 51.9%] Step 14,200 | Loss: 1.5126 | PPL: 4.54
  [ 52.3%] Step 14,300 | Loss: 1.5168 | PPL: 4.56
  [ 52.7%] Step 14,400 | Loss: 1.5106 | PPL: 4.53
  [ 53.0%] Step 14,500 | Loss: 1.5137 | PPL: 4.54
  [ 53.4%] Step 14,600 | Loss: 1.5074 | PPL: 4.52
  [ 53.8%] Step 14,700 | Loss: 1.5078 | PPL: 4.52
  [ 54.1%] Step 14,800 | Loss: 1.5056 | PPL: 4.51
  [ 54.5%] Step 14,900 | Loss: 1.5051 | PPL: 4.50
  [ 54.9%] Step 15,000 | Loss: 1.5060 | PPL: 4.51
  [ 55.2%] Step 15,100 | Loss: 1.5059 | PPL: 4.51
  [ 55.6%] Step 15,200 | Loss: 1.5035 | PPL: 4.50
  [ 56.0%] Step 15,300 | Loss: 1.4984 | PPL: 4.47
  [ 56.3%] Step 15,400 | Loss: 1.5030 | PPL: 4.50
  [ 56.7%] Step 15,500 | Loss: 1.5014 | PPL: 4.49
  [ 57.1%] Step 15,600 | Loss: 1.4971 | PPL: 4.47
  [ 57.4%] Step 15,700 | Loss: 1.4990 | PPL: 4.48
  [ 57.8%] Step 15,800 | Loss: 1.4970 | PPL: 4.47
  [ 58.1%] Step 15,900 | Loss: 1.4987 | PPL: 4.48
  [ 58.5%] Step 16,000 | Loss: 1.4927 | PPL: 4.45
  [ 58.9%] Step 16,100 | Loss: 1.4953 | PPL: 4.46
  [ 59.2%] Step 16,200 | Loss: 1.4924 | PPL: 4.45
  [ 59.6%] Step 16,300 | Loss: 1.4924 | PPL: 4.45
  [ 60.0%] Step 16,400 | Loss: 1.4912 | PPL: 4.44
  [ 60.3%] Step 16,500 | Loss: 1.4902 | PPL: 4.44
  [ 60.7%] Step 16,600 | Loss: 1.4893 | PPL: 4.43
  [ 61.1%] Step 16,700 | Loss: 1.4916 | PPL: 4.44
  [ 61.4%] Step 16,800 | Loss: 1.4877 | PPL: 4.43
  [ 61.8%] Step 16,900 | Loss: 1.4887 | PPL: 4.43
  [ 62.2%] Step 17,000 | Loss: 1.4855 | PPL: 4.42
  [ 62.5%] Step 17,100 | Loss: 1.4839 | PPL: 4.41
  [ 62.9%] Step 17,200 | Loss: 1.4803 | PPL: 4.39
  [ 63.3%] Step 17,300 | Loss: 1.4857 | PPL: 4.42
  [ 63.6%] Step 17,400 | Loss: 1.4815 | PPL: 4.40
  [ 64.0%] Step 17,500 | Loss: 1.4819 | PPL: 4.40
  [ 64.4%] Step 17,600 | Loss: 1.4837 | PPL: 4.41
  [ 64.7%] Step 17,700 | Loss: 1.4765 | PPL: 4.38
  [ 65.1%] Step 17,800 | Loss: 1.4764 | PPL: 4.38
  [ 65.5%] Step 17,900 | Loss: 1.4801 | PPL: 4.39
  [ 65.8%] Step 18,000 | Loss: 1.4773 | PPL: 4.38
  [ 66.2%] Step 18,100 | Loss: 1.4770 | PPL: 4.38
  [ 66.6%] Step 18,200 | Loss: 1.4750 | PPL: 4.37
  [ 66.9%] Step 18,300 | Loss: 1.4750 | PPL: 4.37
  [ 67.3%] Step 18,400 | Loss: 1.4773 | PPL: 4.38
  [ 67.7%] Step 18,500 | Loss: 1.4734 | PPL: 4.36
  [ 68.0%] Step 18,600 | Loss: 1.4690 | PPL: 4.35
  [ 68.4%] Step 18,700 | Loss: 1.4693 | PPL: 4.35
  [ 68.8%] Step 18,800 | Loss: 1.4686 | PPL: 4.34
  [ 69.1%] Step 18,900 | Loss: 1.4716 | PPL: 4.36
  [ 69.5%] Step 19,000 | Loss: 1.4692 | PPL: 4.35
  [ 69.9%] Step 19,100 | Loss: 1.4698 | PPL: 4.35
  [ 70.2%] Step 19,200 | Loss: 1.4652 | PPL: 4.33
  [ 70.6%] Step 19,300 | Loss: 1.4653 | PPL: 4.33
  [ 70.9%] Step 19,400 | Loss: 1.4640 | PPL: 4.32
  [ 71.3%] Step 19,500 | Loss: 1.4627 | PPL: 4.32
  [ 71.7%] Step 19,600 | Loss: 1.4672 | PPL: 4.34
  [ 72.0%] Step 19,700 | Loss: 1.4623 | PPL: 4.32
  [ 72.4%] Step 19,800 | Loss: 1.4628 | PPL: 4.32
  [ 72.8%] Step 19,900 | Loss: 1.4636 | PPL: 4.32
  [ 73.1%] Step 20,000 | Loss: 1.4588 | PPL: 4.30
  [ 73.5%] Step 20,100 | Loss: 1.4576 | PPL: 4.30
  [ 73.9%] Step 20,200 | Loss: 1.4573 | PPL: 4.29
  [ 74.2%] Step 20,300 | Loss: 1.4598 | PPL: 4.31
  [ 74.6%] Step 20,400 | Loss: 1.4583 | PPL: 4.30
  [ 75.0%] Step 20,500 | Loss: 1.4574 | PPL: 4.29
  [ 75.3%] Step 20,600 | Loss: 1.4563 | PPL: 4.29
  [ 75.7%] Step 20,700 | Loss: 1.4532 | PPL: 4.28
  [ 76.1%] Step 20,800 | Loss: 1.4567 | PPL: 4.29
  [ 76.4%] Step 20,900 | Loss: 1.4536 | PPL: 4.28
  [ 76.8%] Step 21,000 | Loss: 1.4508 | PPL: 4.27
  [ 77.2%] Step 21,100 | Loss: 1.4525 | PPL: 4.27
  [ 77.5%] Step 21,200 | Loss: 1.4541 | PPL: 4.28
  [ 77.9%] Step 21,300 | Loss: 1.4536 | PPL: 4.28
  [ 78.3%] Step 21,400 | Loss: 1.4549 | PPL: 4.28
  [ 78.6%] Step 21,500 | Loss: 1.4479 | PPL: 4.25
  [ 79.0%] Step 21,600 | Loss: 1.4450 | PPL: 4.24
  [ 79.4%] Step 21,700 | Loss: 1.4466 | PPL: 4.25
  [ 79.7%] Step 21,800 | Loss: 1.4480 | PPL: 4.25
  [ 80.1%] Step 21,900 | Loss: 1.4513 | PPL: 4.27
  [ 80.5%] Step 22,000 | Loss: 1.4478 | PPL: 4.25
  [ 80.8%] Step 22,100 | Loss: 1.4449 | PPL: 4.24
  [ 81.2%] Step 22,200 | Loss: 1.4475 | PPL: 4.25
  [ 81.6%] Step 22,300 | Loss: 1.4441 | PPL: 4.24
  [ 81.9%] Step 22,400 | Loss: 1.4367 | PPL: 4.21
  [ 82.3%] Step 22,500 | Loss: 1.4454 | PPL: 4.24
  [ 82.7%] Step 22,600 | Loss: 1.4424 | PPL: 4.23
  [ 83.0%] Step 22,700 | Loss: 1.4420 | PPL: 4.23
  [ 83.4%] Step 22,800 | Loss: 1.4390 | PPL: 4.22
  [ 83.7%] Step 22,900 | Loss: 1.4407 | PPL: 4.22
  [ 84.1%] Step 23,000 | Loss: 1.4380 | PPL: 4.21
  [ 84.5%] Step 23,100 | Loss: 1.4389 | PPL: 4.22
  [ 84.8%] Step 23,200 | Loss: 1.4395 | PPL: 4.22
  [ 85.2%] Step 23,300 | Loss: 1.4396 | PPL: 4.22
  [ 85.6%] Step 23,400 | Loss: 1.4381 | PPL: 4.21
  [ 85.9%] Step 23,500 | Loss: 1.4395 | PPL: 4.22
  [ 86.3%] Step 23,600 | Loss: 1.4384 | PPL: 4.21
  [ 86.7%] Step 23,700 | Loss: 1.4375 | PPL: 4.21
  [ 87.0%] Step 23,800 | Loss: 1.4339 | PPL: 4.19
  [ 87.4%] Step 23,900 | Loss: 1.4333 | PPL: 4.19
  [ 87.8%] Step 24,000 | Loss: 1.4346 | PPL: 4.20
  [ 88.1%] Step 24,100 | Loss: 1.4343 | PPL: 4.20
  [ 88.5%] Step 24,200 | Loss: 1.4357 | PPL: 4.20
  [ 88.9%] Step 24,300 | Loss: 1.4315 | PPL: 4.19
  [ 89.2%] Step 24,400 | Loss: 1.4278 | PPL: 4.17
  [ 89.6%] Step 24,500 | Loss: 1.4316 | PPL: 4.19
  [ 90.0%] Step 24,600 | Loss: 1.4312 | PPL: 4.18
  [ 90.3%] Step 24,700 | Loss: 1.4274 | PPL: 4.17
  [ 90.7%] Step 24,800 | Loss: 1.4292 | PPL: 4.18
  [ 91.1%] Step 24,900 | Loss: 1.4295 | PPL: 4.18
  [ 91.4%] Step 25,000 | Loss: 1.4253 | PPL: 4.16
  [ 91.8%] Step 25,100 | Loss: 1.4300 | PPL: 4.18
  [ 92.2%] Step 25,200 | Loss: 1.4306 | PPL: 4.18
  [ 92.5%] Step 25,300 | Loss: 1.4244 | PPL: 4.16
  [ 92.9%] Step 25,400 | Loss: 1.4260 | PPL: 4.16
  [ 93.3%] Step 25,500 | Loss: 1.4184 | PPL: 4.13
  [ 93.6%] Step 25,600 | Loss: 1.4255 | PPL: 4.16
  [ 94.0%] Step 25,700 | Loss: 1.4247 | PPL: 4.16
  [ 94.4%] Step 25,800 | Loss: 1.4250 | PPL: 4.16
  [ 94.7%] Step 25,900 | Loss: 1.4243 | PPL: 4.15
  [ 95.1%] Step 26,000 | Loss: 1.4213 | PPL: 4.14
  [ 95.5%] Step 26,100 | Loss: 1.4192 | PPL: 4.13
  [ 95.8%] Step 26,200 | Loss: 1.4255 | PPL: 4.16
  [ 96.2%] Step 26,300 | Loss: 1.4248 | PPL: 4.16
  [ 96.5%] Step 26,400 | Loss: 1.4186 | PPL: 4.13
  [ 96.9%] Step 26,500 | Loss: 1.4224 | PPL: 4.15
  [ 97.3%] Step 26,600 | Loss: 1.4182 | PPL: 4.13
  [ 97.6%] Step 26,700 | Loss: 1.4202 | PPL: 4.14
  [ 98.0%] Step 26,800 | Loss: 1.4217 | PPL: 4.14
  [ 98.4%] Step 26,900 | Loss: 1.4195 | PPL: 4.14
  [ 98.7%] Step 27,000 | Loss: 1.4197 | PPL: 4.14
  [ 99.1%] Step 27,100 | Loss: 1.4199 | PPL: 4.14
  [ 99.5%] Step 27,200 | Loss: 1.4157 | PPL: 4.12
  [ 99.8%] Step 27,300 | Loss: 1.4152 | PPL: 4.12
  [100.0%] Step 27,344 | Loss: 1.4155 | PPL: 4.12
[Epoch 1/3] Validating...
[Epoch 1/3] Loss: 1.4893 | PPL: 4.43
  -> Saved best model to checkpoints\fi_best.pt
[Epoch 2/3] Starting...
  [  0.2%] Step 27,400 | Loss: 1.4150 | PPL: 4.12
  [  0.6%] Step 27,500 | Loss: 1.4148 | PPL: 4.12
  [  0.9%] Step 27,600 | Loss: 1.4200 | PPL: 4.14
  [  1.3%] Step 27,700 | Loss: 1.4205 | PPL: 4.14
  [  1.7%] Step 27,800 | Loss: 1.4092 | PPL: 4.09
  [  2.0%] Step 27,900 | Loss: 1.4154 | PPL: 4.12
  [  2.4%] Step 28,000 | Loss: 1.4107 | PPL: 4.10
  [  2.8%] Step 28,100 | Loss: 1.4136 | PPL: 4.11
  [  3.1%] Step 28,200 | Loss: 1.4138 | PPL: 4.11
  [  3.5%] Step 28,300 | Loss: 1.4124 | PPL: 4.11
  [  3.9%] Step 28,400 | Loss: 1.4107 | PPL: 4.10
  [  4.2%] Step 28,500 | Loss: 1.4112 | PPL: 4.10
  [  4.6%] Step 28,600 | Loss: 1.4108 | PPL: 4.10
  [  5.0%] Step 28,700 | Loss: 1.4061 | PPL: 4.08
  [  5.3%] Step 28,800 | Loss: 1.4084 | PPL: 4.09
  [  5.7%] Step 28,900 | Loss: 1.4077 | PPL: 4.09
  [  6.1%] Step 29,000 | Loss: 1.4074 | PPL: 4.09
  [  6.4%] Step 29,100 | Loss: 1.4057 | PPL: 4.08
  [  6.8%] Step 29,200 | Loss: 1.4086 | PPL: 4.09
  [  7.2%] Step 29,300 | Loss: 1.4082 | PPL: 4.09
  [  7.5%] Step 29,400 | Loss: 1.4059 | PPL: 4.08
  [  7.9%] Step 29,500 | Loss: 1.4070 | PPL: 4.08
  [  8.3%] Step 29,600 | Loss: 1.4056 | PPL: 4.08
  [  8.6%] Step 29,700 | Loss: 1.4051 | PPL: 4.08
  [  9.0%] Step 29,800 | Loss: 1.4042 | PPL: 4.07
  [  9.3%] Step 29,900 | Loss: 1.4025 | PPL: 4.07
  [  9.7%] Step 30,000 | Loss: 1.4006 | PPL: 4.06
  [ 10.1%] Step 30,100 | Loss: 1.4051 | PPL: 4.08
  [ 10.4%] Step 30,200 | Loss: 1.4046 | PPL: 4.07
  [ 10.8%] Step 30,300 | Loss: 1.4063 | PPL: 4.08
  [ 11.2%] Step 30,400 | Loss: 1.4005 | PPL: 4.06
  [ 11.5%] Step 30,500 | Loss: 1.3987 | PPL: 4.05
  [ 11.9%] Step 30,600 | Loss: 1.4057 | PPL: 4.08
  [ 12.3%] Step 30,700 | Loss: 1.4026 | PPL: 4.07
  [ 12.6%] Step 30,800 | Loss: 1.3989 | PPL: 4.05
  [ 13.0%] Step 30,900 | Loss: 1.4001 | PPL: 4.06
  [ 13.4%] Step 31,000 | Loss: 1.4011 | PPL: 4.06
  [ 13.7%] Step 31,100 | Loss: 1.4017 | PPL: 4.06
  [ 14.1%] Step 31,200 | Loss: 1.3945 | PPL: 4.03
  [ 14.5%] Step 31,300 | Loss: 1.3967 | PPL: 4.04
  [ 14.8%] Step 31,400 | Loss: 1.3973 | PPL: 4.04
  [ 15.2%] Step 31,500 | Loss: 1.3996 | PPL: 4.05
  [ 15.6%] Step 31,600 | Loss: 1.3959 | PPL: 4.04
  [ 15.9%] Step 31,700 | Loss: 1.3956 | PPL: 4.04
  [ 16.3%] Step 31,800 | Loss: 1.3975 | PPL: 4.04
  [ 16.7%] Step 31,900 | Loss: 1.3964 | PPL: 4.04
  [ 17.0%] Step 32,000 | Loss: 1.4005 | PPL: 4.06
  [ 17.4%] Step 32,100 | Loss: 1.3996 | PPL: 4.05
  [ 17.8%] Step 32,200 | Loss: 1.3946 | PPL: 4.03
  [ 18.1%] Step 32,300 | Loss: 1.3984 | PPL: 4.05
  [ 18.5%] Step 32,400 | Loss: 1.3948 | PPL: 4.03
  [ 18.9%] Step 32,500 | Loss: 1.3969 | PPL: 4.04
  [ 19.2%] Step 32,600 | Loss: 1.3944 | PPL: 4.03
  [ 19.6%] Step 32,700 | Loss: 1.3917 | PPL: 4.02
  [ 20.0%] Step 32,800 | Loss: 1.3943 | PPL: 4.03
  [ 20.3%] Step 32,900 | Loss: 1.3918 | PPL: 4.02
  [ 20.7%] Step 33,000 | Loss: 1.3935 | PPL: 4.03
  [ 21.1%] Step 33,100 | Loss: 1.3890 | PPL: 4.01
  [ 21.4%] Step 33,200 | Loss: 1.3889 | PPL: 4.01
  [ 21.8%] Step 33,300 | Loss: 1.3933 | PPL: 4.03
  [ 22.1%] Step 33,400 | Loss: 1.3913 | PPL: 4.02
  [ 22.5%] Step 33,500 | Loss: 1.3934 | PPL: 4.03
  [ 22.9%] Step 33,600 | Loss: 1.3909 | PPL: 4.02
  [ 23.2%] Step 33,700 | Loss: 1.3917 | PPL: 4.02
  [ 23.6%] Step 33,800 | Loss: 1.3886 | PPL: 4.01
  [ 24.0%] Step 33,900 | Loss: 1.3920 | PPL: 4.02
  [ 24.3%] Step 34,000 | Loss: 1.3862 | PPL: 4.00
  [ 24.7%] Step 34,100 | Loss: 1.3903 | PPL: 4.02
  [ 25.1%] Step 34,200 | Loss: 1.3885 | PPL: 4.01
  [ 25.4%] Step 34,300 | Loss: 1.3867 | PPL: 4.00
  [ 25.8%] Step 34,400 | Loss: 1.3849 | PPL: 3.99
  [ 26.2%] Step 34,500 | Loss: 1.3846 | PPL: 3.99
  [ 26.5%] Step 34,600 | Loss: 1.3884 | PPL: 4.01
  [ 26.9%] Step 34,700 | Loss: 1.3869 | PPL: 4.00
  [ 27.3%] Step 34,800 | Loss: 1.3851 | PPL: 4.00
  [ 27.6%] Step 34,900 | Loss: 1.3857 | PPL: 4.00
  [ 28.0%] Step 35,000 | Loss: 1.3859 | PPL: 4.00
  [ 28.4%] Step 35,100 | Loss: 1.3838 | PPL: 3.99
  [ 28.7%] Step 35,200 | Loss: 1.3856 | PPL: 4.00
  [ 29.1%] Step 35,300 | Loss: 1.3831 | PPL: 3.99
  [ 29.5%] Step 35,400 | Loss: 1.3837 | PPL: 3.99
  [ 29.8%] Step 35,500 | Loss: 1.3830 | PPL: 3.99
  [ 30.2%] Step 35,600 | Loss: 1.3825 | PPL: 3.98
  [ 30.6%] Step 35,700 | Loss: 1.3846 | PPL: 3.99
  [ 30.9%] Step 35,800 | Loss: 1.3815 | PPL: 3.98
  [ 31.3%] Step 35,900 | Loss: 1.3821 | PPL: 3.98
  [ 31.7%] Step 36,000 | Loss: 1.3829 | PPL: 3.99
  [ 32.0%] Step 36,100 | Loss: 1.3827 | PPL: 3.99
  [ 32.4%] Step 36,200 | Loss: 1.3828 | PPL: 3.99
  [ 32.8%] Step 36,300 | Loss: 1.3823 | PPL: 3.98
  [ 33.1%] Step 36,400 | Loss: 1.3782 | PPL: 3.97
  [ 33.5%] Step 36,500 | Loss: 1.3797 | PPL: 3.97
  [ 33.9%] Step 36,600 | Loss: 1.3799 | PPL: 3.97
  [ 34.2%] Step 36,700 | Loss: 1.3802 | PPL: 3.98
  [ 34.6%] Step 36,800 | Loss: 1.3815 | PPL: 3.98
  [ 34.9%] Step 36,900 | Loss: 1.3775 | PPL: 3.96
  [ 35.3%] Step 37,000 | Loss: 1.3793 | PPL: 3.97
  [ 35.7%] Step 37,100 | Loss: 1.3755 | PPL: 3.96
  [ 36.0%] Step 37,200 | Loss: 1.3815 | PPL: 3.98
  [ 36.4%] Step 37,300 | Loss: 1.3790 | PPL: 3.97
  [ 36.8%] Step 37,400 | Loss: 1.3776 | PPL: 3.97
  [ 37.1%] Step 37,500 | Loss: 1.3805 | PPL: 3.98
  [ 37.5%] Step 37,600 | Loss: 1.3744 | PPL: 3.95
  [ 37.9%] Step 37,700 | Loss: 1.3766 | PPL: 3.96
  [ 38.2%] Step 37,800 | Loss: 1.3790 | PPL: 3.97
  [ 38.6%] Step 37,900 | Loss: 1.3778 | PPL: 3.97
  [ 39.0%] Step 38,000 | Loss: 1.3741 | PPL: 3.95
  [ 39.3%] Step 38,100 | Loss: 1.3725 | PPL: 3.95
  [ 39.7%] Step 38,200 | Loss: 1.3780 | PPL: 3.97
  [ 40.1%] Step 38,300 | Loss: 1.3780 | PPL: 3.97
  [ 40.4%] Step 38,400 | Loss: 1.3749 | PPL: 3.95
  [ 40.8%] Step 38,500 | Loss: 1.3738 | PPL: 3.95
  [ 41.2%] Step 38,600 | Loss: 1.3726 | PPL: 3.95
  [ 41.5%] Step 38,700 | Loss: 1.3731 | PPL: 3.95
  [ 41.9%] Step 38,800 | Loss: 1.3705 | PPL: 3.94
  [ 42.3%] Step 38,900 | Loss: 1.3736 | PPL: 3.95
  [ 42.6%] Step 39,000 | Loss: 1.3722 | PPL: 3.94
  [ 43.0%] Step 39,100 | Loss: 1.3701 | PPL: 3.94
  [ 43.4%] Step 39,200 | Loss: 1.3747 | PPL: 3.95
  [ 43.7%] Step 39,300 | Loss: 1.3726 | PPL: 3.95
  [ 44.1%] Step 39,400 | Loss: 1.3741 | PPL: 3.95
  [ 44.5%] Step 39,500 | Loss: 1.3691 | PPL: 3.93
  [ 44.8%] Step 39,600 | Loss: 1.3728 | PPL: 3.95
  [ 45.2%] Step 39,700 | Loss: 1.3735 | PPL: 3.95
  [ 45.6%] Step 39,800 | Loss: 1.3709 | PPL: 3.94
  [ 45.9%] Step 39,900 | Loss: 1.3710 | PPL: 3.94
  [ 46.3%] Step 40,000 | Loss: 1.3691 | PPL: 3.93
  [ 46.7%] Step 40,100 | Loss: 1.3667 | PPL: 3.92
  [ 47.0%] Step 40,200 | Loss: 1.3656 | PPL: 3.92
  [ 47.4%] Step 40,300 | Loss: 1.3701 | PPL: 3.94
  [ 47.7%] Step 40,400 | Loss: 1.3695 | PPL: 3.93
  [ 48.1%] Step 40,500 | Loss: 1.3643 | PPL: 3.91
  [ 48.5%] Step 40,600 | Loss: 1.3695 | PPL: 3.93
  [ 48.8%] Step 40,700 | Loss: 1.3655 | PPL: 3.92
  [ 49.2%] Step 40,800 | Loss: 1.3691 | PPL: 3.93
  [ 49.6%] Step 40,900 | Loss: 1.3660 | PPL: 3.92
  [ 49.9%] Step 41,000 | Loss: 1.3675 | PPL: 3.93
  [ 50.3%] Step 41,100 | Loss: 1.3653 | PPL: 3.92
  [ 50.7%] Step 41,200 | Loss: 1.3649 | PPL: 3.92
  [ 51.0%] Step 41,300 | Loss: 1.3653 | PPL: 3.92
  [ 51.4%] Step 41,400 | Loss: 1.3644 | PPL: 3.91
  [ 51.8%] Step 41,500 | Loss: 1.3624 | PPL: 3.91
  [ 52.1%] Step 41,600 | Loss: 1.3677 | PPL: 3.93
  [ 52.5%] Step 41,700 | Loss: 1.3649 | PPL: 3.92
  [ 52.9%] Step 41,800 | Loss: 1.3646 | PPL: 3.91
  [ 53.2%] Step 41,900 | Loss: 1.3636 | PPL: 3.91
  [ 53.6%] Step 42,000 | Loss: 1.3663 | PPL: 3.92
  [ 54.0%] Step 42,100 | Loss: 1.3651 | PPL: 3.92
  [ 54.3%] Step 42,200 | Loss: 1.3636 | PPL: 3.91
  [ 54.7%] Step 42,300 | Loss: 1.3632 | PPL: 3.91
  [ 55.1%] Step 42,400 | Loss: 1.3610 | PPL: 3.90
  [ 55.4%] Step 42,500 | Loss: 1.3627 | PPL: 3.91
  [ 55.8%] Step 42,600 | Loss: 1.3611 | PPL: 3.90
  [ 56.2%] Step 42,700 | Loss: 1.3617 | PPL: 3.90
  [ 56.5%] Step 42,800 | Loss: 1.3614 | PPL: 3.90
  [ 56.9%] Step 42,900 | Loss: 1.3625 | PPL: 3.91
  [ 57.3%] Step 43,000 | Loss: 1.3613 | PPL: 3.90
  [ 57.6%] Step 43,100 | Loss: 1.3561 | PPL: 3.88
  [ 58.0%] Step 43,200 | Loss: 1.3610 | PPL: 3.90
  [ 58.4%] Step 43,300 | Loss: 1.3582 | PPL: 3.89
  [ 58.7%] Step 43,400 | Loss: 1.3575 | PPL: 3.89
  [ 59.1%] Step 43,500 | Loss: 1.3593 | PPL: 3.89
  [ 59.4%] Step 43,600 | Loss: 1.3589 | PPL: 3.89
  [ 59.8%] Step 43,700 | Loss: 1.3560 | PPL: 3.88
  [ 60.2%] Step 43,800 | Loss: 1.3604 | PPL: 3.90
  [ 60.5%] Step 43,900 | Loss: 1.3593 | PPL: 3.89
  [ 60.9%] Step 44,000 | Loss: 1.3568 | PPL: 3.88
  [ 61.3%] Step 44,100 | Loss: 1.3599 | PPL: 3.90
  [ 61.6%] Step 44,200 | Loss: 1.3579 | PPL: 3.89
  [ 62.0%] Step 44,300 | Loss: 1.3607 | PPL: 3.90
  [ 62.4%] Step 44,400 | Loss: 1.3597 | PPL: 3.90
  [ 62.7%] Step 44,500 | Loss: 1.3580 | PPL: 3.89
  [ 63.1%] Step 44,600 | Loss: 1.3568 | PPL: 3.88
  [ 63.5%] Step 44,700 | Loss: 1.3581 | PPL: 3.89
  [ 63.8%] Step 44,800 | Loss: 1.3560 | PPL: 3.88
  [ 64.2%] Step 44,900 | Loss: 1.3580 | PPL: 3.89
  [ 64.6%] Step 45,000 | Loss: 1.3531 | PPL: 3.87
  [ 64.9%] Step 45,100 | Loss: 1.3563 | PPL: 3.88
  [ 65.3%] Step 45,200 | Loss: 1.3585 | PPL: 3.89
  [ 65.7%] Step 45,300 | Loss: 1.3580 | PPL: 3.89
  [ 66.0%] Step 45,400 | Loss: 1.3554 | PPL: 3.88
  [ 66.4%] Step 45,500 | Loss: 1.3566 | PPL: 3.88
  [ 66.8%] Step 45,600 | Loss: 1.3522 | PPL: 3.87
  [ 67.1%] Step 45,700 | Loss: 1.3552 | PPL: 3.88
  [ 67.5%] Step 45,800 | Loss: 1.3552 | PPL: 3.88
  [ 67.9%] Step 45,900 | Loss: 1.3568 | PPL: 3.88
  [ 68.2%] Step 46,000 | Loss: 1.3544 | PPL: 3.87
  [ 68.6%] Step 46,100 | Loss: 1.3540 | PPL: 3.87
  [ 69.0%] Step 46,200 | Loss: 1.3507 | PPL: 3.86
  [ 69.3%] Step 46,300 | Loss: 1.3548 | PPL: 3.88
  [ 69.7%] Step 46,400 | Loss: 1.3527 | PPL: 3.87
  [ 70.1%] Step 46,500 | Loss: 1.3517 | PPL: 3.86
  [ 70.4%] Step 46,600 | Loss: 1.3547 | PPL: 3.88
  [ 70.8%] Step 46,700 | Loss: 1.3503 | PPL: 3.86
  [ 71.2%] Step 46,800 | Loss: 1.3506 | PPL: 3.86
  [ 71.5%] Step 46,900 | Loss: 1.3522 | PPL: 3.87
  [ 71.9%] Step 47,000 | Loss: 1.3518 | PPL: 3.86
  [ 72.2%] Step 47,100 | Loss: 1.3503 | PPL: 3.86
  [ 72.6%] Step 47,200 | Loss: 1.3519 | PPL: 3.86
  [ 73.0%] Step 47,300 | Loss: 1.3487 | PPL: 3.85
  [ 73.3%] Step 47,400 | Loss: 1.3488 | PPL: 3.85
  [ 73.7%] Step 47,500 | Loss: 1.3524 | PPL: 3.87
  [ 74.1%] Step 47,600 | Loss: 1.3463 | PPL: 3.84
  [ 74.4%] Step 47,700 | Loss: 1.3542 | PPL: 3.87
  [ 74.8%] Step 47,800 | Loss: 1.3479 | PPL: 3.85
  [ 75.2%] Step 47,900 | Loss: 1.3508 | PPL: 3.86
  [ 75.5%] Step 48,000 | Loss: 1.3482 | PPL: 3.85
  [ 75.9%] Step 48,100 | Loss: 1.3545 | PPL: 3.87
  [ 76.3%] Step 48,200 | Loss: 1.3489 | PPL: 3.85
  [ 76.6%] Step 48,300 | Loss: 1.3488 | PPL: 3.85
  [ 77.0%] Step 48,400 | Loss: 1.3467 | PPL: 3.84
  [ 77.4%] Step 48,500 | Loss: 1.3478 | PPL: 3.85
  [ 77.7%] Step 48,600 | Loss: 1.3469 | PPL: 3.85
  [ 78.1%] Step 48,700 | Loss: 1.3423 | PPL: 3.83
  [ 78.5%] Step 48,800 | Loss: 1.3447 | PPL: 3.84
  [ 78.8%] Step 48,900 | Loss: 1.3479 | PPL: 3.85
  [ 79.2%] Step 49,000 | Loss: 1.3450 | PPL: 3.84
  [ 79.6%] Step 49,100 | Loss: 1.3474 | PPL: 3.85
  [ 79.9%] Step 49,200 | Loss: 1.3461 | PPL: 3.84
  [ 80.3%] Step 49,300 | Loss: 1.3488 | PPL: 3.85
  [ 80.7%] Step 49,400 | Loss: 1.3473 | PPL: 3.85
  [ 81.0%] Step 49,500 | Loss: 1.3427 | PPL: 3.83
  [ 81.4%] Step 49,600 | Loss: 1.3438 | PPL: 3.83
  [ 81.8%] Step 49,700 | Loss: 1.3382 | PPL: 3.81
  [ 82.1%] Step 49,800 | Loss: 1.3435 | PPL: 3.83
  [ 82.5%] Step 49,900 | Loss: 1.3411 | PPL: 3.82
  [ 82.9%] Step 50,000 | Loss: 1.3416 | PPL: 3.83
  [ 83.2%] Step 50,100 | Loss: 1.3454 | PPL: 3.84
  [ 83.6%] Step 50,200 | Loss: 1.3450 | PPL: 3.84
  [ 84.0%] Step 50,300 | Loss: 1.3422 | PPL: 3.83
  [ 84.3%] Step 50,400 | Loss: 1.3408 | PPL: 3.82
  [ 84.7%] Step 50,500 | Loss: 1.3433 | PPL: 3.83
  [ 85.0%] Step 50,600 | Loss: 1.3427 | PPL: 3.83
  [ 85.4%] Step 50,700 | Loss: 1.3405 | PPL: 3.82
  [ 85.8%] Step 50,800 | Loss: 1.3437 | PPL: 3.83
  [ 86.1%] Step 50,900 | Loss: 1.3417 | PPL: 3.83
  [ 86.5%] Step 51,000 | Loss: 1.3416 | PPL: 3.83
  [ 86.9%] Step 51,100 | Loss: 1.3445 | PPL: 3.84
  [ 87.2%] Step 51,200 | Loss: 1.3395 | PPL: 3.82
  [ 87.6%] Step 51,300 | Loss: 1.3419 | PPL: 3.83
  [ 88.0%] Step 51,400 | Loss: 1.3401 | PPL: 3.82
  [ 88.3%] Step 51,500 | Loss: 1.3443 | PPL: 3.84
  [ 88.7%] Step 51,600 | Loss: 1.3395 | PPL: 3.82
  [ 89.1%] Step 51,700 | Loss: 1.3408 | PPL: 3.82
  [ 89.4%] Step 51,800 | Loss: 1.3367 | PPL: 3.81
  [ 89.8%] Step 51,900 | Loss: 1.3428 | PPL: 3.83
  [ 90.2%] Step 52,000 | Loss: 1.3387 | PPL: 3.81
  [ 90.5%] Step 52,100 | Loss: 1.3412 | PPL: 3.82
  [ 90.9%] Step 52,200 | Loss: 1.3410 | PPL: 3.82
  [ 91.3%] Step 52,300 | Loss: 1.3427 | PPL: 3.83
  [ 91.6%] Step 52,400 | Loss: 1.3395 | PPL: 3.82
  [ 92.0%] Step 52,500 | Loss: 1.3401 | PPL: 3.82
  [ 92.4%] Step 52,600 | Loss: 1.3391 | PPL: 3.82
  [ 92.7%] Step 52,700 | Loss: 1.3354 | PPL: 3.80
  [ 93.1%] Step 52,800 | Loss: 1.3408 | PPL: 3.82
  [ 93.5%] Step 52,900 | Loss: 1.3355 | PPL: 3.80
  [ 93.8%] Step 53,000 | Loss: 1.3353 | PPL: 3.80
  [ 94.2%] Step 53,100 | Loss: 1.3337 | PPL: 3.79
  [ 94.6%] Step 53,200 | Loss: 1.3415 | PPL: 3.82
  [ 94.9%] Step 53,300 | Loss: 1.3363 | PPL: 3.80
  [ 95.3%] Step 53,400 | Loss: 1.3376 | PPL: 3.81
  [ 95.7%] Step 53,500 | Loss: 1.3396 | PPL: 3.82
  [ 96.0%] Step 53,600 | Loss: 1.3340 | PPL: 3.80
  [ 96.4%] Step 53,700 | Loss: 1.3383 | PPL: 3.81
  [ 96.8%] Step 53,800 | Loss: 1.3394 | PPL: 3.82
  [ 97.1%] Step 53,900 | Loss: 1.3371 | PPL: 3.81
  [ 97.5%] Step 54,000 | Loss: 1.3361 | PPL: 3.80
  [ 97.8%] Step 54,100 | Loss: 1.3356 | PPL: 3.80
  [ 98.2%] Step 54,200 | Loss: 1.3368 | PPL: 3.81
  [ 98.6%] Step 54,300 | Loss: 1.3353 | PPL: 3.80
  [ 98.9%] Step 54,400 | Loss: 1.3364 | PPL: 3.81
  [ 99.3%] Step 54,500 | Loss: 1.3364 | PPL: 3.81
  [ 99.7%] Step 54,600 | Loss: 1.3333 | PPL: 3.79
  [100.0%] Step 54,688 | Loss: 1.3339 | PPL: 3.80
[Epoch 2/3] Validating...
[Epoch 2/3] Loss: 1.4368 | PPL: 4.21
  -> Saved best model to checkpoints\fi_best.pt
[Epoch 3/3] Starting...
  [  0.0%] Step 54,700 | Loss: 1.3328 | PPL: 3.79
  [  0.4%] Step 54,800 | Loss: 1.3337 | PPL: 3.79
  [  0.8%] Step 54,900 | Loss: 1.3406 | PPL: 3.82
  [  1.1%] Step 55,000 | Loss: 1.3316 | PPL: 3.79
  [  1.5%] Step 55,100 | Loss: 1.3318 | PPL: 3.79
  [  1.9%] Step 55,200 | Loss: 1.3327 | PPL: 3.79
  [  2.2%] Step 55,300 | Loss: 1.3318 | PPL: 3.79
  [  2.6%] Step 55,400 | Loss: 1.3352 | PPL: 3.80
  [  3.0%] Step 55,500 | Loss: 1.3346 | PPL: 3.80
  [  3.3%] Step 55,600 | Loss: 1.3315 | PPL: 3.79
  [  3.7%] Step 55,700 | Loss: 1.3328 | PPL: 3.79
  [  4.1%] Step 55,800 | Loss: 1.3311 | PPL: 3.79
  [  4.4%] Step 55,900 | Loss: 1.3335 | PPL: 3.79
  [  4.8%] Step 56,000 | Loss: 1.3316 | PPL: 3.79
  [  5.2%] Step 56,100 | Loss: 1.3312 | PPL: 3.79
  [  5.5%] Step 56,200 | Loss: 1.3314 | PPL: 3.79
  [  5.9%] Step 56,300 | Loss: 1.3331 | PPL: 3.79
  [  6.3%] Step 56,400 | Loss: 1.3317 | PPL: 3.79
  [  6.6%] Step 56,500 | Loss: 1.3288 | PPL: 3.78
  [  7.0%] Step 56,600 | Loss: 1.3323 | PPL: 3.79
  [  7.4%] Step 56,700 | Loss: 1.3337 | PPL: 3.80
  [  7.7%] Step 56,800 | Loss: 1.3348 | PPL: 3.80
  [  8.1%] Step 56,900 | Loss: 1.3330 | PPL: 3.79
  [  8.5%] Step 57,000 | Loss: 1.3296 | PPL: 3.78
  [  8.8%] Step 57,100 | Loss: 1.3309 | PPL: 3.78
  [  9.2%] Step 57,200 | Loss: 1.3307 | PPL: 3.78
  [  9.6%] Step 57,300 | Loss: 1.3347 | PPL: 3.80
  [  9.9%] Step 57,400 | Loss: 1.3290 | PPL: 3.78
  [ 10.3%] Step 57,500 | Loss: 1.3307 | PPL: 3.78
  [ 10.6%] Step 57,600 | Loss: 1.3326 | PPL: 3.79
  [ 11.0%] Step 57,700 | Loss: 1.3309 | PPL: 3.78
  [ 11.4%] Step 57,800 | Loss: 1.3305 | PPL: 3.78
  [ 11.7%] Step 57,900 | Loss: 1.3258 | PPL: 3.77
  [ 12.1%] Step 58,000 | Loss: 1.3266 | PPL: 3.77
  [ 12.5%] Step 58,100 | Loss: 1.3255 | PPL: 3.76
  [ 12.8%] Step 58,200 | Loss: 1.3288 | PPL: 3.78
  [ 13.2%] Step 58,300 | Loss: 1.3232 | PPL: 3.76
  [ 13.6%] Step 58,400 | Loss: 1.3316 | PPL: 3.79
  [ 13.9%] Step 58,500 | Loss: 1.3274 | PPL: 3.77
  [ 14.3%] Step 58,600 | Loss: 1.3293 | PPL: 3.78
  [ 14.7%] Step 58,700 | Loss: 1.3304 | PPL: 3.78
  [ 15.0%] Step 58,800 | Loss: 1.3289 | PPL: 3.78
  [ 15.4%] Step 58,900 | Loss: 1.3264 | PPL: 3.77
  [ 15.8%] Step 59,000 | Loss: 1.3282 | PPL: 3.77
  [ 16.1%] Step 59,100 | Loss: 1.3295 | PPL: 3.78
  [ 16.5%] Step 59,200 | Loss: 1.3274 | PPL: 3.77
  [ 16.9%] Step 59,300 | Loss: 1.3221 | PPL: 3.75
  [ 17.2%] Step 59,400 | Loss: 1.3214 | PPL: 3.75
  [ 17.6%] Step 59,500 | Loss: 1.3288 | PPL: 3.78
  [ 18.0%] Step 59,600 | Loss: 1.3266 | PPL: 3.77
  [ 18.3%] Step 59,700 | Loss: 1.3208 | PPL: 3.75
  [ 18.7%] Step 59,800 | Loss: 1.3285 | PPL: 3.78
  [ 19.1%] Step 59,900 | Loss: 1.3275 | PPL: 3.77
  [ 19.4%] Step 60,000 | Loss: 1.3279 | PPL: 3.77
  [ 19.8%] Step 60,100 | Loss: 1.3267 | PPL: 3.77
  [ 20.2%] Step 60,200 | Loss: 1.3255 | PPL: 3.76
  [ 20.5%] Step 60,300 | Loss: 1.3227 | PPL: 3.75
  [ 20.9%] Step 60,400 | Loss: 1.3255 | PPL: 3.76
  [ 21.3%] Step 60,500 | Loss: 1.3277 | PPL: 3.77
  [ 21.6%] Step 60,600 | Loss: 1.3253 | PPL: 3.76
  [ 22.0%] Step 60,700 | Loss: 1.3249 | PPL: 3.76
  [ 22.4%] Step 60,800 | Loss: 1.3235 | PPL: 3.76
  [ 22.7%] Step 60,900 | Loss: 1.3245 | PPL: 3.76
  [ 23.1%] Step 61,000 | Loss: 1.3254 | PPL: 3.76
  [ 23.4%] Step 61,100 | Loss: 1.3239 | PPL: 3.76
  [ 23.8%] Step 61,200 | Loss: 1.3253 | PPL: 3.76
  [ 24.2%] Step 61,300 | Loss: 1.3223 | PPL: 3.75
  [ 24.5%] Step 61,400 | Loss: 1.3196 | PPL: 3.74
  [ 24.9%] Step 61,500 | Loss: 1.3227 | PPL: 3.75
  [ 25.3%] Step 61,600 | Loss: 1.3209 | PPL: 3.75
  [ 25.6%] Step 61,700 | Loss: 1.3225 | PPL: 3.75
  [ 26.0%] Step 61,800 | Loss: 1.3208 | PPL: 3.75
  [ 26.4%] Step 61,900 | Loss: 1.3241 | PPL: 3.76
  [ 26.7%] Step 62,000 | Loss: 1.3192 | PPL: 3.74
  [ 27.1%] Step 62,100 | Loss: 1.3239 | PPL: 3.76
  [ 27.5%] Step 62,200 | Loss: 1.3240 | PPL: 3.76
  [ 27.8%] Step 62,300 | Loss: 1.3230 | PPL: 3.75
  [ 28.2%] Step 62,400 | Loss: 1.3246 | PPL: 3.76
  [ 28.6%] Step 62,500 | Loss: 1.3202 | PPL: 3.74
  [ 28.9%] Step 62,600 | Loss: 1.3198 | PPL: 3.74
  [ 29.3%] Step 62,700 | Loss: 1.3207 | PPL: 3.75
  [ 29.7%] Step 62,800 | Loss: 1.3216 | PPL: 3.75
  [ 30.0%] Step 62,900 | Loss: 1.3201 | PPL: 3.74
  [ 30.4%] Step 63,000 | Loss: 1.3197 | PPL: 3.74
  [ 30.8%] Step 63,100 | Loss: 1.3248 | PPL: 3.76
  [ 31.1%] Step 63,200 | Loss: 1.3192 | PPL: 3.74
  [ 31.5%] Step 63,300 | Loss: 1.3224 | PPL: 3.75
  [ 31.9%] Step 63,400 | Loss: 1.3213 | PPL: 3.75
  [ 32.2%] Step 63,500 | Loss: 1.3180 | PPL: 3.74
  [ 32.6%] Step 63,600 | Loss: 1.3211 | PPL: 3.75
  [ 33.0%] Step 63,700 | Loss: 1.3214 | PPL: 3.75
  [ 33.3%] Step 63,800 | Loss: 1.3215 | PPL: 3.75
  [ 33.7%] Step 63,900 | Loss: 1.3175 | PPL: 3.73
  [ 34.1%] Step 64,000 | Loss: 1.3199 | PPL: 3.74
  [ 34.4%] Step 64,100 | Loss: 1.3187 | PPL: 3.74
  [ 34.8%] Step 64,200 | Loss: 1.3175 | PPL: 3.73
  [ 35.2%] Step 64,300 | Loss: 1.3193 | PPL: 3.74
  [ 35.5%] Step 64,400 | Loss: 1.3212 | PPL: 3.75
  [ 35.9%] Step 64,500 | Loss: 1.3203 | PPL: 3.74
  [ 36.2%] Step 64,600 | Loss: 1.3171 | PPL: 3.73
  [ 36.6%] Step 64,700 | Loss: 1.3171 | PPL: 3.73
  [ 37.0%] Step 64,800 | Loss: 1.3201 | PPL: 3.74
  [ 37.3%] Step 64,900 | Loss: 1.3194 | PPL: 3.74
  [ 37.7%] Step 65,000 | Loss: 1.3190 | PPL: 3.74
  [ 38.1%] Step 65,100 | Loss: 1.3156 | PPL: 3.73
  [ 38.4%] Step 65,200 | Loss: 1.3173 | PPL: 3.73
  [ 38.8%] Step 65,300 | Loss: 1.3187 | PPL: 3.74
  [ 39.2%] Step 65,400 | Loss: 1.3156 | PPL: 3.73
  [ 39.5%] Step 65,500 | Loss: 1.3137 | PPL: 3.72
  [ 39.9%] Step 65,600 | Loss: 1.3173 | PPL: 3.73
  [ 40.3%] Step 65,700 | Loss: 1.3140 | PPL: 3.72
  [ 40.6%] Step 65,800 | Loss: 1.3157 | PPL: 3.73
  [ 41.0%] Step 65,900 | Loss: 1.3199 | PPL: 3.74
  [ 41.4%] Step 66,000 | Loss: 1.3149 | PPL: 3.72
  [ 41.7%] Step 66,100 | Loss: 1.3159 | PPL: 3.73
  [ 42.1%] Step 66,200 | Loss: 1.3140 | PPL: 3.72
  [ 42.5%] Step 66,300 | Loss: 1.3178 | PPL: 3.74
  [ 42.8%] Step 66,400 | Loss: 1.3176 | PPL: 3.73
  [ 43.2%] Step 66,500 | Loss: 1.3128 | PPL: 3.72
  [ 43.6%] Step 66,600 | Loss: 1.3167 | PPL: 3.73
  [ 43.9%] Step 66,700 | Loss: 1.3142 | PPL: 3.72
  [ 44.3%] Step 66,800 | Loss: 1.3145 | PPL: 3.72
  [ 44.7%] Step 66,900 | Loss: 1.3173 | PPL: 3.73
  [ 45.0%] Step 67,000 | Loss: 1.3150 | PPL: 3.72
  [ 45.4%] Step 67,100 | Loss: 1.3118 | PPL: 3.71
  [ 45.8%] Step 67,200 | Loss: 1.3136 | PPL: 3.72
  [ 46.1%] Step 67,300 | Loss: 1.3161 | PPL: 3.73
  [ 46.5%] Step 67,400 | Loss: 1.3146 | PPL: 3.72
  [ 46.9%] Step 67,500 | Loss: 1.3132 | PPL: 3.72
  [ 47.2%] Step 67,600 | Loss: 1.3145 | PPL: 3.72
  [ 47.6%] Step 67,700 | Loss: 1.3121 | PPL: 3.71
  [ 48.0%] Step 67,800 | Loss: 1.3143 | PPL: 3.72
  [ 48.3%] Step 67,900 | Loss: 1.3131 | PPL: 3.72
  [ 48.7%] Step 68,000 | Loss: 1.3130 | PPL: 3.72
  [ 49.0%] Step 68,100 | Loss: 1.3135 | PPL: 3.72
  [ 49.4%] Step 68,200 | Loss: 1.3125 | PPL: 3.72
  [ 49.8%] Step 68,300 | Loss: 1.3103 | PPL: 3.71
  [ 50.1%] Step 68,400 | Loss: 1.3145 | PPL: 3.72
  [ 50.5%] Step 68,500 | Loss: 1.3122 | PPL: 3.71
  [ 50.9%] Step 68,600 | Loss: 1.3148 | PPL: 3.72
  [ 51.2%] Step 68,700 | Loss: 1.3119 | PPL: 3.71
  [ 51.6%] Step 68,800 | Loss: 1.3097 | PPL: 3.71
  [ 52.0%] Step 68,900 | Loss: 1.3157 | PPL: 3.73
  [ 52.3%] Step 69,000 | Loss: 1.3121 | PPL: 3.71
  [ 52.7%] Step 69,100 | Loss: 1.3106 | PPL: 3.71
  [ 53.1%] Step 69,200 | Loss: 1.3113 | PPL: 3.71
  [ 53.4%] Step 69,300 | Loss: 1.3076 | PPL: 3.70
  [ 53.8%] Step 69,400 | Loss: 1.3076 | PPL: 3.70
  [ 54.2%] Step 69,500 | Loss: 1.3066 | PPL: 3.69
  [ 54.5%] Step 69,600 | Loss: 1.3107 | PPL: 3.71
  [ 54.9%] Step 69,700 | Loss: 1.3091 | PPL: 3.70
  [ 55.3%] Step 69,800 | Loss: 1.3122 | PPL: 3.71
  [ 55.6%] Step 69,900 | Loss: 1.3085 | PPL: 3.70
  [ 56.0%] Step 70,000 | Loss: 1.3118 | PPL: 3.71
  [ 56.4%] Step 70,100 | Loss: 1.3119 | PPL: 3.71
  [ 56.7%] Step 70,200 | Loss: 1.3128 | PPL: 3.72
  [ 57.1%] Step 70,300 | Loss: 1.3098 | PPL: 3.71
  [ 57.5%] Step 70,400 | Loss: 1.3077 | PPL: 3.70
  [ 57.8%] Step 70,500 | Loss: 1.3121 | PPL: 3.71
  [ 58.2%] Step 70,600 | Loss: 1.3085 | PPL: 3.70
  [ 58.6%] Step 70,700 | Loss: 1.3089 | PPL: 3.70
  [ 58.9%] Step 70,800 | Loss: 1.3113 | PPL: 3.71
  [ 59.3%] Step 70,900 | Loss: 1.3093 | PPL: 3.70
  [ 59.7%] Step 71,000 | Loss: 1.3067 | PPL: 3.69
  [ 60.0%] Step 71,100 | Loss: 1.3077 | PPL: 3.70
  [ 60.4%] Step 71,200 | Loss: 1.3081 | PPL: 3.70
  [ 60.8%] Step 71,300 | Loss: 1.3071 | PPL: 3.70
  [ 61.1%] Step 71,400 | Loss: 1.3093 | PPL: 3.70
  [ 61.5%] Step 71,500 | Loss: 1.3098 | PPL: 3.71
  [ 61.8%] Step 71,600 | Loss: 1.3068 | PPL: 3.69
  [ 62.2%] Step 71,700 | Loss: 1.3077 | PPL: 3.70
  [ 62.6%] Step 71,800 | Loss: 1.3064 | PPL: 3.69
  [ 62.9%] Step 71,900 | Loss: 1.3096 | PPL: 3.70
  [ 63.3%] Step 72,000 | Loss: 1.3092 | PPL: 3.70
  [ 63.7%] Step 72,100 | Loss: 1.3044 | PPL: 3.69
  [ 64.0%] Step 72,200 | Loss: 1.3107 | PPL: 3.71
  [ 64.4%] Step 72,300 | Loss: 1.3043 | PPL: 3.69
  [ 64.8%] Step 72,400 | Loss: 1.3051 | PPL: 3.69
  [ 65.1%] Step 72,500 | Loss: 1.3057 | PPL: 3.69
  [ 65.5%] Step 72,600 | Loss: 1.3078 | PPL: 3.70
  [ 65.9%] Step 72,700 | Loss: 1.3088 | PPL: 3.70
  [ 66.2%] Step 72,800 | Loss: 1.3073 | PPL: 3.70
  [ 66.6%] Step 72,900 | Loss: 1.3061 | PPL: 3.69
  [ 67.0%] Step 73,000 | Loss: 1.3008 | PPL: 3.67
  [ 67.3%] Step 73,100 | Loss: 1.3098 | PPL: 3.71
  [ 67.7%] Step 73,200 | Loss: 1.3032 | PPL: 3.68
  [ 68.1%] Step 73,300 | Loss: 1.3044 | PPL: 3.69
  [ 68.4%] Step 73,400 | Loss: 1.3080 | PPL: 3.70
  [ 68.8%] Step 73,500 | Loss: 1.3039 | PPL: 3.68
  [ 69.2%] Step 73,600 | Loss: 1.3095 | PPL: 3.70
  [ 69.5%] Step 73,700 | Loss: 1.3059 | PPL: 3.69
  [ 69.9%] Step 73,800 | Loss: 1.3014 | PPL: 3.67
  [ 70.3%] Step 73,900 | Loss: 1.3070 | PPL: 3.69
  [ 70.6%] Step 74,000 | Loss: 1.3047 | PPL: 3.69
  [ 71.0%] Step 74,100 | Loss: 1.3050 | PPL: 3.69
  [ 71.4%] Step 74,200 | Loss: 1.3023 | PPL: 3.68
  [ 71.7%] Step 74,300 | Loss: 1.3040 | PPL: 3.68
  [ 72.1%] Step 74,400 | Loss: 1.3050 | PPL: 3.69
  [ 72.5%] Step 74,500 | Loss: 1.3053 | PPL: 3.69
  [ 72.8%] Step 74,600 | Loss: 1.3054 | PPL: 3.69
  [ 73.2%] Step 74,700 | Loss: 1.3040 | PPL: 3.68
  [ 73.6%] Step 74,800 | Loss: 1.3045 | PPL: 3.69
  [ 73.9%] Step 74,900 | Loss: 1.3067 | PPL: 3.69
  [ 74.3%] Step 75,000 | Loss: 1.2989 | PPL: 3.67
  [ 74.6%] Step 75,100 | Loss: 1.3021 | PPL: 3.68
  [ 75.0%] Step 75,200 | Loss: 1.3021 | PPL: 3.68
  [ 75.4%] Step 75,300 | Loss: 1.2976 | PPL: 3.66
  [ 75.7%] Step 75,400 | Loss: 1.3048 | PPL: 3.69
  [ 76.1%] Step 75,500 | Loss: 1.3042 | PPL: 3.68
  [ 76.5%] Step 75,600 | Loss: 1.3004 | PPL: 3.67
  [ 76.8%] Step 75,700 | Loss: 1.3019 | PPL: 3.68
  [ 77.2%] Step 75,800 | Loss: 1.3020 | PPL: 3.68
  [ 77.6%] Step 75,900 | Loss: 1.3048 | PPL: 3.69
  [ 77.9%] Step 76,000 | Loss: 1.3034 | PPL: 3.68
  [ 78.3%] Step 76,100 | Loss: 1.3018 | PPL: 3.68
  [ 78.7%] Step 76,200 | Loss: 1.3020 | PPL: 3.68
  [ 79.0%] Step 76,300 | Loss: 1.3026 | PPL: 3.68
  [ 79.4%] Step 76,400 | Loss: 1.2967 | PPL: 3.66
  [ 79.8%] Step 76,500 | Loss: 1.3003 | PPL: 3.67
  [ 80.1%] Step 76,600 | Loss: 1.3051 | PPL: 3.69
  [ 80.5%] Step 76,700 | Loss: 1.3014 | PPL: 3.67
  [ 80.9%] Step 76,800 | Loss: 1.3038 | PPL: 3.68
  [ 81.2%] Step 76,900 | Loss: 1.3039 | PPL: 3.68
  [ 81.6%] Step 77,000 | Loss: 1.3026 | PPL: 3.68
  [ 82.0%] Step 77,100 | Loss: 1.3032 | PPL: 3.68
  [ 82.3%] Step 77,200 | Loss: 1.3023 | PPL: 3.68
  [ 82.7%] Step 77,300 | Loss: 1.3002 | PPL: 3.67
  [ 83.1%] Step 77,400 | Loss: 1.3002 | PPL: 3.67
  [ 83.4%] Step 77,500 | Loss: 1.2997 | PPL: 3.67
  [ 83.8%] Step 77,600 | Loss: 1.3023 | PPL: 3.68
  [ 84.2%] Step 77,700 | Loss: 1.2981 | PPL: 3.66
  [ 84.5%] Step 77,800 | Loss: 1.3028 | PPL: 3.68
  [ 84.9%] Step 77,900 | Loss: 1.3031 | PPL: 3.68
  [ 85.3%] Step 78,000 | Loss: 1.3006 | PPL: 3.67
  [ 85.6%] Step 78,100 | Loss: 1.2992 | PPL: 3.67
  [ 86.0%] Step 78,200 | Loss: 1.2992 | PPL: 3.67
  [ 86.4%] Step 78,300 | Loss: 1.3007 | PPL: 3.67
  [ 86.7%] Step 78,400 | Loss: 1.3006 | PPL: 3.67
  [ 87.1%] Step 78,500 | Loss: 1.2967 | PPL: 3.66
  [ 87.4%] Step 78,600 | Loss: 1.2990 | PPL: 3.67
  [ 87.8%] Step 78,700 | Loss: 1.2981 | PPL: 3.66
  [ 88.2%] Step 78,800 | Loss: 1.2981 | PPL: 3.66
  [ 88.5%] Step 78,900 | Loss: 1.2976 | PPL: 3.66
  [ 88.9%] Step 79,000 | Loss: 1.2985 | PPL: 3.66
  [ 89.3%] Step 79,100 | Loss: 1.3008 | PPL: 3.67
  [ 89.6%] Step 79,200 | Loss: 1.3003 | PPL: 3.67
  [ 90.0%] Step 79,300 | Loss: 1.2983 | PPL: 3.66
  [ 90.4%] Step 79,400 | Loss: 1.3024 | PPL: 3.68
  [ 90.7%] Step 79,500 | Loss: 1.2962 | PPL: 3.66
  [ 91.1%] Step 79,600 | Loss: 1.3002 | PPL: 3.67
  [ 91.5%] Step 79,700 | Loss: 1.2986 | PPL: 3.66
  [ 91.8%] Step 79,800 | Loss: 1.2956 | PPL: 3.65
  [ 92.2%] Step 79,900 | Loss: 1.2956 | PPL: 3.65
  [ 92.6%] Step 80,000 | Loss: 1.2946 | PPL: 3.65
  [ 92.9%] Step 80,100 | Loss: 1.2982 | PPL: 3.66
  [ 93.3%] Step 80,200 | Loss: 1.2973 | PPL: 3.66
  [ 93.7%] Step 80,300 | Loss: 1.2983 | PPL: 3.66
  [ 94.0%] Step 80,400 | Loss: 1.2928 | PPL: 3.64
  [ 94.4%] Step 80,500 | Loss: 1.2998 | PPL: 3.67
  [ 94.8%] Step 80,600 | Loss: 1.2978 | PPL: 3.66
  [ 95.1%] Step 80,700 | Loss: 1.2957 | PPL: 3.65
  [ 95.5%] Step 80,800 | Loss: 1.2964 | PPL: 3.66
  [ 95.9%] Step 80,900 | Loss: 1.2956 | PPL: 3.65
  [ 96.2%] Step 81,000 | Loss: 1.2982 | PPL: 3.66
  [ 96.6%] Step 81,100 | Loss: 1.2945 | PPL: 3.65
  [ 97.0%] Step 81,200 | Loss: 1.2992 | PPL: 3.67
  [ 97.3%] Step 81,300 | Loss: 1.2950 | PPL: 3.65
  [ 97.7%] Step 81,400 | Loss: 1.3020 | PPL: 3.68
  [ 98.1%] Step 81,500 | Loss: 1.2977 | PPL: 3.66
  [ 98.4%] Step 81,600 | Loss: 1.2928 | PPL: 3.64
  [ 98.8%] Step 81,700 | Loss: 1.2974 | PPL: 3.66
  [ 99.2%] Step 81,800 | Loss: 1.2994 | PPL: 3.67
  [ 99.5%] Step 81,900 | Loss: 1.2945 | PPL: 3.65
  [ 99.9%] Step 82,000 | Loss: 1.2948 | PPL: 3.65
  [100.0%] Step 82,032 | Loss: 1.2959 | PPL: 3.65
[Epoch 3/3] Validating...
[Epoch 3/3] Loss: 1.4163 | PPL: 4.12
  -> Saved best model to checkpoints\fi_best.pt
============================================================
Training complete. Running final evaluation...
============================================================

Final Test Loss: 1.4607 | Test PPL: 4.31
Done!
=== fi training end Thu Aug 13 09:25:36 PDT 2026 rc=0 ===
