=== pilot lane1 start Fri Aug 14 16:38:40 PDT 2026 ===
--- a/tr start Fri Aug 14 16:38:40 PDT 2026 ---
Loading data from corpora_pilot_a\oscar_tr_ipa.txt...
  Loaded: 2,494,793 chars total
  Train: 1,746,355 chars
  Val: 374,219 chars
  Test: 374,219 chars
Building vocab from training text...
  Vocab size: 66
============================================================
Training config
============================================================
  Language: Turkish (tr)
  Mode: Train from scratch
  Device: cuda
  Batch size: 256
  Workers: 0
  Pin memory: True
  Epochs: 3
  LR: 0.0001
  Seed: 1234
  Freeze embed: False
  Output: checkpoints_pilot_a\tr_best.pt
Creating data loaders...
  Train batches: 6,822
  Val batches: 1,462

Model config
  Device: cuda
  Embed dim: 128
  Hidden dim: 256
  Layers: 2
  Parameters: 947,010
  Optimizer: Adam (lr=0.0001)
============================================================
Starting training: 3 epochs, 6822 batches/epoch
============================================================
[Epoch 1/3] Starting...
  [  1.5%] Step 100 | Loss: 3.5720 | PPL: 35.59
  [  2.9%] Step 200 | Loss: 3.1072 | PPL: 22.36
  [  4.4%] Step 300 | Loss: 2.8059 | PPL: 16.54
  [  5.9%] Step 400 | Loss: 2.5937 | PPL: 13.38
  [  7.3%] Step 500 | Loss: 2.4778 | PPL: 11.91
  [  8.8%] Step 600 | Loss: 2.3940 | PPL: 10.96
  [ 10.3%] Step 700 | Loss: 2.3317 | PPL: 10.30
  [ 11.7%] Step 800 | Loss: 2.2757 | PPL: 9.74
  [ 13.2%] Step 900 | Loss: 2.2304 | PPL: 9.30
  [ 14.7%] Step 1,000 | Loss: 2.1924 | PPL: 8.96
  [ 16.1%] Step 1,100 | Loss: 2.1533 | PPL: 8.61
  [ 17.6%] Step 1,200 | Loss: 2.1231 | PPL: 8.36
  [ 19.1%] Step 1,300 | Loss: 2.0930 | PPL: 8.11
  [ 20.5%] Step 1,400 | Loss: 2.0667 | PPL: 7.90
  [ 22.0%] Step 1,500 | Loss: 2.0389 | PPL: 7.68
  [ 23.5%] Step 1,600 | Loss: 2.0151 | PPL: 7.50
  [ 24.9%] Step 1,700 | Loss: 1.9943 | PPL: 7.35
  [ 26.4%] Step 1,800 | Loss: 1.9734 | PPL: 7.20
  [ 27.9%] Step 1,900 | Loss: 1.9497 | PPL: 7.03
  [ 29.3%] Step 2,000 | Loss: 1.9336 | PPL: 6.91
  [ 30.8%] Step 2,100 | Loss: 1.9173 | PPL: 6.80
  [ 32.2%] Step 2,200 | Loss: 1.8973 | PPL: 6.67
  [ 33.7%] Step 2,300 | Loss: 1.8808 | PPL: 6.56
  [ 35.2%] Step 2,400 | Loss: 1.8642 | PPL: 6.45
  [ 36.6%] Step 2,500 | Loss: 1.8541 | PPL: 6.39
  [ 38.1%] Step 2,600 | Loss: 1.8417 | PPL: 6.31
  [ 39.6%] Step 2,700 | Loss: 1.8239 | PPL: 6.20
  [ 41.0%] Step 2,800 | Loss: 1.8121 | PPL: 6.12
  [ 42.5%] Step 2,900 | Loss: 1.7968 | PPL: 6.03
  [ 44.0%] Step 3,000 | Loss: 1.7877 | PPL: 5.98
  [ 45.4%] Step 3,100 | Loss: 1.7780 | PPL: 5.92
  [ 46.9%] Step 3,200 | Loss: 1.7670 | PPL: 5.85
  [ 48.4%] Step 3,300 | Loss: 1.7569 | PPL: 5.79
  [ 49.8%] Step 3,400 | Loss: 1.7492 | PPL: 5.75
  [ 51.3%] Step 3,500 | Loss: 1.7367 | PPL: 5.68
  [ 52.8%] Step 3,600 | Loss: 1.7290 | PPL: 5.64
  [ 54.2%] Step 3,700 | Loss: 1.7197 | PPL: 5.58
  [ 55.7%] Step 3,800 | Loss: 1.7112 | PPL: 5.54
  [ 57.2%] Step 3,900 | Loss: 1.7037 | PPL: 5.49
  [ 58.6%] Step 4,000 | Loss: 1.6956 | PPL: 5.45
  [ 60.1%] Step 4,100 | Loss: 1.6906 | PPL: 5.42
  [ 61.6%] Step 4,200 | Loss: 1.6818 | PPL: 5.38
  [ 63.0%] Step 4,300 | Loss: 1.6740 | PPL: 5.33
  [ 64.5%] Step 4,400 | Loss: 1.6671 | PPL: 5.30
  [ 66.0%] Step 4,500 | Loss: 1.6596 | PPL: 5.26
  [ 67.4%] Step 4,600 | Loss: 1.6533 | PPL: 5.22
  [ 68.9%] Step 4,700 | Loss: 1.6552 | PPL: 5.23
  [ 70.4%] Step 4,800 | Loss: 1.6452 | PPL: 5.18
  [ 71.8%] Step 4,900 | Loss: 1.6372 | PPL: 5.14
  [ 73.3%] Step 5,000 | Loss: 1.6297 | PPL: 5.10
  [ 74.8%] Step 5,100 | Loss: 1.6263 | PPL: 5.09
  [ 76.2%] Step 5,200 | Loss: 1.6203 | PPL: 5.05
  [ 77.7%] Step 5,300 | Loss: 1.6131 | PPL: 5.02
  [ 79.2%] Step 5,400 | Loss: 1.6060 | PPL: 4.98
  [ 80.6%] Step 5,500 | Loss: 1.6079 | PPL: 4.99
  [ 82.1%] Step 5,600 | Loss: 1.6028 | PPL: 4.97
  [ 83.6%] Step 5,700 | Loss: 1.5946 | PPL: 4.93
  [ 85.0%] Step 5,800 | Loss: 1.5943 | PPL: 4.92
  [ 86.5%] Step 5,900 | Loss: 1.5887 | PPL: 4.90
  [ 88.0%] Step 6,000 | Loss: 1.5865 | PPL: 4.89
  [ 89.4%] Step 6,100 | Loss: 1.5782 | PPL: 4.85
  [ 90.9%] Step 6,200 | Loss: 1.5737 | PPL: 4.82
  [ 92.3%] Step 6,300 | Loss: 1.5700 | PPL: 4.81
  [ 93.8%] Step 6,400 | Loss: 1.5690 | PPL: 4.80
  [ 95.3%] Step 6,500 | Loss: 1.5637 | PPL: 4.78
  [ 96.7%] Step 6,600 | Loss: 1.5622 | PPL: 4.77
  [ 98.2%] Step 6,700 | Loss: 1.5536 | PPL: 4.73
  [ 99.7%] Step 6,800 | Loss: 1.5511 | PPL: 4.72
  [100.0%] Step 6,822 | Loss: 1.5553 | PPL: 4.74
[Epoch 1/3] Validating...
[Epoch 1/3] Loss: 1.6274 | PPL: 5.09
  -> Saved best model to checkpoints_pilot_a\tr_best.pt
[Epoch 2/3] Starting...
  [  1.1%] Step 6,900 | Loss: 1.5490 | PPL: 4.71
  [  2.6%] Step 7,000 | Loss: 1.5449 | PPL: 4.69
  [  4.1%] Step 7,100 | Loss: 1.5409 | PPL: 4.67
  [  5.5%] Step 7,200 | Loss: 1.5363 | PPL: 4.65
  [  7.0%] Step 7,300 | Loss: 1.5347 | PPL: 4.64
  [  8.5%] Step 7,400 | Loss: 1.5340 | PPL: 4.64
  [  9.9%] Step 7,500 | Loss: 1.5269 | PPL: 4.60
  [ 11.4%] Step 7,600 | Loss: 1.5241 | PPL: 4.59
  [ 12.9%] Step 7,700 | Loss: 1.5189 | PPL: 4.57
  [ 14.3%] Step 7,800 | Loss: 1.5205 | PPL: 4.57
  [ 15.8%] Step 7,900 | Loss: 1.5160 | PPL: 4.55
  [ 17.3%] Step 8,000 | Loss: 1.5132 | PPL: 4.54
  [ 18.7%] Step 8,100 | Loss: 1.5080 | PPL: 4.52
  [ 20.2%] Step 8,200 | Loss: 1.5072 | PPL: 4.51
  [ 21.7%] Step 8,300 | Loss: 1.5003 | PPL: 4.48
  [ 23.1%] Step 8,400 | Loss: 1.5032 | PPL: 4.50
  [ 24.6%] Step 8,500 | Loss: 1.4980 | PPL: 4.47
  [ 26.1%] Step 8,600 | Loss: 1.4930 | PPL: 4.45
  [ 27.5%] Step 8,700 | Loss: 1.4916 | PPL: 4.44
  [ 29.0%] Step 8,800 | Loss: 1.4892 | PPL: 4.43
  [ 30.5%] Step 8,900 | Loss: 1.4914 | PPL: 4.44
  [ 31.9%] Step 9,000 | Loss: 1.4814 | PPL: 4.40
  [ 33.4%] Step 9,100 | Loss: 1.4804 | PPL: 4.39
  [ 34.9%] Step 9,200 | Loss: 1.4764 | PPL: 4.38
  [ 36.3%] Step 9,300 | Loss: 1.4734 | PPL: 4.36
  [ 37.8%] Step 9,400 | Loss: 1.4757 | PPL: 4.37
  [ 39.3%] Step 9,500 | Loss: 1.4702 | PPL: 4.35
  [ 40.7%] Step 9,600 | Loss: 1.4701 | PPL: 4.35
  [ 42.2%] Step 9,700 | Loss: 1.4660 | PPL: 4.33
  [ 43.7%] Step 9,800 | Loss: 1.4641 | PPL: 4.32
  [ 45.1%] Step 9,900 | Loss: 1.4630 | PPL: 4.32
  [ 46.6%] Step 10,000 | Loss: 1.4614 | PPL: 4.31
  [ 48.1%] Step 10,100 | Loss: 1.4585 | PPL: 4.30
  [ 49.5%] Step 10,200 | Loss: 1.4568 | PPL: 4.29
  [ 51.0%] Step 10,300 | Loss: 1.4570 | PPL: 4.29
  [ 52.4%] Step 10,400 | Loss: 1.4520 | PPL: 4.27
  [ 53.9%] Step 10,500 | Loss: 1.4504 | PPL: 4.26
  [ 55.4%] Step 10,600 | Loss: 1.4476 | PPL: 4.25
  [ 56.8%] Step 10,700 | Loss: 1.4464 | PPL: 4.25
  [ 58.3%] Step 10,800 | Loss: 1.4438 | PPL: 4.24
  [ 59.8%] Step 10,900 | Loss: 1.4403 | PPL: 4.22
  [ 61.2%] Step 11,000 | Loss: 1.4365 | PPL: 4.21
  [ 62.7%] Step 11,100 | Loss: 1.4375 | PPL: 4.21
  [ 64.2%] Step 11,200 | Loss: 1.4354 | PPL: 4.20
  [ 65.6%] Step 11,300 | Loss: 1.4386 | PPL: 4.21
  [ 67.1%] Step 11,400 | Loss: 1.4296 | PPL: 4.18
  [ 68.6%] Step 11,500 | Loss: 1.4268 | PPL: 4.17
  [ 70.0%] Step 11,600 | Loss: 1.4265 | PPL: 4.16
  [ 71.5%] Step 11,700 | Loss: 1.4277 | PPL: 4.17
  [ 73.0%] Step 11,800 | Loss: 1.4264 | PPL: 4.16
  [ 74.4%] Step 11,900 | Loss: 1.4230 | PPL: 4.15
  [ 75.9%] Step 12,000 | Loss: 1.4217 | PPL: 4.14
  [ 77.4%] Step 12,100 | Loss: 1.4188 | PPL: 4.13
  [ 78.8%] Step 12,200 | Loss: 1.4175 | PPL: 4.13
  [ 80.3%] Step 12,300 | Loss: 1.4124 | PPL: 4.11
  [ 81.8%] Step 12,400 | Loss: 1.4125 | PPL: 4.11
  [ 83.2%] Step 12,500 | Loss: 1.4152 | PPL: 4.12
  [ 84.7%] Step 12,600 | Loss: 1.4127 | PPL: 4.11
  [ 86.2%] Step 12,700 | Loss: 1.4043 | PPL: 4.07
  [ 87.6%] Step 12,800 | Loss: 1.4052 | PPL: 4.08
  [ 89.1%] Step 12,900 | Loss: 1.4069 | PPL: 4.08
  [ 90.6%] Step 13,000 | Loss: 1.3996 | PPL: 4.05
  [ 92.0%] Step 13,100 | Loss: 1.4008 | PPL: 4.06
  [ 93.5%] Step 13,200 | Loss: 1.3996 | PPL: 4.05
  [ 95.0%] Step 13,300 | Loss: 1.3968 | PPL: 4.04
  [ 96.4%] Step 13,400 | Loss: 1.3976 | PPL: 4.05
  [ 97.9%] Step 13,500 | Loss: 1.3957 | PPL: 4.04
  [ 99.4%] Step 13,600 | Loss: 1.3954 | PPL: 4.04
  [100.0%] Step 13,644 | Loss: 1.3988 | PPL: 4.05
[Epoch 2/3] Validating...
[Epoch 2/3] Loss: 1.5391 | PPL: 4.66
  -> Saved best model to checkpoints_pilot_a\tr_best.pt
[Epoch 3/3] Starting...
  [  0.8%] Step 13,700 | Loss: 1.3918 | PPL: 4.02
  [  2.3%] Step 13,800 | Loss: 1.3874 | PPL: 4.00
  [  3.8%] Step 13,900 | Loss: 1.3870 | PPL: 4.00
  [  5.2%] Step 14,000 | Loss: 1.3831 | PPL: 3.99
  [  6.7%] Step 14,100 | Loss: 1.3898 | PPL: 4.01
  [  8.2%] Step 14,200 | Loss: 1.3799 | PPL: 3.97
  [  9.6%] Step 14,300 | Loss: 1.3808 | PPL: 3.98
  [ 11.1%] Step 14,400 | Loss: 1.3838 | PPL: 3.99
  [ 12.5%] Step 14,500 | Loss: 1.3815 | PPL: 3.98
  [ 14.0%] Step 14,600 | Loss: 1.3763 | PPL: 3.96
  [ 15.5%] Step 14,700 | Loss: 1.3771 | PPL: 3.96
  [ 16.9%] Step 14,800 | Loss: 1.3737 | PPL: 3.95
  [ 18.4%] Step 14,900 | Loss: 1.3737 | PPL: 3.95
  [ 19.9%] Step 15,000 | Loss: 1.3721 | PPL: 3.94
  [ 21.3%] Step 15,100 | Loss: 1.3759 | PPL: 3.96
  [ 22.8%] Step 15,200 | Loss: 1.3693 | PPL: 3.93
  [ 24.3%] Step 15,300 | Loss: 1.3706 | PPL: 3.94
  [ 25.7%] Step 15,400 | Loss: 1.3671 | PPL: 3.92
  [ 27.2%] Step 15,500 | Loss: 1.3627 | PPL: 3.91
  [ 28.7%] Step 15,600 | Loss: 1.3638 | PPL: 3.91
  [ 30.1%] Step 15,700 | Loss: 1.3622 | PPL: 3.90
  [ 31.6%] Step 15,800 | Loss: 1.3617 | PPL: 3.90
  [ 33.1%] Step 15,900 | Loss: 1.3602 | PPL: 3.90
  [ 34.5%] Step 16,000 | Loss: 1.3616 | PPL: 3.90
  [ 36.0%] Step 16,100 | Loss: 1.3561 | PPL: 3.88
  [ 37.5%] Step 16,200 | Loss: 1.3584 | PPL: 3.89
  [ 38.9%] Step 16,300 | Loss: 1.3577 | PPL: 3.89
  [ 40.4%] Step 16,400 | Loss: 1.3554 | PPL: 3.88
  [ 41.9%] Step 16,500 | Loss: 1.3529 | PPL: 3.87
  [ 43.3%] Step 16,600 | Loss: 1.3504 | PPL: 3.86
  [ 44.8%] Step 16,700 | Loss: 1.3499 | PPL: 3.86
  [ 46.3%] Step 16,800 | Loss: 1.3499 | PPL: 3.86
  [ 47.7%] Step 16,900 | Loss: 1.3487 | PPL: 3.85
  [ 49.2%] Step 17,000 | Loss: 1.3467 | PPL: 3.84
  [ 50.7%] Step 17,100 | Loss: 1.3452 | PPL: 3.84
  [ 52.1%] Step 17,200 | Loss: 1.3435 | PPL: 3.83
  [ 53.6%] Step 17,300 | Loss: 1.3424 | PPL: 3.83
  [ 55.1%] Step 17,400 | Loss: 1.3428 | PPL: 3.83
  [ 56.5%] Step 17,500 | Loss: 1.3411 | PPL: 3.82
  [ 58.0%] Step 17,600 | Loss: 1.3401 | PPL: 3.82
  [ 59.5%] Step 17,700 | Loss: 1.3389 | PPL: 3.81
  [ 60.9%] Step 17,800 | Loss: 1.3347 | PPL: 3.80
  [ 62.4%] Step 17,900 | Loss: 1.3324 | PPL: 3.79
  [ 63.9%] Step 18,000 | Loss: 1.3362 | PPL: 3.80
  [ 65.3%] Step 18,100 | Loss: 1.3314 | PPL: 3.79
  [ 66.8%] Step 18,200 | Loss: 1.3339 | PPL: 3.80
  [ 68.2%] Step 18,300 | Loss: 1.3317 | PPL: 3.79
  [ 69.7%] Step 18,400 | Loss: 1.3308 | PPL: 3.78
  [ 71.2%] Step 18,500 | Loss: 1.3300 | PPL: 3.78
  [ 72.6%] Step 18,600 | Loss: 1.3282 | PPL: 3.77
  [ 74.1%] Step 18,700 | Loss: 1.3298 | PPL: 3.78
  [ 75.6%] Step 18,800 | Loss: 1.3254 | PPL: 3.76
  [ 77.0%] Step 18,900 | Loss: 1.3250 | PPL: 3.76
  [ 78.5%] Step 19,000 | Loss: 1.3234 | PPL: 3.76
  [ 80.0%] Step 19,100 | Loss: 1.3207 | PPL: 3.75
  [ 81.4%] Step 19,200 | Loss: 1.3195 | PPL: 3.74
  [ 82.9%] Step 19,300 | Loss: 1.3188 | PPL: 3.74
  [ 84.4%] Step 19,400 | Loss: 1.3163 | PPL: 3.73
  [ 85.8%] Step 19,500 | Loss: 1.3240 | PPL: 3.76
  [ 87.3%] Step 19,600 | Loss: 1.3183 | PPL: 3.74
  [ 88.8%] Step 19,700 | Loss: 1.3137 | PPL: 3.72
  [ 90.2%] Step 19,800 | Loss: 1.3189 | PPL: 3.74
  [ 91.7%] Step 19,900 | Loss: 1.3165 | PPL: 3.73
  [ 93.2%] Step 20,000 | Loss: 1.3132 | PPL: 3.72
  [ 94.6%] Step 20,100 | Loss: 1.3107 | PPL: 3.71
  [ 96.1%] Step 20,200 | Loss: 1.3124 | PPL: 3.72
  [ 97.6%] Step 20,300 | Loss: 1.3072 | PPL: 3.70
  [ 99.0%] Step 20,400 | Loss: 1.3100 | PPL: 3.71
  [100.0%] Step 20,466 | Loss: 1.3099 | PPL: 3.71
[Epoch 3/3] Validating...
[Epoch 3/3] Loss: 1.5189 | PPL: 4.57
  -> Saved best model to checkpoints_pilot_a\tr_best.pt
============================================================
Training complete. Running final evaluation...
============================================================

Final Test Loss: 1.6699 | Test PPL: 5.31
Done!
--- a/tr end rc=0 Fri Aug 14 16:59:58 PDT 2026 ---
--- a/az start Fri Aug 14 16:59:58 PDT 2026 ---
Loading data from corpora_pilot_a\oscar_az_ipa.txt...
  Loaded: 2,411,031 chars total
  Train: 1,687,721 chars
  Val: 361,655 chars
  Test: 361,655 chars
Building vocab from training text...
  Vocab size: 69
============================================================
Training config
============================================================
  Language: Azerbaijani (az)
  Mode: Train from scratch
  Device: cuda
  Batch size: 256
  Workers: 0
  Pin memory: True
  Epochs: 3
  LR: 0.0001
  Seed: 1234
  Freeze embed: False
  Output: checkpoints_pilot_a\az_best.pt
Creating data loaders...
  Train batches: 6,593
  Val batches: 1,413

Model config
  Device: cuda
  Embed dim: 128
  Hidden dim: 256
  Layers: 2
  Parameters: 948,165
  Optimizer: Adam (lr=0.0001)
============================================================
Starting training: 3 epochs, 6593 batches/epoch
============================================================
[Epoch 1/3] Starting...
  [  1.5%] Step 100 | Loss: 3.6530 | PPL: 38.59
  [  3.0%] Step 200 | Loss: 3.2157 | PPL: 24.92
  [  4.6%] Step 300 | Loss: 2.9525 | PPL: 19.15
  [  6.1%] Step 400 | Loss: 2.7276 | PPL: 15.30
  [  7.6%] Step 500 | Loss: 2.5924 | PPL: 13.36
  [  9.1%] Step 600 | Loss: 2.4953 | PPL: 12.13
  [ 10.6%] Step 700 | Loss: 2.4223 | PPL: 11.27
  [ 12.1%] Step 800 | Loss: 2.3589 | PPL: 10.58
  [ 13.7%] Step 900 | Loss: 2.3003 | PPL: 9.98
  [ 15.2%] Step 1,000 | Loss: 2.2528 | PPL: 9.51
  [ 16.7%] Step 1,100 | Loss: 2.2065 | PPL: 9.08
  [ 18.2%] Step 1,200 | Loss: 2.1682 | PPL: 8.74
  [ 19.7%] Step 1,300 | Loss: 2.1278 | PPL: 8.40
  [ 21.2%] Step 1,400 | Loss: 2.0957 | PPL: 8.13
  [ 22.8%] Step 1,500 | Loss: 2.0586 | PPL: 7.84
  [ 24.3%] Step 1,600 | Loss: 2.0285 | PPL: 7.60
  [ 25.8%] Step 1,700 | Loss: 2.0047 | PPL: 7.42
  [ 27.3%] Step 1,800 | Loss: 1.9765 | PPL: 7.22
  [ 28.8%] Step 1,900 | Loss: 1.9563 | PPL: 7.07
  [ 30.3%] Step 2,000 | Loss: 1.9275 | PPL: 6.87
  [ 31.9%] Step 2,100 | Loss: 1.9111 | PPL: 6.76
  [ 33.4%] Step 2,200 | Loss: 1.8865 | PPL: 6.60
  [ 34.9%] Step 2,300 | Loss: 1.8671 | PPL: 6.47
  [ 36.4%] Step 2,400 | Loss: 1.8488 | PPL: 6.35
  [ 37.9%] Step 2,500 | Loss: 1.8308 | PPL: 6.24
  [ 39.4%] Step 2,600 | Loss: 1.8144 | PPL: 6.14
  [ 41.0%] Step 2,700 | Loss: 1.8003 | PPL: 6.05
  [ 42.5%] Step 2,800 | Loss: 1.7851 | PPL: 5.96
  [ 44.0%] Step 2,900 | Loss: 1.7728 | PPL: 5.89
  [ 45.5%] Step 3,000 | Loss: 1.7553 | PPL: 5.79
  [ 47.0%] Step 3,100 | Loss: 1.7425 | PPL: 5.71
  [ 48.5%] Step 3,200 | Loss: 1.7316 | PPL: 5.65
  [ 50.1%] Step 3,300 | Loss: 1.7149 | PPL: 5.56
  [ 51.6%] Step 3,400 | Loss: 1.7053 | PPL: 5.50
  [ 53.1%] Step 3,500 | Loss: 1.6990 | PPL: 5.47
  [ 54.6%] Step 3,600 | Loss: 1.6811 | PPL: 5.37
  [ 56.1%] Step 3,700 | Loss: 1.6743 | PPL: 5.33
  [ 57.6%] Step 3,800 | Loss: 1.6631 | PPL: 5.28
  [ 59.2%] Step 3,900 | Loss: 1.6549 | PPL: 5.23
  [ 60.7%] Step 4,000 | Loss: 1.6450 | PPL: 5.18
  [ 62.2%] Step 4,100 | Loss: 1.6358 | PPL: 5.13
  [ 63.7%] Step 4,200 | Loss: 1.6292 | PPL: 5.10
  [ 65.2%] Step 4,300 | Loss: 1.6220 | PPL: 5.06
  [ 66.7%] Step 4,400 | Loss: 1.6138 | PPL: 5.02
  [ 68.3%] Step 4,500 | Loss: 1.6088 | PPL: 5.00
  [ 69.8%] Step 4,600 | Loss: 1.5983 | PPL: 4.94
  [ 71.3%] Step 4,700 | Loss: 1.5869 | PPL: 4.89
  [ 72.8%] Step 4,800 | Loss: 1.5814 | PPL: 4.86
  [ 74.3%] Step 4,900 | Loss: 1.5708 | PPL: 4.81
  [ 75.8%] Step 5,000 | Loss: 1.5744 | PPL: 4.83
  [ 77.4%] Step 5,100 | Loss: 1.5689 | PPL: 4.80
  [ 78.9%] Step 5,200 | Loss: 1.5575 | PPL: 4.75
  [ 80.4%] Step 5,300 | Loss: 1.5535 | PPL: 4.73
  [ 81.9%] Step 5,400 | Loss: 1.5410 | PPL: 4.67
  [ 83.4%] Step 5,500 | Loss: 1.5386 | PPL: 4.66
  [ 84.9%] Step 5,600 | Loss: 1.5373 | PPL: 4.65
  [ 86.5%] Step 5,700 | Loss: 1.5271 | PPL: 4.60
  [ 88.0%] Step 5,800 | Loss: 1.5220 | PPL: 4.58
  [ 89.5%] Step 5,900 | Loss: 1.5191 | PPL: 4.57
  [ 91.0%] Step 6,000 | Loss: 1.5099 | PPL: 4.53
  [ 92.5%] Step 6,100 | Loss: 1.5092 | PPL: 4.52
  [ 94.0%] Step 6,200 | Loss: 1.5068 | PPL: 4.51
  [ 95.6%] Step 6,300 | Loss: 1.4973 | PPL: 4.47
  [ 97.1%] Step 6,400 | Loss: 1.4949 | PPL: 4.46
  [ 98.6%] Step 6,500 | Loss: 1.4922 | PPL: 4.45
  [100.0%] Step 6,593 | Loss: 1.4869 | PPL: 4.42
[Epoch 1/3] Validating...
[Epoch 1/3] Loss: 1.5414 | PPL: 4.67
  -> Saved best model to checkpoints_pilot_a\az_best.pt
[Epoch 2/3] Starting...
  [  0.1%] Step 6,600 | Loss: 1.4702 | PPL: 4.35
  [  1.6%] Step 6,700 | Loss: 1.4807 | PPL: 4.40
  [  3.1%] Step 6,800 | Loss: 1.4786 | PPL: 4.39
  [  4.7%] Step 6,900 | Loss: 1.4743 | PPL: 4.37
  [  6.2%] Step 7,000 | Loss: 1.4666 | PPL: 4.33
  [  7.7%] Step 7,100 | Loss: 1.4607 | PPL: 4.31
  [  9.2%] Step 7,200 | Loss: 1.4601 | PPL: 4.31
  [ 10.7%] Step 7,300 | Loss: 1.4580 | PPL: 4.30
  [ 12.2%] Step 7,400 | Loss: 1.4548 | PPL: 4.28
  [ 13.8%] Step 7,500 | Loss: 1.4426 | PPL: 4.23
  [ 15.3%] Step 7,600 | Loss: 1.4437 | PPL: 4.24
  [ 16.8%] Step 7,700 | Loss: 1.4425 | PPL: 4.23
  [ 18.3%] Step 7,800 | Loss: 1.4347 | PPL: 4.20
  [ 19.8%] Step 7,900 | Loss: 1.4373 | PPL: 4.21
  [ 21.3%] Step 8,000 | Loss: 1.4310 | PPL: 4.18
  [ 22.9%] Step 8,100 | Loss: 1.4313 | PPL: 4.18
  [ 24.4%] Step 8,200 | Loss: 1.4232 | PPL: 4.15
  [ 25.9%] Step 8,300 | Loss: 1.4176 | PPL: 4.13
  [ 27.4%] Step 8,400 | Loss: 1.4195 | PPL: 4.13
  [ 28.9%] Step 8,500 | Loss: 1.4123 | PPL: 4.11
  [ 30.4%] Step 8,600 | Loss: 1.4132 | PPL: 4.11
  [ 32.0%] Step 8,700 | Loss: 1.4137 | PPL: 4.11
  [ 33.5%] Step 8,800 | Loss: 1.4022 | PPL: 4.06
  [ 35.0%] Step 8,900 | Loss: 1.4023 | PPL: 4.06
  [ 36.5%] Step 9,000 | Loss: 1.4025 | PPL: 4.07
  [ 38.0%] Step 9,100 | Loss: 1.4008 | PPL: 4.06
  [ 39.5%] Step 9,200 | Loss: 1.4014 | PPL: 4.06
  [ 41.1%] Step 9,300 | Loss: 1.3901 | PPL: 4.02
  [ 42.6%] Step 9,400 | Loss: 1.3941 | PPL: 4.03
  [ 44.1%] Step 9,500 | Loss: 1.3884 | PPL: 4.01
  [ 45.6%] Step 9,600 | Loss: 1.3878 | PPL: 4.01
  [ 47.1%] Step 9,700 | Loss: 1.3852 | PPL: 4.00
  [ 48.6%] Step 9,800 | Loss: 1.3811 | PPL: 3.98
  [ 50.2%] Step 9,900 | Loss: 1.3801 | PPL: 3.98
  [ 51.7%] Step 10,000 | Loss: 1.3764 | PPL: 3.96
  [ 53.2%] Step 10,100 | Loss: 1.3743 | PPL: 3.95
  [ 54.7%] Step 10,200 | Loss: 1.3738 | PPL: 3.95
  [ 56.2%] Step 10,300 | Loss: 1.3721 | PPL: 3.94
  [ 57.7%] Step 10,400 | Loss: 1.3684 | PPL: 3.93
  [ 59.3%] Step 10,500 | Loss: 1.3649 | PPL: 3.92
  [ 60.8%] Step 10,600 | Loss: 1.3635 | PPL: 3.91
  [ 62.3%] Step 10,700 | Loss: 1.3605 | PPL: 3.90
  [ 63.8%] Step 10,800 | Loss: 1.3573 | PPL: 3.89
  [ 65.3%] Step 10,900 | Loss: 1.3531 | PPL: 3.87
  [ 66.8%] Step 11,000 | Loss: 1.3510 | PPL: 3.86
  [ 68.4%] Step 11,100 | Loss: 1.3503 | PPL: 3.86
  [ 69.9%] Step 11,200 | Loss: 1.3476 | PPL: 3.85
  [ 71.4%] Step 11,300 | Loss: 1.3450 | PPL: 3.84
  [ 72.9%] Step 11,400 | Loss: 1.3463 | PPL: 3.84
  [ 74.4%] Step 11,500 | Loss: 1.3459 | PPL: 3.84
  [ 75.9%] Step 11,600 | Loss: 1.3363 | PPL: 3.81
  [ 77.5%] Step 11,700 | Loss: 1.3391 | PPL: 3.82
  [ 79.0%] Step 11,800 | Loss: 1.3347 | PPL: 3.80
  [ 80.5%] Step 11,900 | Loss: 1.3359 | PPL: 3.80
  [ 82.0%] Step 12,000 | Loss: 1.3356 | PPL: 3.80
  [ 83.5%] Step 12,100 | Loss: 1.3277 | PPL: 3.77
  [ 85.0%] Step 12,200 | Loss: 1.3317 | PPL: 3.79
  [ 86.6%] Step 12,300 | Loss: 1.3302 | PPL: 3.78
  [ 88.1%] Step 12,400 | Loss: 1.3262 | PPL: 3.77
  [ 89.6%] Step 12,500 | Loss: 1.3216 | PPL: 3.75
  [ 91.1%] Step 12,600 | Loss: 1.3239 | PPL: 3.76
  [ 92.6%] Step 12,700 | Loss: 1.3205 | PPL: 3.75
  [ 94.1%] Step 12,800 | Loss: 1.3141 | PPL: 3.72
  [ 95.7%] Step 12,900 | Loss: 1.3171 | PPL: 3.73
  [ 97.2%] Step 13,000 | Loss: 1.3115 | PPL: 3.71
  [ 98.7%] Step 13,100 | Loss: 1.3117 | PPL: 3.71
  [100.0%] Step 13,186 | Loss: 1.3147 | PPL: 3.72
[Epoch 2/3] Validating...
[Epoch 2/3] Loss: 1.4459 | PPL: 4.25
  -> Saved best model to checkpoints_pilot_a\az_best.pt
[Epoch 3/3] Starting...
  [  0.2%] Step 13,200 | Loss: 1.3071 | PPL: 3.70
  [  1.7%] Step 13,300 | Loss: 1.3083 | PPL: 3.70
  [  3.2%] Step 13,400 | Loss: 1.3045 | PPL: 3.69
  [  4.8%] Step 13,500 | Loss: 1.3074 | PPL: 3.70
  [  6.3%] Step 13,600 | Loss: 1.3050 | PPL: 3.69
  [  7.8%] Step 13,700 | Loss: 1.2984 | PPL: 3.66
  [  9.3%] Step 13,800 | Loss: 1.3035 | PPL: 3.68
  [ 10.8%] Step 13,900 | Loss: 1.2993 | PPL: 3.67
  [ 12.3%] Step 14,000 | Loss: 1.2972 | PPL: 3.66
  [ 13.9%] Step 14,100 | Loss: 1.2978 | PPL: 3.66
  [ 15.4%] Step 14,200 | Loss: 1.2966 | PPL: 3.66
  [ 16.9%] Step 14,300 | Loss: 1.2938 | PPL: 3.65
  [ 18.4%] Step 14,400 | Loss: 1.2887 | PPL: 3.63
  [ 19.9%] Step 14,500 | Loss: 1.2881 | PPL: 3.63
  [ 21.4%] Step 14,600 | Loss: 1.2845 | PPL: 3.61
  [ 23.0%] Step 14,700 | Loss: 1.2853 | PPL: 3.62
  [ 24.5%] Step 14,800 | Loss: 1.2891 | PPL: 3.63
  [ 26.0%] Step 14,900 | Loss: 1.2847 | PPL: 3.61
  [ 27.5%] Step 15,000 | Loss: 1.2825 | PPL: 3.61
  [ 29.0%] Step 15,100 | Loss: 1.2775 | PPL: 3.59
  [ 30.5%] Step 15,200 | Loss: 1.2840 | PPL: 3.61
  [ 32.1%] Step 15,300 | Loss: 1.2825 | PPL: 3.61
  [ 33.6%] Step 15,400 | Loss: 1.2771 | PPL: 3.59
  [ 35.1%] Step 15,500 | Loss: 1.2718 | PPL: 3.57
  [ 36.6%] Step 15,600 | Loss: 1.2732 | PPL: 3.57
  [ 38.1%] Step 15,700 | Loss: 1.2706 | PPL: 3.56
  [ 39.6%] Step 15,800 | Loss: 1.2719 | PPL: 3.57
  [ 41.2%] Step 15,900 | Loss: 1.2731 | PPL: 3.57
  [ 42.7%] Step 16,000 | Loss: 1.2657 | PPL: 3.55
  [ 44.2%] Step 16,100 | Loss: 1.2700 | PPL: 3.56
  [ 45.7%] Step 16,200 | Loss: 1.2623 | PPL: 3.53
  [ 47.2%] Step 16,300 | Loss: 1.2592 | PPL: 3.52
  [ 48.7%] Step 16,400 | Loss: 1.2584 | PPL: 3.52
  [ 50.3%] Step 16,500 | Loss: 1.2602 | PPL: 3.53
  [ 51.8%] Step 16,600 | Loss: 1.2606 | PPL: 3.53
  [ 53.3%] Step 16,700 | Loss: 1.2592 | PPL: 3.52
  [ 54.8%] Step 16,800 | Loss: 1.2559 | PPL: 3.51
  [ 56.3%] Step 16,900 | Loss: 1.2594 | PPL: 3.52
  [ 57.8%] Step 17,000 | Loss: 1.2564 | PPL: 3.51
  [ 59.4%] Step 17,100 | Loss: 1.2522 | PPL: 3.50
  [ 60.9%] Step 17,200 | Loss: 1.2569 | PPL: 3.51
  [ 62.4%] Step 17,300 | Loss: 1.2518 | PPL: 3.50
  [ 63.9%] Step 17,400 | Loss: 1.2512 | PPL: 3.49
  [ 65.4%] Step 17,500 | Loss: 1.2489 | PPL: 3.49
  [ 66.9%] Step 17,600 | Loss: 1.2447 | PPL: 3.47
  [ 68.5%] Step 17,700 | Loss: 1.2438 | PPL: 3.47
  [ 70.0%] Step 17,800 | Loss: 1.2434 | PPL: 3.47
  [ 71.5%] Step 17,900 | Loss: 1.2430 | PPL: 3.47
  [ 73.0%] Step 18,000 | Loss: 1.2429 | PPL: 3.47
  [ 74.5%] Step 18,100 | Loss: 1.2414 | PPL: 3.46
  [ 76.1%] Step 18,200 | Loss: 1.2390 | PPL: 3.45
  [ 77.6%] Step 18,300 | Loss: 1.2392 | PPL: 3.45
  [ 79.1%] Step 18,400 | Loss: 1.2409 | PPL: 3.46
  [ 80.6%] Step 18,500 | Loss: 1.2349 | PPL: 3.44
  [ 82.1%] Step 18,600 | Loss: 1.2388 | PPL: 3.45
  [ 83.6%] Step 18,700 | Loss: 1.2345 | PPL: 3.44
  [ 85.2%] Step 18,800 | Loss: 1.2374 | PPL: 3.45
  [ 86.7%] Step 18,900 | Loss: 1.2334 | PPL: 3.43
  [ 88.2%] Step 19,000 | Loss: 1.2321 | PPL: 3.43
  [ 89.7%] Step 19,100 | Loss: 1.2315 | PPL: 3.43
  [ 91.2%] Step 19,200 | Loss: 1.2276 | PPL: 3.41
  [ 92.7%] Step 19,300 | Loss: 1.2311 | PPL: 3.43
  [ 94.3%] Step 19,400 | Loss: 1.2278 | PPL: 3.41
  [ 95.8%] Step 19,500 | Loss: 1.2269 | PPL: 3.41
  [ 97.3%] Step 19,600 | Loss: 1.2272 | PPL: 3.41
  [ 98.8%] Step 19,700 | Loss: 1.2245 | PPL: 3.40
  [100.0%] Step 19,779 | Loss: 1.2221 | PPL: 3.39
[Epoch 3/3] Validating...
[Epoch 3/3] Loss: 1.4206 | PPL: 4.14
  -> Saved best model to checkpoints_pilot_a\az_best.pt
============================================================
Training complete. Running final evaluation...
============================================================

Final Test Loss: 1.4852 | Test PPL: 4.42
Done!
--- a/az end rc=0 Fri Aug 14 17:20:57 PDT 2026 ---
--- a/kk start Fri Aug 14 17:20:57 PDT 2026 ---
Loading data from corpora_pilot_a\oscar_kk_ipa.txt...
  Loaded: 2,499,917 chars total
  Train: 1,749,941 chars
  Val: 374,988 chars
  Test: 374,988 chars
Building vocab from training text...
  Vocab size: 78
============================================================
Training config
============================================================
  Language: Kazakh (kk)
  Mode: Train from scratch
  Device: cuda
  Batch size: 256
  Workers: 0
  Pin memory: True
  Epochs: 3
  LR: 0.0001
  Seed: 1234
  Freeze embed: False
  Output: checkpoints_pilot_a\kk_best.pt
Creating data loaders...
  Train batches: 6,836
  Val batches: 1,465

Model config
  Device: cuda
  Embed dim: 128
  Hidden dim: 256
  Layers: 2
  Parameters: 951,630
  Optimizer: Adam (lr=0.0001)
============================================================
Starting training: 3 epochs, 6836 batches/epoch
============================================================
[Epoch 1/3] Starting...
  [  1.5%] Step 100 | Loss: 3.7383 | PPL: 42.03
  [  2.9%] Step 200 | Loss: 3.2427 | PPL: 25.60
  [  4.4%] Step 300 | Loss: 2.9514 | PPL: 19.13
  [  5.9%] Step 400 | Loss: 2.7212 | PPL: 15.20
  [  7.3%] Step 500 | Loss: 2.5940 | PPL: 13.38
  [  8.8%] Step 600 | Loss: 2.5065 | PPL: 12.26
  [ 10.2%] Step 700 | Loss: 2.4316 | PPL: 11.38
  [ 11.7%] Step 800 | Loss: 2.3702 | PPL: 10.70
  [ 13.2%] Step 900 | Loss: 2.3141 | PPL: 10.12
  [ 14.6%] Step 1,000 | Loss: 2.2636 | PPL: 9.62
  [ 16.1%] Step 1,100 | Loss: 2.2197 | PPL: 9.20
  [ 17.6%] Step 1,200 | Loss: 2.1750 | PPL: 8.80
  [ 19.0%] Step 1,300 | Loss: 2.1386 | PPL: 8.49
  [ 20.5%] Step 1,400 | Loss: 2.1019 | PPL: 8.18
  [ 21.9%] Step 1,500 | Loss: 2.0713 | PPL: 7.94
  [ 23.4%] Step 1,600 | Loss: 2.0415 | PPL: 7.70
  [ 24.9%] Step 1,700 | Loss: 2.0073 | PPL: 7.44
  [ 26.3%] Step 1,800 | Loss: 1.9836 | PPL: 7.27
  [ 27.8%] Step 1,900 | Loss: 1.9545 | PPL: 7.06
  [ 29.3%] Step 2,000 | Loss: 1.9346 | PPL: 6.92
  [ 30.7%] Step 2,100 | Loss: 1.9140 | PPL: 6.78
  [ 32.2%] Step 2,200 | Loss: 1.8913 | PPL: 6.63
  [ 33.6%] Step 2,300 | Loss: 1.8703 | PPL: 6.49
  [ 35.1%] Step 2,400 | Loss: 1.8512 | PPL: 6.37
  [ 36.6%] Step 2,500 | Loss: 1.8333 | PPL: 6.25
  [ 38.0%] Step 2,600 | Loss: 1.8144 | PPL: 6.14
  [ 39.5%] Step 2,700 | Loss: 1.8057 | PPL: 6.08
  [ 41.0%] Step 2,800 | Loss: 1.7905 | PPL: 5.99
  [ 42.4%] Step 2,900 | Loss: 1.7754 | PPL: 5.90
  [ 43.9%] Step 3,000 | Loss: 1.7648 | PPL: 5.84
  [ 45.3%] Step 3,100 | Loss: 1.7484 | PPL: 5.75
  [ 46.8%] Step 3,200 | Loss: 1.7369 | PPL: 5.68
  [ 48.3%] Step 3,300 | Loss: 1.7296 | PPL: 5.64
  [ 49.7%] Step 3,400 | Loss: 1.7142 | PPL: 5.55
  [ 51.2%] Step 3,500 | Loss: 1.7022 | PPL: 5.49
  [ 52.7%] Step 3,600 | Loss: 1.6988 | PPL: 5.47
  [ 54.1%] Step 3,700 | Loss: 1.6853 | PPL: 5.39
  [ 55.6%] Step 3,800 | Loss: 1.6759 | PPL: 5.34
  [ 57.1%] Step 3,900 | Loss: 1.6610 | PPL: 5.26
  [ 58.5%] Step 4,000 | Loss: 1.6577 | PPL: 5.25
  [ 60.0%] Step 4,100 | Loss: 1.6491 | PPL: 5.20
  [ 61.4%] Step 4,200 | Loss: 1.6343 | PPL: 5.13
  [ 62.9%] Step 4,300 | Loss: 1.6328 | PPL: 5.12
  [ 64.4%] Step 4,400 | Loss: 1.6268 | PPL: 5.09
  [ 65.8%] Step 4,500 | Loss: 1.6153 | PPL: 5.03
  [ 67.3%] Step 4,600 | Loss: 1.6068 | PPL: 4.99
  [ 68.8%] Step 4,700 | Loss: 1.6065 | PPL: 4.99
  [ 70.2%] Step 4,800 | Loss: 1.5990 | PPL: 4.95
  [ 71.7%] Step 4,900 | Loss: 1.5939 | PPL: 4.92
  [ 73.1%] Step 5,000 | Loss: 1.5773 | PPL: 4.84
  [ 74.6%] Step 5,100 | Loss: 1.5718 | PPL: 4.82
  [ 76.1%] Step 5,200 | Loss: 1.5734 | PPL: 4.82
  [ 77.5%] Step 5,300 | Loss: 1.5598 | PPL: 4.76
  [ 79.0%] Step 5,400 | Loss: 1.5563 | PPL: 4.74
  [ 80.5%] Step 5,500 | Loss: 1.5493 | PPL: 4.71
  [ 81.9%] Step 5,600 | Loss: 1.5406 | PPL: 4.67
  [ 83.4%] Step 5,700 | Loss: 1.5382 | PPL: 4.66
  [ 84.8%] Step 5,800 | Loss: 1.5329 | PPL: 4.63
  [ 86.3%] Step 5,900 | Loss: 1.5261 | PPL: 4.60
  [ 87.8%] Step 6,000 | Loss: 1.5261 | PPL: 4.60
  [ 89.2%] Step 6,100 | Loss: 1.5202 | PPL: 4.57
  [ 90.7%] Step 6,200 | Loss: 1.5071 | PPL: 4.51
  [ 92.2%] Step 6,300 | Loss: 1.5100 | PPL: 4.53
  [ 93.6%] Step 6,400 | Loss: 1.4976 | PPL: 4.47
  [ 95.1%] Step 6,500 | Loss: 1.4971 | PPL: 4.47
  [ 96.5%] Step 6,600 | Loss: 1.4865 | PPL: 4.42
  [ 98.0%] Step 6,700 | Loss: 1.4899 | PPL: 4.44
  [ 99.5%] Step 6,800 | Loss: 1.4813 | PPL: 4.40
  [100.0%] Step 6,836 | Loss: 1.4853 | PPL: 4.42
[Epoch 1/3] Validating...
[Epoch 1/3] Loss: 1.4284 | PPL: 4.17
  -> Saved best model to checkpoints_pilot_a\kk_best.pt
[Epoch 2/3] Starting...
  [  0.9%] Step 6,900 | Loss: 1.4801 | PPL: 4.39
  [  2.4%] Step 7,000 | Loss: 1.4761 | PPL: 4.38
  [  3.9%] Step 7,100 | Loss: 1.4731 | PPL: 4.36
  [  5.3%] Step 7,200 | Loss: 1.4623 | PPL: 4.32
  [  6.8%] Step 7,300 | Loss: 1.4634 | PPL: 4.32
  [  8.3%] Step 7,400 | Loss: 1.4621 | PPL: 4.32
  [  9.7%] Step 7,500 | Loss: 1.4512 | PPL: 4.27
  [ 11.2%] Step 7,600 | Loss: 1.4492 | PPL: 4.26
  [ 12.6%] Step 7,700 | Loss: 1.4440 | PPL: 4.24
  [ 14.1%] Step 7,800 | Loss: 1.4420 | PPL: 4.23
  [ 15.6%] Step 7,900 | Loss: 1.4373 | PPL: 4.21
  [ 17.0%] Step 8,000 | Loss: 1.4357 | PPL: 4.20
  [ 18.5%] Step 8,100 | Loss: 1.4296 | PPL: 4.18
  [ 20.0%] Step 8,200 | Loss: 1.4262 | PPL: 4.16
  [ 21.4%] Step 8,300 | Loss: 1.4210 | PPL: 4.14
  [ 22.9%] Step 8,400 | Loss: 1.4233 | PPL: 4.15
  [ 24.3%] Step 8,500 | Loss: 1.4175 | PPL: 4.13
  [ 25.8%] Step 8,600 | Loss: 1.4100 | PPL: 4.10
  [ 27.3%] Step 8,700 | Loss: 1.4095 | PPL: 4.09
  [ 28.7%] Step 8,800 | Loss: 1.4090 | PPL: 4.09
  [ 30.2%] Step 8,900 | Loss: 1.4013 | PPL: 4.06
  [ 31.7%] Step 9,000 | Loss: 1.3997 | PPL: 4.05
  [ 33.1%] Step 9,100 | Loss: 1.3945 | PPL: 4.03
  [ 34.6%] Step 9,200 | Loss: 1.3946 | PPL: 4.03
  [ 36.0%] Step 9,300 | Loss: 1.3866 | PPL: 4.00
  [ 37.5%] Step 9,400 | Loss: 1.3873 | PPL: 4.00
  [ 39.0%] Step 9,500 | Loss: 1.3852 | PPL: 4.00
  [ 40.4%] Step 9,600 | Loss: 1.3789 | PPL: 3.97
  [ 41.9%] Step 9,700 | Loss: 1.3768 | PPL: 3.96
  [ 43.4%] Step 9,800 | Loss: 1.3787 | PPL: 3.97
  [ 44.8%] Step 9,900 | Loss: 1.3743 | PPL: 3.95
  [ 46.3%] Step 10,000 | Loss: 1.3693 | PPL: 3.93
  [ 47.7%] Step 10,100 | Loss: 1.3625 | PPL: 3.91
  [ 49.2%] Step 10,200 | Loss: 1.3654 | PPL: 3.92
  [ 50.7%] Step 10,300 | Loss: 1.3617 | PPL: 3.90
  [ 52.1%] Step 10,400 | Loss: 1.3578 | PPL: 3.89
  [ 53.6%] Step 10,500 | Loss: 1.3594 | PPL: 3.89
  [ 55.1%] Step 10,600 | Loss: 1.3534 | PPL: 3.87
  [ 56.5%] Step 10,700 | Loss: 1.3512 | PPL: 3.86
  [ 58.0%] Step 10,800 | Loss: 1.3497 | PPL: 3.86
  [ 59.4%] Step 10,900 | Loss: 1.3413 | PPL: 3.82
  [ 60.9%] Step 11,000 | Loss: 1.3413 | PPL: 3.82
  [ 62.4%] Step 11,100 | Loss: 1.3389 | PPL: 3.81
  [ 63.8%] Step 11,200 | Loss: 1.3393 | PPL: 3.82
  [ 65.3%] Step 11,300 | Loss: 1.3348 | PPL: 3.80
  [ 66.8%] Step 11,400 | Loss: 1.3320 | PPL: 3.79
  [ 68.2%] Step 11,500 | Loss: 1.3288 | PPL: 3.78
  [ 69.7%] Step 11,600 | Loss: 1.3272 | PPL: 3.77
  [ 71.2%] Step 11,700 | Loss: 1.3278 | PPL: 3.77
  [ 72.6%] Step 11,800 | Loss: 1.3224 | PPL: 3.75
  [ 74.1%] Step 11,900 | Loss: 1.3220 | PPL: 3.75
  [ 75.5%] Step 12,000 | Loss: 1.3142 | PPL: 3.72
  [ 77.0%] Step 12,100 | Loss: 1.3166 | PPL: 3.73
  [ 78.5%] Step 12,200 | Loss: 1.3128 | PPL: 3.72
  [ 79.9%] Step 12,300 | Loss: 1.3141 | PPL: 3.72
  [ 81.4%] Step 12,400 | Loss: 1.3157 | PPL: 3.73
  [ 82.9%] Step 12,500 | Loss: 1.3060 | PPL: 3.69
  [ 84.3%] Step 12,600 | Loss: 1.3080 | PPL: 3.70
  [ 85.8%] Step 12,700 | Loss: 1.3067 | PPL: 3.69
  [ 87.2%] Step 12,800 | Loss: 1.3013 | PPL: 3.67
  [ 88.7%] Step 12,900 | Loss: 1.3000 | PPL: 3.67
  [ 90.2%] Step 13,000 | Loss: 1.2986 | PPL: 3.66
  [ 91.6%] Step 13,100 | Loss: 1.2951 | PPL: 3.65
  [ 93.1%] Step 13,200 | Loss: 1.2915 | PPL: 3.64
  [ 94.6%] Step 13,300 | Loss: 1.2924 | PPL: 3.64
  [ 96.0%] Step 13,400 | Loss: 1.2858 | PPL: 3.62
  [ 97.5%] Step 13,500 | Loss: 1.2891 | PPL: 3.63
  [ 98.9%] Step 13,600 | Loss: 1.2861 | PPL: 3.62
  [100.0%] Step 13,672 | Loss: 1.2830 | PPL: 3.61
[Epoch 2/3] Validating...
[Epoch 2/3] Loss: 1.2912 | PPL: 3.64
  -> Saved best model to checkpoints_pilot_a\kk_best.pt
[Epoch 3/3] Starting...
  [  0.4%] Step 13,700 | Loss: 1.2770 | PPL: 3.59
  [  1.9%] Step 13,800 | Loss: 1.2808 | PPL: 3.60
  [  3.3%] Step 13,900 | Loss: 1.2759 | PPL: 3.58
  [  4.8%] Step 14,000 | Loss: 1.2721 | PPL: 3.57
  [  6.3%] Step 14,100 | Loss: 1.2769 | PPL: 3.59
  [  7.7%] Step 14,200 | Loss: 1.2714 | PPL: 3.57
  [  9.2%] Step 14,300 | Loss: 1.2735 | PPL: 3.57
  [ 10.6%] Step 14,400 | Loss: 1.2667 | PPL: 3.55
  [ 12.1%] Step 14,500 | Loss: 1.2685 | PPL: 3.56
  [ 13.6%] Step 14,600 | Loss: 1.2669 | PPL: 3.55
  [ 15.0%] Step 14,700 | Loss: 1.2677 | PPL: 3.55
  [ 16.5%] Step 14,800 | Loss: 1.2596 | PPL: 3.52
  [ 18.0%] Step 14,900 | Loss: 1.2593 | PPL: 3.52
  [ 19.4%] Step 15,000 | Loss: 1.2618 | PPL: 3.53
  [ 20.9%] Step 15,100 | Loss: 1.2558 | PPL: 3.51
  [ 22.4%] Step 15,200 | Loss: 1.2572 | PPL: 3.52
  [ 23.8%] Step 15,300 | Loss: 1.2555 | PPL: 3.51
  [ 25.3%] Step 15,400 | Loss: 1.2561 | PPL: 3.51
  [ 26.7%] Step 15,500 | Loss: 1.2536 | PPL: 3.50
  [ 28.2%] Step 15,600 | Loss: 1.2485 | PPL: 3.49
  [ 29.7%] Step 15,700 | Loss: 1.2456 | PPL: 3.47
  [ 31.1%] Step 15,800 | Loss: 1.2426 | PPL: 3.46
  [ 32.6%] Step 15,900 | Loss: 1.2472 | PPL: 3.48
  [ 34.1%] Step 16,000 | Loss: 1.2449 | PPL: 3.47
  [ 35.5%] Step 16,100 | Loss: 1.2405 | PPL: 3.46
  [ 37.0%] Step 16,200 | Loss: 1.2418 | PPL: 3.46
  [ 38.4%] Step 16,300 | Loss: 1.2403 | PPL: 3.46
  [ 39.9%] Step 16,400 | Loss: 1.2330 | PPL: 3.43
  [ 41.4%] Step 16,500 | Loss: 1.2367 | PPL: 3.44
  [ 42.8%] Step 16,600 | Loss: 1.2320 | PPL: 3.43
  [ 44.3%] Step 16,700 | Loss: 1.2334 | PPL: 3.43
  [ 45.8%] Step 16,800 | Loss: 1.2303 | PPL: 3.42
  [ 47.2%] Step 16,900 | Loss: 1.2266 | PPL: 3.41
  [ 48.7%] Step 17,000 | Loss: 1.2189 | PPL: 3.38
  [ 50.1%] Step 17,100 | Loss: 1.2268 | PPL: 3.41
  [ 51.6%] Step 17,200 | Loss: 1.2258 | PPL: 3.41
  [ 53.1%] Step 17,300 | Loss: 1.2251 | PPL: 3.40
  [ 54.5%] Step 17,400 | Loss: 1.2248 | PPL: 3.40
  [ 56.0%] Step 17,500 | Loss: 1.2214 | PPL: 3.39
  [ 57.5%] Step 17,600 | Loss: 1.2175 | PPL: 3.38
  [ 58.9%] Step 17,700 | Loss: 1.2115 | PPL: 3.36
  [ 60.4%] Step 17,800 | Loss: 1.2189 | PPL: 3.38
  [ 61.8%] Step 17,900 | Loss: 1.2171 | PPL: 3.38
  [ 63.3%] Step 18,000 | Loss: 1.2152 | PPL: 3.37
  [ 64.8%] Step 18,100 | Loss: 1.2134 | PPL: 3.36
  [ 66.2%] Step 18,200 | Loss: 1.2097 | PPL: 3.35
  [ 67.7%] Step 18,300 | Loss: 1.2093 | PPL: 3.35
  [ 69.2%] Step 18,400 | Loss: 1.2021 | PPL: 3.33
  [ 70.6%] Step 18,500 | Loss: 1.2102 | PPL: 3.35
  [ 72.1%] Step 18,600 | Loss: 1.2014 | PPL: 3.32
  [ 73.6%] Step 18,700 | Loss: 1.1974 | PPL: 3.31
  [ 75.0%] Step 18,800 | Loss: 1.2038 | PPL: 3.33
  [ 76.5%] Step 18,900 | Loss: 1.2036 | PPL: 3.33
  [ 77.9%] Step 19,000 | Loss: 1.1998 | PPL: 3.32
  [ 79.4%] Step 19,100 | Loss: 1.1981 | PPL: 3.31
  [ 80.9%] Step 19,200 | Loss: 1.1966 | PPL: 3.31
  [ 82.3%] Step 19,300 | Loss: 1.2009 | PPL: 3.32
  [ 83.8%] Step 19,400 | Loss: 1.2025 | PPL: 3.33
  [ 85.3%] Step 19,500 | Loss: 1.1933 | PPL: 3.30
  [ 86.7%] Step 19,600 | Loss: 1.1982 | PPL: 3.31
  [ 88.2%] Step 19,700 | Loss: 1.1959 | PPL: 3.31
  [ 89.6%] Step 19,800 | Loss: 1.1871 | PPL: 3.28
  [ 91.1%] Step 19,900 | Loss: 1.1932 | PPL: 3.30
  [ 92.6%] Step 20,000 | Loss: 1.1887 | PPL: 3.28
  [ 94.0%] Step 20,100 | Loss: 1.1883 | PPL: 3.28
  [ 95.5%] Step 20,200 | Loss: 1.1843 | PPL: 3.27
  [ 97.0%] Step 20,300 | Loss: 1.1810 | PPL: 3.26
  [ 98.4%] Step 20,400 | Loss: 1.1830 | PPL: 3.26
  [ 99.9%] Step 20,500 | Loss: 1.1798 | PPL: 3.25
  [100.0%] Step 20,508 | Loss: 1.1777 | PPL: 3.25
[Epoch 3/3] Validating...
[Epoch 3/3] Loss: 1.2382 | PPL: 3.45
  -> Saved best model to checkpoints_pilot_a\kk_best.pt
============================================================
Training complete. Running final evaluation...
============================================================

Final Test Loss: 1.2505 | Test PPL: 3.49
Done!
--- a/kk end rc=0 Fri Aug 14 17:42:33 PDT 2026 ---
--- a/ky start Fri Aug 14 17:42:33 PDT 2026 ---
Loading data from corpora_pilot_a\oscar_ky_ipa.txt...
  Loaded: 2,489,931 chars total
  Train: 1,742,951 chars
  Val: 373,490 chars
  Test: 373,490 chars
Building vocab from training text...
  Vocab size: 81
============================================================
Training config
============================================================
  Language: Kyrgyz (ky)
  Mode: Train from scratch
  Device: cuda
  Batch size: 256
  Workers: 0
  Pin memory: True
  Epochs: 3
  LR: 0.0001
  Seed: 1234
  Freeze embed: False
  Output: checkpoints_pilot_a\ky_best.pt
Creating data loaders...
  Train batches: 6,809
  Val batches: 1,459

Model config
  Device: cuda
  Embed dim: 128
  Hidden dim: 256
  Layers: 2
  Parameters: 952,785
  Optimizer: Adam (lr=0.0001)
============================================================
Starting training: 3 epochs, 6809 batches/epoch
============================================================
[Epoch 1/3] Starting...
  [  1.5%] Step 100 | Loss: 3.7434 | PPL: 42.24
  [  2.9%] Step 200 | Loss: 3.2775 | PPL: 26.51
  [  4.4%] Step 300 | Loss: 2.9994 | PPL: 20.07
  [  5.9%] Step 400 | Loss: 2.6953 | PPL: 14.81
  [  7.3%] Step 500 | Loss: 2.5244 | PPL: 12.48
  [  8.8%] Step 600 | Loss: 2.4109 | PPL: 11.14
  [ 10.3%] Step 700 | Loss: 2.3253 | PPL: 10.23
  [ 11.7%] Step 800 | Loss: 2.2600 | PPL: 9.58
  [ 13.2%] Step 900 | Loss: 2.2032 | PPL: 9.05
  [ 14.7%] Step 1,000 | Loss: 2.1532 | PPL: 8.61
  [ 16.2%] Step 1,100 | Loss: 2.1129 | PPL: 8.27
  [ 17.6%] Step 1,200 | Loss: 2.0742 | PPL: 7.96
  [ 19.1%] Step 1,300 | Loss: 2.0378 | PPL: 7.67
  [ 20.6%] Step 1,400 | Loss: 2.0023 | PPL: 7.41
  [ 22.0%] Step 1,500 | Loss: 1.9777 | PPL: 7.23
  [ 23.5%] Step 1,600 | Loss: 1.9472 | PPL: 7.01
  [ 25.0%] Step 1,700 | Loss: 1.9194 | PPL: 6.82
  [ 26.4%] Step 1,800 | Loss: 1.8932 | PPL: 6.64
  [ 27.9%] Step 1,900 | Loss: 1.8756 | PPL: 6.52
  [ 29.4%] Step 2,000 | Loss: 1.8501 | PPL: 6.36
  [ 30.8%] Step 2,100 | Loss: 1.8270 | PPL: 6.22
  [ 32.3%] Step 2,200 | Loss: 1.8121 | PPL: 6.12
  [ 33.8%] Step 2,300 | Loss: 1.7961 | PPL: 6.03
  [ 35.2%] Step 2,400 | Loss: 1.7795 | PPL: 5.93
  [ 36.7%] Step 2,500 | Loss: 1.7629 | PPL: 5.83
  [ 38.2%] Step 2,600 | Loss: 1.7452 | PPL: 5.73
  [ 39.7%] Step 2,700 | Loss: 1.7327 | PPL: 5.66
  [ 41.1%] Step 2,800 | Loss: 1.7221 | PPL: 5.60
  [ 42.6%] Step 2,900 | Loss: 1.7067 | PPL: 5.51
  [ 44.1%] Step 3,000 | Loss: 1.6926 | PPL: 5.43
  [ 45.5%] Step 3,100 | Loss: 1.6801 | PPL: 5.37
  [ 47.0%] Step 3,200 | Loss: 1.6734 | PPL: 5.33
  [ 48.5%] Step 3,300 | Loss: 1.6597 | PPL: 5.26
  [ 49.9%] Step 3,400 | Loss: 1.6516 | PPL: 5.22
  [ 51.4%] Step 3,500 | Loss: 1.6405 | PPL: 5.16
  [ 52.9%] Step 3,600 | Loss: 1.6289 | PPL: 5.10
  [ 54.3%] Step 3,700 | Loss: 1.6229 | PPL: 5.07
  [ 55.8%] Step 3,800 | Loss: 1.6111 | PPL: 5.01
  [ 57.3%] Step 3,900 | Loss: 1.6075 | PPL: 4.99
  [ 58.7%] Step 4,000 | Loss: 1.5992 | PPL: 4.95
  [ 60.2%] Step 4,100 | Loss: 1.5873 | PPL: 4.89
  [ 61.7%] Step 4,200 | Loss: 1.5802 | PPL: 4.86
  [ 63.2%] Step 4,300 | Loss: 1.5738 | PPL: 4.83
  [ 64.6%] Step 4,400 | Loss: 1.5644 | PPL: 4.78
  [ 66.1%] Step 4,500 | Loss: 1.5626 | PPL: 4.77
  [ 67.6%] Step 4,600 | Loss: 1.5581 | PPL: 4.75
  [ 69.0%] Step 4,700 | Loss: 1.5497 | PPL: 4.71
  [ 70.5%] Step 4,800 | Loss: 1.5424 | PPL: 4.68
  [ 72.0%] Step 4,900 | Loss: 1.5387 | PPL: 4.66
  [ 73.4%] Step 5,000 | Loss: 1.5320 | PPL: 4.63
  [ 74.9%] Step 5,100 | Loss: 1.5241 | PPL: 4.59
  [ 76.4%] Step 5,200 | Loss: 1.5206 | PPL: 4.57
  [ 77.8%] Step 5,300 | Loss: 1.5144 | PPL: 4.55
  [ 79.3%] Step 5,400 | Loss: 1.5079 | PPL: 4.52
  [ 80.8%] Step 5,500 | Loss: 1.5061 | PPL: 4.51
  [ 82.2%] Step 5,600 | Loss: 1.4990 | PPL: 4.48
  [ 83.7%] Step 5,700 | Loss: 1.4972 | PPL: 4.47
  [ 85.2%] Step 5,800 | Loss: 1.4874 | PPL: 4.43
  [ 86.7%] Step 5,900 | Loss: 1.4888 | PPL: 4.43
  [ 88.1%] Step 6,000 | Loss: 1.4819 | PPL: 4.40
  [ 89.6%] Step 6,100 | Loss: 1.4760 | PPL: 4.38
  [ 91.1%] Step 6,200 | Loss: 1.4729 | PPL: 4.36
  [ 92.5%] Step 6,300 | Loss: 1.4702 | PPL: 4.35
  [ 94.0%] Step 6,400 | Loss: 1.4640 | PPL: 4.32
  [ 95.5%] Step 6,500 | Loss: 1.4601 | PPL: 4.31
  [ 96.9%] Step 6,600 | Loss: 1.4554 | PPL: 4.29
  [ 98.4%] Step 6,700 | Loss: 1.4535 | PPL: 4.28
  [ 99.9%] Step 6,800 | Loss: 1.4464 | PPL: 4.25
  [100.0%] Step 6,809 | Loss: 1.4264 | PPL: 4.16
[Epoch 1/3] Validating...
[Epoch 1/3] Loss: 1.4964 | PPL: 4.47
  -> Saved best model to checkpoints_pilot_a\ky_best.pt
[Epoch 2/3] Starting...
  [  1.3%] Step 6,900 | Loss: 1.4422 | PPL: 4.23
  [  2.8%] Step 7,000 | Loss: 1.4393 | PPL: 4.22
  [  4.3%] Step 7,100 | Loss: 1.4352 | PPL: 4.20
  [  5.7%] Step 7,200 | Loss: 1.4331 | PPL: 4.19
  [  7.2%] Step 7,300 | Loss: 1.4314 | PPL: 4.18
  [  8.7%] Step 7,400 | Loss: 1.4277 | PPL: 4.17
  [ 10.1%] Step 7,500 | Loss: 1.4233 | PPL: 4.15
  [ 11.6%] Step 7,600 | Loss: 1.4196 | PPL: 4.14
  [ 13.1%] Step 7,700 | Loss: 1.4183 | PPL: 4.13
  [ 14.6%] Step 7,800 | Loss: 1.4131 | PPL: 4.11
  [ 16.0%] Step 7,900 | Loss: 1.4063 | PPL: 4.08
  [ 17.5%] Step 8,000 | Loss: 1.4052 | PPL: 4.08
  [ 19.0%] Step 8,100 | Loss: 1.4040 | PPL: 4.07
  [ 20.4%] Step 8,200 | Loss: 1.4013 | PPL: 4.06
  [ 21.9%] Step 8,300 | Loss: 1.3963 | PPL: 4.04
  [ 23.4%] Step 8,400 | Loss: 1.3939 | PPL: 4.03
  [ 24.8%] Step 8,500 | Loss: 1.3908 | PPL: 4.02
  [ 26.3%] Step 8,600 | Loss: 1.3916 | PPL: 4.02
  [ 27.8%] Step 8,700 | Loss: 1.3826 | PPL: 3.99
  [ 29.2%] Step 8,800 | Loss: 1.3822 | PPL: 3.98
  [ 30.7%] Step 8,900 | Loss: 1.3823 | PPL: 3.98
  [ 32.2%] Step 9,000 | Loss: 1.3814 | PPL: 3.98
  [ 33.6%] Step 9,100 | Loss: 1.3747 | PPL: 3.95
  [ 35.1%] Step 9,200 | Loss: 1.3718 | PPL: 3.94
  [ 36.6%] Step 9,300 | Loss: 1.3706 | PPL: 3.94
  [ 38.1%] Step 9,400 | Loss: 1.3657 | PPL: 3.92
  [ 39.5%] Step 9,500 | Loss: 1.3680 | PPL: 3.93
  [ 41.0%] Step 9,600 | Loss: 1.3599 | PPL: 3.90
  [ 42.5%] Step 9,700 | Loss: 1.3591 | PPL: 3.89
  [ 43.9%] Step 9,800 | Loss: 1.3583 | PPL: 3.89
  [ 45.4%] Step 9,900 | Loss: 1.3526 | PPL: 3.87
  [ 46.9%] Step 10,000 | Loss: 1.3553 | PPL: 3.88
  [ 48.3%] Step 10,100 | Loss: 1.3517 | PPL: 3.86
  [ 49.8%] Step 10,200 | Loss: 1.3446 | PPL: 3.84
  [ 51.3%] Step 10,300 | Loss: 1.3478 | PPL: 3.85
  [ 52.7%] Step 10,400 | Loss: 1.3442 | PPL: 3.83
  [ 54.2%] Step 10,500 | Loss: 1.3421 | PPL: 3.83
  [ 55.7%] Step 10,600 | Loss: 1.3382 | PPL: 3.81
  [ 57.1%] Step 10,700 | Loss: 1.3395 | PPL: 3.82
  [ 58.6%] Step 10,800 | Loss: 1.3314 | PPL: 3.79
  [ 60.1%] Step 10,900 | Loss: 1.3335 | PPL: 3.79
  [ 61.6%] Step 11,000 | Loss: 1.3296 | PPL: 3.78
  [ 63.0%] Step 11,100 | Loss: 1.3326 | PPL: 3.79
  [ 64.5%] Step 11,200 | Loss: 1.3260 | PPL: 3.77
  [ 66.0%] Step 11,300 | Loss: 1.3235 | PPL: 3.76
  [ 67.4%] Step 11,400 | Loss: 1.3194 | PPL: 3.74
  [ 68.9%] Step 11,500 | Loss: 1.3159 | PPL: 3.73
  [ 70.4%] Step 11,600 | Loss: 1.3131 | PPL: 3.72
  [ 71.8%] Step 11,700 | Loss: 1.3143 | PPL: 3.72
  [ 73.3%] Step 11,800 | Loss: 1.3117 | PPL: 3.71
  [ 74.8%] Step 11,900 | Loss: 1.3117 | PPL: 3.71
  [ 76.2%] Step 12,000 | Loss: 1.3063 | PPL: 3.69
  [ 77.7%] Step 12,100 | Loss: 1.3076 | PPL: 3.70
  [ 79.2%] Step 12,200 | Loss: 1.3085 | PPL: 3.70
  [ 80.6%] Step 12,300 | Loss: 1.3054 | PPL: 3.69
  [ 82.1%] Step 12,400 | Loss: 1.3018 | PPL: 3.68
  [ 83.6%] Step 12,500 | Loss: 1.3026 | PPL: 3.68
  [ 85.0%] Step 12,600 | Loss: 1.2973 | PPL: 3.66
  [ 86.5%] Step 12,700 | Loss: 1.2951 | PPL: 3.65
  [ 88.0%] Step 12,800 | Loss: 1.2929 | PPL: 3.64
  [ 89.5%] Step 12,900 | Loss: 1.2921 | PPL: 3.64
  [ 90.9%] Step 13,000 | Loss: 1.2900 | PPL: 3.63
  [ 92.4%] Step 13,100 | Loss: 1.2889 | PPL: 3.63
  [ 93.9%] Step 13,200 | Loss: 1.2856 | PPL: 3.62
  [ 95.3%] Step 13,300 | Loss: 1.2851 | PPL: 3.62
  [ 96.8%] Step 13,400 | Loss: 1.2858 | PPL: 3.62
  [ 98.3%] Step 13,500 | Loss: 1.2843 | PPL: 3.61
  [ 99.7%] Step 13,600 | Loss: 1.2821 | PPL: 3.60
  [100.0%] Step 13,618 | Loss: 1.2833 | PPL: 3.61
[Epoch 2/3] Validating...
[Epoch 2/3] Loss: 1.3800 | PPL: 3.98
  -> Saved best model to checkpoints_pilot_a\ky_best.pt
[Epoch 3/3] Starting...
  [  1.2%] Step 13,700 | Loss: 1.2807 | PPL: 3.60
  [  2.7%] Step 13,800 | Loss: 1.2784 | PPL: 3.59
  [  4.1%] Step 13,900 | Loss: 1.2761 | PPL: 3.58
  [  5.6%] Step 14,000 | Loss: 1.2752 | PPL: 3.58
  [  7.1%] Step 14,100 | Loss: 1.2714 | PPL: 3.57
  [  8.5%] Step 14,200 | Loss: 1.2678 | PPL: 3.55
  [ 10.0%] Step 14,300 | Loss: 1.2680 | PPL: 3.55
  [ 11.5%] Step 14,400 | Loss: 1.2614 | PPL: 3.53
  [ 13.0%] Step 14,500 | Loss: 1.2650 | PPL: 3.54
  [ 14.4%] Step 14,600 | Loss: 1.2643 | PPL: 3.54
  [ 15.9%] Step 14,700 | Loss: 1.2651 | PPL: 3.54
  [ 17.4%] Step 14,800 | Loss: 1.2637 | PPL: 3.54
  [ 18.8%] Step 14,900 | Loss: 1.2586 | PPL: 3.52
  [ 20.3%] Step 15,000 | Loss: 1.2587 | PPL: 3.52
  [ 21.8%] Step 15,100 | Loss: 1.2555 | PPL: 3.51
  [ 23.2%] Step 15,200 | Loss: 1.2575 | PPL: 3.52
  [ 24.7%] Step 15,300 | Loss: 1.2515 | PPL: 3.50
  [ 26.2%] Step 15,400 | Loss: 1.2526 | PPL: 3.50
  [ 27.6%] Step 15,500 | Loss: 1.2512 | PPL: 3.49
  [ 29.1%] Step 15,600 | Loss: 1.2513 | PPL: 3.49
  [ 30.6%] Step 15,700 | Loss: 1.2475 | PPL: 3.48
  [ 32.0%] Step 15,800 | Loss: 1.2459 | PPL: 3.48
  [ 33.5%] Step 15,900 | Loss: 1.2452 | PPL: 3.47
  [ 35.0%] Step 16,000 | Loss: 1.2420 | PPL: 3.46
  [ 36.5%] Step 16,100 | Loss: 1.2402 | PPL: 3.46
  [ 37.9%] Step 16,200 | Loss: 1.2375 | PPL: 3.45
  [ 39.4%] Step 16,300 | Loss: 1.2360 | PPL: 3.44
  [ 40.9%] Step 16,400 | Loss: 1.2385 | PPL: 3.45
  [ 42.3%] Step 16,500 | Loss: 1.2392 | PPL: 3.45
  [ 43.8%] Step 16,600 | Loss: 1.2357 | PPL: 3.44
  [ 45.3%] Step 16,700 | Loss: 1.2345 | PPL: 3.44
  [ 46.7%] Step 16,800 | Loss: 1.2313 | PPL: 3.43
  [ 48.2%] Step 16,900 | Loss: 1.2289 | PPL: 3.42
  [ 49.7%] Step 17,000 | Loss: 1.2300 | PPL: 3.42
  [ 51.1%] Step 17,100 | Loss: 1.2328 | PPL: 3.43
  [ 52.6%] Step 17,200 | Loss: 1.2290 | PPL: 3.42
  [ 54.1%] Step 17,300 | Loss: 1.2274 | PPL: 3.41
  [ 55.5%] Step 17,400 | Loss: 1.2237 | PPL: 3.40
  [ 57.0%] Step 17,500 | Loss: 1.2234 | PPL: 3.40
  [ 58.5%] Step 17,600 | Loss: 1.2273 | PPL: 3.41
  [ 60.0%] Step 17,700 | Loss: 1.2235 | PPL: 3.40
  [ 61.4%] Step 17,800 | Loss: 1.2198 | PPL: 3.39
  [ 62.9%] Step 17,900 | Loss: 1.2188 | PPL: 3.38
  [ 64.4%] Step 18,000 | Loss: 1.2169 | PPL: 3.38
  [ 65.8%] Step 18,100 | Loss: 1.2154 | PPL: 3.37
  [ 67.3%] Step 18,200 | Loss: 1.2138 | PPL: 3.37
  [ 68.8%] Step 18,300 | Loss: 1.2151 | PPL: 3.37
  [ 70.2%] Step 18,400 | Loss: 1.2118 | PPL: 3.36
  [ 71.7%] Step 18,500 | Loss: 1.2130 | PPL: 3.36
  [ 73.2%] Step 18,600 | Loss: 1.2062 | PPL: 3.34
  [ 74.6%] Step 18,700 | Loss: 1.2104 | PPL: 3.35
  [ 76.1%] Step 18,800 | Loss: 1.2078 | PPL: 3.35
  [ 77.6%] Step 18,900 | Loss: 1.2061 | PPL: 3.34
  [ 79.0%] Step 19,000 | Loss: 1.2057 | PPL: 3.34
  [ 80.5%] Step 19,100 | Loss: 1.2026 | PPL: 3.33
  [ 82.0%] Step 19,200 | Loss: 1.2054 | PPL: 3.34
  [ 83.4%] Step 19,300 | Loss: 1.2021 | PPL: 3.33
  [ 84.9%] Step 19,400 | Loss: 1.1994 | PPL: 3.32
  [ 86.4%] Step 19,500 | Loss: 1.2026 | PPL: 3.33
  [ 87.9%] Step 19,600 | Loss: 1.1986 | PPL: 3.32
  [ 89.3%] Step 19,700 | Loss: 1.1993 | PPL: 3.32
  [ 90.8%] Step 19,800 | Loss: 1.1992 | PPL: 3.32
  [ 92.3%] Step 19,900 | Loss: 1.1997 | PPL: 3.32
  [ 93.7%] Step 20,000 | Loss: 1.1957 | PPL: 3.31
  [ 95.2%] Step 20,100 | Loss: 1.1948 | PPL: 3.30
  [ 96.7%] Step 20,200 | Loss: 1.1944 | PPL: 3.30
  [ 98.1%] Step 20,300 | Loss: 1.1916 | PPL: 3.29
  [ 99.6%] Step 20,400 | Loss: 1.1902 | PPL: 3.29
  [100.0%] Step 20,427 | Loss: 1.1965 | PPL: 3.31
[Epoch 3/3] Validating...
[Epoch 3/3] Loss: 1.3405 | PPL: 3.82
  -> Saved best model to checkpoints_pilot_a\ky_best.pt
============================================================
Training complete. Running final evaluation...
============================================================

Final Test Loss: 1.3856 | Test PPL: 4.00
Done!
--- a/ky end rc=0 Fri Aug 14 18:03:27 PDT 2026 ---
--- a/uz start Fri Aug 14 18:03:27 PDT 2026 ---
Loading data from corpora_pilot_a\oscar_uz_ipa.txt...
  Loaded: 2,401,712 chars total
  Train: 1,681,198 chars
  Val: 360,257 chars
  Test: 360,257 chars
Building vocab from training text...
  Vocab size: 70
============================================================
Training config
============================================================
  Language: Uzbek (uz)
  Mode: Train from scratch
  Device: cuda
  Batch size: 256
  Workers: 0
  Pin memory: True
  Epochs: 3
  LR: 0.0001
  Seed: 1234
  Freeze embed: False
  Output: checkpoints_pilot_a\uz_best.pt
Creating data loaders...
  Train batches: 6,567
  Val batches: 1,407

Model config
  Device: cuda
  Embed dim: 128
  Hidden dim: 256
  Layers: 2
  Parameters: 948,550
  Optimizer: Adam (lr=0.0001)
============================================================
Starting training: 3 epochs, 6567 batches/epoch
============================================================
[Epoch 1/3] Starting...
  [  1.5%] Step 100 | Loss: 3.5873 | PPL: 36.13
  [  3.0%] Step 200 | Loss: 3.1340 | PPL: 22.97
  [  4.6%] Step 300 | Loss: 2.8724 | PPL: 17.68
  [  6.1%] Step 400 | Loss: 2.6686 | PPL: 14.42
  [  7.6%] Step 500 | Loss: 2.5524 | PPL: 12.84
  [  9.1%] Step 600 | Loss: 2.4657 | PPL: 11.77
  [ 10.7%] Step 700 | Loss: 2.3984 | PPL: 11.01
  [ 12.2%] Step 800 | Loss: 2.3416 | PPL: 10.40
  [ 13.7%] Step 900 | Loss: 2.2963 | PPL: 9.94
  [ 15.2%] Step 1,000 | Loss: 2.2551 | PPL: 9.54
  [ 16.8%] Step 1,100 | Loss: 2.2183 | PPL: 9.19
  [ 18.3%] Step 1,200 | Loss: 2.1864 | PPL: 8.90
  [ 19.8%] Step 1,300 | Loss: 2.1518 | PPL: 8.60
  [ 21.3%] Step 1,400 | Loss: 2.1234 | PPL: 8.36
  [ 22.8%] Step 1,500 | Loss: 2.0949 | PPL: 8.12
  [ 24.4%] Step 1,600 | Loss: 2.0711 | PPL: 7.93
  [ 25.9%] Step 1,700 | Loss: 2.0472 | PPL: 7.75
  [ 27.4%] Step 1,800 | Loss: 2.0253 | PPL: 7.58
  [ 28.9%] Step 1,900 | Loss: 2.0014 | PPL: 7.40
  [ 30.5%] Step 2,000 | Loss: 1.9785 | PPL: 7.23
  [ 32.0%] Step 2,100 | Loss: 1.9623 | PPL: 7.12
  [ 33.5%] Step 2,200 | Loss: 1.9415 | PPL: 6.97
  [ 35.0%] Step 2,300 | Loss: 1.9258 | PPL: 6.86
  [ 36.5%] Step 2,400 | Loss: 1.9061 | PPL: 6.73
  [ 38.1%] Step 2,500 | Loss: 1.8915 | PPL: 6.63
  [ 39.6%] Step 2,600 | Loss: 1.8773 | PPL: 6.54
  [ 41.1%] Step 2,700 | Loss: 1.8633 | PPL: 6.44
  [ 42.6%] Step 2,800 | Loss: 1.8435 | PPL: 6.32
  [ 44.2%] Step 2,900 | Loss: 1.8316 | PPL: 6.24
  [ 45.7%] Step 3,000 | Loss: 1.8230 | PPL: 6.19
  [ 47.2%] Step 3,100 | Loss: 1.8094 | PPL: 6.11
  [ 48.7%] Step 3,200 | Loss: 1.7942 | PPL: 6.01
  [ 50.3%] Step 3,300 | Loss: 1.7846 | PPL: 5.96
  [ 51.8%] Step 3,400 | Loss: 1.7778 | PPL: 5.92
  [ 53.3%] Step 3,500 | Loss: 1.7631 | PPL: 5.83
  [ 54.8%] Step 3,600 | Loss: 1.7536 | PPL: 5.78
  [ 56.3%] Step 3,700 | Loss: 1.7428 | PPL: 5.71
  [ 57.9%] Step 3,800 | Loss: 1.7363 | PPL: 5.68
  [ 59.4%] Step 3,900 | Loss: 1.7272 | PPL: 5.63
  [ 60.9%] Step 4,000 | Loss: 1.7196 | PPL: 5.58
  [ 62.4%] Step 4,100 | Loss: 1.7112 | PPL: 5.54
  [ 64.0%] Step 4,200 | Loss: 1.7041 | PPL: 5.50
  [ 65.5%] Step 4,300 | Loss: 1.6943 | PPL: 5.44
  [ 67.0%] Step 4,400 | Loss: 1.6869 | PPL: 5.40
  [ 68.5%] Step 4,500 | Loss: 1.6791 | PPL: 5.36
  [ 70.0%] Step 4,600 | Loss: 1.6732 | PPL: 5.33
  [ 71.6%] Step 4,700 | Loss: 1.6646 | PPL: 5.28
  [ 73.1%] Step 4,800 | Loss: 1.6621 | PPL: 5.27
  [ 74.6%] Step 4,900 | Loss: 1.6539 | PPL: 5.23
  [ 76.1%] Step 5,000 | Loss: 1.6442 | PPL: 5.18
  [ 77.7%] Step 5,100 | Loss: 1.6379 | PPL: 5.14
  [ 79.2%] Step 5,200 | Loss: 1.6339 | PPL: 5.12
  [ 80.7%] Step 5,300 | Loss: 1.6309 | PPL: 5.11
  [ 82.2%] Step 5,400 | Loss: 1.6215 | PPL: 5.06
  [ 83.8%] Step 5,500 | Loss: 1.6141 | PPL: 5.02
  [ 85.3%] Step 5,600 | Loss: 1.6092 | PPL: 5.00
  [ 86.8%] Step 5,700 | Loss: 1.6062 | PPL: 4.98
  [ 88.3%] Step 5,800 | Loss: 1.6020 | PPL: 4.96
  [ 89.8%] Step 5,900 | Loss: 1.5941 | PPL: 4.92
  [ 91.4%] Step 6,000 | Loss: 1.5908 | PPL: 4.91
  [ 92.9%] Step 6,100 | Loss: 1.5879 | PPL: 4.89
  [ 94.4%] Step 6,200 | Loss: 1.5835 | PPL: 4.87
  [ 95.9%] Step 6,300 | Loss: 1.5769 | PPL: 4.84
  [ 97.5%] Step 6,400 | Loss: 1.5694 | PPL: 4.80
  [ 99.0%] Step 6,500 | Loss: 1.5711 | PPL: 4.81
  [100.0%] Step 6,567 | Loss: 1.5657 | PPL: 4.79
[Epoch 1/3] Validating...
[Epoch 1/3] Loss: 1.6564 | PPL: 5.24
  -> Saved best model to checkpoints_pilot_a\uz_best.pt
[Epoch 2/3] Starting...
  [  0.5%] Step 6,600 | Loss: 1.5607 | PPL: 4.76
  [  2.0%] Step 6,700 | Loss: 1.5591 | PPL: 4.75
  [  3.5%] Step 6,800 | Loss: 1.5579 | PPL: 4.75
  [  5.1%] Step 6,900 | Loss: 1.5531 | PPL: 4.73
  [  6.6%] Step 7,000 | Loss: 1.5497 | PPL: 4.71
  [  8.1%] Step 7,100 | Loss: 1.5465 | PPL: 4.70
  [  9.6%] Step 7,200 | Loss: 1.5421 | PPL: 4.67
  [ 11.2%] Step 7,300 | Loss: 1.5395 | PPL: 4.66
  [ 12.7%] Step 7,400 | Loss: 1.5372 | PPL: 4.65
  [ 14.2%] Step 7,500 | Loss: 1.5286 | PPL: 4.61
  [ 15.7%] Step 7,600 | Loss: 1.5278 | PPL: 4.61
  [ 17.3%] Step 7,700 | Loss: 1.5259 | PPL: 4.60
  [ 18.8%] Step 7,800 | Loss: 1.5185 | PPL: 4.57
  [ 20.3%] Step 7,900 | Loss: 1.5151 | PPL: 4.55
  [ 21.8%] Step 8,000 | Loss: 1.5073 | PPL: 4.51
  [ 23.3%] Step 8,100 | Loss: 1.5050 | PPL: 4.50
  [ 24.9%] Step 8,200 | Loss: 1.5095 | PPL: 4.52
  [ 26.4%] Step 8,300 | Loss: 1.5013 | PPL: 4.49
  [ 27.9%] Step 8,400 | Loss: 1.5012 | PPL: 4.49
  [ 29.4%] Step 8,500 | Loss: 1.5012 | PPL: 4.49
  [ 31.0%] Step 8,600 | Loss: 1.4932 | PPL: 4.45
  [ 32.5%] Step 8,700 | Loss: 1.4914 | PPL: 4.44
  [ 34.0%] Step 8,800 | Loss: 1.4911 | PPL: 4.44
  [ 35.5%] Step 8,900 | Loss: 1.4790 | PPL: 4.39
  [ 37.0%] Step 9,000 | Loss: 1.4851 | PPL: 4.42
  [ 38.6%] Step 9,100 | Loss: 1.4778 | PPL: 4.38
  [ 40.1%] Step 9,200 | Loss: 1.4752 | PPL: 4.37
  [ 41.6%] Step 9,300 | Loss: 1.4770 | PPL: 4.38
  [ 43.1%] Step 9,400 | Loss: 1.4711 | PPL: 4.35
  [ 44.7%] Step 9,500 | Loss: 1.4696 | PPL: 4.35
  [ 46.2%] Step 9,600 | Loss: 1.4642 | PPL: 4.32
  [ 47.7%] Step 9,700 | Loss: 1.4588 | PPL: 4.30
  [ 49.2%] Step 9,800 | Loss: 1.4634 | PPL: 4.32
  [ 50.8%] Step 9,900 | Loss: 1.4607 | PPL: 4.31
  [ 52.3%] Step 10,000 | Loss: 1.4541 | PPL: 4.28
  [ 53.8%] Step 10,100 | Loss: 1.4555 | PPL: 4.29
  [ 55.3%] Step 10,200 | Loss: 1.4507 | PPL: 4.27
  [ 56.8%] Step 10,300 | Loss: 1.4491 | PPL: 4.26
  [ 58.4%] Step 10,400 | Loss: 1.4485 | PPL: 4.26
  [ 59.9%] Step 10,500 | Loss: 1.4461 | PPL: 4.25
  [ 61.4%] Step 10,600 | Loss: 1.4419 | PPL: 4.23
  [ 62.9%] Step 10,700 | Loss: 1.4384 | PPL: 4.21
  [ 64.5%] Step 10,800 | Loss: 1.4363 | PPL: 4.21
  [ 66.0%] Step 10,900 | Loss: 1.4338 | PPL: 4.19
  [ 67.5%] Step 11,000 | Loss: 1.4313 | PPL: 4.18
  [ 69.0%] Step 11,100 | Loss: 1.4287 | PPL: 4.17
  [ 70.5%] Step 11,200 | Loss: 1.4285 | PPL: 4.17
  [ 72.1%] Step 11,300 | Loss: 1.4236 | PPL: 4.15
  [ 73.6%] Step 11,400 | Loss: 1.4237 | PPL: 4.15
  [ 75.1%] Step 11,500 | Loss: 1.4202 | PPL: 4.14
  [ 76.6%] Step 11,600 | Loss: 1.4215 | PPL: 4.14
  [ 78.2%] Step 11,700 | Loss: 1.4127 | PPL: 4.11
  [ 79.7%] Step 11,800 | Loss: 1.4157 | PPL: 4.12
  [ 81.2%] Step 11,900 | Loss: 1.4124 | PPL: 4.11
  [ 82.7%] Step 12,000 | Loss: 1.4118 | PPL: 4.10
  [ 84.3%] Step 12,100 | Loss: 1.4085 | PPL: 4.09
  [ 85.8%] Step 12,200 | Loss: 1.4057 | PPL: 4.08
  [ 87.3%] Step 12,300 | Loss: 1.4050 | PPL: 4.08
  [ 88.8%] Step 12,400 | Loss: 1.4009 | PPL: 4.06
  [ 90.3%] Step 12,500 | Loss: 1.3987 | PPL: 4.05
  [ 91.9%] Step 12,600 | Loss: 1.3990 | PPL: 4.05
  [ 93.4%] Step 12,700 | Loss: 1.3977 | PPL: 4.05
  [ 94.9%] Step 12,800 | Loss: 1.3943 | PPL: 4.03
  [ 96.4%] Step 12,900 | Loss: 1.3937 | PPL: 4.03
  [ 98.0%] Step 13,000 | Loss: 1.3921 | PPL: 4.02
  [ 99.5%] Step 13,100 | Loss: 1.3851 | PPL: 4.00
  [100.0%] Step 13,134 | Loss: 1.3857 | PPL: 4.00
[Epoch 2/3] Validating...
[Epoch 2/3] Loss: 1.5444 | PPL: 4.69
  -> Saved best model to checkpoints_pilot_a\uz_best.pt
[Epoch 3/3] Starting...
  [  1.0%] Step 13,200 | Loss: 1.3913 | PPL: 4.02
  [  2.5%] Step 13,300 | Loss: 1.3848 | PPL: 3.99
  [  4.1%] Step 13,400 | Loss: 1.3877 | PPL: 4.01
  [  5.6%] Step 13,500 | Loss: 1.3819 | PPL: 3.98
  [  7.1%] Step 13,600 | Loss: 1.3817 | PPL: 3.98
  [  8.6%] Step 13,700 | Loss: 1.3780 | PPL: 3.97
  [ 10.1%] Step 13,800 | Loss: 1.3757 | PPL: 3.96
  [ 11.7%] Step 13,900 | Loss: 1.3764 | PPL: 3.96
  [ 13.2%] Step 14,000 | Loss: 1.3732 | PPL: 3.95
  [ 14.7%] Step 14,100 | Loss: 1.3727 | PPL: 3.95
  [ 16.2%] Step 14,200 | Loss: 1.3682 | PPL: 3.93
  [ 17.8%] Step 14,300 | Loss: 1.3691 | PPL: 3.93
  [ 19.3%] Step 14,400 | Loss: 1.3635 | PPL: 3.91
  [ 20.8%] Step 14,500 | Loss: 1.3714 | PPL: 3.94
  [ 22.3%] Step 14,600 | Loss: 1.3620 | PPL: 3.90
  [ 23.8%] Step 14,700 | Loss: 1.3662 | PPL: 3.92
  [ 25.4%] Step 14,800 | Loss: 1.3662 | PPL: 3.92
  [ 26.9%] Step 14,900 | Loss: 1.3551 | PPL: 3.88
  [ 28.4%] Step 15,000 | Loss: 1.3595 | PPL: 3.89
  [ 29.9%] Step 15,100 | Loss: 1.3583 | PPL: 3.89
  [ 31.5%] Step 15,200 | Loss: 1.3564 | PPL: 3.88
  [ 33.0%] Step 15,300 | Loss: 1.3556 | PPL: 3.88
  [ 34.5%] Step 15,400 | Loss: 1.3489 | PPL: 3.85
  [ 36.0%] Step 15,500 | Loss: 1.3526 | PPL: 3.87
  [ 37.6%] Step 15,600 | Loss: 1.3495 | PPL: 3.86
  [ 39.1%] Step 15,700 | Loss: 1.3470 | PPL: 3.85
  [ 40.6%] Step 15,800 | Loss: 1.3448 | PPL: 3.84
  [ 42.1%] Step 15,900 | Loss: 1.3428 | PPL: 3.83
  [ 43.6%] Step 16,000 | Loss: 1.3455 | PPL: 3.84
  [ 45.2%] Step 16,100 | Loss: 1.3420 | PPL: 3.83
  [ 46.7%] Step 16,200 | Loss: 1.3444 | PPL: 3.84
  [ 48.2%] Step 16,300 | Loss: 1.3383 | PPL: 3.81
  [ 49.7%] Step 16,400 | Loss: 1.3393 | PPL: 3.82
  [ 51.3%] Step 16,500 | Loss: 1.3386 | PPL: 3.81
  [ 52.8%] Step 16,600 | Loss: 1.3360 | PPL: 3.80
  [ 54.3%] Step 16,700 | Loss: 1.3323 | PPL: 3.79
  [ 55.8%] Step 16,800 | Loss: 1.3375 | PPL: 3.81
  [ 57.3%] Step 16,900 | Loss: 1.3325 | PPL: 3.79
  [ 58.9%] Step 17,000 | Loss: 1.3337 | PPL: 3.79
  [ 60.4%] Step 17,100 | Loss: 1.3298 | PPL: 3.78
  [ 61.9%] Step 17,200 | Loss: 1.3261 | PPL: 3.77
  [ 63.4%] Step 17,300 | Loss: 1.3283 | PPL: 3.77
  [ 65.0%] Step 17,400 | Loss: 1.3291 | PPL: 3.78
  [ 66.5%] Step 17,500 | Loss: 1.3212 | PPL: 3.75
  [ 68.0%] Step 17,600 | Loss: 1.3234 | PPL: 3.76
  [ 69.5%] Step 17,700 | Loss: 1.3245 | PPL: 3.76
  [ 71.1%] Step 17,800 | Loss: 1.3206 | PPL: 3.75
  [ 72.6%] Step 17,900 | Loss: 1.3201 | PPL: 3.74
  [ 74.1%] Step 18,000 | Loss: 1.3167 | PPL: 3.73
  [ 75.6%] Step 18,100 | Loss: 1.3149 | PPL: 3.72
  [ 77.1%] Step 18,200 | Loss: 1.3171 | PPL: 3.73
  [ 78.7%] Step 18,300 | Loss: 1.3125 | PPL: 3.72
  [ 80.2%] Step 18,400 | Loss: 1.3178 | PPL: 3.74
  [ 81.7%] Step 18,500 | Loss: 1.3107 | PPL: 3.71
  [ 83.2%] Step 18,600 | Loss: 1.3083 | PPL: 3.70
  [ 84.8%] Step 18,700 | Loss: 1.3106 | PPL: 3.71
  [ 86.3%] Step 18,800 | Loss: 1.3120 | PPL: 3.71
  [ 87.8%] Step 18,900 | Loss: 1.3084 | PPL: 3.70
  [ 89.3%] Step 19,000 | Loss: 1.3062 | PPL: 3.69
  [ 90.8%] Step 19,100 | Loss: 1.3058 | PPL: 3.69
  [ 92.4%] Step 19,200 | Loss: 1.3024 | PPL: 3.68
  [ 93.9%] Step 19,300 | Loss: 1.3025 | PPL: 3.68
  [ 95.4%] Step 19,400 | Loss: 1.3027 | PPL: 3.68
  [ 96.9%] Step 19,500 | Loss: 1.2991 | PPL: 3.67
  [ 98.5%] Step 19,600 | Loss: 1.3032 | PPL: 3.68
  [100.0%] Step 19,700 | Loss: 1.3025 | PPL: 3.68
  [100.0%] Step 19,701 | Loss: 1.2471 | PPL: 3.48
[Epoch 3/3] Validating...
[Epoch 3/3] Loss: 1.5037 | PPL: 4.50
  -> Saved best model to checkpoints_pilot_a\uz_best.pt
============================================================
Training complete. Running final evaluation...
============================================================

Final Test Loss: 1.5142 | Test PPL: 4.55
Done!
--- a/uz end rc=0 Fri Aug 14 18:22:38 PDT 2026 ---
--- a/ug start Fri Aug 14 18:22:38 PDT 2026 ---
Loading data from corpora_pilot_a\oscar_ug_ipa.txt...
  Loaded: 2,495,516 chars total
  Train: 1,746,861 chars
  Val: 374,327 chars
  Test: 374,328 chars
Building vocab from training text...
  Vocab size: 71
============================================================
Training config
============================================================
  Language: Uyghur (ug)
  Mode: Train from scratch
  Device: cuda
  Batch size: 256
  Workers: 0
  Pin memory: True
  Epochs: 3
  LR: 0.0001
  Seed: 1234
  Freeze embed: False
  Output: checkpoints_pilot_a\ug_best.pt
Creating data loaders...
  Train batches: 6,824
  Val batches: 1,462

Model config
  Device: cuda
  Embed dim: 128
  Hidden dim: 256
  Layers: 2
  Parameters: 948,935
  Optimizer: Adam (lr=0.0001)
============================================================
Starting training: 3 epochs, 6824 batches/epoch
============================================================
[Epoch 1/3] Starting...
  [  1.5%] Step 100 | Loss: 3.5835 | PPL: 36.00
  [  2.9%] Step 200 | Loss: 3.1638 | PPL: 23.66
  [  4.4%] Step 300 | Loss: 2.9109 | PPL: 18.37
  [  5.9%] Step 400 | Loss: 2.7144 | PPL: 15.10
  [  7.3%] Step 500 | Loss: 2.6103 | PPL: 13.60
  [  8.8%] Step 600 | Loss: 2.5279 | PPL: 12.53
  [ 10.3%] Step 700 | Loss: 2.4674 | PPL: 11.79
  [ 11.7%] Step 800 | Loss: 2.4167 | PPL: 11.21
  [ 13.2%] Step 900 | Loss: 2.3721 | PPL: 10.72
  [ 14.7%] Step 1,000 | Loss: 2.3293 | PPL: 10.27
  [ 16.1%] Step 1,100 | Loss: 2.2917 | PPL: 9.89
  [ 17.6%] Step 1,200 | Loss: 2.2566 | PPL: 9.55
  [ 19.1%] Step 1,300 | Loss: 2.2211 | PPL: 9.22
  [ 20.5%] Step 1,400 | Loss: 2.1889 | PPL: 8.93
  [ 22.0%] Step 1,500 | Loss: 2.1596 | PPL: 8.67
  [ 23.4%] Step 1,600 | Loss: 2.1346 | PPL: 8.45
  [ 24.9%] Step 1,700 | Loss: 2.1067 | PPL: 8.22
  [ 26.4%] Step 1,800 | Loss: 2.0853 | PPL: 8.05
  [ 27.8%] Step 1,900 | Loss: 2.0601 | PPL: 7.85
  [ 29.3%] Step 2,000 | Loss: 2.0415 | PPL: 7.70
  [ 30.8%] Step 2,100 | Loss: 2.0187 | PPL: 7.53
  [ 32.2%] Step 2,200 | Loss: 1.9985 | PPL: 7.38
  [ 33.7%] Step 2,300 | Loss: 1.9824 | PPL: 7.26
  [ 35.2%] Step 2,400 | Loss: 1.9624 | PPL: 7.12
  [ 36.6%] Step 2,500 | Loss: 1.9440 | PPL: 6.99
  [ 38.1%] Step 2,600 | Loss: 1.9293 | PPL: 6.88
  [ 39.6%] Step 2,700 | Loss: 1.9120 | PPL: 6.77
  [ 41.0%] Step 2,800 | Loss: 1.8933 | PPL: 6.64
  [ 42.5%] Step 2,900 | Loss: 1.8813 | PPL: 6.56
  [ 44.0%] Step 3,000 | Loss: 1.8705 | PPL: 6.49
  [ 45.4%] Step 3,100 | Loss: 1.8579 | PPL: 6.41
  [ 46.9%] Step 3,200 | Loss: 1.8445 | PPL: 6.33
  [ 48.4%] Step 3,300 | Loss: 1.8289 | PPL: 6.23
  [ 49.8%] Step 3,400 | Loss: 1.8181 | PPL: 6.16
  [ 51.3%] Step 3,500 | Loss: 1.8049 | PPL: 6.08
  [ 52.8%] Step 3,600 | Loss: 1.7980 | PPL: 6.04
  [ 54.2%] Step 3,700 | Loss: 1.7850 | PPL: 5.96
  [ 55.7%] Step 3,800 | Loss: 1.7724 | PPL: 5.88
  [ 57.2%] Step 3,900 | Loss: 1.7644 | PPL: 5.84
  [ 58.6%] Step 4,000 | Loss: 1.7577 | PPL: 5.80
  [ 60.1%] Step 4,100 | Loss: 1.7471 | PPL: 5.74
  [ 61.5%] Step 4,200 | Loss: 1.7369 | PPL: 5.68
  [ 63.0%] Step 4,300 | Loss: 1.7305 | PPL: 5.64
  [ 64.5%] Step 4,400 | Loss: 1.7241 | PPL: 5.61
  [ 65.9%] Step 4,500 | Loss: 1.7086 | PPL: 5.52
  [ 67.4%] Step 4,600 | Loss: 1.7022 | PPL: 5.49
  [ 68.9%] Step 4,700 | Loss: 1.6983 | PPL: 5.46
  [ 70.3%] Step 4,800 | Loss: 1.6901 | PPL: 5.42
  [ 71.8%] Step 4,900 | Loss: 1.6831 | PPL: 5.38
  [ 73.3%] Step 5,000 | Loss: 1.6765 | PPL: 5.35
  [ 74.7%] Step 5,100 | Loss: 1.6662 | PPL: 5.29
  [ 76.2%] Step 5,200 | Loss: 1.6582 | PPL: 5.25
  [ 77.7%] Step 5,300 | Loss: 1.6566 | PPL: 5.24
  [ 79.1%] Step 5,400 | Loss: 1.6461 | PPL: 5.19
  [ 80.6%] Step 5,500 | Loss: 1.6416 | PPL: 5.16
  [ 82.1%] Step 5,600 | Loss: 1.6371 | PPL: 5.14
  [ 83.5%] Step 5,700 | Loss: 1.6311 | PPL: 5.11
  [ 85.0%] Step 5,800 | Loss: 1.6200 | PPL: 5.05
  [ 86.5%] Step 5,900 | Loss: 1.6164 | PPL: 5.03
  [ 87.9%] Step 6,000 | Loss: 1.6101 | PPL: 5.00
  [ 89.4%] Step 6,100 | Loss: 1.6085 | PPL: 5.00
  [ 90.9%] Step 6,200 | Loss: 1.6017 | PPL: 4.96
  [ 92.3%] Step 6,300 | Loss: 1.5934 | PPL: 4.92
  [ 93.8%] Step 6,400 | Loss: 1.5898 | PPL: 4.90
  [ 95.3%] Step 6,500 | Loss: 1.5865 | PPL: 4.89
  [ 96.7%] Step 6,600 | Loss: 1.5795 | PPL: 4.85
  [ 98.2%] Step 6,700 | Loss: 1.5774 | PPL: 4.84
  [ 99.6%] Step 6,800 | Loss: 1.5708 | PPL: 4.81
  [100.0%] Step 6,824 | Loss: 1.5592 | PPL: 4.76
[Epoch 1/3] Validating...
[Epoch 1/3] Loss: 1.6297 | PPL: 5.10
  -> Saved best model to checkpoints_pilot_a\ug_best.pt
[Epoch 2/3] Starting...
  [  1.1%] Step 6,900 | Loss: 1.5653 | PPL: 4.78
  [  2.6%] Step 7,000 | Loss: 1.5571 | PPL: 4.75
  [  4.0%] Step 7,100 | Loss: 1.5517 | PPL: 4.72
  [  5.5%] Step 7,200 | Loss: 1.5501 | PPL: 4.71
  [  7.0%] Step 7,300 | Loss: 1.5454 | PPL: 4.69
  [  8.4%] Step 7,400 | Loss: 1.5373 | PPL: 4.65
  [  9.9%] Step 7,500 | Loss: 1.5357 | PPL: 4.64
  [ 11.4%] Step 7,600 | Loss: 1.5305 | PPL: 4.62
  [ 12.8%] Step 7,700 | Loss: 1.5345 | PPL: 4.64
  [ 14.3%] Step 7,800 | Loss: 1.5288 | PPL: 4.61
  [ 15.8%] Step 7,900 | Loss: 1.5199 | PPL: 4.57
  [ 17.2%] Step 8,000 | Loss: 1.5199 | PPL: 4.57
  [ 18.7%] Step 8,100 | Loss: 1.5130 | PPL: 4.54
  [ 20.2%] Step 8,200 | Loss: 1.5097 | PPL: 4.53
  [ 21.6%] Step 8,300 | Loss: 1.5102 | PPL: 4.53
  [ 23.1%] Step 8,400 | Loss: 1.5010 | PPL: 4.49
  [ 24.6%] Step 8,500 | Loss: 1.5017 | PPL: 4.49
  [ 26.0%] Step 8,600 | Loss: 1.4976 | PPL: 4.47
  [ 27.5%] Step 8,700 | Loss: 1.4963 | PPL: 4.47
  [ 29.0%] Step 8,800 | Loss: 1.4899 | PPL: 4.44
  [ 30.4%] Step 8,900 | Loss: 1.4847 | PPL: 4.41
  [ 31.9%] Step 9,000 | Loss: 1.4808 | PPL: 4.40
  [ 33.4%] Step 9,100 | Loss: 1.4759 | PPL: 4.37
  [ 34.8%] Step 9,200 | Loss: 1.4744 | PPL: 4.37
  [ 36.3%] Step 9,300 | Loss: 1.4688 | PPL: 4.34
  [ 37.7%] Step 9,400 | Loss: 1.4672 | PPL: 4.34
  [ 39.2%] Step 9,500 | Loss: 1.4647 | PPL: 4.33
  [ 40.7%] Step 9,600 | Loss: 1.4607 | PPL: 4.31
  [ 42.1%] Step 9,700 | Loss: 1.4596 | PPL: 4.30
  [ 43.6%] Step 9,800 | Loss: 1.4545 | PPL: 4.28
  [ 45.1%] Step 9,900 | Loss: 1.4553 | PPL: 4.29
  [ 46.5%] Step 10,000 | Loss: 1.4506 | PPL: 4.27
  [ 48.0%] Step 10,100 | Loss: 1.4491 | PPL: 4.26
  [ 49.5%] Step 10,200 | Loss: 1.4456 | PPL: 4.24
  [ 50.9%] Step 10,300 | Loss: 1.4411 | PPL: 4.23
  [ 52.4%] Step 10,400 | Loss: 1.4373 | PPL: 4.21
  [ 53.9%] Step 10,500 | Loss: 1.4360 | PPL: 4.20
  [ 55.3%] Step 10,600 | Loss: 1.4305 | PPL: 4.18
  [ 56.8%] Step 10,700 | Loss: 1.4287 | PPL: 4.17
  [ 58.3%] Step 10,800 | Loss: 1.4259 | PPL: 4.16
  [ 59.7%] Step 10,900 | Loss: 1.4245 | PPL: 4.16
  [ 61.2%] Step 11,000 | Loss: 1.4209 | PPL: 4.14
  [ 62.7%] Step 11,100 | Loss: 1.4200 | PPL: 4.14
  [ 64.1%] Step 11,200 | Loss: 1.4172 | PPL: 4.13
  [ 65.6%] Step 11,300 | Loss: 1.4135 | PPL: 4.11
  [ 67.1%] Step 11,400 | Loss: 1.4156 | PPL: 4.12
  [ 68.5%] Step 11,500 | Loss: 1.4117 | PPL: 4.10
  [ 70.0%] Step 11,600 | Loss: 1.4079 | PPL: 4.09
  [ 71.5%] Step 11,700 | Loss: 1.4013 | PPL: 4.06
  [ 72.9%] Step 11,800 | Loss: 1.4038 | PPL: 4.07
  [ 74.4%] Step 11,900 | Loss: 1.3972 | PPL: 4.04
  [ 75.8%] Step 12,000 | Loss: 1.3928 | PPL: 4.03
  [ 77.3%] Step 12,100 | Loss: 1.3972 | PPL: 4.04
  [ 78.8%] Step 12,200 | Loss: 1.3912 | PPL: 4.02
  [ 80.2%] Step 12,300 | Loss: 1.3864 | PPL: 4.00
  [ 81.7%] Step 12,400 | Loss: 1.3872 | PPL: 4.00
  [ 83.2%] Step 12,500 | Loss: 1.3888 | PPL: 4.01
  [ 84.6%] Step 12,600 | Loss: 1.3810 | PPL: 3.98
  [ 86.1%] Step 12,700 | Loss: 1.3764 | PPL: 3.96
  [ 87.6%] Step 12,800 | Loss: 1.3765 | PPL: 3.96
  [ 89.0%] Step 12,900 | Loss: 1.3756 | PPL: 3.96
  [ 90.5%] Step 13,000 | Loss: 1.3734 | PPL: 3.95
  [ 92.0%] Step 13,100 | Loss: 1.3731 | PPL: 3.95
  [ 93.4%] Step 13,200 | Loss: 1.3701 | PPL: 3.94
  [ 94.9%] Step 13,300 | Loss: 1.3676 | PPL: 3.93
  [ 96.4%] Step 13,400 | Loss: 1.3654 | PPL: 3.92
  [ 97.8%] Step 13,500 | Loss: 1.3657 | PPL: 3.92
  [ 99.3%] Step 13,600 | Loss: 1.3624 | PPL: 3.91
  [100.0%] Step 13,648 | Loss: 1.3564 | PPL: 3.88
[Epoch 2/3] Validating...
[Epoch 2/3] Loss: 1.4789 | PPL: 4.39
  -> Saved best model to checkpoints_pilot_a\ug_best.pt
[Epoch 3/3] Starting...
  [  0.8%] Step 13,700 | Loss: 1.3609 | PPL: 3.90
  [  2.2%] Step 13,800 | Loss: 1.3581 | PPL: 3.89
  [  3.7%] Step 13,900 | Loss: 1.3577 | PPL: 3.89
  [  5.2%] Step 14,000 | Loss: 1.3541 | PPL: 3.87
  [  6.6%] Step 14,100 | Loss: 1.3529 | PPL: 3.87
  [  8.1%] Step 14,200 | Loss: 1.3508 | PPL: 3.86
  [  9.6%] Step 14,300 | Loss: 1.3501 | PPL: 3.86
  [ 11.0%] Step 14,400 | Loss: 1.3425 | PPL: 3.83
  [ 12.5%] Step 14,500 | Loss: 1.3412 | PPL: 3.82
  [ 14.0%] Step 14,600 | Loss: 1.3452 | PPL: 3.84
  [ 15.4%] Step 14,700 | Loss: 1.3411 | PPL: 3.82
  [ 16.9%] Step 14,800 | Loss: 1.3374 | PPL: 3.81
  [ 18.3%] Step 14,900 | Loss: 1.3348 | PPL: 3.80
  [ 19.8%] Step 15,000 | Loss: 1.3336 | PPL: 3.79
  [ 21.3%] Step 15,100 | Loss: 1.3339 | PPL: 3.80
  [ 22.7%] Step 15,200 | Loss: 1.3308 | PPL: 3.78
  [ 24.2%] Step 15,300 | Loss: 1.3310 | PPL: 3.78
  [ 25.7%] Step 15,400 | Loss: 1.3210 | PPL: 3.75
  [ 27.1%] Step 15,500 | Loss: 1.3279 | PPL: 3.77
  [ 28.6%] Step 15,600 | Loss: 1.3267 | PPL: 3.77
  [ 30.1%] Step 15,700 | Loss: 1.3234 | PPL: 3.76
  [ 31.5%] Step 15,800 | Loss: 1.3218 | PPL: 3.75
  [ 33.0%] Step 15,900 | Loss: 1.3192 | PPL: 3.74
  [ 34.5%] Step 16,000 | Loss: 1.3185 | PPL: 3.74
  [ 35.9%] Step 16,100 | Loss: 1.3208 | PPL: 3.75
  [ 37.4%] Step 16,200 | Loss: 1.3210 | PPL: 3.75
  [ 38.9%] Step 16,300 | Loss: 1.3080 | PPL: 3.70
  [ 40.3%] Step 16,400 | Loss: 1.3129 | PPL: 3.72
  [ 41.8%] Step 16,500 | Loss: 1.3139 | PPL: 3.72
  [ 43.3%] Step 16,600 | Loss: 1.3095 | PPL: 3.70
  [ 44.7%] Step 16,700 | Loss: 1.3032 | PPL: 3.68
  [ 46.2%] Step 16,800 | Loss: 1.3029 | PPL: 3.68
  [ 47.7%] Step 16,900 | Loss: 1.3029 | PPL: 3.68
  [ 49.1%] Step 17,000 | Loss: 1.2994 | PPL: 3.67
  [ 50.6%] Step 17,100 | Loss: 1.2985 | PPL: 3.66
  [ 52.1%] Step 17,200 | Loss: 1.2988 | PPL: 3.66
  [ 53.5%] Step 17,300 | Loss: 1.2954 | PPL: 3.65
  [ 55.0%] Step 17,400 | Loss: 1.3001 | PPL: 3.67
  [ 56.4%] Step 17,500 | Loss: 1.2961 | PPL: 3.65
  [ 57.9%] Step 17,600 | Loss: 1.2966 | PPL: 3.66
  [ 59.4%] Step 17,700 | Loss: 1.2922 | PPL: 3.64
  [ 60.8%] Step 17,800 | Loss: 1.2892 | PPL: 3.63
  [ 62.3%] Step 17,900 | Loss: 1.2885 | PPL: 3.63
  [ 63.8%] Step 18,000 | Loss: 1.2862 | PPL: 3.62
  [ 65.2%] Step 18,100 | Loss: 1.2916 | PPL: 3.64
  [ 66.7%] Step 18,200 | Loss: 1.2865 | PPL: 3.62
  [ 68.2%] Step 18,300 | Loss: 1.2822 | PPL: 3.60
  [ 69.6%] Step 18,400 | Loss: 1.2798 | PPL: 3.60
  [ 71.1%] Step 18,500 | Loss: 1.2815 | PPL: 3.60
  [ 72.6%] Step 18,600 | Loss: 1.2777 | PPL: 3.59
  [ 74.0%] Step 18,700 | Loss: 1.2754 | PPL: 3.58
  [ 75.5%] Step 18,800 | Loss: 1.2788 | PPL: 3.59
  [ 77.0%] Step 18,900 | Loss: 1.2756 | PPL: 3.58
  [ 78.4%] Step 19,000 | Loss: 1.2752 | PPL: 3.58
  [ 79.9%] Step 19,100 | Loss: 1.2746 | PPL: 3.58
  [ 81.4%] Step 19,200 | Loss: 1.2710 | PPL: 3.56
  [ 82.8%] Step 19,300 | Loss: 1.2720 | PPL: 3.57
  [ 84.3%] Step 19,400 | Loss: 1.2668 | PPL: 3.55
  [ 85.8%] Step 19,500 | Loss: 1.2691 | PPL: 3.56
  [ 87.2%] Step 19,600 | Loss: 1.2690 | PPL: 3.56
  [ 88.7%] Step 19,700 | Loss: 1.2680 | PPL: 3.55
  [ 90.2%] Step 19,800 | Loss: 1.2643 | PPL: 3.54
  [ 91.6%] Step 19,900 | Loss: 1.2680 | PPL: 3.55
  [ 93.1%] Step 20,000 | Loss: 1.2620 | PPL: 3.53
  [ 94.5%] Step 20,100 | Loss: 1.2597 | PPL: 3.52
  [ 96.0%] Step 20,200 | Loss: 1.2578 | PPL: 3.52
  [ 97.5%] Step 20,300 | Loss: 1.2571 | PPL: 3.52
  [ 98.9%] Step 20,400 | Loss: 1.2551 | PPL: 3.51
  [100.0%] Step 20,472 | Loss: 1.2572 | PPL: 3.52
[Epoch 3/3] Validating...
[Epoch 3/3] Loss: 1.4277 | PPL: 4.17
  -> Saved best model to checkpoints_pilot_a\ug_best.pt
============================================================
Training complete. Running final evaluation...
============================================================

Final Test Loss: 1.3052 | Test PPL: 3.69
Done!
--- a/ug end rc=0 Fri Aug 14 18:42:20 PDT 2026 ---
--- a/fi start Fri Aug 14 18:42:20 PDT 2026 ---
Loading data from corpora_pilot_a\oscar_fi_ipa.txt...
  Loaded: 2,171,618 chars total
  Train: 1,520,132 chars
  Val: 325,743 chars
  Test: 325,743 chars
Building vocab from training text...
  Vocab size: 59
============================================================
Training config
============================================================
  Language: Finnish (fi)
  Mode: Train from scratch
  Device: cuda
  Batch size: 256
  Workers: 0
  Pin memory: True
  Epochs: 3
  LR: 0.0001
  Seed: 1234
  Freeze embed: False
  Output: checkpoints_pilot_a\fi_best.pt
Creating data loaders...
  Train batches: 5,938
  Val batches: 1,273

Model config
  Device: cuda
  Embed dim: 128
  Hidden dim: 256
  Layers: 2
  Parameters: 944,315
  Optimizer: Adam (lr=0.0001)
============================================================
Starting training: 3 epochs, 5938 batches/epoch
============================================================
[Epoch 1/3] Starting...
  [  1.7%] Step 100 | Loss: 3.4734 | PPL: 32.25
  [  3.4%] Step 200 | Loss: 3.0292 | PPL: 20.68
  [  5.1%] Step 300 | Loss: 2.7897 | PPL: 16.28
  [  6.7%] Step 400 | Loss: 2.5816 | PPL: 13.22
  [  8.4%] Step 500 | Loss: 2.4721 | PPL: 11.85
  [ 10.1%] Step 600 | Loss: 2.4024 | PPL: 11.05
  [ 11.8%] Step 700 | Loss: 2.3492 | PPL: 10.48
  [ 13.5%] Step 800 | Loss: 2.3006 | PPL: 9.98
  [ 15.2%] Step 900 | Loss: 2.2629 | PPL: 9.61
  [ 16.8%] Step 1,000 | Loss: 2.2259 | PPL: 9.26
  [ 18.5%] Step 1,100 | Loss: 2.1935 | PPL: 8.97
  [ 20.2%] Step 1,200 | Loss: 2.1621 | PPL: 8.69
  [ 21.9%] Step 1,300 | Loss: 2.1303 | PPL: 8.42
  [ 23.6%] Step 1,400 | Loss: 2.1036 | PPL: 8.20
  [ 25.3%] Step 1,500 | Loss: 2.0731 | PPL: 7.95
  [ 26.9%] Step 1,600 | Loss: 2.0508 | PPL: 7.77
  [ 28.6%] Step 1,700 | Loss: 2.0264 | PPL: 7.59
  [ 30.3%] Step 1,800 | Loss: 2.0046 | PPL: 7.42
  [ 32.0%] Step 1,900 | Loss: 1.9889 | PPL: 7.31
  [ 33.7%] Step 2,000 | Loss: 1.9683 | PPL: 7.16
  [ 35.4%] Step 2,100 | Loss: 1.9511 | PPL: 7.04
  [ 37.0%] Step 2,200 | Loss: 1.9360 | PPL: 6.93
  [ 38.7%] Step 2,300 | Loss: 1.9150 | PPL: 6.79
  [ 40.4%] Step 2,400 | Loss: 1.9018 | PPL: 6.70
  [ 42.1%] Step 2,500 | Loss: 1.8892 | PPL: 6.61
  [ 43.8%] Step 2,600 | Loss: 1.8739 | PPL: 6.51
  [ 45.5%] Step 2,700 | Loss: 1.8568 | PPL: 6.40
  [ 47.2%] Step 2,800 | Loss: 1.8472 | PPL: 6.34
  [ 48.8%] Step 2,900 | Loss: 1.8342 | PPL: 6.26
  [ 50.5%] Step 3,000 | Loss: 1.8202 | PPL: 6.17
  [ 52.2%] Step 3,100 | Loss: 1.8090 | PPL: 6.10
  [ 53.9%] Step 3,200 | Loss: 1.8005 | PPL: 6.05
  [ 55.6%] Step 3,300 | Loss: 1.7906 | PPL: 5.99
  [ 57.3%] Step 3,400 | Loss: 1.7827 | PPL: 5.95
  [ 58.9%] Step 3,500 | Loss: 1.7759 | PPL: 5.91
  [ 60.6%] Step 3,600 | Loss: 1.7674 | PPL: 5.86
  [ 62.3%] Step 3,700 | Loss: 1.7523 | PPL: 5.77
  [ 64.0%] Step 3,800 | Loss: 1.7501 | PPL: 5.76
  [ 65.7%] Step 3,900 | Loss: 1.7392 | PPL: 5.69
  [ 67.4%] Step 4,000 | Loss: 1.7314 | PPL: 5.65
  [ 69.0%] Step 4,100 | Loss: 1.7239 | PPL: 5.61
  [ 70.7%] Step 4,200 | Loss: 1.7115 | PPL: 5.54
  [ 72.4%] Step 4,300 | Loss: 1.7071 | PPL: 5.51
  [ 74.1%] Step 4,400 | Loss: 1.7038 | PPL: 5.50
  [ 75.8%] Step 4,500 | Loss: 1.6989 | PPL: 5.47
  [ 77.5%] Step 4,600 | Loss: 1.6878 | PPL: 5.41
  [ 79.2%] Step 4,700 | Loss: 1.6853 | PPL: 5.39
  [ 80.8%] Step 4,800 | Loss: 1.6755 | PPL: 5.34
  [ 82.5%] Step 4,900 | Loss: 1.6688 | PPL: 5.31
  [ 84.2%] Step 5,000 | Loss: 1.6692 | PPL: 5.31
  [ 85.9%] Step 5,100 | Loss: 1.6599 | PPL: 5.26
  [ 87.6%] Step 5,200 | Loss: 1.6537 | PPL: 5.23
  [ 89.3%] Step 5,300 | Loss: 1.6504 | PPL: 5.21
  [ 90.9%] Step 5,400 | Loss: 1.6460 | PPL: 5.19
  [ 92.6%] Step 5,500 | Loss: 1.6457 | PPL: 5.18
  [ 94.3%] Step 5,600 | Loss: 1.6354 | PPL: 5.13
  [ 96.0%] Step 5,700 | Loss: 1.6255 | PPL: 5.08
  [ 97.7%] Step 5,800 | Loss: 1.6220 | PPL: 5.06
  [ 99.4%] Step 5,900 | Loss: 1.6196 | PPL: 5.05
  [100.0%] Step 5,938 | Loss: 1.6142 | PPL: 5.02
[Epoch 1/3] Validating...
[Epoch 1/3] Loss: 1.7031 | PPL: 5.49
  -> Saved best model to checkpoints_pilot_a\fi_best.pt
[Epoch 2/3] Starting...
  [  1.0%] Step 6,000 | Loss: 1.6141 | PPL: 5.02
  [  2.7%] Step 6,100 | Loss: 1.6104 | PPL: 5.00
  [  4.4%] Step 6,200 | Loss: 1.6079 | PPL: 4.99
  [  6.1%] Step 6,300 | Loss: 1.6046 | PPL: 4.98
  [  7.8%] Step 6,400 | Loss: 1.6000 | PPL: 4.95
  [  9.5%] Step 6,500 | Loss: 1.5925 | PPL: 4.92
  [ 11.1%] Step 6,600 | Loss: 1.5893 | PPL: 4.90
  [ 12.8%] Step 6,700 | Loss: 1.5867 | PPL: 4.89
  [ 14.5%] Step 6,800 | Loss: 1.5848 | PPL: 4.88
  [ 16.2%] Step 6,900 | Loss: 1.5804 | PPL: 4.86
  [ 17.9%] Step 7,000 | Loss: 1.5762 | PPL: 4.84
  [ 19.6%] Step 7,100 | Loss: 1.5738 | PPL: 4.82
  [ 21.3%] Step 7,200 | Loss: 1.5681 | PPL: 4.80
  [ 22.9%] Step 7,300 | Loss: 1.5664 | PPL: 4.79
  [ 24.6%] Step 7,400 | Loss: 1.5630 | PPL: 4.77
  [ 26.3%] Step 7,500 | Loss: 1.5603 | PPL: 4.76
  [ 28.0%] Step 7,600 | Loss: 1.5548 | PPL: 4.73
  [ 29.7%] Step 7,700 | Loss: 1.5515 | PPL: 4.72
  [ 31.4%] Step 7,800 | Loss: 1.5473 | PPL: 4.70
  [ 33.0%] Step 7,900 | Loss: 1.5419 | PPL: 4.67
  [ 34.7%] Step 8,000 | Loss: 1.5414 | PPL: 4.67
  [ 36.4%] Step 8,100 | Loss: 1.5355 | PPL: 4.64
  [ 38.1%] Step 8,200 | Loss: 1.5353 | PPL: 4.64
  [ 39.8%] Step 8,300 | Loss: 1.5289 | PPL: 4.61
  [ 41.5%] Step 8,400 | Loss: 1.5335 | PPL: 4.63
  [ 43.1%] Step 8,500 | Loss: 1.5260 | PPL: 4.60
  [ 44.8%] Step 8,600 | Loss: 1.5246 | PPL: 4.59
  [ 46.5%] Step 8,700 | Loss: 1.5175 | PPL: 4.56
  [ 48.2%] Step 8,800 | Loss: 1.5183 | PPL: 4.56
  [ 49.9%] Step 8,900 | Loss: 1.5145 | PPL: 4.55
  [ 51.6%] Step 9,000 | Loss: 1.5165 | PPL: 4.56
  [ 53.3%] Step 9,100 | Loss: 1.5094 | PPL: 4.52
  [ 54.9%] Step 9,200 | Loss: 1.5047 | PPL: 4.50
  [ 56.6%] Step 9,300 | Loss: 1.5013 | PPL: 4.49
  [ 58.3%] Step 9,400 | Loss: 1.5009 | PPL: 4.49
  [ 60.0%] Step 9,500 | Loss: 1.4968 | PPL: 4.47
  [ 61.7%] Step 9,600 | Loss: 1.4955 | PPL: 4.46
  [ 63.4%] Step 9,700 | Loss: 1.4965 | PPL: 4.47
  [ 65.0%] Step 9,800 | Loss: 1.4912 | PPL: 4.44
  [ 66.7%] Step 9,900 | Loss: 1.4896 | PPL: 4.44
  [ 68.4%] Step 10,000 | Loss: 1.4864 | PPL: 4.42
  [ 70.1%] Step 10,100 | Loss: 1.4834 | PPL: 4.41
  [ 71.8%] Step 10,200 | Loss: 1.4809 | PPL: 4.40
  [ 73.5%] Step 10,300 | Loss: 1.4800 | PPL: 4.39
  [ 75.1%] Step 10,400 | Loss: 1.4720 | PPL: 4.36
  [ 76.8%] Step 10,500 | Loss: 1.4715 | PPL: 4.36
  [ 78.5%] Step 10,600 | Loss: 1.4689 | PPL: 4.34
  [ 80.2%] Step 10,700 | Loss: 1.4710 | PPL: 4.35
  [ 81.9%] Step 10,800 | Loss: 1.4649 | PPL: 4.33
  [ 83.6%] Step 10,900 | Loss: 1.4628 | PPL: 4.32
  [ 85.2%] Step 11,000 | Loss: 1.4649 | PPL: 4.33
  [ 86.9%] Step 11,100 | Loss: 1.4589 | PPL: 4.30
  [ 88.6%] Step 11,200 | Loss: 1.4575 | PPL: 4.30
  [ 90.3%] Step 11,300 | Loss: 1.4584 | PPL: 4.30
  [ 92.0%] Step 11,400 | Loss: 1.4509 | PPL: 4.27
  [ 93.7%] Step 11,500 | Loss: 1.4535 | PPL: 4.28
  [ 95.4%] Step 11,600 | Loss: 1.4531 | PPL: 4.28
  [ 97.0%] Step 11,700 | Loss: 1.4461 | PPL: 4.25
  [ 98.7%] Step 11,800 | Loss: 1.4488 | PPL: 4.26
  [100.0%] Step 11,876 | Loss: 1.4454 | PPL: 4.24
[Epoch 2/3] Validating...
[Epoch 2/3] Loss: 1.6125 | PPL: 5.02
  -> Saved best model to checkpoints_pilot_a\fi_best.pt
[Epoch 3/3] Starting...
  [  0.4%] Step 11,900 | Loss: 1.4502 | PPL: 4.26
  [  2.1%] Step 12,000 | Loss: 1.4428 | PPL: 4.23
  [  3.8%] Step 12,100 | Loss: 1.4392 | PPL: 4.22
  [  5.5%] Step 12,200 | Loss: 1.4387 | PPL: 4.22
  [  7.1%] Step 12,300 | Loss: 1.4359 | PPL: 4.20
  [  8.8%] Step 12,400 | Loss: 1.4354 | PPL: 4.20
  [ 10.5%] Step 12,500 | Loss: 1.4276 | PPL: 4.17
  [ 12.2%] Step 12,600 | Loss: 1.4319 | PPL: 4.19
  [ 13.9%] Step 12,700 | Loss: 1.4295 | PPL: 4.18
  [ 15.6%] Step 12,800 | Loss: 1.4282 | PPL: 4.17
  [ 17.2%] Step 12,900 | Loss: 1.4264 | PPL: 4.16
  [ 18.9%] Step 13,000 | Loss: 1.4214 | PPL: 4.14
  [ 20.6%] Step 13,100 | Loss: 1.4220 | PPL: 4.15
  [ 22.3%] Step 13,200 | Loss: 1.4209 | PPL: 4.14
  [ 24.0%] Step 13,300 | Loss: 1.4172 | PPL: 4.13
  [ 25.7%] Step 13,400 | Loss: 1.4158 | PPL: 4.12
  [ 27.3%] Step 13,500 | Loss: 1.4149 | PPL: 4.12
  [ 29.0%] Step 13,600 | Loss: 1.4164 | PPL: 4.12
  [ 30.7%] Step 13,700 | Loss: 1.4106 | PPL: 4.10
  [ 32.4%] Step 13,800 | Loss: 1.4103 | PPL: 4.10
  [ 34.1%] Step 13,900 | Loss: 1.4082 | PPL: 4.09
  [ 35.8%] Step 14,000 | Loss: 1.4029 | PPL: 4.07
  [ 37.5%] Step 14,100 | Loss: 1.4047 | PPL: 4.07
  [ 39.1%] Step 14,200 | Loss: 1.4012 | PPL: 4.06
  [ 40.8%] Step 14,300 | Loss: 1.3999 | PPL: 4.05
  [ 42.5%] Step 14,400 | Loss: 1.4032 | PPL: 4.07
  [ 44.2%] Step 14,500 | Loss: 1.3987 | PPL: 4.05
  [ 45.9%] Step 14,600 | Loss: 1.3964 | PPL: 4.04
  [ 47.6%] Step 14,700 | Loss: 1.3932 | PPL: 4.03
  [ 49.2%] Step 14,800 | Loss: 1.3930 | PPL: 4.03
  [ 50.9%] Step 14,900 | Loss: 1.3920 | PPL: 4.02
  [ 52.6%] Step 15,000 | Loss: 1.3925 | PPL: 4.02
  [ 54.3%] Step 15,100 | Loss: 1.3915 | PPL: 4.02
  [ 56.0%] Step 15,200 | Loss: 1.3891 | PPL: 4.01
  [ 57.7%] Step 15,300 | Loss: 1.3868 | PPL: 4.00
  [ 59.3%] Step 15,400 | Loss: 1.3871 | PPL: 4.00
  [ 61.0%] Step 15,500 | Loss: 1.3834 | PPL: 3.99
  [ 62.7%] Step 15,600 | Loss: 1.3840 | PPL: 3.99
  [ 64.4%] Step 15,700 | Loss: 1.3752 | PPL: 3.96
  [ 66.1%] Step 15,800 | Loss: 1.3787 | PPL: 3.97
  [ 67.8%] Step 15,900 | Loss: 1.3824 | PPL: 3.98
  [ 69.5%] Step 16,000 | Loss: 1.3785 | PPL: 3.97
  [ 71.1%] Step 16,100 | Loss: 1.3753 | PPL: 3.96
  [ 72.8%] Step 16,200 | Loss: 1.3756 | PPL: 3.96
  [ 74.5%] Step 16,300 | Loss: 1.3687 | PPL: 3.93
  [ 76.2%] Step 16,400 | Loss: 1.3692 | PPL: 3.93
  [ 77.9%] Step 16,500 | Loss: 1.3654 | PPL: 3.92
  [ 79.6%] Step 16,600 | Loss: 1.3680 | PPL: 3.93
  [ 81.2%] Step 16,700 | Loss: 1.3616 | PPL: 3.90
  [ 82.9%] Step 16,800 | Loss: 1.3612 | PPL: 3.90
  [ 84.6%] Step 16,900 | Loss: 1.3596 | PPL: 3.89
  [ 86.3%] Step 17,000 | Loss: 1.3594 | PPL: 3.89
  [ 88.0%] Step 17,100 | Loss: 1.3582 | PPL: 3.89
  [ 89.7%] Step 17,200 | Loss: 1.3609 | PPL: 3.90
  [ 91.3%] Step 17,300 | Loss: 1.3614 | PPL: 3.90
  [ 93.0%] Step 17,400 | Loss: 1.3615 | PPL: 3.90
  [ 94.7%] Step 17,500 | Loss: 1.3553 | PPL: 3.88
  [ 96.4%] Step 17,600 | Loss: 1.3549 | PPL: 3.88
  [ 98.1%] Step 17,700 | Loss: 1.3534 | PPL: 3.87
  [ 99.8%] Step 17,800 | Loss: 1.3545 | PPL: 3.87
  [100.0%] Step 17,814 | Loss: 1.3470 | PPL: 3.85
[Epoch 3/3] Validating...
[Epoch 3/3] Loss: 1.5905 | PPL: 4.91
  -> Saved best model to checkpoints_pilot_a\fi_best.pt
============================================================
Training complete. Running final evaluation...
============================================================

Final Test Loss: 1.6585 | Test PPL: 5.25
Done!
--- a/fi end rc=0 Fri Aug 14 18:59:42 PDT 2026 ---
--- b/tr start Fri Aug 14 18:59:42 PDT 2026 ---
Loading data from corpora_pilot_b\oscar_tr_ipa.txt...
  Loaded: 2,494,793 chars total
  Train: 1,746,355 chars
  Val: 374,219 chars
  Test: 374,219 chars
Building vocab from training text...
  Vocab size: 39
============================================================
Training config
============================================================
  Language: Turkish (tr)
  Mode: Train from scratch
  Device: cuda
  Batch size: 256
  Workers: 0
  Pin memory: True
  Epochs: 3
  LR: 0.0001
  Seed: 1234
  Freeze embed: False
  Output: checkpoints_pilot_b\tr_best.pt
Creating data loaders...
  Train batches: 6,822
  Val batches: 1,462

Model config
  Device: cuda
  Embed dim: 128
  Hidden dim: 256
  Layers: 2
  Parameters: 936,615
  Optimizer: Adam (lr=0.0001)
============================================================
Starting training: 3 epochs, 6822 batches/epoch
============================================================
[Epoch 1/3] Starting...
  [  1.5%] Step 100 | Loss: 3.2881 | PPL: 26.79
  [  2.9%] Step 200 | Loss: 2.8756 | PPL: 17.74
  [  4.4%] Step 300 | Loss: 2.5297 | PPL: 12.55
  [  5.9%] Step 400 | Loss: 2.3476 | PPL: 10.46
  [  7.3%] Step 500 | Loss: 2.2610 | PPL: 9.59
  [  8.8%] Step 600 | Loss: 2.2010 | PPL: 9.03
  [ 10.3%] Step 700 | Loss: 2.1520 | PPL: 8.60
  [ 11.7%] Step 800 | Loss: 2.1080 | PPL: 8.23
  [ 13.2%] Step 900 | Loss: 2.0698 | PPL: 7.92
  [ 14.7%] Step 1,000 | Loss: 2.0375 | PPL: 7.67
  [ 16.1%] Step 1,100 | Loss: 2.0047 | PPL: 7.42
  [ 17.6%] Step 1,200 | Loss: 1.9780 | PPL: 7.23
  [ 19.1%] Step 1,300 | Loss: 1.9519 | PPL: 7.04
  [ 20.5%] Step 1,400 | Loss: 1.9262 | PPL: 6.86
  [ 22.0%] Step 1,500 | Loss: 1.9008 | PPL: 6.69
  [ 23.5%] Step 1,600 | Loss: 1.8810 | PPL: 6.56
  [ 24.9%] Step 1,700 | Loss: 1.8622 | PPL: 6.44
  [ 26.4%] Step 1,800 | Loss: 1.8426 | PPL: 6.31
  [ 27.9%] Step 1,900 | Loss: 1.8220 | PPL: 6.18
  [ 29.3%] Step 2,000 | Loss: 1.8071 | PPL: 6.09
  [ 30.8%] Step 2,100 | Loss: 1.7943 | PPL: 6.02
  [ 32.2%] Step 2,200 | Loss: 1.7770 | PPL: 5.91
  [ 33.7%] Step 2,300 | Loss: 1.7615 | PPL: 5.82
  [ 35.2%] Step 2,400 | Loss: 1.7464 | PPL: 5.73
  [ 36.6%] Step 2,500 | Loss: 1.7390 | PPL: 5.69
  [ 38.1%] Step 2,600 | Loss: 1.7281 | PPL: 5.63
  [ 39.6%] Step 2,700 | Loss: 1.7117 | PPL: 5.54
  [ 41.0%] Step 2,800 | Loss: 1.7030 | PPL: 5.49
  [ 42.5%] Step 2,900 | Loss: 1.6896 | PPL: 5.42
  [ 44.0%] Step 3,000 | Loss: 1.6823 | PPL: 5.38
  [ 45.4%] Step 3,100 | Loss: 1.6742 | PPL: 5.33
  [ 46.9%] Step 3,200 | Loss: 1.6647 | PPL: 5.28
  [ 48.4%] Step 3,300 | Loss: 1.6557 | PPL: 5.24
  [ 49.8%] Step 3,400 | Loss: 1.6500 | PPL: 5.21
  [ 51.3%] Step 3,500 | Loss: 1.6388 | PPL: 5.15
  [ 52.8%] Step 3,600 | Loss: 1.6333 | PPL: 5.12
  [ 54.2%] Step 3,700 | Loss: 1.6246 | PPL: 5.08
  [ 55.7%] Step 3,800 | Loss: 1.6187 | PPL: 5.05
  [ 57.2%] Step 3,900 | Loss: 1.6112 | PPL: 5.01
  [ 58.6%] Step 4,000 | Loss: 1.6045 | PPL: 4.98
  [ 60.1%] Step 4,100 | Loss: 1.6000 | PPL: 4.95
  [ 61.6%] Step 4,200 | Loss: 1.5926 | PPL: 4.92
  [ 63.0%] Step 4,300 | Loss: 1.5865 | PPL: 4.89
  [ 64.5%] Step 4,400 | Loss: 1.5800 | PPL: 4.86
  [ 66.0%] Step 4,500 | Loss: 1.5749 | PPL: 4.83
  [ 67.4%] Step 4,600 | Loss: 1.5680 | PPL: 4.80
  [ 68.9%] Step 4,700 | Loss: 1.5702 | PPL: 4.81
  [ 70.4%] Step 4,800 | Loss: 1.5608 | PPL: 4.76
  [ 71.8%] Step 4,900 | Loss: 1.5536 | PPL: 4.73
  [ 73.3%] Step 5,000 | Loss: 1.5472 | PPL: 4.70
  [ 74.8%] Step 5,100 | Loss: 1.5438 | PPL: 4.68
  [ 76.2%] Step 5,200 | Loss: 1.5396 | PPL: 4.66
  [ 77.7%] Step 5,300 | Loss: 1.5328 | PPL: 4.63
  [ 79.2%] Step 5,400 | Loss: 1.5268 | PPL: 4.60
  [ 80.6%] Step 5,500 | Loss: 1.5283 | PPL: 4.61
  [ 82.1%] Step 5,600 | Loss: 1.5224 | PPL: 4.58
  [ 83.6%] Step 5,700 | Loss: 1.5157 | PPL: 4.55
  [ 85.0%] Step 5,800 | Loss: 1.5153 | PPL: 4.55
  [ 86.5%] Step 5,900 | Loss: 1.5101 | PPL: 4.53
  [ 88.0%] Step 6,000 | Loss: 1.5089 | PPL: 4.52
  [ 89.4%] Step 6,100 | Loss: 1.5016 | PPL: 4.49
  [ 90.9%] Step 6,200 | Loss: 1.4977 | PPL: 4.47
  [ 92.3%] Step 6,300 | Loss: 1.4952 | PPL: 4.46
  [ 93.8%] Step 6,400 | Loss: 1.4937 | PPL: 4.45
  [ 95.3%] Step 6,500 | Loss: 1.4871 | PPL: 4.42
  [ 96.7%] Step 6,600 | Loss: 1.4877 | PPL: 4.43
  [ 98.2%] Step 6,700 | Loss: 1.4799 | PPL: 4.39
  [ 99.7%] Step 6,800 | Loss: 1.4758 | PPL: 4.37
  [100.0%] Step 6,822 | Loss: 1.4809 | PPL: 4.40
[Epoch 1/3] Validating...
[Epoch 1/3] Loss: 1.5590 | PPL: 4.75
  -> Saved best model to checkpoints_pilot_b\tr_best.pt
[Epoch 2/3] Starting...
  [  1.1%] Step 6,900 | Loss: 1.4736 | PPL: 4.36
  [  2.6%] Step 7,000 | Loss: 1.4719 | PPL: 4.36
  [  4.1%] Step 7,100 | Loss: 1.4686 | PPL: 4.34
  [  5.5%] Step 7,200 | Loss: 1.4637 | PPL: 4.32
  [  7.0%] Step 7,300 | Loss: 1.4617 | PPL: 4.31
  [  8.5%] Step 7,400 | Loss: 1.4621 | PPL: 4.32
  [  9.9%] Step 7,500 | Loss: 1.4544 | PPL: 4.28
  [ 11.4%] Step 7,600 | Loss: 1.4522 | PPL: 4.27
  [ 12.9%] Step 7,700 | Loss: 1.4480 | PPL: 4.25
  [ 14.3%] Step 7,800 | Loss: 1.4491 | PPL: 4.26
  [ 15.8%] Step 7,900 | Loss: 1.4445 | PPL: 4.24
  [ 17.3%] Step 8,000 | Loss: 1.4431 | PPL: 4.23
  [ 18.7%] Step 8,100 | Loss: 1.4370 | PPL: 4.21
  [ 20.2%] Step 8,200 | Loss: 1.4363 | PPL: 4.21
  [ 21.7%] Step 8,300 | Loss: 1.4305 | PPL: 4.18
  [ 23.1%] Step 8,400 | Loss: 1.4325 | PPL: 4.19
  [ 24.6%] Step 8,500 | Loss: 1.4287 | PPL: 4.17
  [ 26.1%] Step 8,600 | Loss: 1.4234 | PPL: 4.15
  [ 27.5%] Step 8,700 | Loss: 1.4221 | PPL: 4.15
  [ 29.0%] Step 8,800 | Loss: 1.4207 | PPL: 4.14
  [ 30.5%] Step 8,900 | Loss: 1.4229 | PPL: 4.15
  [ 31.9%] Step 9,000 | Loss: 1.4128 | PPL: 4.11
  [ 33.4%] Step 9,100 | Loss: 1.4119 | PPL: 4.10
  [ 34.9%] Step 9,200 | Loss: 1.4085 | PPL: 4.09
  [ 36.3%] Step 9,300 | Loss: 1.4057 | PPL: 4.08
  [ 37.8%] Step 9,400 | Loss: 1.4078 | PPL: 4.09
  [ 39.3%] Step 9,500 | Loss: 1.4026 | PPL: 4.07
  [ 40.7%] Step 9,600 | Loss: 1.4025 | PPL: 4.07
  [ 42.2%] Step 9,700 | Loss: 1.3996 | PPL: 4.05
  [ 43.7%] Step 9,800 | Loss: 1.3964 | PPL: 4.04
  [ 45.1%] Step 9,900 | Loss: 1.3964 | PPL: 4.04
  [ 46.6%] Step 10,000 | Loss: 1.3946 | PPL: 4.03
  [ 48.1%] Step 10,100 | Loss: 1.3918 | PPL: 4.02
  [ 49.5%] Step 10,200 | Loss: 1.3912 | PPL: 4.02
  [ 51.0%] Step 10,300 | Loss: 1.3901 | PPL: 4.02
  [ 52.4%] Step 10,400 | Loss: 1.3851 | PPL: 4.00
  [ 53.9%] Step 10,500 | Loss: 1.3849 | PPL: 3.99
  [ 55.4%] Step 10,600 | Loss: 1.3813 | PPL: 3.98
  [ 56.8%] Step 10,700 | Loss: 1.3811 | PPL: 3.98
  [ 58.3%] Step 10,800 | Loss: 1.3778 | PPL: 3.97
  [ 59.8%] Step 10,900 | Loss: 1.3762 | PPL: 3.96
  [ 61.2%] Step 11,000 | Loss: 1.3722 | PPL: 3.94
  [ 62.7%] Step 11,100 | Loss: 1.3716 | PPL: 3.94
  [ 64.2%] Step 11,200 | Loss: 1.3707 | PPL: 3.94
  [ 65.6%] Step 11,300 | Loss: 1.3738 | PPL: 3.95
  [ 67.1%] Step 11,400 | Loss: 1.3648 | PPL: 3.92
  [ 68.6%] Step 11,500 | Loss: 1.3617 | PPL: 3.90
  [ 70.0%] Step 11,600 | Loss: 1.3627 | PPL: 3.91
  [ 71.5%] Step 11,700 | Loss: 1.3646 | PPL: 3.91
  [ 73.0%] Step 11,800 | Loss: 1.3633 | PPL: 3.91
  [ 74.4%] Step 11,900 | Loss: 1.3580 | PPL: 3.89
  [ 75.9%] Step 12,000 | Loss: 1.3589 | PPL: 3.89
  [ 77.4%] Step 12,100 | Loss: 1.3551 | PPL: 3.88
  [ 78.8%] Step 12,200 | Loss: 1.3533 | PPL: 3.87
  [ 80.3%] Step 12,300 | Loss: 1.3495 | PPL: 3.86
  [ 81.8%] Step 12,400 | Loss: 1.3500 | PPL: 3.86
  [ 83.2%] Step 12,500 | Loss: 1.3505 | PPL: 3.86
  [ 84.7%] Step 12,600 | Loss: 1.3494 | PPL: 3.86
  [ 86.2%] Step 12,700 | Loss: 1.3417 | PPL: 3.83
  [ 87.6%] Step 12,800 | Loss: 1.3425 | PPL: 3.83
  [ 89.1%] Step 12,900 | Loss: 1.3431 | PPL: 3.83
  [ 90.6%] Step 13,000 | Loss: 1.3376 | PPL: 3.81
  [ 92.0%] Step 13,100 | Loss: 1.3388 | PPL: 3.81
  [ 93.5%] Step 13,200 | Loss: 1.3376 | PPL: 3.81
  [ 95.0%] Step 13,300 | Loss: 1.3358 | PPL: 3.80
  [ 96.4%] Step 13,400 | Loss: 1.3345 | PPL: 3.80
  [ 97.9%] Step 13,500 | Loss: 1.3342 | PPL: 3.80
  [ 99.4%] Step 13,600 | Loss: 1.3333 | PPL: 3.79
  [100.0%] Step 13,644 | Loss: 1.3364 | PPL: 3.81
[Epoch 2/3] Validating...
[Epoch 2/3] Loss: 1.4831 | PPL: 4.41
  -> Saved best model to checkpoints_pilot_b\tr_best.pt
[Epoch 3/3] Starting...
  [  0.8%] Step 13,700 | Loss: 1.3308 | PPL: 3.78
  [  2.3%] Step 13,800 | Loss: 1.3264 | PPL: 3.77
  [  3.8%] Step 13,900 | Loss: 1.3256 | PPL: 3.76
  [  5.2%] Step 14,000 | Loss: 1.3223 | PPL: 3.75
  [  6.7%] Step 14,100 | Loss: 1.3284 | PPL: 3.77
  [  8.2%] Step 14,200 | Loss: 1.3200 | PPL: 3.74
  [  9.6%] Step 14,300 | Loss: 1.3190 | PPL: 3.74
  [ 11.1%] Step 14,400 | Loss: 1.3236 | PPL: 3.76
  [ 12.5%] Step 14,500 | Loss: 1.3198 | PPL: 3.74
  [ 14.0%] Step 14,600 | Loss: 1.3153 | PPL: 3.73
  [ 15.5%] Step 14,700 | Loss: 1.3156 | PPL: 3.73
  [ 16.9%] Step 14,800 | Loss: 1.3143 | PPL: 3.72
  [ 18.4%] Step 14,900 | Loss: 1.3129 | PPL: 3.72
  [ 19.9%] Step 15,000 | Loss: 1.3122 | PPL: 3.71
  [ 21.3%] Step 15,100 | Loss: 1.3153 | PPL: 3.73
  [ 22.8%] Step 15,200 | Loss: 1.3092 | PPL: 3.70
  [ 24.3%] Step 15,300 | Loss: 1.3107 | PPL: 3.71
  [ 25.7%] Step 15,400 | Loss: 1.3073 | PPL: 3.70
  [ 27.2%] Step 15,500 | Loss: 1.3028 | PPL: 3.68
  [ 28.7%] Step 15,600 | Loss: 1.3042 | PPL: 3.68
  [ 30.1%] Step 15,700 | Loss: 1.3035 | PPL: 3.68
  [ 31.6%] Step 15,800 | Loss: 1.3037 | PPL: 3.68
  [ 33.1%] Step 15,900 | Loss: 1.3020 | PPL: 3.68
  [ 34.5%] Step 16,000 | Loss: 1.3027 | PPL: 3.68
  [ 36.0%] Step 16,100 | Loss: 1.2977 | PPL: 3.66
  [ 37.5%] Step 16,200 | Loss: 1.2991 | PPL: 3.67
  [ 38.9%] Step 16,300 | Loss: 1.2988 | PPL: 3.66
  [ 40.4%] Step 16,400 | Loss: 1.2981 | PPL: 3.66
  [ 41.9%] Step 16,500 | Loss: 1.2948 | PPL: 3.65
  [ 43.3%] Step 16,600 | Loss: 1.2923 | PPL: 3.64
  [ 44.8%] Step 16,700 | Loss: 1.2917 | PPL: 3.64
  [ 46.3%] Step 16,800 | Loss: 1.2922 | PPL: 3.64
  [ 47.7%] Step 16,900 | Loss: 1.2910 | PPL: 3.64
  [ 49.2%] Step 17,000 | Loss: 1.2882 | PPL: 3.63
  [ 50.7%] Step 17,100 | Loss: 1.2869 | PPL: 3.62
  [ 52.1%] Step 17,200 | Loss: 1.2843 | PPL: 3.61
  [ 53.6%] Step 17,300 | Loss: 1.2847 | PPL: 3.61
  [ 55.1%] Step 17,400 | Loss: 1.2845 | PPL: 3.61
  [ 56.5%] Step 17,500 | Loss: 1.2837 | PPL: 3.61
  [ 58.0%] Step 17,600 | Loss: 1.2815 | PPL: 3.60
  [ 59.5%] Step 17,700 | Loss: 1.2814 | PPL: 3.60
  [ 60.9%] Step 17,800 | Loss: 1.2765 | PPL: 3.58
  [ 62.4%] Step 17,900 | Loss: 1.2759 | PPL: 3.58
  [ 63.9%] Step 18,000 | Loss: 1.2787 | PPL: 3.59
  [ 65.3%] Step 18,100 | Loss: 1.2741 | PPL: 3.58
  [ 66.8%] Step 18,200 | Loss: 1.2771 | PPL: 3.59
  [ 68.2%] Step 18,300 | Loss: 1.2755 | PPL: 3.58
  [ 69.7%] Step 18,400 | Loss: 1.2747 | PPL: 3.58
  [ 71.2%] Step 18,500 | Loss: 1.2728 | PPL: 3.57
  [ 72.6%] Step 18,600 | Loss: 1.2710 | PPL: 3.56
  [ 74.1%] Step 18,700 | Loss: 1.2733 | PPL: 3.57
  [ 75.6%] Step 18,800 | Loss: 1.2689 | PPL: 3.56
  [ 77.0%] Step 18,900 | Loss: 1.2680 | PPL: 3.55
  [ 78.5%] Step 19,000 | Loss: 1.2670 | PPL: 3.55
  [ 80.0%] Step 19,100 | Loss: 1.2648 | PPL: 3.54
  [ 81.4%] Step 19,200 | Loss: 1.2629 | PPL: 3.54
  [ 82.9%] Step 19,300 | Loss: 1.2623 | PPL: 3.53
  [ 84.4%] Step 19,400 | Loss: 1.2603 | PPL: 3.53
  [ 85.8%] Step 19,500 | Loss: 1.2674 | PPL: 3.55
  [ 87.3%] Step 19,600 | Loss: 1.2621 | PPL: 3.53
  [ 88.8%] Step 19,700 | Loss: 1.2582 | PPL: 3.52
  [ 90.2%] Step 19,800 | Loss: 1.2623 | PPL: 3.53
  [ 91.7%] Step 19,900 | Loss: 1.2602 | PPL: 3.53
  [ 93.2%] Step 20,000 | Loss: 1.2575 | PPL: 3.52
  [ 94.6%] Step 20,100 | Loss: 1.2559 | PPL: 3.51
  [ 96.1%] Step 20,200 | Loss: 1.2569 | PPL: 3.51
  [ 97.6%] Step 20,300 | Loss: 1.2525 | PPL: 3.50
  [ 99.0%] Step 20,400 | Loss: 1.2537 | PPL: 3.50
  [100.0%] Step 20,466 | Loss: 1.2542 | PPL: 3.51
[Epoch 3/3] Validating...
[Epoch 3/3] Loss: 1.4671 | PPL: 4.34
  -> Saved best model to checkpoints_pilot_b\tr_best.pt
============================================================
Training complete. Running final evaluation...
============================================================

Final Test Loss: 1.5443 | Test PPL: 4.68
Done!
--- b/tr end rc=0 Fri Aug 14 19:13:05 PDT 2026 ---
--- b/az start Fri Aug 14 19:13:05 PDT 2026 ---
Loading data from corpora_pilot_b\oscar_az_ipa.txt...
  Loaded: 2,411,031 chars total
  Train: 1,687,721 chars
  Val: 361,655 chars
  Test: 361,655 chars
Building vocab from training text...
  Vocab size: 42
============================================================
Training config
============================================================
  Language: Azerbaijani (az)
  Mode: Train from scratch
  Device: cuda
  Batch size: 256
  Workers: 0
  Pin memory: True
  Epochs: 3
  LR: 0.0001
  Seed: 1234
  Freeze embed: False
  Output: checkpoints_pilot_b\az_best.pt
Creating data loaders...
  Train batches: 6,593
  Val batches: 1,413

Model config
  Device: cuda
  Embed dim: 128
  Hidden dim: 256
  Layers: 2
  Parameters: 937,770
  Optimizer: Adam (lr=0.0001)
============================================================
Starting training: 3 epochs, 6593 batches/epoch
============================================================
[Epoch 1/3] Starting...
  [  1.5%] Step 100 | Loss: 3.3683 | PPL: 29.03
  [  3.0%] Step 200 | Loss: 2.9605 | PPL: 19.31
  [  4.6%] Step 300 | Loss: 2.6013 | PPL: 13.48
  [  6.1%] Step 400 | Loss: 2.4254 | PPL: 11.31
  [  7.6%] Step 500 | Loss: 2.3247 | PPL: 10.22
  [  9.1%] Step 600 | Loss: 2.2427 | PPL: 9.42
  [ 10.6%] Step 700 | Loss: 2.1775 | PPL: 8.82
  [ 12.1%] Step 800 | Loss: 2.1201 | PPL: 8.33
  [ 13.7%] Step 900 | Loss: 2.0671 | PPL: 7.90
  [ 15.2%] Step 1,000 | Loss: 2.0264 | PPL: 7.59
  [ 16.7%] Step 1,100 | Loss: 1.9838 | PPL: 7.27
  [ 18.2%] Step 1,200 | Loss: 1.9493 | PPL: 7.02
  [ 19.7%] Step 1,300 | Loss: 1.9137 | PPL: 6.78
  [ 21.2%] Step 1,400 | Loss: 1.8859 | PPL: 6.59
  [ 22.8%] Step 1,500 | Loss: 1.8509 | PPL: 6.37
  [ 24.3%] Step 1,600 | Loss: 1.8236 | PPL: 6.19
  [ 25.8%] Step 1,700 | Loss: 1.8005 | PPL: 6.05
  [ 27.3%] Step 1,800 | Loss: 1.7755 | PPL: 5.90
  [ 28.8%] Step 1,900 | Loss: 1.7597 | PPL: 5.81
  [ 30.3%] Step 2,000 | Loss: 1.7331 | PPL: 5.66
  [ 31.9%] Step 2,100 | Loss: 1.7203 | PPL: 5.59
  [ 33.4%] Step 2,200 | Loss: 1.6967 | PPL: 5.46
  [ 34.9%] Step 2,300 | Loss: 1.6807 | PPL: 5.37
  [ 36.4%] Step 2,400 | Loss: 1.6654 | PPL: 5.29
  [ 37.9%] Step 2,500 | Loss: 1.6498 | PPL: 5.21
  [ 39.4%] Step 2,600 | Loss: 1.6356 | PPL: 5.13
  [ 41.0%] Step 2,700 | Loss: 1.6233 | PPL: 5.07
  [ 42.5%] Step 2,800 | Loss: 1.6121 | PPL: 5.01
  [ 44.0%] Step 2,900 | Loss: 1.6031 | PPL: 4.97
  [ 45.5%] Step 3,000 | Loss: 1.5884 | PPL: 4.90
  [ 47.0%] Step 3,100 | Loss: 1.5779 | PPL: 4.84
  [ 48.5%] Step 3,200 | Loss: 1.5697 | PPL: 4.81
  [ 50.1%] Step 3,300 | Loss: 1.5566 | PPL: 4.74
  [ 51.6%] Step 3,400 | Loss: 1.5485 | PPL: 4.70
  [ 53.1%] Step 3,500 | Loss: 1.5434 | PPL: 4.68
  [ 54.6%] Step 3,600 | Loss: 1.5296 | PPL: 4.62
  [ 56.1%] Step 3,700 | Loss: 1.5228 | PPL: 4.58
  [ 57.6%] Step 3,800 | Loss: 1.5161 | PPL: 4.55
  [ 59.2%] Step 3,900 | Loss: 1.5098 | PPL: 4.53
  [ 60.7%] Step 4,000 | Loss: 1.5004 | PPL: 4.48
  [ 62.2%] Step 4,100 | Loss: 1.4940 | PPL: 4.45
  [ 63.7%] Step 4,200 | Loss: 1.4889 | PPL: 4.43
  [ 65.2%] Step 4,300 | Loss: 1.4828 | PPL: 4.41
  [ 66.7%] Step 4,400 | Loss: 1.4763 | PPL: 4.38
  [ 68.3%] Step 4,500 | Loss: 1.4727 | PPL: 4.36
  [ 69.8%] Step 4,600 | Loss: 1.4632 | PPL: 4.32
  [ 71.3%] Step 4,700 | Loss: 1.4552 | PPL: 4.29
  [ 72.8%] Step 4,800 | Loss: 1.4501 | PPL: 4.26
  [ 74.3%] Step 4,900 | Loss: 1.4423 | PPL: 4.23
  [ 75.8%] Step 5,000 | Loss: 1.4464 | PPL: 4.25
  [ 77.4%] Step 5,100 | Loss: 1.4418 | PPL: 4.23
  [ 78.9%] Step 5,200 | Loss: 1.4326 | PPL: 4.19
  [ 80.4%] Step 5,300 | Loss: 1.4297 | PPL: 4.18
  [ 81.9%] Step 5,400 | Loss: 1.4186 | PPL: 4.13
  [ 83.4%] Step 5,500 | Loss: 1.4173 | PPL: 4.13
  [ 84.9%] Step 5,600 | Loss: 1.4161 | PPL: 4.12
  [ 86.5%] Step 5,700 | Loss: 1.4078 | PPL: 4.09
  [ 88.0%] Step 5,800 | Loss: 1.4024 | PPL: 4.06
  [ 89.5%] Step 5,900 | Loss: 1.4013 | PPL: 4.06
  [ 91.0%] Step 6,000 | Loss: 1.3939 | PPL: 4.03
  [ 92.5%] Step 6,100 | Loss: 1.3924 | PPL: 4.02
  [ 94.0%] Step 6,200 | Loss: 1.3923 | PPL: 4.02
  [ 95.6%] Step 6,300 | Loss: 1.3839 | PPL: 3.99
  [ 97.1%] Step 6,400 | Loss: 1.3816 | PPL: 3.98
  [ 98.6%] Step 6,500 | Loss: 1.3803 | PPL: 3.98
  [100.0%] Step 6,593 | Loss: 1.3762 | PPL: 3.96
[Epoch 1/3] Validating...
[Epoch 1/3] Loss: 1.4665 | PPL: 4.33
  -> Saved best model to checkpoints_pilot_b\az_best.pt
[Epoch 2/3] Starting...
  [  0.1%] Step 6,600 | Loss: 1.3586 | PPL: 3.89
  [  1.6%] Step 6,700 | Loss: 1.3713 | PPL: 3.94
  [  3.1%] Step 6,800 | Loss: 1.3691 | PPL: 3.93
  [  4.7%] Step 6,900 | Loss: 1.3630 | PPL: 3.91
  [  6.2%] Step 7,000 | Loss: 1.3584 | PPL: 3.89
  [  7.7%] Step 7,100 | Loss: 1.3528 | PPL: 3.87
  [  9.2%] Step 7,200 | Loss: 1.3526 | PPL: 3.87
  [ 10.7%] Step 7,300 | Loss: 1.3519 | PPL: 3.86
  [ 12.2%] Step 7,400 | Loss: 1.3492 | PPL: 3.85
  [ 13.8%] Step 7,500 | Loss: 1.3379 | PPL: 3.81
  [ 15.3%] Step 7,600 | Loss: 1.3393 | PPL: 3.82
  [ 16.8%] Step 7,700 | Loss: 1.3377 | PPL: 3.81
  [ 18.3%] Step 7,800 | Loss: 1.3318 | PPL: 3.79
  [ 19.8%] Step 7,900 | Loss: 1.3333 | PPL: 3.79
  [ 21.3%] Step 8,000 | Loss: 1.3276 | PPL: 3.77
  [ 22.9%] Step 8,100 | Loss: 1.3281 | PPL: 3.77
  [ 24.4%] Step 8,200 | Loss: 1.3228 | PPL: 3.75
  [ 25.9%] Step 8,300 | Loss: 1.3167 | PPL: 3.73
  [ 27.4%] Step 8,400 | Loss: 1.3178 | PPL: 3.74
  [ 28.9%] Step 8,500 | Loss: 1.3132 | PPL: 3.72
  [ 30.4%] Step 8,600 | Loss: 1.3132 | PPL: 3.72
  [ 32.0%] Step 8,700 | Loss: 1.3136 | PPL: 3.72
  [ 33.5%] Step 8,800 | Loss: 1.3035 | PPL: 3.68
  [ 35.0%] Step 8,900 | Loss: 1.3028 | PPL: 3.68
  [ 36.5%] Step 9,000 | Loss: 1.3038 | PPL: 3.68
  [ 38.0%] Step 9,100 | Loss: 1.3014 | PPL: 3.67
  [ 39.5%] Step 9,200 | Loss: 1.3033 | PPL: 3.68
  [ 41.1%] Step 9,300 | Loss: 1.2925 | PPL: 3.64
  [ 42.6%] Step 9,400 | Loss: 1.2971 | PPL: 3.66
  [ 44.1%] Step 9,500 | Loss: 1.2910 | PPL: 3.64
  [ 45.6%] Step 9,600 | Loss: 1.2919 | PPL: 3.64
  [ 47.1%] Step 9,700 | Loss: 1.2893 | PPL: 3.63
  [ 48.6%] Step 9,800 | Loss: 1.2853 | PPL: 3.62
  [ 50.2%] Step 9,900 | Loss: 1.2843 | PPL: 3.61
  [ 51.7%] Step 10,000 | Loss: 1.2808 | PPL: 3.60
  [ 53.2%] Step 10,100 | Loss: 1.2785 | PPL: 3.59
  [ 54.7%] Step 10,200 | Loss: 1.2785 | PPL: 3.59
  [ 56.2%] Step 10,300 | Loss: 1.2782 | PPL: 3.59
  [ 57.7%] Step 10,400 | Loss: 1.2738 | PPL: 3.57
  [ 59.3%] Step 10,500 | Loss: 1.2713 | PPL: 3.57
  [ 60.8%] Step 10,600 | Loss: 1.2705 | PPL: 3.56
  [ 62.3%] Step 10,700 | Loss: 1.2666 | PPL: 3.55
  [ 63.8%] Step 10,800 | Loss: 1.2642 | PPL: 3.54
  [ 65.3%] Step 10,900 | Loss: 1.2611 | PPL: 3.53
  [ 66.8%] Step 11,000 | Loss: 1.2581 | PPL: 3.52
  [ 68.4%] Step 11,100 | Loss: 1.2575 | PPL: 3.52
  [ 69.9%] Step 11,200 | Loss: 1.2561 | PPL: 3.51
  [ 71.4%] Step 11,300 | Loss: 1.2533 | PPL: 3.50
  [ 72.9%] Step 11,400 | Loss: 1.2542 | PPL: 3.51
  [ 74.4%] Step 11,500 | Loss: 1.2539 | PPL: 3.50
  [ 75.9%] Step 11,600 | Loss: 1.2469 | PPL: 3.48
  [ 77.5%] Step 11,700 | Loss: 1.2486 | PPL: 3.49
  [ 79.0%] Step 11,800 | Loss: 1.2449 | PPL: 3.47
  [ 80.5%] Step 11,900 | Loss: 1.2447 | PPL: 3.47
  [ 82.0%] Step 12,000 | Loss: 1.2455 | PPL: 3.47
  [ 83.5%] Step 12,100 | Loss: 1.2383 | PPL: 3.45
  [ 85.0%] Step 12,200 | Loss: 1.2426 | PPL: 3.46
  [ 86.6%] Step 12,300 | Loss: 1.2407 | PPL: 3.46
  [ 88.1%] Step 12,400 | Loss: 1.2378 | PPL: 3.45
  [ 89.6%] Step 12,500 | Loss: 1.2337 | PPL: 3.43
  [ 91.1%] Step 12,600 | Loss: 1.2352 | PPL: 3.44
  [ 92.6%] Step 12,700 | Loss: 1.2326 | PPL: 3.43
  [ 94.1%] Step 12,800 | Loss: 1.2248 | PPL: 3.40
  [ 95.7%] Step 12,900 | Loss: 1.2293 | PPL: 3.42
  [ 97.2%] Step 13,000 | Loss: 1.2237 | PPL: 3.40
  [ 98.7%] Step 13,100 | Loss: 1.2238 | PPL: 3.40
  [100.0%] Step 13,186 | Loss: 1.2265 | PPL: 3.41
[Epoch 2/3] Validating...
[Epoch 2/3] Loss: 1.3933 | PPL: 4.03
  -> Saved best model to checkpoints_pilot_b\az_best.pt
[Epoch 3/3] Starting...
  [  0.2%] Step 13,200 | Loss: 1.2201 | PPL: 3.39
  [  1.7%] Step 13,300 | Loss: 1.2205 | PPL: 3.39
  [  3.2%] Step 13,400 | Loss: 1.2177 | PPL: 3.38
  [  4.8%] Step 13,500 | Loss: 1.2214 | PPL: 3.39
  [  6.3%] Step 13,600 | Loss: 1.2193 | PPL: 3.38
  [  7.8%] Step 13,700 | Loss: 1.2119 | PPL: 3.36
  [  9.3%] Step 13,800 | Loss: 1.2166 | PPL: 3.38
  [ 10.8%] Step 13,900 | Loss: 1.2132 | PPL: 3.36
  [ 12.3%] Step 14,000 | Loss: 1.2117 | PPL: 3.36
  [ 13.9%] Step 14,100 | Loss: 1.2116 | PPL: 3.36
  [ 15.4%] Step 14,200 | Loss: 1.2100 | PPL: 3.35
  [ 16.9%] Step 14,300 | Loss: 1.2083 | PPL: 3.35
  [ 18.4%] Step 14,400 | Loss: 1.2040 | PPL: 3.33
  [ 19.9%] Step 14,500 | Loss: 1.2034 | PPL: 3.33
  [ 21.4%] Step 14,600 | Loss: 1.2006 | PPL: 3.32
  [ 23.0%] Step 14,700 | Loss: 1.2010 | PPL: 3.32
  [ 24.5%] Step 14,800 | Loss: 1.2046 | PPL: 3.34
  [ 26.0%] Step 14,900 | Loss: 1.2010 | PPL: 3.32
  [ 27.5%] Step 15,000 | Loss: 1.1994 | PPL: 3.32
  [ 29.0%] Step 15,100 | Loss: 1.1941 | PPL: 3.30
  [ 30.5%] Step 15,200 | Loss: 1.1989 | PPL: 3.32
  [ 32.1%] Step 15,300 | Loss: 1.1986 | PPL: 3.32
  [ 33.6%] Step 15,400 | Loss: 1.1934 | PPL: 3.30
  [ 35.1%] Step 15,500 | Loss: 1.1877 | PPL: 3.28
  [ 36.6%] Step 15,600 | Loss: 1.1901 | PPL: 3.29
  [ 38.1%] Step 15,700 | Loss: 1.1874 | PPL: 3.28
  [ 39.6%] Step 15,800 | Loss: 1.1890 | PPL: 3.28
  [ 41.2%] Step 15,900 | Loss: 1.1905 | PPL: 3.29
  [ 42.7%] Step 16,000 | Loss: 1.1832 | PPL: 3.26
  [ 44.2%] Step 16,100 | Loss: 1.1873 | PPL: 3.28
  [ 45.7%] Step 16,200 | Loss: 1.1806 | PPL: 3.26
  [ 47.2%] Step 16,300 | Loss: 1.1778 | PPL: 3.25
  [ 48.7%] Step 16,400 | Loss: 1.1763 | PPL: 3.24
  [ 50.3%] Step 16,500 | Loss: 1.1785 | PPL: 3.25
  [ 51.8%] Step 16,600 | Loss: 1.1788 | PPL: 3.25
  [ 53.3%] Step 16,700 | Loss: 1.1786 | PPL: 3.25
  [ 54.8%] Step 16,800 | Loss: 1.1737 | PPL: 3.23
  [ 56.3%] Step 16,900 | Loss: 1.1773 | PPL: 3.25
  [ 57.8%] Step 17,000 | Loss: 1.1741 | PPL: 3.24
  [ 59.4%] Step 17,100 | Loss: 1.1710 | PPL: 3.23
  [ 60.9%] Step 17,200 | Loss: 1.1748 | PPL: 3.24
  [ 62.4%] Step 17,300 | Loss: 1.1717 | PPL: 3.23
  [ 63.9%] Step 17,400 | Loss: 1.1697 | PPL: 3.22
  [ 65.4%] Step 17,500 | Loss: 1.1671 | PPL: 3.21
  [ 66.9%] Step 17,600 | Loss: 1.1641 | PPL: 3.20
  [ 68.5%] Step 17,700 | Loss: 1.1636 | PPL: 3.20
  [ 70.0%] Step 17,800 | Loss: 1.1629 | PPL: 3.20
  [ 71.5%] Step 17,900 | Loss: 1.1640 | PPL: 3.20
  [ 73.0%] Step 18,000 | Loss: 1.1630 | PPL: 3.20
  [ 74.5%] Step 18,100 | Loss: 1.1623 | PPL: 3.20
  [ 76.1%] Step 18,200 | Loss: 1.1593 | PPL: 3.19
  [ 77.6%] Step 18,300 | Loss: 1.1592 | PPL: 3.19
  [ 79.1%] Step 18,400 | Loss: 1.1603 | PPL: 3.19
  [ 80.6%] Step 18,500 | Loss: 1.1552 | PPL: 3.17
  [ 82.1%] Step 18,600 | Loss: 1.1589 | PPL: 3.19
  [ 83.6%] Step 18,700 | Loss: 1.1551 | PPL: 3.17
  [ 85.2%] Step 18,800 | Loss: 1.1582 | PPL: 3.18
  [ 86.7%] Step 18,900 | Loss: 1.1541 | PPL: 3.17
  [ 88.2%] Step 19,000 | Loss: 1.1543 | PPL: 3.17
  [ 89.7%] Step 19,100 | Loss: 1.1534 | PPL: 3.17
  [ 91.2%] Step 19,200 | Loss: 1.1491 | PPL: 3.16
  [ 92.7%] Step 19,300 | Loss: 1.1520 | PPL: 3.16
  [ 94.3%] Step 19,400 | Loss: 1.1485 | PPL: 3.15
  [ 95.8%] Step 19,500 | Loss: 1.1483 | PPL: 3.15
  [ 97.3%] Step 19,600 | Loss: 1.1491 | PPL: 3.16
  [ 98.8%] Step 19,700 | Loss: 1.1459 | PPL: 3.15
  [100.0%] Step 19,779 | Loss: 1.1436 | PPL: 3.14
[Epoch 3/3] Validating...
[Epoch 3/3] Loss: 1.3737 | PPL: 3.95
  -> Saved best model to checkpoints_pilot_b\az_best.pt
============================================================
Training complete. Running final evaluation...
============================================================

Final Test Loss: 1.4107 | Test PPL: 4.10
Done!
--- b/az end rc=0 Fri Aug 14 19:26:23 PDT 2026 ---
--- b/kk start Fri Aug 14 19:26:23 PDT 2026 ---
Loading data from corpora_pilot_b\oscar_kk_ipa.txt...
  Loaded: 2,499,917 chars total
  Train: 1,749,941 chars
  Val: 374,988 chars
  Test: 374,988 chars
Building vocab from training text...
  Vocab size: 51
============================================================
Training config
============================================================
  Language: Kazakh (kk)
  Mode: Train from scratch
  Device: cuda
  Batch size: 256
  Workers: 0
  Pin memory: True
  Epochs: 3
  LR: 0.0001
  Seed: 1234
  Freeze embed: False
  Output: checkpoints_pilot_b\kk_best.pt
Creating data loaders...
  Train batches: 6,836
  Val batches: 1,465

Model config
  Device: cuda
  Embed dim: 128
  Hidden dim: 256
  Layers: 2
  Parameters: 941,235
  Optimizer: Adam (lr=0.0001)
============================================================
Starting training: 3 epochs, 6836 batches/epoch
============================================================
[Epoch 1/3] Starting...
  [  1.5%] Step 100 | Loss: 3.5068 | PPL: 33.34
  [  2.9%] Step 200 | Loss: 3.0461 | PPL: 21.03
  [  4.4%] Step 300 | Loss: 2.6888 | PPL: 14.71
  [  5.9%] Step 400 | Loss: 2.4930 | PPL: 12.10
  [  7.3%] Step 500 | Loss: 2.3887 | PPL: 10.90
  [  8.8%] Step 600 | Loss: 2.3106 | PPL: 10.08
  [ 10.2%] Step 700 | Loss: 2.2446 | PPL: 9.44
  [ 11.7%] Step 800 | Loss: 2.1878 | PPL: 8.92
  [ 13.2%] Step 900 | Loss: 2.1370 | PPL: 8.47
  [ 14.6%] Step 1,000 | Loss: 2.0901 | PPL: 8.09
  [ 16.1%] Step 1,100 | Loss: 2.0496 | PPL: 7.76
  [ 17.6%] Step 1,200 | Loss: 2.0078 | PPL: 7.45
  [ 19.0%] Step 1,300 | Loss: 1.9757 | PPL: 7.21
  [ 20.5%] Step 1,400 | Loss: 1.9427 | PPL: 6.98
  [ 21.9%] Step 1,500 | Loss: 1.9164 | PPL: 6.80
  [ 23.4%] Step 1,600 | Loss: 1.8910 | PPL: 6.63
  [ 24.9%] Step 1,700 | Loss: 1.8606 | PPL: 6.43
  [ 26.3%] Step 1,800 | Loss: 1.8401 | PPL: 6.30
  [ 27.8%] Step 1,900 | Loss: 1.8147 | PPL: 6.14
  [ 29.3%] Step 2,000 | Loss: 1.7989 | PPL: 6.04
  [ 30.7%] Step 2,100 | Loss: 1.7800 | PPL: 5.93
  [ 32.2%] Step 2,200 | Loss: 1.7600 | PPL: 5.81
  [ 33.6%] Step 2,300 | Loss: 1.7432 | PPL: 5.72
  [ 35.1%] Step 2,400 | Loss: 1.7260 | PPL: 5.62
  [ 36.6%] Step 2,500 | Loss: 1.7097 | PPL: 5.53
  [ 38.0%] Step 2,600 | Loss: 1.6930 | PPL: 5.44
  [ 39.5%] Step 2,700 | Loss: 1.6871 | PPL: 5.40
  [ 41.0%] Step 2,800 | Loss: 1.6736 | PPL: 5.33
  [ 42.4%] Step 2,900 | Loss: 1.6599 | PPL: 5.26
  [ 43.9%] Step 3,000 | Loss: 1.6512 | PPL: 5.21
  [ 45.3%] Step 3,100 | Loss: 1.6355 | PPL: 5.13
  [ 46.8%] Step 3,200 | Loss: 1.6260 | PPL: 5.08
  [ 48.3%] Step 3,300 | Loss: 1.6201 | PPL: 5.05
  [ 49.7%] Step 3,400 | Loss: 1.6060 | PPL: 4.98
  [ 51.2%] Step 3,500 | Loss: 1.5964 | PPL: 4.94
  [ 52.7%] Step 3,600 | Loss: 1.5939 | PPL: 4.92
  [ 54.1%] Step 3,700 | Loss: 1.5819 | PPL: 4.86
  [ 55.6%] Step 3,800 | Loss: 1.5741 | PPL: 4.83
  [ 57.1%] Step 3,900 | Loss: 1.5600 | PPL: 4.76
  [ 58.5%] Step 4,000 | Loss: 1.5587 | PPL: 4.75
  [ 60.0%] Step 4,100 | Loss: 1.5503 | PPL: 4.71
  [ 61.4%] Step 4,200 | Loss: 1.5366 | PPL: 4.65
  [ 62.9%] Step 4,300 | Loss: 1.5351 | PPL: 4.64
  [ 64.4%] Step 4,400 | Loss: 1.5302 | PPL: 4.62
  [ 65.8%] Step 4,500 | Loss: 1.5196 | PPL: 4.57
  [ 67.3%] Step 4,600 | Loss: 1.5115 | PPL: 4.53
  [ 68.8%] Step 4,700 | Loss: 1.5126 | PPL: 4.54
  [ 70.2%] Step 4,800 | Loss: 1.5052 | PPL: 4.51
  [ 71.7%] Step 4,900 | Loss: 1.5020 | PPL: 4.49
  [ 73.1%] Step 5,000 | Loss: 1.4855 | PPL: 4.42
  [ 74.6%] Step 5,100 | Loss: 1.4826 | PPL: 4.40
  [ 76.1%] Step 5,200 | Loss: 1.4833 | PPL: 4.41
  [ 77.5%] Step 5,300 | Loss: 1.4714 | PPL: 4.36
  [ 79.0%] Step 5,400 | Loss: 1.4689 | PPL: 4.34
  [ 80.5%] Step 5,500 | Loss: 1.4611 | PPL: 4.31
  [ 81.9%] Step 5,600 | Loss: 1.4536 | PPL: 4.28
  [ 83.4%] Step 5,700 | Loss: 1.4516 | PPL: 4.27
  [ 84.8%] Step 5,800 | Loss: 1.4478 | PPL: 4.25
  [ 86.3%] Step 5,900 | Loss: 1.4404 | PPL: 4.22
  [ 87.8%] Step 6,000 | Loss: 1.4403 | PPL: 4.22
  [ 89.2%] Step 6,100 | Loss: 1.4347 | PPL: 4.20
  [ 90.7%] Step 6,200 | Loss: 1.4240 | PPL: 4.15
  [ 92.2%] Step 6,300 | Loss: 1.4272 | PPL: 4.17
  [ 93.6%] Step 6,400 | Loss: 1.4156 | PPL: 4.12
  [ 95.1%] Step 6,500 | Loss: 1.4153 | PPL: 4.12
  [ 96.5%] Step 6,600 | Loss: 1.4060 | PPL: 4.08
  [ 98.0%] Step 6,700 | Loss: 1.4093 | PPL: 4.09
  [ 99.5%] Step 6,800 | Loss: 1.4022 | PPL: 4.06
  [100.0%] Step 6,836 | Loss: 1.4063 | PPL: 4.08
[Epoch 1/3] Validating...
[Epoch 1/3] Loss: 1.3623 | PPL: 3.91
  -> Saved best model to checkpoints_pilot_b\kk_best.pt
[Epoch 2/3] Starting...
  [  0.9%] Step 6,900 | Loss: 1.4009 | PPL: 4.06
  [  2.4%] Step 7,000 | Loss: 1.3964 | PPL: 4.04
  [  3.9%] Step 7,100 | Loss: 1.3943 | PPL: 4.03
  [  5.3%] Step 7,200 | Loss: 1.3854 | PPL: 4.00
  [  6.8%] Step 7,300 | Loss: 1.3858 | PPL: 4.00
  [  8.3%] Step 7,400 | Loss: 1.3838 | PPL: 3.99
  [  9.7%] Step 7,500 | Loss: 1.3743 | PPL: 3.95
  [ 11.2%] Step 7,600 | Loss: 1.3737 | PPL: 3.95
  [ 12.6%] Step 7,700 | Loss: 1.3683 | PPL: 3.93
  [ 14.1%] Step 7,800 | Loss: 1.3669 | PPL: 3.92
  [ 15.6%] Step 7,900 | Loss: 1.3636 | PPL: 3.91
  [ 17.0%] Step 8,000 | Loss: 1.3614 | PPL: 3.90
  [ 18.5%] Step 8,100 | Loss: 1.3551 | PPL: 3.88
  [ 20.0%] Step 8,200 | Loss: 1.3533 | PPL: 3.87
  [ 21.4%] Step 8,300 | Loss: 1.3479 | PPL: 3.85
  [ 22.9%] Step 8,400 | Loss: 1.3494 | PPL: 3.86
  [ 24.3%] Step 8,500 | Loss: 1.3434 | PPL: 3.83
  [ 25.8%] Step 8,600 | Loss: 1.3382 | PPL: 3.81
  [ 27.3%] Step 8,700 | Loss: 1.3376 | PPL: 3.81
  [ 28.7%] Step 8,800 | Loss: 1.3369 | PPL: 3.81
  [ 30.2%] Step 8,900 | Loss: 1.3299 | PPL: 3.78
  [ 31.7%] Step 9,000 | Loss: 1.3289 | PPL: 3.78
  [ 33.1%] Step 9,100 | Loss: 1.3246 | PPL: 3.76
  [ 34.6%] Step 9,200 | Loss: 1.3259 | PPL: 3.77
  [ 36.0%] Step 9,300 | Loss: 1.3164 | PPL: 3.73
  [ 37.5%] Step 9,400 | Loss: 1.3179 | PPL: 3.74
  [ 39.0%] Step 9,500 | Loss: 1.3159 | PPL: 3.73
  [ 40.4%] Step 9,600 | Loss: 1.3104 | PPL: 3.71
  [ 41.9%] Step 9,700 | Loss: 1.3084 | PPL: 3.70
  [ 43.4%] Step 9,800 | Loss: 1.3104 | PPL: 3.71
  [ 44.8%] Step 9,900 | Loss: 1.3055 | PPL: 3.69
  [ 46.3%] Step 10,000 | Loss: 1.3008 | PPL: 3.67
  [ 47.7%] Step 10,100 | Loss: 1.2942 | PPL: 3.65
  [ 49.2%] Step 10,200 | Loss: 1.2969 | PPL: 3.66
  [ 50.7%] Step 10,300 | Loss: 1.2941 | PPL: 3.65
  [ 52.1%] Step 10,400 | Loss: 1.2909 | PPL: 3.64
  [ 53.6%] Step 10,500 | Loss: 1.2914 | PPL: 3.64
  [ 55.1%] Step 10,600 | Loss: 1.2872 | PPL: 3.62
  [ 56.5%] Step 10,700 | Loss: 1.2841 | PPL: 3.61
  [ 58.0%] Step 10,800 | Loss: 1.2833 | PPL: 3.61
  [ 59.4%] Step 10,900 | Loss: 1.2768 | PPL: 3.59
  [ 60.9%] Step 11,000 | Loss: 1.2761 | PPL: 3.58
  [ 62.4%] Step 11,100 | Loss: 1.2742 | PPL: 3.58
  [ 63.8%] Step 11,200 | Loss: 1.2729 | PPL: 3.57
  [ 65.3%] Step 11,300 | Loss: 1.2709 | PPL: 3.56
  [ 66.8%] Step 11,400 | Loss: 1.2675 | PPL: 3.55
  [ 68.2%] Step 11,500 | Loss: 1.2649 | PPL: 3.54
  [ 69.7%] Step 11,600 | Loss: 1.2631 | PPL: 3.54
  [ 71.2%] Step 11,700 | Loss: 1.2639 | PPL: 3.54
  [ 72.6%] Step 11,800 | Loss: 1.2573 | PPL: 3.52
  [ 74.1%] Step 11,900 | Loss: 1.2588 | PPL: 3.52
  [ 75.5%] Step 12,000 | Loss: 1.2513 | PPL: 3.49
  [ 77.0%] Step 12,100 | Loss: 1.2527 | PPL: 3.50
  [ 78.5%] Step 12,200 | Loss: 1.2502 | PPL: 3.49
  [ 79.9%] Step 12,300 | Loss: 1.2505 | PPL: 3.49
  [ 81.4%] Step 12,400 | Loss: 1.2525 | PPL: 3.50
  [ 82.9%] Step 12,500 | Loss: 1.2438 | PPL: 3.47
  [ 84.3%] Step 12,600 | Loss: 1.2460 | PPL: 3.48
  [ 85.8%] Step 12,700 | Loss: 1.2452 | PPL: 3.47
  [ 87.2%] Step 12,800 | Loss: 1.2403 | PPL: 3.46
  [ 88.7%] Step 12,900 | Loss: 1.2388 | PPL: 3.45
  [ 90.2%] Step 13,000 | Loss: 1.2379 | PPL: 3.45
  [ 91.6%] Step 13,100 | Loss: 1.2341 | PPL: 3.44
  [ 93.1%] Step 13,200 | Loss: 1.2305 | PPL: 3.42
  [ 94.6%] Step 13,300 | Loss: 1.2318 | PPL: 3.43
  [ 96.0%] Step 13,400 | Loss: 1.2261 | PPL: 3.41
  [ 97.5%] Step 13,500 | Loss: 1.2284 | PPL: 3.42
  [ 98.9%] Step 13,600 | Loss: 1.2260 | PPL: 3.41
  [100.0%] Step 13,672 | Loss: 1.2230 | PPL: 3.40
[Epoch 2/3] Validating...
[Epoch 2/3] Loss: 1.2393 | PPL: 3.45
  -> Saved best model to checkpoints_pilot_b\kk_best.pt
[Epoch 3/3] Starting...
  [  0.4%] Step 13,700 | Loss: 1.2169 | PPL: 3.38
  [  1.9%] Step 13,800 | Loss: 1.2207 | PPL: 3.39
  [  3.3%] Step 13,900 | Loss: 1.2160 | PPL: 3.37
  [  4.8%] Step 14,000 | Loss: 1.2139 | PPL: 3.37
  [  6.3%] Step 14,100 | Loss: 1.2174 | PPL: 3.38
  [  7.7%] Step 14,200 | Loss: 1.2130 | PPL: 3.36
  [  9.2%] Step 14,300 | Loss: 1.2141 | PPL: 3.37
  [ 10.6%] Step 14,400 | Loss: 1.2077 | PPL: 3.35
  [ 12.1%] Step 14,500 | Loss: 1.2098 | PPL: 3.35
  [ 13.6%] Step 14,600 | Loss: 1.2084 | PPL: 3.35
  [ 15.0%] Step 14,700 | Loss: 1.2091 | PPL: 3.35
  [ 16.5%] Step 14,800 | Loss: 1.2017 | PPL: 3.33
  [ 18.0%] Step 14,900 | Loss: 1.2006 | PPL: 3.32
  [ 19.4%] Step 15,000 | Loss: 1.2029 | PPL: 3.33
  [ 20.9%] Step 15,100 | Loss: 1.1981 | PPL: 3.31
  [ 22.4%] Step 15,200 | Loss: 1.2011 | PPL: 3.32
  [ 23.8%] Step 15,300 | Loss: 1.1968 | PPL: 3.31
  [ 25.3%] Step 15,400 | Loss: 1.1988 | PPL: 3.32
  [ 26.7%] Step 15,500 | Loss: 1.1958 | PPL: 3.31
  [ 28.2%] Step 15,600 | Loss: 1.1910 | PPL: 3.29
  [ 29.7%] Step 15,700 | Loss: 1.1876 | PPL: 3.28
  [ 31.1%] Step 15,800 | Loss: 1.1856 | PPL: 3.27
  [ 32.6%] Step 15,900 | Loss: 1.1910 | PPL: 3.29
  [ 34.1%] Step 16,000 | Loss: 1.1879 | PPL: 3.28
  [ 35.5%] Step 16,100 | Loss: 1.1841 | PPL: 3.27
  [ 37.0%] Step 16,200 | Loss: 1.1853 | PPL: 3.27
  [ 38.4%] Step 16,300 | Loss: 1.1849 | PPL: 3.27
  [ 39.9%] Step 16,400 | Loss: 1.1765 | PPL: 3.24
  [ 41.4%] Step 16,500 | Loss: 1.1803 | PPL: 3.26
  [ 42.8%] Step 16,600 | Loss: 1.1767 | PPL: 3.24
  [ 44.3%] Step 16,700 | Loss: 1.1763 | PPL: 3.24
  [ 45.8%] Step 16,800 | Loss: 1.1749 | PPL: 3.24
  [ 47.2%] Step 16,900 | Loss: 1.1696 | PPL: 3.22
  [ 48.7%] Step 17,000 | Loss: 1.1633 | PPL: 3.20
  [ 50.1%] Step 17,100 | Loss: 1.1720 | PPL: 3.23
  [ 51.6%] Step 17,200 | Loss: 1.1712 | PPL: 3.23
  [ 53.1%] Step 17,300 | Loss: 1.1696 | PPL: 3.22
  [ 54.5%] Step 17,400 | Loss: 1.1697 | PPL: 3.22
  [ 56.0%] Step 17,500 | Loss: 1.1665 | PPL: 3.21
  [ 57.5%] Step 17,600 | Loss: 1.1632 | PPL: 3.20
  [ 58.9%] Step 17,700 | Loss: 1.1567 | PPL: 3.18
  [ 60.4%] Step 17,800 | Loss: 1.1641 | PPL: 3.20
  [ 61.8%] Step 17,900 | Loss: 1.1621 | PPL: 3.20
  [ 63.3%] Step 18,000 | Loss: 1.1611 | PPL: 3.19
  [ 64.8%] Step 18,100 | Loss: 1.1591 | PPL: 3.19
  [ 66.2%] Step 18,200 | Loss: 1.1555 | PPL: 3.18
  [ 67.7%] Step 18,300 | Loss: 1.1552 | PPL: 3.17
  [ 69.2%] Step 18,400 | Loss: 1.1486 | PPL: 3.15
  [ 70.6%] Step 18,500 | Loss: 1.1561 | PPL: 3.18
  [ 72.1%] Step 18,600 | Loss: 1.1474 | PPL: 3.15
  [ 73.6%] Step 18,700 | Loss: 1.1442 | PPL: 3.14
  [ 75.0%] Step 18,800 | Loss: 1.1498 | PPL: 3.16
  [ 76.5%] Step 18,900 | Loss: 1.1504 | PPL: 3.16
  [ 77.9%] Step 19,000 | Loss: 1.1456 | PPL: 3.14
  [ 79.4%] Step 19,100 | Loss: 1.1457 | PPL: 3.14
  [ 80.9%] Step 19,200 | Loss: 1.1434 | PPL: 3.14
  [ 82.3%] Step 19,300 | Loss: 1.1471 | PPL: 3.15
  [ 83.8%] Step 19,400 | Loss: 1.1493 | PPL: 3.16
  [ 85.3%] Step 19,500 | Loss: 1.1410 | PPL: 3.13
  [ 86.7%] Step 19,600 | Loss: 1.1435 | PPL: 3.14
  [ 88.2%] Step 19,700 | Loss: 1.1419 | PPL: 3.13
  [ 89.6%] Step 19,800 | Loss: 1.1343 | PPL: 3.11
  [ 91.1%] Step 19,900 | Loss: 1.1399 | PPL: 3.13
  [ 92.6%] Step 20,000 | Loss: 1.1351 | PPL: 3.11
  [ 94.0%] Step 20,100 | Loss: 1.1362 | PPL: 3.11
  [ 95.5%] Step 20,200 | Loss: 1.1325 | PPL: 3.10
  [ 97.0%] Step 20,300 | Loss: 1.1287 | PPL: 3.09
  [ 98.4%] Step 20,400 | Loss: 1.1311 | PPL: 3.10
  [ 99.9%] Step 20,500 | Loss: 1.1275 | PPL: 3.09
  [100.0%] Step 20,508 | Loss: 1.1256 | PPL: 3.08
[Epoch 3/3] Validating...
[Epoch 3/3] Loss: 1.1938 | PPL: 3.30
  -> Saved best model to checkpoints_pilot_b\kk_best.pt
============================================================
Training complete. Running final evaluation...
============================================================

Final Test Loss: 1.2085 | Test PPL: 3.35
Done!
--- b/kk end rc=0 Fri Aug 14 19:40:40 PDT 2026 ---
--- b/ky start Fri Aug 14 19:40:40 PDT 2026 ---
Loading data from corpora_pilot_b\oscar_ky_ipa.txt...
  Loaded: 2,489,931 chars total
  Train: 1,742,951 chars
  Val: 373,490 chars
  Test: 373,490 chars
Building vocab from training text...
  Vocab size: 54
============================================================
Training config
============================================================
  Language: Kyrgyz (ky)
  Mode: Train from scratch
  Device: cuda
  Batch size: 256
  Workers: 0
  Pin memory: True
  Epochs: 3
  LR: 0.0001
  Seed: 1234
  Freeze embed: False
  Output: checkpoints_pilot_b\ky_best.pt
Creating data loaders...
  Train batches: 6,809
  Val batches: 1,459

Model config
  Device: cuda
  Embed dim: 128
  Hidden dim: 256
  Layers: 2
  Parameters: 942,390
  Optimizer: Adam (lr=0.0001)
============================================================
Starting training: 3 epochs, 6809 batches/epoch
============================================================
[Epoch 1/3] Starting...
  [  1.5%] Step 100 | Loss: 3.5162 | PPL: 33.66
  [  2.9%] Step 200 | Loss: 3.0590 | PPL: 21.31
  [  4.4%] Step 300 | Loss: 2.6700 | PPL: 14.44
  [  5.9%] Step 400 | Loss: 2.3990 | PPL: 11.01
  [  7.3%] Step 500 | Loss: 2.2711 | PPL: 9.69
  [  8.8%] Step 600 | Loss: 2.1858 | PPL: 8.90
  [ 10.3%] Step 700 | Loss: 2.1192 | PPL: 8.32
  [ 11.7%] Step 800 | Loss: 2.0670 | PPL: 7.90
  [ 13.2%] Step 900 | Loss: 2.0205 | PPL: 7.54
  [ 14.7%] Step 1,000 | Loss: 1.9780 | PPL: 7.23
  [ 16.2%] Step 1,100 | Loss: 1.9426 | PPL: 6.98
  [ 17.6%] Step 1,200 | Loss: 1.9097 | PPL: 6.75
  [ 19.1%] Step 1,300 | Loss: 1.8797 | PPL: 6.55
  [ 20.6%] Step 1,400 | Loss: 1.8490 | PPL: 6.35
  [ 22.0%] Step 1,500 | Loss: 1.8289 | PPL: 6.23
  [ 23.5%] Step 1,600 | Loss: 1.8026 | PPL: 6.07
  [ 25.0%] Step 1,700 | Loss: 1.7791 | PPL: 5.92
  [ 26.4%] Step 1,800 | Loss: 1.7554 | PPL: 5.79
  [ 27.9%] Step 1,900 | Loss: 1.7421 | PPL: 5.71
  [ 29.4%] Step 2,000 | Loss: 1.7184 | PPL: 5.58
  [ 30.8%] Step 2,100 | Loss: 1.6969 | PPL: 5.46
  [ 32.3%] Step 2,200 | Loss: 1.6847 | PPL: 5.39
  [ 33.8%] Step 2,300 | Loss: 1.6730 | PPL: 5.33
  [ 35.2%] Step 2,400 | Loss: 1.6560 | PPL: 5.24
  [ 36.7%] Step 2,500 | Loss: 1.6418 | PPL: 5.16
  [ 38.2%] Step 2,600 | Loss: 1.6256 | PPL: 5.08
  [ 39.7%] Step 2,700 | Loss: 1.6166 | PPL: 5.04
  [ 41.1%] Step 2,800 | Loss: 1.6068 | PPL: 4.99
  [ 42.6%] Step 2,900 | Loss: 1.5947 | PPL: 4.93
  [ 44.1%] Step 3,000 | Loss: 1.5808 | PPL: 4.86
  [ 45.5%] Step 3,100 | Loss: 1.5706 | PPL: 4.81
  [ 47.0%] Step 3,200 | Loss: 1.5648 | PPL: 4.78
  [ 48.5%] Step 3,300 | Loss: 1.5516 | PPL: 4.72
  [ 49.9%] Step 3,400 | Loss: 1.5455 | PPL: 4.69
  [ 51.4%] Step 3,500 | Loss: 1.5375 | PPL: 4.65
  [ 52.9%] Step 3,600 | Loss: 1.5259 | PPL: 4.60
  [ 54.3%] Step 3,700 | Loss: 1.5193 | PPL: 4.57
  [ 55.8%] Step 3,800 | Loss: 1.5108 | PPL: 4.53
  [ 57.3%] Step 3,900 | Loss: 1.5079 | PPL: 4.52
  [ 58.7%] Step 4,000 | Loss: 1.4997 | PPL: 4.48
  [ 60.2%] Step 4,100 | Loss: 1.4908 | PPL: 4.44
  [ 61.7%] Step 4,200 | Loss: 1.4830 | PPL: 4.41
  [ 63.2%] Step 4,300 | Loss: 1.4781 | PPL: 4.38
  [ 64.6%] Step 4,400 | Loss: 1.4698 | PPL: 4.35
  [ 66.1%] Step 4,500 | Loss: 1.4680 | PPL: 4.34
  [ 67.6%] Step 4,600 | Loss: 1.4650 | PPL: 4.33
  [ 69.0%] Step 4,700 | Loss: 1.4551 | PPL: 4.29
  [ 70.5%] Step 4,800 | Loss: 1.4497 | PPL: 4.26
  [ 72.0%] Step 4,900 | Loss: 1.4463 | PPL: 4.25
  [ 73.4%] Step 5,000 | Loss: 1.4407 | PPL: 4.22
  [ 74.9%] Step 5,100 | Loss: 1.4341 | PPL: 4.20
  [ 76.4%] Step 5,200 | Loss: 1.4298 | PPL: 4.18
  [ 77.8%] Step 5,300 | Loss: 1.4252 | PPL: 4.16
  [ 79.3%] Step 5,400 | Loss: 1.4182 | PPL: 4.13
  [ 80.8%] Step 5,500 | Loss: 1.4174 | PPL: 4.13
  [ 82.2%] Step 5,600 | Loss: 1.4105 | PPL: 4.10
  [ 83.7%] Step 5,700 | Loss: 1.4084 | PPL: 4.09
  [ 85.2%] Step 5,800 | Loss: 1.3992 | PPL: 4.05
  [ 86.7%] Step 5,900 | Loss: 1.4023 | PPL: 4.06
  [ 88.1%] Step 6,000 | Loss: 1.3939 | PPL: 4.03
  [ 89.6%] Step 6,100 | Loss: 1.3886 | PPL: 4.01
  [ 91.1%] Step 6,200 | Loss: 1.3876 | PPL: 4.01
  [ 92.5%] Step 6,300 | Loss: 1.3838 | PPL: 3.99
  [ 94.0%] Step 6,400 | Loss: 1.3794 | PPL: 3.97
  [ 95.5%] Step 6,500 | Loss: 1.3738 | PPL: 3.95
  [ 96.9%] Step 6,600 | Loss: 1.3715 | PPL: 3.94
  [ 98.4%] Step 6,700 | Loss: 1.3675 | PPL: 3.93
  [ 99.9%] Step 6,800 | Loss: 1.3617 | PPL: 3.90
  [100.0%] Step 6,809 | Loss: 1.3439 | PPL: 3.83
[Epoch 1/3] Validating...
[Epoch 1/3] Loss: 1.4177 | PPL: 4.13
  -> Saved best model to checkpoints_pilot_b\ky_best.pt
[Epoch 2/3] Starting...
  [  1.3%] Step 6,900 | Loss: 1.3588 | PPL: 3.89
  [  2.8%] Step 7,000 | Loss: 1.3558 | PPL: 3.88
  [  4.3%] Step 7,100 | Loss: 1.3538 | PPL: 3.87
  [  5.7%] Step 7,200 | Loss: 1.3514 | PPL: 3.86
  [  7.2%] Step 7,300 | Loss: 1.3484 | PPL: 3.85
  [  8.7%] Step 7,400 | Loss: 1.3440 | PPL: 3.83
  [ 10.1%] Step 7,500 | Loss: 1.3420 | PPL: 3.83
  [ 11.6%] Step 7,600 | Loss: 1.3375 | PPL: 3.81
  [ 13.1%] Step 7,700 | Loss: 1.3365 | PPL: 3.81
  [ 14.6%] Step 7,800 | Loss: 1.3329 | PPL: 3.79
  [ 16.0%] Step 7,900 | Loss: 1.3253 | PPL: 3.76
  [ 17.5%] Step 8,000 | Loss: 1.3250 | PPL: 3.76
  [ 19.0%] Step 8,100 | Loss: 1.3243 | PPL: 3.76
  [ 20.4%] Step 8,200 | Loss: 1.3216 | PPL: 3.75
  [ 21.9%] Step 8,300 | Loss: 1.3167 | PPL: 3.73
  [ 23.4%] Step 8,400 | Loss: 1.3138 | PPL: 3.72
  [ 24.8%] Step 8,500 | Loss: 1.3125 | PPL: 3.72
  [ 26.3%] Step 8,600 | Loss: 1.3129 | PPL: 3.72
  [ 27.8%] Step 8,700 | Loss: 1.3034 | PPL: 3.68
  [ 29.2%] Step 8,800 | Loss: 1.3034 | PPL: 3.68
  [ 30.7%] Step 8,900 | Loss: 1.3042 | PPL: 3.68
  [ 32.2%] Step 9,000 | Loss: 1.3030 | PPL: 3.68
  [ 33.6%] Step 9,100 | Loss: 1.2971 | PPL: 3.66
  [ 35.1%] Step 9,200 | Loss: 1.2946 | PPL: 3.65
  [ 36.6%] Step 9,300 | Loss: 1.2936 | PPL: 3.65
  [ 38.1%] Step 9,400 | Loss: 1.2897 | PPL: 3.63
  [ 39.5%] Step 9,500 | Loss: 1.2908 | PPL: 3.64
  [ 41.0%] Step 9,600 | Loss: 1.2836 | PPL: 3.61
  [ 42.5%] Step 9,700 | Loss: 1.2815 | PPL: 3.60
  [ 43.9%] Step 9,800 | Loss: 1.2827 | PPL: 3.61
  [ 45.4%] Step 9,900 | Loss: 1.2766 | PPL: 3.58
  [ 46.9%] Step 10,000 | Loss: 1.2795 | PPL: 3.59
  [ 48.3%] Step 10,100 | Loss: 1.2753 | PPL: 3.58
  [ 49.8%] Step 10,200 | Loss: 1.2700 | PPL: 3.56
  [ 51.3%] Step 10,300 | Loss: 1.2727 | PPL: 3.57
  [ 52.7%] Step 10,400 | Loss: 1.2682 | PPL: 3.55
  [ 54.2%] Step 10,500 | Loss: 1.2672 | PPL: 3.55
  [ 55.7%] Step 10,600 | Loss: 1.2640 | PPL: 3.54
  [ 57.1%] Step 10,700 | Loss: 1.2649 | PPL: 3.54
  [ 58.6%] Step 10,800 | Loss: 1.2574 | PPL: 3.52
  [ 60.1%] Step 10,900 | Loss: 1.2605 | PPL: 3.53
  [ 61.6%] Step 11,000 | Loss: 1.2564 | PPL: 3.51
  [ 63.0%] Step 11,100 | Loss: 1.2593 | PPL: 3.52
  [ 64.5%] Step 11,200 | Loss: 1.2535 | PPL: 3.50
  [ 66.0%] Step 11,300 | Loss: 1.2507 | PPL: 3.49
  [ 67.4%] Step 11,400 | Loss: 1.2467 | PPL: 3.48
  [ 68.9%] Step 11,500 | Loss: 1.2418 | PPL: 3.46
  [ 70.4%] Step 11,600 | Loss: 1.2425 | PPL: 3.46
  [ 71.8%] Step 11,700 | Loss: 1.2425 | PPL: 3.46
  [ 73.3%] Step 11,800 | Loss: 1.2405 | PPL: 3.46
  [ 74.8%] Step 11,900 | Loss: 1.2391 | PPL: 3.45
  [ 76.2%] Step 12,000 | Loss: 1.2350 | PPL: 3.44
  [ 77.7%] Step 12,100 | Loss: 1.2363 | PPL: 3.44
  [ 79.2%] Step 12,200 | Loss: 1.2370 | PPL: 3.45
  [ 80.6%] Step 12,300 | Loss: 1.2330 | PPL: 3.43
  [ 82.1%] Step 12,400 | Loss: 1.2307 | PPL: 3.42
  [ 83.6%] Step 12,500 | Loss: 1.2311 | PPL: 3.43
  [ 85.0%] Step 12,600 | Loss: 1.2271 | PPL: 3.41
  [ 86.5%] Step 12,700 | Loss: 1.2252 | PPL: 3.40
  [ 88.0%] Step 12,800 | Loss: 1.2227 | PPL: 3.40
  [ 89.5%] Step 12,900 | Loss: 1.2223 | PPL: 3.40
  [ 90.9%] Step 13,000 | Loss: 1.2198 | PPL: 3.39
  [ 92.4%] Step 13,100 | Loss: 1.2193 | PPL: 3.38
  [ 93.9%] Step 13,200 | Loss: 1.2173 | PPL: 3.38
  [ 95.3%] Step 13,300 | Loss: 1.2165 | PPL: 3.38
  [ 96.8%] Step 13,400 | Loss: 1.2171 | PPL: 3.38
  [ 98.3%] Step 13,500 | Loss: 1.2155 | PPL: 3.37
  [ 99.7%] Step 13,600 | Loss: 1.2123 | PPL: 3.36
  [100.0%] Step 13,618 | Loss: 1.2091 | PPL: 3.35
[Epoch 2/3] Validating...
[Epoch 2/3] Loss: 1.3202 | PPL: 3.74
  -> Saved best model to checkpoints_pilot_b\ky_best.pt
[Epoch 3/3] Starting...
  [  1.2%] Step 13,700 | Loss: 1.2128 | PPL: 3.36
  [  2.7%] Step 13,800 | Loss: 1.2091 | PPL: 3.35
  [  4.1%] Step 13,900 | Loss: 1.2079 | PPL: 3.35
  [  5.6%] Step 14,000 | Loss: 1.2070 | PPL: 3.34
  [  7.1%] Step 14,100 | Loss: 1.2024 | PPL: 3.33
  [  8.5%] Step 14,200 | Loss: 1.1991 | PPL: 3.32
  [ 10.0%] Step 14,300 | Loss: 1.1998 | PPL: 3.32
  [ 11.5%] Step 14,400 | Loss: 1.1936 | PPL: 3.30
  [ 13.0%] Step 14,500 | Loss: 1.1975 | PPL: 3.31
  [ 14.4%] Step 14,600 | Loss: 1.1968 | PPL: 3.31
  [ 15.9%] Step 14,700 | Loss: 1.1985 | PPL: 3.32
  [ 17.4%] Step 14,800 | Loss: 1.1966 | PPL: 3.31
  [ 18.8%] Step 14,900 | Loss: 1.1927 | PPL: 3.30
  [ 20.3%] Step 15,000 | Loss: 1.1905 | PPL: 3.29
  [ 21.8%] Step 15,100 | Loss: 1.1893 | PPL: 3.28
  [ 23.2%] Step 15,200 | Loss: 1.1911 | PPL: 3.29
  [ 24.7%] Step 15,300 | Loss: 1.1842 | PPL: 3.27
  [ 26.2%] Step 15,400 | Loss: 1.1860 | PPL: 3.27
  [ 27.6%] Step 15,500 | Loss: 1.1848 | PPL: 3.27
  [ 29.1%] Step 15,600 | Loss: 1.1850 | PPL: 3.27
  [ 30.6%] Step 15,700 | Loss: 1.1817 | PPL: 3.26
  [ 32.0%] Step 15,800 | Loss: 1.1811 | PPL: 3.26
  [ 33.5%] Step 15,900 | Loss: 1.1801 | PPL: 3.25
  [ 35.0%] Step 16,000 | Loss: 1.1769 | PPL: 3.24
  [ 36.5%] Step 16,100 | Loss: 1.1739 | PPL: 3.23
  [ 37.9%] Step 16,200 | Loss: 1.1725 | PPL: 3.23
  [ 39.4%] Step 16,300 | Loss: 1.1719 | PPL: 3.23
  [ 40.9%] Step 16,400 | Loss: 1.1740 | PPL: 3.24
  [ 42.3%] Step 16,500 | Loss: 1.1739 | PPL: 3.23
  [ 43.8%] Step 16,600 | Loss: 1.1712 | PPL: 3.23
  [ 45.3%] Step 16,700 | Loss: 1.1695 | PPL: 3.22
  [ 46.7%] Step 16,800 | Loss: 1.1682 | PPL: 3.22
  [ 48.2%] Step 16,900 | Loss: 1.1642 | PPL: 3.20
  [ 49.7%] Step 17,000 | Loss: 1.1665 | PPL: 3.21
  [ 51.1%] Step 17,100 | Loss: 1.1679 | PPL: 3.22
  [ 52.6%] Step 17,200 | Loss: 1.1643 | PPL: 3.20
  [ 54.1%] Step 17,300 | Loss: 1.1642 | PPL: 3.20
  [ 55.5%] Step 17,400 | Loss: 1.1599 | PPL: 3.19
  [ 57.0%] Step 17,500 | Loss: 1.1606 | PPL: 3.19
  [ 58.5%] Step 17,600 | Loss: 1.1648 | PPL: 3.21
  [ 60.0%] Step 17,700 | Loss: 1.1596 | PPL: 3.19
  [ 61.4%] Step 17,800 | Loss: 1.1565 | PPL: 3.18
  [ 62.9%] Step 17,900 | Loss: 1.1564 | PPL: 3.18
  [ 64.4%] Step 18,000 | Loss: 1.1530 | PPL: 3.17
  [ 65.8%] Step 18,100 | Loss: 1.1523 | PPL: 3.17
  [ 67.3%] Step 18,200 | Loss: 1.1504 | PPL: 3.16
  [ 68.8%] Step 18,300 | Loss: 1.1526 | PPL: 3.17
  [ 70.2%] Step 18,400 | Loss: 1.1491 | PPL: 3.16
  [ 71.7%] Step 18,500 | Loss: 1.1501 | PPL: 3.16
  [ 73.2%] Step 18,600 | Loss: 1.1450 | PPL: 3.14
  [ 74.6%] Step 18,700 | Loss: 1.1483 | PPL: 3.15
  [ 76.1%] Step 18,800 | Loss: 1.1465 | PPL: 3.15
  [ 77.6%] Step 18,900 | Loss: 1.1442 | PPL: 3.14
  [ 79.0%] Step 19,000 | Loss: 1.1435 | PPL: 3.14
  [ 80.5%] Step 19,100 | Loss: 1.1396 | PPL: 3.13
  [ 82.0%] Step 19,200 | Loss: 1.1434 | PPL: 3.14
  [ 83.4%] Step 19,300 | Loss: 1.1409 | PPL: 3.13
  [ 84.9%] Step 19,400 | Loss: 1.1370 | PPL: 3.12
  [ 86.4%] Step 19,500 | Loss: 1.1411 | PPL: 3.13
  [ 87.9%] Step 19,600 | Loss: 1.1359 | PPL: 3.11
  [ 89.3%] Step 19,700 | Loss: 1.1382 | PPL: 3.12
  [ 90.8%] Step 19,800 | Loss: 1.1371 | PPL: 3.12
  [ 92.3%] Step 19,900 | Loss: 1.1388 | PPL: 3.12
  [ 93.7%] Step 20,000 | Loss: 1.1335 | PPL: 3.11
  [ 95.2%] Step 20,100 | Loss: 1.1344 | PPL: 3.11
  [ 96.7%] Step 20,200 | Loss: 1.1331 | PPL: 3.11
  [ 98.1%] Step 20,300 | Loss: 1.1300 | PPL: 3.10
  [ 99.6%] Step 20,400 | Loss: 1.1298 | PPL: 3.10
  [100.0%] Step 20,427 | Loss: 1.1363 | PPL: 3.12
[Epoch 3/3] Validating...
[Epoch 3/3] Loss: 1.2902 | PPL: 3.63
  -> Saved best model to checkpoints_pilot_b\ky_best.pt
============================================================
Training complete. Running final evaluation...
============================================================

Final Test Loss: 1.3287 | Test PPL: 3.78
Done!
--- b/ky end rc=0 Fri Aug 14 19:55:46 PDT 2026 ---
--- b/uz start Fri Aug 14 19:55:46 PDT 2026 ---
Loading data from corpora_pilot_b\oscar_uz_ipa.txt...
  Loaded: 2,401,712 chars total
  Train: 1,681,198 chars
  Val: 360,257 chars
  Test: 360,257 chars
Building vocab from training text...
  Vocab size: 43
============================================================
Training config
============================================================
  Language: Uzbek (uz)
  Mode: Train from scratch
  Device: cuda
  Batch size: 256
  Workers: 0
  Pin memory: True
  Epochs: 3
  LR: 0.0001
  Seed: 1234
  Freeze embed: False
  Output: checkpoints_pilot_b\uz_best.pt
Creating data loaders...
  Train batches: 6,567
  Val batches: 1,407

Model config
  Device: cuda
  Embed dim: 128
  Hidden dim: 256
  Layers: 2
  Parameters: 938,155
  Optimizer: Adam (lr=0.0001)
============================================================
Starting training: 3 epochs, 6567 batches/epoch
============================================================
[Epoch 1/3] Starting...
  [  1.5%] Step 100 | Loss: 3.3102 | PPL: 27.39
  [  3.0%] Step 200 | Loss: 2.8753 | PPL: 17.73
  [  4.6%] Step 300 | Loss: 2.5614 | PPL: 12.95
  [  6.1%] Step 400 | Loss: 2.4175 | PPL: 11.22
  [  7.6%] Step 500 | Loss: 2.3304 | PPL: 10.28
  [  9.1%] Step 600 | Loss: 2.2672 | PPL: 9.65
  [ 10.7%] Step 700 | Loss: 2.2134 | PPL: 9.15
  [ 12.2%] Step 800 | Loss: 2.1667 | PPL: 8.73
  [ 13.7%] Step 900 | Loss: 2.1259 | PPL: 8.38
  [ 15.2%] Step 1,000 | Loss: 2.0879 | PPL: 8.07
  [ 16.8%] Step 1,100 | Loss: 2.0551 | PPL: 7.81
  [ 18.3%] Step 1,200 | Loss: 2.0229 | PPL: 7.56
  [ 19.8%] Step 1,300 | Loss: 1.9913 | PPL: 7.33
  [ 21.3%] Step 1,400 | Loss: 1.9638 | PPL: 7.13
  [ 22.8%] Step 1,500 | Loss: 1.9361 | PPL: 6.93
  [ 24.4%] Step 1,600 | Loss: 1.9155 | PPL: 6.79
  [ 25.9%] Step 1,700 | Loss: 1.8926 | PPL: 6.64
  [ 27.4%] Step 1,800 | Loss: 1.8733 | PPL: 6.51
  [ 28.9%] Step 1,900 | Loss: 1.8514 | PPL: 6.37
  [ 30.5%] Step 2,000 | Loss: 1.8324 | PPL: 6.25
  [ 32.0%] Step 2,100 | Loss: 1.8162 | PPL: 6.15
  [ 33.5%] Step 2,200 | Loss: 1.7998 | PPL: 6.05
  [ 35.0%] Step 2,300 | Loss: 1.7856 | PPL: 5.96
  [ 36.5%] Step 2,400 | Loss: 1.7691 | PPL: 5.87
  [ 38.1%] Step 2,500 | Loss: 1.7570 | PPL: 5.80
  [ 39.6%] Step 2,600 | Loss: 1.7432 | PPL: 5.72
  [ 41.1%] Step 2,700 | Loss: 1.7318 | PPL: 5.65
  [ 42.6%] Step 2,800 | Loss: 1.7154 | PPL: 5.56
  [ 44.2%] Step 2,900 | Loss: 1.7062 | PPL: 5.51
  [ 45.7%] Step 3,000 | Loss: 1.6973 | PPL: 5.46
  [ 47.2%] Step 3,100 | Loss: 1.6869 | PPL: 5.40
  [ 48.7%] Step 3,200 | Loss: 1.6735 | PPL: 5.33
  [ 50.3%] Step 3,300 | Loss: 1.6660 | PPL: 5.29
  [ 51.8%] Step 3,400 | Loss: 1.6600 | PPL: 5.26
  [ 53.3%] Step 3,500 | Loss: 1.6485 | PPL: 5.20
  [ 54.8%] Step 3,600 | Loss: 1.6407 | PPL: 5.16
  [ 56.3%] Step 3,700 | Loss: 1.6319 | PPL: 5.11
  [ 57.9%] Step 3,800 | Loss: 1.6260 | PPL: 5.08
  [ 59.4%] Step 3,900 | Loss: 1.6186 | PPL: 5.05
  [ 60.9%] Step 4,000 | Loss: 1.6128 | PPL: 5.02
  [ 62.4%] Step 4,100 | Loss: 1.6058 | PPL: 4.98
  [ 64.0%] Step 4,200 | Loss: 1.5984 | PPL: 4.94
  [ 65.5%] Step 4,300 | Loss: 1.5902 | PPL: 4.90
  [ 67.0%] Step 4,400 | Loss: 1.5847 | PPL: 4.88
  [ 68.5%] Step 4,500 | Loss: 1.5782 | PPL: 4.85
  [ 70.0%] Step 4,600 | Loss: 1.5729 | PPL: 4.82
  [ 71.6%] Step 4,700 | Loss: 1.5664 | PPL: 4.79
  [ 73.1%] Step 4,800 | Loss: 1.5639 | PPL: 4.78
  [ 74.6%] Step 4,900 | Loss: 1.5574 | PPL: 4.75
  [ 76.1%] Step 5,000 | Loss: 1.5492 | PPL: 4.71
  [ 77.7%] Step 5,100 | Loss: 1.5437 | PPL: 4.68
  [ 79.2%] Step 5,200 | Loss: 1.5396 | PPL: 4.66
  [ 80.7%] Step 5,300 | Loss: 1.5383 | PPL: 4.66
  [ 82.2%] Step 5,400 | Loss: 1.5280 | PPL: 4.61
  [ 83.8%] Step 5,500 | Loss: 1.5238 | PPL: 4.59
  [ 85.3%] Step 5,600 | Loss: 1.5183 | PPL: 4.56
  [ 86.8%] Step 5,700 | Loss: 1.5167 | PPL: 4.56
  [ 88.3%] Step 5,800 | Loss: 1.5108 | PPL: 4.53
  [ 89.8%] Step 5,900 | Loss: 1.5046 | PPL: 4.50
  [ 91.4%] Step 6,000 | Loss: 1.5017 | PPL: 4.49
  [ 92.9%] Step 6,100 | Loss: 1.4995 | PPL: 4.48
  [ 94.4%] Step 6,200 | Loss: 1.4964 | PPL: 4.47
  [ 95.9%] Step 6,300 | Loss: 1.4891 | PPL: 4.43
  [ 97.5%] Step 6,400 | Loss: 1.4830 | PPL: 4.41
  [ 99.0%] Step 6,500 | Loss: 1.4858 | PPL: 4.42
  [100.0%] Step 6,567 | Loss: 1.4788 | PPL: 4.39
[Epoch 1/3] Validating...
[Epoch 1/3] Loss: 1.5784 | PPL: 4.85
  -> Saved best model to checkpoints_pilot_b\uz_best.pt
[Epoch 2/3] Starting...
  [  0.5%] Step 6,600 | Loss: 1.4769 | PPL: 4.38
  [  2.0%] Step 6,700 | Loss: 1.4738 | PPL: 4.37
  [  3.5%] Step 6,800 | Loss: 1.4723 | PPL: 4.36
  [  5.1%] Step 6,900 | Loss: 1.4705 | PPL: 4.35
  [  6.6%] Step 7,000 | Loss: 1.4655 | PPL: 4.33
  [  8.1%] Step 7,100 | Loss: 1.4640 | PPL: 4.32
  [  9.6%] Step 7,200 | Loss: 1.4600 | PPL: 4.31
  [ 11.2%] Step 7,300 | Loss: 1.4564 | PPL: 4.29
  [ 12.7%] Step 7,400 | Loss: 1.4551 | PPL: 4.28
  [ 14.2%] Step 7,500 | Loss: 1.4462 | PPL: 4.25
  [ 15.7%] Step 7,600 | Loss: 1.4466 | PPL: 4.25
  [ 17.3%] Step 7,700 | Loss: 1.4449 | PPL: 4.24
  [ 18.8%] Step 7,800 | Loss: 1.4383 | PPL: 4.21
  [ 20.3%] Step 7,900 | Loss: 1.4338 | PPL: 4.19
  [ 21.8%] Step 8,000 | Loss: 1.4281 | PPL: 4.17
  [ 23.3%] Step 8,100 | Loss: 1.4262 | PPL: 4.16
  [ 24.9%] Step 8,200 | Loss: 1.4303 | PPL: 4.18
  [ 26.4%] Step 8,300 | Loss: 1.4234 | PPL: 4.15
  [ 27.9%] Step 8,400 | Loss: 1.4228 | PPL: 4.15
  [ 29.4%] Step 8,500 | Loss: 1.4223 | PPL: 4.15
  [ 31.0%] Step 8,600 | Loss: 1.4152 | PPL: 4.12
  [ 32.5%] Step 8,700 | Loss: 1.4138 | PPL: 4.11
  [ 34.0%] Step 8,800 | Loss: 1.4125 | PPL: 4.11
  [ 35.5%] Step 8,900 | Loss: 1.4025 | PPL: 4.07
  [ 37.0%] Step 9,000 | Loss: 1.4079 | PPL: 4.09
  [ 38.6%] Step 9,100 | Loss: 1.4011 | PPL: 4.06
  [ 40.1%] Step 9,200 | Loss: 1.3998 | PPL: 4.05
  [ 41.6%] Step 9,300 | Loss: 1.4004 | PPL: 4.06
  [ 43.1%] Step 9,400 | Loss: 1.3964 | PPL: 4.04
  [ 44.7%] Step 9,500 | Loss: 1.3947 | PPL: 4.03
  [ 46.2%] Step 9,600 | Loss: 1.3887 | PPL: 4.01
  [ 47.7%] Step 9,700 | Loss: 1.3840 | PPL: 3.99
  [ 49.2%] Step 9,800 | Loss: 1.3885 | PPL: 4.01
  [ 50.8%] Step 9,900 | Loss: 1.3872 | PPL: 4.00
  [ 52.3%] Step 10,000 | Loss: 1.3797 | PPL: 3.97
  [ 53.8%] Step 10,100 | Loss: 1.3809 | PPL: 3.98
  [ 55.3%] Step 10,200 | Loss: 1.3765 | PPL: 3.96
  [ 56.8%] Step 10,300 | Loss: 1.3760 | PPL: 3.96
  [ 58.4%] Step 10,400 | Loss: 1.3764 | PPL: 3.96
  [ 59.9%] Step 10,500 | Loss: 1.3723 | PPL: 3.94
  [ 61.4%] Step 10,600 | Loss: 1.3699 | PPL: 3.93
  [ 62.9%] Step 10,700 | Loss: 1.3657 | PPL: 3.92
  [ 64.5%] Step 10,800 | Loss: 1.3640 | PPL: 3.91
  [ 66.0%] Step 10,900 | Loss: 1.3618 | PPL: 3.90
  [ 67.5%] Step 11,000 | Loss: 1.3592 | PPL: 3.89
  [ 69.0%] Step 11,100 | Loss: 1.3570 | PPL: 3.88
  [ 70.5%] Step 11,200 | Loss: 1.3557 | PPL: 3.88
  [ 72.1%] Step 11,300 | Loss: 1.3526 | PPL: 3.87
  [ 73.6%] Step 11,400 | Loss: 1.3538 | PPL: 3.87
  [ 75.1%] Step 11,500 | Loss: 1.3494 | PPL: 3.85
  [ 76.6%] Step 11,600 | Loss: 1.3514 | PPL: 3.86
  [ 78.2%] Step 11,700 | Loss: 1.3423 | PPL: 3.83
  [ 79.7%] Step 11,800 | Loss: 1.3447 | PPL: 3.84
  [ 81.2%] Step 11,900 | Loss: 1.3435 | PPL: 3.83
  [ 82.7%] Step 12,000 | Loss: 1.3429 | PPL: 3.83
  [ 84.3%] Step 12,100 | Loss: 1.3383 | PPL: 3.81
  [ 85.8%] Step 12,200 | Loss: 1.3355 | PPL: 3.80
  [ 87.3%] Step 12,300 | Loss: 1.3346 | PPL: 3.80
  [ 88.8%] Step 12,400 | Loss: 1.3319 | PPL: 3.79
  [ 90.3%] Step 12,500 | Loss: 1.3307 | PPL: 3.78
  [ 91.9%] Step 12,600 | Loss: 1.3300 | PPL: 3.78
  [ 93.4%] Step 12,700 | Loss: 1.3291 | PPL: 3.78
  [ 94.9%] Step 12,800 | Loss: 1.3274 | PPL: 3.77
  [ 96.4%] Step 12,900 | Loss: 1.3256 | PPL: 3.76
  [ 98.0%] Step 13,000 | Loss: 1.3240 | PPL: 3.76
  [ 99.5%] Step 13,100 | Loss: 1.3184 | PPL: 3.74
  [100.0%] Step 13,134 | Loss: 1.3202 | PPL: 3.74
[Epoch 2/3] Validating...
[Epoch 2/3] Loss: 1.4814 | PPL: 4.40
  -> Saved best model to checkpoints_pilot_b\uz_best.pt
[Epoch 3/3] Starting...
  [  1.0%] Step 13,200 | Loss: 1.3233 | PPL: 3.76
  [  2.5%] Step 13,300 | Loss: 1.3178 | PPL: 3.74
  [  4.1%] Step 13,400 | Loss: 1.3195 | PPL: 3.74
  [  5.6%] Step 13,500 | Loss: 1.3143 | PPL: 3.72
  [  7.1%] Step 13,600 | Loss: 1.3149 | PPL: 3.72
  [  8.6%] Step 13,700 | Loss: 1.3112 | PPL: 3.71
  [ 10.1%] Step 13,800 | Loss: 1.3091 | PPL: 3.70
  [ 11.7%] Step 13,900 | Loss: 1.3105 | PPL: 3.71
  [ 13.2%] Step 14,000 | Loss: 1.3076 | PPL: 3.70
  [ 14.7%] Step 14,100 | Loss: 1.3075 | PPL: 3.70
  [ 16.2%] Step 14,200 | Loss: 1.3021 | PPL: 3.68
  [ 17.8%] Step 14,300 | Loss: 1.3017 | PPL: 3.68
  [ 19.3%] Step 14,400 | Loss: 1.2986 | PPL: 3.66
  [ 20.8%] Step 14,500 | Loss: 1.3062 | PPL: 3.69
  [ 22.3%] Step 14,600 | Loss: 1.2965 | PPL: 3.66
  [ 23.8%] Step 14,700 | Loss: 1.3022 | PPL: 3.68
  [ 25.4%] Step 14,800 | Loss: 1.3006 | PPL: 3.67
  [ 26.9%] Step 14,900 | Loss: 1.2903 | PPL: 3.63
  [ 28.4%] Step 15,000 | Loss: 1.2954 | PPL: 3.65
  [ 29.9%] Step 15,100 | Loss: 1.2938 | PPL: 3.65
  [ 31.5%] Step 15,200 | Loss: 1.2925 | PPL: 3.64
  [ 33.0%] Step 15,300 | Loss: 1.2914 | PPL: 3.64
  [ 34.5%] Step 15,400 | Loss: 1.2854 | PPL: 3.62
  [ 36.0%] Step 15,500 | Loss: 1.2888 | PPL: 3.63
  [ 37.6%] Step 15,600 | Loss: 1.2854 | PPL: 3.62
  [ 39.1%] Step 15,700 | Loss: 1.2835 | PPL: 3.61
  [ 40.6%] Step 15,800 | Loss: 1.2817 | PPL: 3.60
  [ 42.1%] Step 15,900 | Loss: 1.2800 | PPL: 3.60
  [ 43.6%] Step 16,000 | Loss: 1.2830 | PPL: 3.61
  [ 45.2%] Step 16,100 | Loss: 1.2797 | PPL: 3.60
  [ 46.7%] Step 16,200 | Loss: 1.2810 | PPL: 3.60
  [ 48.2%] Step 16,300 | Loss: 1.2761 | PPL: 3.58
  [ 49.7%] Step 16,400 | Loss: 1.2767 | PPL: 3.58
  [ 51.3%] Step 16,500 | Loss: 1.2760 | PPL: 3.58
  [ 52.8%] Step 16,600 | Loss: 1.2727 | PPL: 3.57
  [ 54.3%] Step 16,700 | Loss: 1.2702 | PPL: 3.56
  [ 55.8%] Step 16,800 | Loss: 1.2762 | PPL: 3.58
  [ 57.3%] Step 16,900 | Loss: 1.2710 | PPL: 3.56
  [ 58.9%] Step 17,000 | Loss: 1.2706 | PPL: 3.56
  [ 60.4%] Step 17,100 | Loss: 1.2688 | PPL: 3.56
  [ 61.9%] Step 17,200 | Loss: 1.2644 | PPL: 3.54
  [ 63.4%] Step 17,300 | Loss: 1.2671 | PPL: 3.55
  [ 65.0%] Step 17,400 | Loss: 1.2685 | PPL: 3.56
  [ 66.5%] Step 17,500 | Loss: 1.2600 | PPL: 3.53
  [ 68.0%] Step 17,600 | Loss: 1.2623 | PPL: 3.53
  [ 69.5%] Step 17,700 | Loss: 1.2638 | PPL: 3.54
  [ 71.1%] Step 17,800 | Loss: 1.2597 | PPL: 3.52
  [ 72.6%] Step 17,900 | Loss: 1.2598 | PPL: 3.52
  [ 74.1%] Step 18,000 | Loss: 1.2571 | PPL: 3.52
  [ 75.6%] Step 18,100 | Loss: 1.2567 | PPL: 3.51
  [ 77.1%] Step 18,200 | Loss: 1.2568 | PPL: 3.51
  [ 78.7%] Step 18,300 | Loss: 1.2525 | PPL: 3.50
  [ 80.2%] Step 18,400 | Loss: 1.2589 | PPL: 3.52
  [ 81.7%] Step 18,500 | Loss: 1.2492 | PPL: 3.49
  [ 83.2%] Step 18,600 | Loss: 1.2495 | PPL: 3.49
  [ 84.8%] Step 18,700 | Loss: 1.2508 | PPL: 3.49
  [ 86.3%] Step 18,800 | Loss: 1.2526 | PPL: 3.50
  [ 87.8%] Step 18,900 | Loss: 1.2504 | PPL: 3.49
  [ 89.3%] Step 19,000 | Loss: 1.2473 | PPL: 3.48
  [ 90.8%] Step 19,100 | Loss: 1.2471 | PPL: 3.48
  [ 92.4%] Step 19,200 | Loss: 1.2432 | PPL: 3.47
  [ 93.9%] Step 19,300 | Loss: 1.2446 | PPL: 3.47
  [ 95.4%] Step 19,400 | Loss: 1.2455 | PPL: 3.47
  [ 96.9%] Step 19,500 | Loss: 1.2405 | PPL: 3.46
  [ 98.5%] Step 19,600 | Loss: 1.2448 | PPL: 3.47
  [100.0%] Step 19,700 | Loss: 1.2440 | PPL: 3.47
  [100.0%] Step 19,701 | Loss: 1.1904 | PPL: 3.29
[Epoch 3/3] Validating...
[Epoch 3/3] Loss: 1.4486 | PPL: 4.26
  -> Saved best model to checkpoints_pilot_b\uz_best.pt
============================================================
Training complete. Running final evaluation...
============================================================

Final Test Loss: 1.4499 | Test PPL: 4.26
Done!
--- b/uz end rc=0 Fri Aug 14 20:12:40 PDT 2026 ---
--- b/ug start Fri Aug 14 20:12:40 PDT 2026 ---
Loading data from corpora_pilot_b\oscar_ug_ipa.txt...
  Loaded: 2,495,516 chars total
  Train: 1,746,861 chars
  Val: 374,327 chars
  Test: 374,328 chars
Building vocab from training text...
  Vocab size: 45
============================================================
Training config
============================================================
  Language: Uyghur (ug)
  Mode: Train from scratch
  Device: cuda
  Batch size: 256
  Workers: 0
  Pin memory: True
  Epochs: 3
  LR: 0.0001
  Seed: 1234
  Freeze embed: False
  Output: checkpoints_pilot_b\ug_best.pt
Creating data loaders...
  Train batches: 6,824
  Val batches: 1,462

Model config
  Device: cuda
  Embed dim: 128
  Hidden dim: 256
  Layers: 2
  Parameters: 938,925
  Optimizer: Adam (lr=0.0001)
============================================================
Starting training: 3 epochs, 6824 batches/epoch
============================================================
[Epoch 1/3] Starting...
  [  1.5%] Step 100 | Loss: 3.3657 | PPL: 28.95
  [  2.9%] Step 200 | Loss: 2.9647 | PPL: 19.39
  [  4.4%] Step 300 | Loss: 2.6462 | PPL: 14.10
  [  5.9%] Step 400 | Loss: 2.4903 | PPL: 12.06
  [  7.3%] Step 500 | Loss: 2.4052 | PPL: 11.08
  [  8.8%] Step 600 | Loss: 2.3415 | PPL: 10.40
  [ 10.3%] Step 700 | Loss: 2.2920 | PPL: 9.89
  [ 11.7%] Step 800 | Loss: 2.2496 | PPL: 9.48
  [ 13.2%] Step 900 | Loss: 2.2077 | PPL: 9.09
  [ 14.7%] Step 1,000 | Loss: 2.1682 | PPL: 8.74
  [ 16.1%] Step 1,100 | Loss: 2.1339 | PPL: 8.45
  [ 17.6%] Step 1,200 | Loss: 2.0992 | PPL: 8.16
  [ 19.1%] Step 1,300 | Loss: 2.0672 | PPL: 7.90
  [ 20.5%] Step 1,400 | Loss: 2.0360 | PPL: 7.66
  [ 22.0%] Step 1,500 | Loss: 2.0096 | PPL: 7.46
  [ 23.4%] Step 1,600 | Loss: 1.9859 | PPL: 7.29
  [ 24.9%] Step 1,700 | Loss: 1.9600 | PPL: 7.10
  [ 26.4%] Step 1,800 | Loss: 1.9389 | PPL: 6.95
  [ 27.8%] Step 1,900 | Loss: 1.9167 | PPL: 6.80
  [ 29.3%] Step 2,000 | Loss: 1.8999 | PPL: 6.69
  [ 30.8%] Step 2,100 | Loss: 1.8773 | PPL: 6.54
  [ 32.2%] Step 2,200 | Loss: 1.8602 | PPL: 6.43
  [ 33.7%] Step 2,300 | Loss: 1.8447 | PPL: 6.33
  [ 35.2%] Step 2,400 | Loss: 1.8275 | PPL: 6.22
  [ 36.6%] Step 2,500 | Loss: 1.8097 | PPL: 6.11
  [ 38.1%] Step 2,600 | Loss: 1.7976 | PPL: 6.04
  [ 39.6%] Step 2,700 | Loss: 1.7823 | PPL: 5.94
  [ 41.0%] Step 2,800 | Loss: 1.7650 | PPL: 5.84
  [ 42.5%] Step 2,900 | Loss: 1.7539 | PPL: 5.78
  [ 44.0%] Step 3,000 | Loss: 1.7450 | PPL: 5.73
  [ 45.4%] Step 3,100 | Loss: 1.7334 | PPL: 5.66
  [ 46.9%] Step 3,200 | Loss: 1.7222 | PPL: 5.60
  [ 48.4%] Step 3,300 | Loss: 1.7077 | PPL: 5.52
  [ 49.8%] Step 3,400 | Loss: 1.6990 | PPL: 5.47
  [ 51.3%] Step 3,500 | Loss: 1.6860 | PPL: 5.40
  [ 52.8%] Step 3,600 | Loss: 1.6802 | PPL: 5.37
  [ 54.2%] Step 3,700 | Loss: 1.6681 | PPL: 5.30
  [ 55.7%] Step 3,800 | Loss: 1.6588 | PPL: 5.25
  [ 57.2%] Step 3,900 | Loss: 1.6507 | PPL: 5.21
  [ 58.6%] Step 4,000 | Loss: 1.6446 | PPL: 5.18
  [ 60.1%] Step 4,100 | Loss: 1.6373 | PPL: 5.14
  [ 61.5%] Step 4,200 | Loss: 1.6268 | PPL: 5.09
  [ 63.0%] Step 4,300 | Loss: 1.6214 | PPL: 5.06
  [ 64.5%] Step 4,400 | Loss: 1.6147 | PPL: 5.03
  [ 65.9%] Step 4,500 | Loss: 1.6013 | PPL: 4.96
  [ 67.4%] Step 4,600 | Loss: 1.5967 | PPL: 4.94
  [ 68.9%] Step 4,700 | Loss: 1.5920 | PPL: 4.91
  [ 70.3%] Step 4,800 | Loss: 1.5849 | PPL: 4.88
  [ 71.8%] Step 4,900 | Loss: 1.5791 | PPL: 4.85
  [ 73.3%] Step 5,000 | Loss: 1.5716 | PPL: 4.81
  [ 74.7%] Step 5,100 | Loss: 1.5625 | PPL: 4.77
  [ 76.2%] Step 5,200 | Loss: 1.5551 | PPL: 4.74
  [ 77.7%] Step 5,300 | Loss: 1.5549 | PPL: 4.73
  [ 79.1%] Step 5,400 | Loss: 1.5443 | PPL: 4.68
  [ 80.6%] Step 5,500 | Loss: 1.5407 | PPL: 4.67
  [ 82.1%] Step 5,600 | Loss: 1.5369 | PPL: 4.65
  [ 83.5%] Step 5,700 | Loss: 1.5315 | PPL: 4.63
  [ 85.0%] Step 5,800 | Loss: 1.5212 | PPL: 4.58
  [ 86.5%] Step 5,900 | Loss: 1.5169 | PPL: 4.56
  [ 87.9%] Step 6,000 | Loss: 1.5117 | PPL: 4.53
  [ 89.4%] Step 6,100 | Loss: 1.5114 | PPL: 4.53
  [ 90.9%] Step 6,200 | Loss: 1.5051 | PPL: 4.50
  [ 92.3%] Step 6,300 | Loss: 1.4968 | PPL: 4.47
  [ 93.8%] Step 6,400 | Loss: 1.4948 | PPL: 4.46
  [ 95.3%] Step 6,500 | Loss: 1.4913 | PPL: 4.44
  [ 96.7%] Step 6,600 | Loss: 1.4848 | PPL: 4.41
  [ 98.2%] Step 6,700 | Loss: 1.4816 | PPL: 4.40
  [ 99.6%] Step 6,800 | Loss: 1.4768 | PPL: 4.38
  [100.0%] Step 6,824 | Loss: 1.4669 | PPL: 4.34
[Epoch 1/3] Validating...
[Epoch 1/3] Loss: 1.5346 | PPL: 4.64
  -> Saved best model to checkpoints_pilot_b\ug_best.pt
[Epoch 2/3] Starting...
  [  1.1%] Step 6,900 | Loss: 1.4709 | PPL: 4.35
  [  2.6%] Step 7,000 | Loss: 1.4643 | PPL: 4.32
  [  4.0%] Step 7,100 | Loss: 1.4589 | PPL: 4.30
  [  5.5%] Step 7,200 | Loss: 1.4576 | PPL: 4.30
  [  7.0%] Step 7,300 | Loss: 1.4527 | PPL: 4.27
  [  8.4%] Step 7,400 | Loss: 1.4458 | PPL: 4.25
  [  9.9%] Step 7,500 | Loss: 1.4444 | PPL: 4.24
  [ 11.4%] Step 7,600 | Loss: 1.4389 | PPL: 4.22
  [ 12.8%] Step 7,700 | Loss: 1.4430 | PPL: 4.23
  [ 14.3%] Step 7,800 | Loss: 1.4389 | PPL: 4.22
  [ 15.8%] Step 7,900 | Loss: 1.4313 | PPL: 4.18
  [ 17.2%] Step 8,000 | Loss: 1.4300 | PPL: 4.18
  [ 18.7%] Step 8,100 | Loss: 1.4244 | PPL: 4.16
  [ 20.2%] Step 8,200 | Loss: 1.4210 | PPL: 4.14
  [ 21.6%] Step 8,300 | Loss: 1.4221 | PPL: 4.15
  [ 23.1%] Step 8,400 | Loss: 1.4126 | PPL: 4.11
  [ 24.6%] Step 8,500 | Loss: 1.4131 | PPL: 4.11
  [ 26.0%] Step 8,600 | Loss: 1.4099 | PPL: 4.10
  [ 27.5%] Step 8,700 | Loss: 1.4085 | PPL: 4.09
  [ 29.0%] Step 8,800 | Loss: 1.4039 | PPL: 4.07
  [ 30.4%] Step 8,900 | Loss: 1.3987 | PPL: 4.05
  [ 31.9%] Step 9,000 | Loss: 1.3957 | PPL: 4.04
  [ 33.4%] Step 9,100 | Loss: 1.3901 | PPL: 4.02
  [ 34.8%] Step 9,200 | Loss: 1.3891 | PPL: 4.01
  [ 36.3%] Step 9,300 | Loss: 1.3837 | PPL: 3.99
  [ 37.7%] Step 9,400 | Loss: 1.3834 | PPL: 3.99
  [ 39.2%] Step 9,500 | Loss: 1.3798 | PPL: 3.97
  [ 40.7%] Step 9,600 | Loss: 1.3774 | PPL: 3.96
  [ 42.1%] Step 9,700 | Loss: 1.3763 | PPL: 3.96
  [ 43.6%] Step 9,800 | Loss: 1.3716 | PPL: 3.94
  [ 45.1%] Step 9,900 | Loss: 1.3727 | PPL: 3.95
  [ 46.5%] Step 10,000 | Loss: 1.3684 | PPL: 3.93
  [ 48.0%] Step 10,100 | Loss: 1.3680 | PPL: 3.93
  [ 49.5%] Step 10,200 | Loss: 1.3642 | PPL: 3.91
  [ 50.9%] Step 10,300 | Loss: 1.3599 | PPL: 3.90
  [ 52.4%] Step 10,400 | Loss: 1.3555 | PPL: 3.88
  [ 53.9%] Step 10,500 | Loss: 1.3549 | PPL: 3.88
  [ 55.3%] Step 10,600 | Loss: 1.3500 | PPL: 3.86
  [ 56.8%] Step 10,700 | Loss: 1.3487 | PPL: 3.85
  [ 58.3%] Step 10,800 | Loss: 1.3455 | PPL: 3.84
  [ 59.7%] Step 10,900 | Loss: 1.3452 | PPL: 3.84
  [ 61.2%] Step 11,000 | Loss: 1.3404 | PPL: 3.82
  [ 62.7%] Step 11,100 | Loss: 1.3405 | PPL: 3.82
  [ 64.1%] Step 11,200 | Loss: 1.3376 | PPL: 3.81
  [ 65.6%] Step 11,300 | Loss: 1.3354 | PPL: 3.80
  [ 67.1%] Step 11,400 | Loss: 1.3370 | PPL: 3.81
  [ 68.5%] Step 11,500 | Loss: 1.3343 | PPL: 3.80
  [ 70.0%] Step 11,600 | Loss: 1.3299 | PPL: 3.78
  [ 71.5%] Step 11,700 | Loss: 1.3244 | PPL: 3.76
  [ 72.9%] Step 11,800 | Loss: 1.3272 | PPL: 3.77
  [ 74.4%] Step 11,900 | Loss: 1.3202 | PPL: 3.74
  [ 75.8%] Step 12,000 | Loss: 1.3169 | PPL: 3.73
  [ 77.3%] Step 12,100 | Loss: 1.3212 | PPL: 3.75
  [ 78.8%] Step 12,200 | Loss: 1.3153 | PPL: 3.73
  [ 80.2%] Step 12,300 | Loss: 1.3114 | PPL: 3.71
  [ 81.7%] Step 12,400 | Loss: 1.3124 | PPL: 3.71
  [ 83.2%] Step 12,500 | Loss: 1.3126 | PPL: 3.72
  [ 84.6%] Step 12,600 | Loss: 1.3065 | PPL: 3.69
  [ 86.1%] Step 12,700 | Loss: 1.3015 | PPL: 3.67
  [ 87.6%] Step 12,800 | Loss: 1.3020 | PPL: 3.68
  [ 89.0%] Step 12,900 | Loss: 1.3016 | PPL: 3.68
  [ 90.5%] Step 13,000 | Loss: 1.2994 | PPL: 3.67
  [ 92.0%] Step 13,100 | Loss: 1.3000 | PPL: 3.67
  [ 93.4%] Step 13,200 | Loss: 1.2960 | PPL: 3.65
  [ 94.9%] Step 13,300 | Loss: 1.2936 | PPL: 3.65
  [ 96.4%] Step 13,400 | Loss: 1.2927 | PPL: 3.64
  [ 97.8%] Step 13,500 | Loss: 1.2937 | PPL: 3.65
  [ 99.3%] Step 13,600 | Loss: 1.2905 | PPL: 3.63
  [100.0%] Step 13,648 | Loss: 1.2833 | PPL: 3.61
[Epoch 2/3] Validating...
[Epoch 2/3] Loss: 1.4073 | PPL: 4.08
  -> Saved best model to checkpoints_pilot_b\ug_best.pt
[Epoch 3/3] Starting...
  [  0.8%] Step 13,700 | Loss: 1.2892 | PPL: 3.63
  [  2.2%] Step 13,800 | Loss: 1.2863 | PPL: 3.62
  [  3.7%] Step 13,900 | Loss: 1.2866 | PPL: 3.62
  [  5.2%] Step 14,000 | Loss: 1.2829 | PPL: 3.61
  [  6.6%] Step 14,100 | Loss: 1.2824 | PPL: 3.61
  [  8.1%] Step 14,200 | Loss: 1.2813 | PPL: 3.60
  [  9.6%] Step 14,300 | Loss: 1.2783 | PPL: 3.59
  [ 11.0%] Step 14,400 | Loss: 1.2721 | PPL: 3.57
  [ 12.5%] Step 14,500 | Loss: 1.2705 | PPL: 3.56
  [ 14.0%] Step 14,600 | Loss: 1.2738 | PPL: 3.57
  [ 15.4%] Step 14,700 | Loss: 1.2712 | PPL: 3.56
  [ 16.9%] Step 14,800 | Loss: 1.2675 | PPL: 3.55
  [ 18.3%] Step 14,900 | Loss: 1.2656 | PPL: 3.55
  [ 19.8%] Step 15,000 | Loss: 1.2644 | PPL: 3.54
  [ 21.3%] Step 15,100 | Loss: 1.2645 | PPL: 3.54
  [ 22.7%] Step 15,200 | Loss: 1.2612 | PPL: 3.53
  [ 24.2%] Step 15,300 | Loss: 1.2635 | PPL: 3.54
  [ 25.7%] Step 15,400 | Loss: 1.2532 | PPL: 3.50
  [ 27.1%] Step 15,500 | Loss: 1.2591 | PPL: 3.52
  [ 28.6%] Step 15,600 | Loss: 1.2574 | PPL: 3.52
  [ 30.1%] Step 15,700 | Loss: 1.2556 | PPL: 3.51
  [ 31.5%] Step 15,800 | Loss: 1.2534 | PPL: 3.50
  [ 33.0%] Step 15,900 | Loss: 1.2515 | PPL: 3.50
  [ 34.5%] Step 16,000 | Loss: 1.2514 | PPL: 3.50
  [ 35.9%] Step 16,100 | Loss: 1.2523 | PPL: 3.50
  [ 37.4%] Step 16,200 | Loss: 1.2546 | PPL: 3.51
  [ 38.9%] Step 16,300 | Loss: 1.2411 | PPL: 3.46
  [ 40.3%] Step 16,400 | Loss: 1.2460 | PPL: 3.48
  [ 41.8%] Step 16,500 | Loss: 1.2473 | PPL: 3.48
  [ 43.3%] Step 16,600 | Loss: 1.2431 | PPL: 3.47
  [ 44.7%] Step 16,700 | Loss: 1.2359 | PPL: 3.44
  [ 46.2%] Step 16,800 | Loss: 1.2359 | PPL: 3.44
  [ 47.7%] Step 16,900 | Loss: 1.2367 | PPL: 3.44
  [ 49.1%] Step 17,000 | Loss: 1.2338 | PPL: 3.43
  [ 50.6%] Step 17,100 | Loss: 1.2335 | PPL: 3.43
  [ 52.1%] Step 17,200 | Loss: 1.2335 | PPL: 3.43
  [ 53.5%] Step 17,300 | Loss: 1.2296 | PPL: 3.42
  [ 55.0%] Step 17,400 | Loss: 1.2341 | PPL: 3.44
  [ 56.4%] Step 17,500 | Loss: 1.2307 | PPL: 3.42
  [ 57.9%] Step 17,600 | Loss: 1.2315 | PPL: 3.43
  [ 59.4%] Step 17,700 | Loss: 1.2265 | PPL: 3.41
  [ 60.8%] Step 17,800 | Loss: 1.2246 | PPL: 3.40
  [ 62.3%] Step 17,900 | Loss: 1.2235 | PPL: 3.40
  [ 63.8%] Step 18,000 | Loss: 1.2222 | PPL: 3.39
  [ 65.2%] Step 18,100 | Loss: 1.2275 | PPL: 3.41
  [ 66.7%] Step 18,200 | Loss: 1.2217 | PPL: 3.39
  [ 68.2%] Step 18,300 | Loss: 1.2186 | PPL: 3.38
  [ 69.6%] Step 18,400 | Loss: 1.2146 | PPL: 3.37
  [ 71.1%] Step 18,500 | Loss: 1.2180 | PPL: 3.38
  [ 72.6%] Step 18,600 | Loss: 1.2152 | PPL: 3.37
  [ 74.0%] Step 18,700 | Loss: 1.2130 | PPL: 3.36
  [ 75.5%] Step 18,800 | Loss: 1.2141 | PPL: 3.37
  [ 77.0%] Step 18,900 | Loss: 1.2129 | PPL: 3.36
  [ 78.4%] Step 19,000 | Loss: 1.2122 | PPL: 3.36
  [ 79.9%] Step 19,100 | Loss: 1.2113 | PPL: 3.36
  [ 81.4%] Step 19,200 | Loss: 1.2076 | PPL: 3.35
  [ 82.8%] Step 19,300 | Loss: 1.2092 | PPL: 3.35
  [ 84.3%] Step 19,400 | Loss: 1.2047 | PPL: 3.34
  [ 85.8%] Step 19,500 | Loss: 1.2068 | PPL: 3.34
  [ 87.2%] Step 19,600 | Loss: 1.2073 | PPL: 3.34
  [ 88.7%] Step 19,700 | Loss: 1.2053 | PPL: 3.34
  [ 90.2%] Step 19,800 | Loss: 1.2014 | PPL: 3.32
  [ 91.6%] Step 19,900 | Loss: 1.2054 | PPL: 3.34
  [ 93.1%] Step 20,000 | Loss: 1.1999 | PPL: 3.32
  [ 94.5%] Step 20,100 | Loss: 1.1968 | PPL: 3.31
  [ 96.0%] Step 20,200 | Loss: 1.1959 | PPL: 3.31
  [ 97.5%] Step 20,300 | Loss: 1.1949 | PPL: 3.30
  [ 98.9%] Step 20,400 | Loss: 1.1938 | PPL: 3.30
  [100.0%] Step 20,472 | Loss: 1.1966 | PPL: 3.31
[Epoch 3/3] Validating...
[Epoch 3/3] Loss: 1.3655 | PPL: 3.92
  -> Saved best model to checkpoints_pilot_b\ug_best.pt
============================================================
Training complete. Running final evaluation...
============================================================

Final Test Loss: 1.2596 | Test PPL: 3.52
Done!
--- b/ug end rc=0 Fri Aug 14 20:26:33 PDT 2026 ---
--- b/fi start Fri Aug 14 20:26:33 PDT 2026 ---
Loading data from corpora_pilot_b\oscar_fi_ipa.txt...
  Loaded: 2,171,618 chars total
  Train: 1,520,132 chars
  Val: 325,743 chars
  Test: 325,743 chars
Building vocab from training text...
  Vocab size: 33
============================================================
Training config
============================================================
  Language: Finnish (fi)
  Mode: Train from scratch
  Device: cuda
  Batch size: 256
  Workers: 0
  Pin memory: True
  Epochs: 3
  LR: 0.0001
  Seed: 1234
  Freeze embed: False
  Output: checkpoints_pilot_b\fi_best.pt
Creating data loaders...
  Train batches: 5,938
  Val batches: 1,273

Model config
  Device: cuda
  Embed dim: 128
  Hidden dim: 256
  Layers: 2
  Parameters: 934,305
  Optimizer: Adam (lr=0.0001)
============================================================
Starting training: 3 epochs, 5938 batches/epoch
============================================================
[Epoch 1/3] Starting...
  [  1.7%] Step 100 | Loss: 3.1502 | PPL: 23.34
  [  3.4%] Step 200 | Loss: 2.7908 | PPL: 16.29
  [  5.1%] Step 300 | Loss: 2.4994 | PPL: 12.18
  [  6.7%] Step 400 | Loss: 2.3518 | PPL: 10.50
  [  8.4%] Step 500 | Loss: 2.2798 | PPL: 9.78
  [ 10.1%] Step 600 | Loss: 2.2243 | PPL: 9.25
  [ 11.8%] Step 700 | Loss: 2.1768 | PPL: 8.82
  [ 13.5%] Step 800 | Loss: 2.1293 | PPL: 8.41
  [ 15.2%] Step 900 | Loss: 2.0920 | PPL: 8.10
  [ 16.8%] Step 1,000 | Loss: 2.0544 | PPL: 7.80
  [ 18.5%] Step 1,100 | Loss: 2.0242 | PPL: 7.57
  [ 20.2%] Step 1,200 | Loss: 1.9941 | PPL: 7.35
  [ 21.9%] Step 1,300 | Loss: 1.9652 | PPL: 7.14
  [ 23.6%] Step 1,400 | Loss: 1.9429 | PPL: 6.98
  [ 25.3%] Step 1,500 | Loss: 1.9149 | PPL: 6.79
  [ 26.9%] Step 1,600 | Loss: 1.8953 | PPL: 6.65
  [ 28.6%] Step 1,700 | Loss: 1.8745 | PPL: 6.52
  [ 30.3%] Step 1,800 | Loss: 1.8558 | PPL: 6.40
  [ 32.0%] Step 1,900 | Loss: 1.8424 | PPL: 6.31
  [ 33.7%] Step 2,000 | Loss: 1.8233 | PPL: 6.19
  [ 35.4%] Step 2,100 | Loss: 1.8095 | PPL: 6.11
  [ 37.0%] Step 2,200 | Loss: 1.7954 | PPL: 6.02
  [ 38.7%] Step 2,300 | Loss: 1.7780 | PPL: 5.92
  [ 40.4%] Step 2,400 | Loss: 1.7651 | PPL: 5.84
  [ 42.1%] Step 2,500 | Loss: 1.7563 | PPL: 5.79
  [ 43.8%] Step 2,600 | Loss: 1.7425 | PPL: 5.71
  [ 45.5%] Step 2,700 | Loss: 1.7277 | PPL: 5.63
  [ 47.2%] Step 2,800 | Loss: 1.7202 | PPL: 5.59
  [ 48.8%] Step 2,900 | Loss: 1.7097 | PPL: 5.53
  [ 50.5%] Step 3,000 | Loss: 1.6985 | PPL: 5.47
  [ 52.2%] Step 3,100 | Loss: 1.6876 | PPL: 5.41
  [ 53.9%] Step 3,200 | Loss: 1.6820 | PPL: 5.38
  [ 55.6%] Step 3,300 | Loss: 1.6737 | PPL: 5.33
  [ 57.3%] Step 3,400 | Loss: 1.6652 | PPL: 5.29
  [ 58.9%] Step 3,500 | Loss: 1.6615 | PPL: 5.27
  [ 60.6%] Step 3,600 | Loss: 1.6525 | PPL: 5.22
  [ 62.3%] Step 3,700 | Loss: 1.6403 | PPL: 5.16
  [ 64.0%] Step 3,800 | Loss: 1.6371 | PPL: 5.14
  [ 65.7%] Step 3,900 | Loss: 1.6279 | PPL: 5.09
  [ 67.4%] Step 4,000 | Loss: 1.6225 | PPL: 5.07
  [ 69.0%] Step 4,100 | Loss: 1.6154 | PPL: 5.03
  [ 70.7%] Step 4,200 | Loss: 1.6041 | PPL: 4.97
  [ 72.4%] Step 4,300 | Loss: 1.6013 | PPL: 4.96
  [ 74.1%] Step 4,400 | Loss: 1.5991 | PPL: 4.95
  [ 75.8%] Step 4,500 | Loss: 1.5932 | PPL: 4.92
  [ 77.5%] Step 4,600 | Loss: 1.5844 | PPL: 4.88
  [ 79.2%] Step 4,700 | Loss: 1.5824 | PPL: 4.87
  [ 80.8%] Step 4,800 | Loss: 1.5743 | PPL: 4.83
  [ 82.5%] Step 4,900 | Loss: 1.5680 | PPL: 4.80
  [ 84.2%] Step 5,000 | Loss: 1.5679 | PPL: 4.80
  [ 85.9%] Step 5,100 | Loss: 1.5604 | PPL: 4.76
  [ 87.6%] Step 5,200 | Loss: 1.5541 | PPL: 4.73
  [ 89.3%] Step 5,300 | Loss: 1.5516 | PPL: 4.72
  [ 90.9%] Step 5,400 | Loss: 1.5473 | PPL: 4.70
  [ 92.6%] Step 5,500 | Loss: 1.5481 | PPL: 4.70
  [ 94.3%] Step 5,600 | Loss: 1.5383 | PPL: 4.66
  [ 96.0%] Step 5,700 | Loss: 1.5288 | PPL: 4.61
  [ 97.7%] Step 5,800 | Loss: 1.5262 | PPL: 4.60
  [ 99.4%] Step 5,900 | Loss: 1.5239 | PPL: 4.59
  [100.0%] Step 5,938 | Loss: 1.5181 | PPL: 4.56
[Epoch 1/3] Validating...
[Epoch 1/3] Loss: 1.6170 | PPL: 5.04
  -> Saved best model to checkpoints_pilot_b\fi_best.pt
[Epoch 2/3] Starting...
  [  1.0%] Step 6,000 | Loss: 1.5196 | PPL: 4.57
  [  2.7%] Step 6,100 | Loss: 1.5157 | PPL: 4.55
  [  4.4%] Step 6,200 | Loss: 1.5127 | PPL: 4.54
  [  6.1%] Step 6,300 | Loss: 1.5116 | PPL: 4.53
  [  7.8%] Step 6,400 | Loss: 1.5076 | PPL: 4.52
  [  9.5%] Step 6,500 | Loss: 1.5002 | PPL: 4.48
  [ 11.1%] Step 6,600 | Loss: 1.4962 | PPL: 4.46
  [ 12.8%] Step 6,700 | Loss: 1.4942 | PPL: 4.46
  [ 14.5%] Step 6,800 | Loss: 1.4930 | PPL: 4.45
  [ 16.2%] Step 6,900 | Loss: 1.4891 | PPL: 4.43
  [ 17.9%] Step 7,000 | Loss: 1.4850 | PPL: 4.42
  [ 19.6%] Step 7,100 | Loss: 1.4822 | PPL: 4.40
  [ 21.3%] Step 7,200 | Loss: 1.4786 | PPL: 4.39
  [ 22.9%] Step 7,300 | Loss: 1.4763 | PPL: 4.38
  [ 24.6%] Step 7,400 | Loss: 1.4736 | PPL: 4.36
  [ 26.3%] Step 7,500 | Loss: 1.4725 | PPL: 4.36
  [ 28.0%] Step 7,600 | Loss: 1.4664 | PPL: 4.33
  [ 29.7%] Step 7,700 | Loss: 1.4640 | PPL: 4.32
  [ 31.4%] Step 7,800 | Loss: 1.4590 | PPL: 4.30
  [ 33.0%] Step 7,900 | Loss: 1.4532 | PPL: 4.28
  [ 34.7%] Step 8,000 | Loss: 1.4541 | PPL: 4.28
  [ 36.4%] Step 8,100 | Loss: 1.4491 | PPL: 4.26
  [ 38.1%] Step 8,200 | Loss: 1.4484 | PPL: 4.26
  [ 39.8%] Step 8,300 | Loss: 1.4432 | PPL: 4.23
  [ 41.5%] Step 8,400 | Loss: 1.4484 | PPL: 4.26
  [ 43.1%] Step 8,500 | Loss: 1.4412 | PPL: 4.23
  [ 44.8%] Step 8,600 | Loss: 1.4391 | PPL: 4.22
  [ 46.5%] Step 8,700 | Loss: 1.4320 | PPL: 4.19
  [ 48.2%] Step 8,800 | Loss: 1.4331 | PPL: 4.19
  [ 49.9%] Step 8,900 | Loss: 1.4304 | PPL: 4.18
  [ 51.6%] Step 9,000 | Loss: 1.4340 | PPL: 4.20
  [ 53.3%] Step 9,100 | Loss: 1.4263 | PPL: 4.16
  [ 54.9%] Step 9,200 | Loss: 1.4220 | PPL: 4.15
  [ 56.6%] Step 9,300 | Loss: 1.4178 | PPL: 4.13
  [ 58.3%] Step 9,400 | Loss: 1.4182 | PPL: 4.13
  [ 60.0%] Step 9,500 | Loss: 1.4145 | PPL: 4.11
  [ 61.7%] Step 9,600 | Loss: 1.4128 | PPL: 4.11
  [ 63.4%] Step 9,700 | Loss: 1.4135 | PPL: 4.11
  [ 65.0%] Step 9,800 | Loss: 1.4096 | PPL: 4.09
  [ 66.7%] Step 9,900 | Loss: 1.4088 | PPL: 4.09
  [ 68.4%] Step 10,000 | Loss: 1.4050 | PPL: 4.08
  [ 70.1%] Step 10,100 | Loss: 1.4029 | PPL: 4.07
  [ 71.8%] Step 10,200 | Loss: 1.3997 | PPL: 4.05
  [ 73.5%] Step 10,300 | Loss: 1.3997 | PPL: 4.05
  [ 75.1%] Step 10,400 | Loss: 1.3927 | PPL: 4.03
  [ 76.8%] Step 10,500 | Loss: 1.3923 | PPL: 4.02
  [ 78.5%] Step 10,600 | Loss: 1.3907 | PPL: 4.02
  [ 80.2%] Step 10,700 | Loss: 1.3919 | PPL: 4.02
  [ 81.9%] Step 10,800 | Loss: 1.3860 | PPL: 4.00
  [ 83.6%] Step 10,900 | Loss: 1.3831 | PPL: 3.99
  [ 85.2%] Step 11,000 | Loss: 1.3861 | PPL: 4.00
  [ 86.9%] Step 11,100 | Loss: 1.3807 | PPL: 3.98
  [ 88.6%] Step 11,200 | Loss: 1.3798 | PPL: 3.97
  [ 90.3%] Step 11,300 | Loss: 1.3804 | PPL: 3.98
  [ 92.0%] Step 11,400 | Loss: 1.3732 | PPL: 3.95
  [ 93.7%] Step 11,500 | Loss: 1.3765 | PPL: 3.96
  [ 95.4%] Step 11,600 | Loss: 1.3760 | PPL: 3.96
  [ 97.0%] Step 11,700 | Loss: 1.3683 | PPL: 3.93
  [ 98.7%] Step 11,800 | Loss: 1.3715 | PPL: 3.94
  [100.0%] Step 11,876 | Loss: 1.3696 | PPL: 3.93
[Epoch 2/3] Validating...
[Epoch 2/3] Loss: 1.5446 | PPL: 4.69
  -> Saved best model to checkpoints_pilot_b\fi_best.pt
[Epoch 3/3] Starting...
  [  0.4%] Step 11,900 | Loss: 1.3745 | PPL: 3.95
  [  2.1%] Step 12,000 | Loss: 1.3664 | PPL: 3.92
  [  3.8%] Step 12,100 | Loss: 1.3631 | PPL: 3.91
  [  5.5%] Step 12,200 | Loss: 1.3623 | PPL: 3.91
  [  7.1%] Step 12,300 | Loss: 1.3603 | PPL: 3.90
  [  8.8%] Step 12,400 | Loss: 1.3586 | PPL: 3.89
  [ 10.5%] Step 12,500 | Loss: 1.3525 | PPL: 3.87
  [ 12.2%] Step 12,600 | Loss: 1.3566 | PPL: 3.88
  [ 13.9%] Step 12,700 | Loss: 1.3545 | PPL: 3.87
  [ 15.6%] Step 12,800 | Loss: 1.3538 | PPL: 3.87
  [ 17.2%] Step 12,900 | Loss: 1.3516 | PPL: 3.86
  [ 18.9%] Step 13,000 | Loss: 1.3466 | PPL: 3.84
  [ 20.6%] Step 13,100 | Loss: 1.3474 | PPL: 3.85
  [ 22.3%] Step 13,200 | Loss: 1.3467 | PPL: 3.84
  [ 24.0%] Step 13,300 | Loss: 1.3433 | PPL: 3.83
  [ 25.7%] Step 13,400 | Loss: 1.3418 | PPL: 3.83
  [ 27.3%] Step 13,500 | Loss: 1.3408 | PPL: 3.82
  [ 29.0%] Step 13,600 | Loss: 1.3420 | PPL: 3.83
  [ 30.7%] Step 13,700 | Loss: 1.3372 | PPL: 3.81
  [ 32.4%] Step 13,800 | Loss: 1.3367 | PPL: 3.81
  [ 34.1%] Step 13,900 | Loss: 1.3344 | PPL: 3.80
  [ 35.8%] Step 14,000 | Loss: 1.3312 | PPL: 3.79
  [ 37.5%] Step 14,100 | Loss: 1.3309 | PPL: 3.78
  [ 39.1%] Step 14,200 | Loss: 1.3290 | PPL: 3.78
  [ 40.8%] Step 14,300 | Loss: 1.3274 | PPL: 3.77
  [ 42.5%] Step 14,400 | Loss: 1.3305 | PPL: 3.78
  [ 44.2%] Step 14,500 | Loss: 1.3269 | PPL: 3.77
  [ 45.9%] Step 14,600 | Loss: 1.3249 | PPL: 3.76
  [ 47.6%] Step 14,700 | Loss: 1.3206 | PPL: 3.75
  [ 49.2%] Step 14,800 | Loss: 1.3213 | PPL: 3.75
  [ 50.9%] Step 14,900 | Loss: 1.3202 | PPL: 3.74
  [ 52.6%] Step 15,000 | Loss: 1.3211 | PPL: 3.75
  [ 54.3%] Step 15,100 | Loss: 1.3202 | PPL: 3.74
  [ 56.0%] Step 15,200 | Loss: 1.3177 | PPL: 3.73
  [ 57.7%] Step 15,300 | Loss: 1.3150 | PPL: 3.72
  [ 59.3%] Step 15,400 | Loss: 1.3169 | PPL: 3.73
  [ 61.0%] Step 15,500 | Loss: 1.3118 | PPL: 3.71
  [ 62.7%] Step 15,600 | Loss: 1.3139 | PPL: 3.72
  [ 64.4%] Step 15,700 | Loss: 1.3055 | PPL: 3.69
  [ 66.1%] Step 15,800 | Loss: 1.3078 | PPL: 3.70
  [ 67.8%] Step 15,900 | Loss: 1.3120 | PPL: 3.71
  [ 69.5%] Step 16,000 | Loss: 1.3086 | PPL: 3.70
  [ 71.1%] Step 16,100 | Loss: 1.3051 | PPL: 3.69
  [ 72.8%] Step 16,200 | Loss: 1.3050 | PPL: 3.69
  [ 74.5%] Step 16,300 | Loss: 1.2996 | PPL: 3.67
  [ 76.2%] Step 16,400 | Loss: 1.3008 | PPL: 3.67
  [ 77.9%] Step 16,500 | Loss: 1.2956 | PPL: 3.65
  [ 79.6%] Step 16,600 | Loss: 1.2989 | PPL: 3.67
  [ 81.2%] Step 16,700 | Loss: 1.2927 | PPL: 3.64
  [ 82.9%] Step 16,800 | Loss: 1.2920 | PPL: 3.64
  [ 84.6%] Step 16,900 | Loss: 1.2898 | PPL: 3.63
  [ 86.3%] Step 17,000 | Loss: 1.2901 | PPL: 3.63
  [ 88.0%] Step 17,100 | Loss: 1.2901 | PPL: 3.63
  [ 89.7%] Step 17,200 | Loss: 1.2928 | PPL: 3.64
  [ 91.3%] Step 17,300 | Loss: 1.2926 | PPL: 3.64
  [ 93.0%] Step 17,400 | Loss: 1.2937 | PPL: 3.65
  [ 94.7%] Step 17,500 | Loss: 1.2861 | PPL: 3.62
  [ 96.4%] Step 17,600 | Loss: 1.2862 | PPL: 3.62
  [ 98.1%] Step 17,700 | Loss: 1.2848 | PPL: 3.61
  [ 99.8%] Step 17,800 | Loss: 1.2869 | PPL: 3.62
  [100.0%] Step 17,814 | Loss: 1.2794 | PPL: 3.59
[Epoch 3/3] Validating...
[Epoch 3/3] Loss: 1.5306 | PPL: 4.62
  -> Saved best model to checkpoints_pilot_b\fi_best.pt
============================================================
Training complete. Running final evaluation...
============================================================

Final Test Loss: 1.6040 | Test PPL: 4.97
Done!
--- b/fi end rc=0 Fri Aug 14 20:38:32 PDT 2026 ---
=== pilot lane1 end Fri Aug 14 20:38:32 PDT 2026 ===
